source,target,source_title,target_title,shared_subtasks,cosine,jaccard,weighted_cosine,same_soc_major_group
25-1063.00,25-1065.00,"Economics Teachers, Postsecondary","Political Science Teachers, Postsecondary",25,1.0,1.0,0.9956,1
25-1043.00,25-1051.00,"Forestry and Conservation Science Teachers, Postsecondary","Atmospheric, Earth, Marine, and Space Sciences Teachers, Postsecondary",28,0.9826,0.9655,0.9849,1
25-1031.00,25-1062.00,"Architecture Teachers, Postsecondary","Area, Ethnic, and Cultural Studies Teachers, Postsecondary",25,0.9806,0.9615,0.9838,1
25-1041.00,25-1071.00,"Agricultural Sciences Teachers, Postsecondary","Health Specialties Teachers, Postsecondary",25,0.9806,0.9615,0.9865,1
25-1043.00,25-1053.00,"Forestry and Conservation Science Teachers, Postsecondary","Environmental Science Teachers, Postsecondary",27,0.9643,0.931,0.9714,1
25-1041.00,25-1043.00,"Agricultural Sciences Teachers, Postsecondary","Forestry and Conservation Science Teachers, Postsecondary",26,0.9636,0.9286,0.9759,1
25-1041.00,25-1053.00,"Agricultural Sciences Teachers, Postsecondary","Environmental Science Teachers, Postsecondary",26,0.9636,0.9286,0.9716,1
25-1041.00,25-1054.00,"Agricultural Sciences Teachers, Postsecondary","Physics Teachers, Postsecondary",26,0.9636,0.9286,0.964,1
25-1031.00,25-1063.00,"Architecture Teachers, Postsecondary","Economics Teachers, Postsecondary",24,0.96,0.9231,0.9386,1
25-1031.00,25-1065.00,"Architecture Teachers, Postsecondary","Political Science Teachers, Postsecondary",24,0.96,0.9231,0.9353,1
25-1051.00,25-1053.00,"Atmospheric, Earth, Marine, and Space Sciences Teachers, Postsecondary","Environmental Science Teachers, Postsecondary",27,0.9475,0.9,0.9606,1
25-1032.00,25-1041.00,"Engineering Teachers, Postsecondary","Agricultural Sciences Teachers, Postsecondary",26,0.9469,0.8966,0.9687,1
25-1041.00,25-1051.00,"Agricultural Sciences Teachers, Postsecondary","Atmospheric, Earth, Marine, and Space Sciences Teachers, Postsecondary",26,0.9469,0.8966,0.9646,1
25-1041.00,25-1064.00,"Agricultural Sciences Teachers, Postsecondary","Geography Teachers, Postsecondary",26,0.9469,0.8966,0.956,1
25-1043.00,25-1071.00,"Forestry and Conservation Science Teachers, Postsecondary","Health Specialties Teachers, Postsecondary",25,0.9449,0.8929,0.9679,1
25-1053.00,25-1071.00,"Environmental Science Teachers, Postsecondary","Health Specialties Teachers, Postsecondary",25,0.9449,0.8929,0.9653,1
25-1054.00,25-1071.00,"Physics Teachers, Postsecondary","Health Specialties Teachers, Postsecondary",25,0.9449,0.8929,0.9611,1
25-1063.00,25-1067.00,"Economics Teachers, Postsecondary","Sociology Teachers, Postsecondary",25,0.9449,0.8929,0.9582,1
25-1065.00,25-1067.00,"Political Science Teachers, Postsecondary","Sociology Teachers, Postsecondary",25,0.9449,0.8929,0.9567,1
25-1031.00,25-1041.00,"Architecture Teachers, Postsecondary","Agricultural Sciences Teachers, Postsecondary",24,0.9414,0.8889,0.9246,1
25-1041.00,25-1063.00,"Agricultural Sciences Teachers, Postsecondary","Economics Teachers, Postsecondary",24,0.9414,0.8889,0.9194,1
25-1041.00,25-1065.00,"Agricultural Sciences Teachers, Postsecondary","Political Science Teachers, Postsecondary",24,0.9414,0.8889,0.9154,1
25-1062.00,25-1063.00,"Area, Ethnic, and Cultural Studies Teachers, Postsecondary","Economics Teachers, Postsecondary",24,0.9414,0.8889,0.9246,1
25-1062.00,25-1065.00,"Area, Ethnic, and Cultural Studies Teachers, Postsecondary","Political Science Teachers, Postsecondary",24,0.9414,0.8889,0.9274,1
25-1043.00,25-1054.00,"Forestry and Conservation Science Teachers, Postsecondary","Physics Teachers, Postsecondary",26,0.9286,0.8667,0.9523,1
25-1053.00,25-1054.00,"Environmental Science Teachers, Postsecondary","Physics Teachers, Postsecondary",26,0.9286,0.8667,0.9436,1
25-1032.00,25-1071.00,"Engineering Teachers, Postsecondary","Health Specialties Teachers, Postsecondary",25,0.9285,0.8621,0.9586,1
25-1051.00,25-1071.00,"Atmospheric, Earth, Marine, and Space Sciences Teachers, Postsecondary","Health Specialties Teachers, Postsecondary",25,0.9285,0.8621,0.961,1
25-1064.00,25-1071.00,"Geography Teachers, Postsecondary","Health Specialties Teachers, Postsecondary",25,0.9285,0.8621,0.9488,1
25-1021.00,25-1041.00,"Computer Science Teachers, Postsecondary","Agricultural Sciences Teachers, Postsecondary",25,0.9266,0.8621,0.922,1
25-1041.00,25-1067.00,"Agricultural Sciences Teachers, Postsecondary","Sociology Teachers, Postsecondary",25,0.9266,0.8621,0.9239,1
25-1041.00,25-1062.00,"Agricultural Sciences Teachers, Postsecondary","Area, Ethnic, and Cultural Studies Teachers, Postsecondary",24,0.9231,0.8571,0.9071,1
25-1031.00,25-1071.00,"Architecture Teachers, Postsecondary","Health Specialties Teachers, Postsecondary",23,0.92,0.8519,0.9134,1
25-1063.00,25-1071.00,"Economics Teachers, Postsecondary","Health Specialties Teachers, Postsecondary",23,0.92,0.8519,0.9063,1
25-1065.00,25-1071.00,"Political Science Teachers, Postsecondary","Health Specialties Teachers, Postsecondary",23,0.92,0.8519,0.9112,1
25-1042.00,25-1043.00,"Biological Science Teachers, Postsecondary","Forestry and Conservation Science Teachers, Postsecondary",27,0.9164,0.8438,0.9361,1
25-1042.00,25-1053.00,"Biological Science Teachers, Postsecondary","Environmental Science Teachers, Postsecondary",27,0.9164,0.8438,0.9304,1
25-1042.00,25-1054.00,"Biological Science Teachers, Postsecondary","Physics Teachers, Postsecondary",27,0.9164,0.8438,0.9328,1
25-1053.00,25-1061.00,"Environmental Science Teachers, Postsecondary","Anthropology and Archeology Teachers, Postsecondary",27,0.9164,0.8438,0.908,1
25-1041.00,25-1042.00,"Agricultural Sciences Teachers, Postsecondary","Biological Science Teachers, Postsecondary",26,0.9158,0.8387,0.9302,1
25-1041.00,25-1072.00,"Agricultural Sciences Teachers, Postsecondary","Nursing Instructors and Teachers, Postsecondary",26,0.9158,0.8387,0.9232,1
25-1021.00,25-1064.00,"Computer Science Teachers, Postsecondary","Geography Teachers, Postsecondary",26,0.9124,0.8387,0.9109,1
25-1032.00,25-1043.00,"Engineering Teachers, Postsecondary","Forestry and Conservation Science Teachers, Postsecondary",26,0.9124,0.8387,0.9531,1
25-1032.00,25-1053.00,"Engineering Teachers, Postsecondary","Environmental Science Teachers, Postsecondary",26,0.9124,0.8387,0.9444,1
25-1032.00,25-1054.00,"Engineering Teachers, Postsecondary","Physics Teachers, Postsecondary",26,0.9124,0.8387,0.942,1
25-1043.00,25-1064.00,"Forestry and Conservation Science Teachers, Postsecondary","Geography Teachers, Postsecondary",26,0.9124,0.8387,0.9418,1
25-1051.00,25-1054.00,"Atmospheric, Earth, Marine, and Space Sciences Teachers, Postsecondary","Physics Teachers, Postsecondary",26,0.9124,0.8387,0.9448,1
25-1053.00,25-1064.00,"Environmental Science Teachers, Postsecondary","Geography Teachers, Postsecondary",26,0.9124,0.8387,0.9331,1
25-1054.00,25-1064.00,"Physics Teachers, Postsecondary","Geography Teachers, Postsecondary",26,0.9124,0.8387,0.9334,1
25-1021.00,25-1071.00,"Computer Science Teachers, Postsecondary","Health Specialties Teachers, Postsecondary",24,0.9071,0.8276,0.9104,1
25-1031.00,25-1043.00,"Architecture Teachers, Postsecondary","Forestry and Conservation Science Teachers, Postsecondary",24,0.9071,0.8276,0.8987,1
25-1031.00,25-1053.00,"Architecture Teachers, Postsecondary","Environmental Science Teachers, Postsecondary",24,0.9071,0.8276,0.9043,1
25-1031.00,25-1054.00,"Architecture Teachers, Postsecondary","Physics Teachers, Postsecondary",24,0.9071,0.8276,0.892,1
25-1031.00,25-1067.00,"Architecture Teachers, Postsecondary","Sociology Teachers, Postsecondary",24,0.9071,0.8276,0.9062,1
25-1043.00,25-1063.00,"Forestry and Conservation Science Teachers, Postsecondary","Economics Teachers, Postsecondary",24,0.9071,0.8276,0.8916,1
25-1043.00,25-1065.00,"Forestry and Conservation Science Teachers, Postsecondary","Political Science Teachers, Postsecondary",24,0.9071,0.8276,0.8915,1
25-1053.00,25-1063.00,"Environmental Science Teachers, Postsecondary","Economics Teachers, Postsecondary",24,0.9071,0.8276,0.8996,1
25-1053.00,25-1065.00,"Environmental Science Teachers, Postsecondary","Political Science Teachers, Postsecondary",24,0.9071,0.8276,0.9002,1
25-1054.00,25-1063.00,"Physics Teachers, Postsecondary","Economics Teachers, Postsecondary",24,0.9071,0.8276,0.8865,1
25-1054.00,25-1065.00,"Physics Teachers, Postsecondary","Political Science Teachers, Postsecondary",24,0.9071,0.8276,0.8904,1
25-1067.00,25-1071.00,"Sociology Teachers, Postsecondary","Health Specialties Teachers, Postsecondary",24,0.9071,0.8276,0.9116,1
25-1062.00,25-1071.00,"Area, Ethnic, and Cultural Studies Teachers, Postsecondary","Health Specialties Teachers, Postsecondary",23,0.9021,0.8214,0.9019,1
25-1042.00,25-1051.00,"Biological Science Teachers, Postsecondary","Atmospheric, Earth, Marine, and Space Sciences Teachers, Postsecondary",27,0.9005,0.8182,0.9288,1
25-1042.00,25-1071.00,"Biological Science Teachers, Postsecondary","Health Specialties Teachers, Postsecondary",25,0.898,0.8065,0.926,1
25-1061.00,25-1063.00,"Anthropology and Archeology Teachers, Postsecondary","Economics Teachers, Postsecondary",25,0.898,0.8065,0.8966,1
25-1061.00,25-1065.00,"Anthropology and Archeology Teachers, Postsecondary","Political Science Teachers, Postsecondary",25,0.898,0.8065,0.8969,1
25-1071.00,25-1072.00,"Health Specialties Teachers, Postsecondary","Nursing Instructors and Teachers, Postsecondary",25,0.898,0.8065,0.9071,1
25-1032.00,25-1051.00,"Engineering Teachers, Postsecondary","Atmospheric, Earth, Marine, and Space Sciences Teachers, Postsecondary",26,0.8966,0.8125,0.9411,1
25-1032.00,25-1064.00,"Engineering Teachers, Postsecondary","Geography Teachers, Postsecondary",26,0.8966,0.8125,0.9335,1
25-1051.00,25-1064.00,"Atmospheric, Earth, Marine, and Space Sciences Teachers, Postsecondary","Geography Teachers, Postsecondary",26,0.8966,0.8125,0.934,1
25-1021.00,25-1043.00,"Computer Science Teachers, Postsecondary","Forestry and Conservation Science Teachers, Postsecondary",25,0.8929,0.8065,0.8997,1
25-1021.00,25-1053.00,"Computer Science Teachers, Postsecondary","Environmental Science Teachers, Postsecondary",25,0.8929,0.8065,0.8971,1
25-1021.00,25-1054.00,"Computer Science Teachers, Postsecondary","Physics Teachers, Postsecondary",25,0.8929,0.8065,0.8933,1
25-1043.00,25-1067.00,"Forestry and Conservation Science Teachers, Postsecondary","Sociology Teachers, Postsecondary",25,0.8929,0.8065,0.9018,1
25-1053.00,25-1067.00,"Environmental Science Teachers, Postsecondary","Sociology Teachers, Postsecondary",25,0.8929,0.8065,0.9069,1
25-1054.00,25-1067.00,"Physics Teachers, Postsecondary","Sociology Teachers, Postsecondary",25,0.8929,0.8065,0.8961,1
25-1022.00,25-1071.00,"Mathematical Science Teachers, Postsecondary","Health Specialties Teachers, Postsecondary",24,0.8913,0.8,0.8956,1
25-1031.00,25-1032.00,"Architecture Teachers, Postsecondary","Engineering Teachers, Postsecondary",24,0.8913,0.8,0.8954,1
25-1031.00,25-1051.00,"Architecture Teachers, Postsecondary","Atmospheric, Earth, Marine, and Space Sciences Teachers, Postsecondary",24,0.8913,0.8,0.8896,1
25-1031.00,25-1064.00,"Architecture Teachers, Postsecondary","Geography Teachers, Postsecondary",24,0.8913,0.8,0.889,1
25-1032.00,25-1063.00,"Engineering Teachers, Postsecondary","Economics Teachers, Postsecondary",24,0.8913,0.8,0.8922,1
25-1032.00,25-1065.00,"Engineering Teachers, Postsecondary","Political Science Teachers, Postsecondary",24,0.8913,0.8,0.8904,1
25-1051.00,25-1063.00,"Atmospheric, Earth, Marine, and Space Sciences Teachers, Postsecondary","Economics Teachers, Postsecondary",24,0.8913,0.8,0.884,1
25-1051.00,25-1065.00,"Atmospheric, Earth, Marine, and Space Sciences Teachers, Postsecondary","Political Science Teachers, Postsecondary",24,0.8913,0.8,0.8877,1
25-1063.00,25-1064.00,"Economics Teachers, Postsecondary","Geography Teachers, Postsecondary",24,0.8913,0.8,0.8868,1
25-1064.00,25-1065.00,"Geography Teachers, Postsecondary","Political Science Teachers, Postsecondary",24,0.8913,0.8,0.8889,1
25-1043.00,25-1062.00,"Forestry and Conservation Science Teachers, Postsecondary","Area, Ethnic, and Cultural Studies Teachers, Postsecondary",24,0.8895,0.8,0.8822,1
25-1053.00,25-1062.00,"Environmental Science Teachers, Postsecondary","Area, Ethnic, and Cultural Studies Teachers, Postsecondary",24,0.8895,0.8,0.8904,1
25-1054.00,25-1062.00,"Physics Teachers, Postsecondary","Area, Ethnic, and Cultural Studies Teachers, Postsecondary",24,0.8895,0.8,0.8806,1
25-1062.00,25-1067.00,"Area, Ethnic, and Cultural Studies Teachers, Postsecondary","Sociology Teachers, Postsecondary",24,0.8895,0.8,0.8943,1
29-1216.00,29-1218.00,General Internal Medicine Physicians,Obstetricians and Gynecologists,19,0.884,0.7917,0.8631,1
25-1043.00,25-1061.00,"Forestry and Conservation Science Teachers, Postsecondary","Anthropology and Archeology Teachers, Postsecondary",26,0.8825,0.7879,0.8752,1
25-1043.00,25-1072.00,"Forestry and Conservation Science Teachers, Postsecondary","Nursing Instructors and Teachers, Postsecondary",26,0.8825,0.7879,0.9036,1
25-1053.00,25-1072.00,"Environmental Science Teachers, Postsecondary","Nursing Instructors and Teachers, Postsecondary",26,0.8825,0.7879,0.8981,1
25-1054.00,25-1072.00,"Physics Teachers, Postsecondary","Nursing Instructors and Teachers, Postsecondary",26,0.8825,0.7879,0.894,1
25-1061.00,25-1067.00,"Anthropology and Archeology Teachers, Postsecondary","Sociology Teachers, Postsecondary",26,0.8825,0.7879,0.899,1
25-1041.00,25-1061.00,"Agricultural Sciences Teachers, Postsecondary","Anthropology and Archeology Teachers, Postsecondary",25,0.8806,0.7812,0.8757,1
25-1042.00,25-1062.00,"Biological Science Teachers, Postsecondary","Area, Ethnic, and Cultural Studies Teachers, Postsecondary",25,0.8806,0.7812,0.8692,1
25-1061.00,25-1066.00,"Anthropology and Archeology Teachers, Postsecondary","Psychology Teachers, Postsecondary",29,0.8804,0.7838,0.8678,1
25-1021.00,25-1032.00,"Computer Science Teachers, Postsecondary","Engineering Teachers, Postsecondary",25,0.8773,0.7812,0.8974,1
25-1021.00,25-1051.00,"Computer Science Teachers, Postsecondary","Atmospheric, Earth, Marine, and Space Sciences Teachers, Postsecondary",25,0.8773,0.7812,0.8871,1
25-1032.00,25-1067.00,"Engineering Teachers, Postsecondary","Sociology Teachers, Postsecondary",25,0.8773,0.7812,0.8981,1
25-1051.00,25-1067.00,"Atmospheric, Earth, Marine, and Space Sciences Teachers, Postsecondary","Sociology Teachers, Postsecondary",25,0.8773,0.7812,0.8955,1
25-1064.00,25-1067.00,"Geography Teachers, Postsecondary","Sociology Teachers, Postsecondary",25,0.8773,0.7812,0.8887,1
25-1052.00,25-1053.00,"Chemistry Teachers, Postsecondary","Environmental Science Teachers, Postsecondary",27,0.8751,0.7714,0.871,1
25-1041.00,25-1052.00,"Agricultural Sciences Teachers, Postsecondary","Chemistry Teachers, Postsecondary",26,0.8745,0.7647,0.865,1
25-1022.00,25-1041.00,"Mathematical Science Teachers, Postsecondary","Agricultural Sciences Teachers, Postsecondary",24,0.874,0.7742,0.8853,1
25-1032.00,25-1062.00,"Engineering Teachers, Postsecondary","Area, Ethnic, and Cultural Studies Teachers, Postsecondary",24,0.874,0.7742,0.8808,1
25-1051.00,25-1062.00,"Atmospheric, Earth, Marine, and Space Sciences Teachers, Postsecondary","Area, Ethnic, and Cultural Studies Teachers, Postsecondary",24,0.874,0.7742,0.877,1
25-1062.00,25-1064.00,"Area, Ethnic, and Cultural Studies Teachers, Postsecondary","Geography Teachers, Postsecondary",24,0.874,0.7742,0.8786,1
25-1021.00,25-1031.00,"Computer Science Teachers, Postsecondary","Architecture Teachers, Postsecondary",23,0.8693,0.7667,0.8485,1
25-1021.00,25-1063.00,"Computer Science Teachers, Postsecondary","Economics Teachers, Postsecondary",23,0.8693,0.7667,0.8456,1
25-1021.00,25-1065.00,"Computer Science Teachers, Postsecondary","Political Science Teachers, Postsecondary",23,0.8693,0.7667,0.8418,1
25-1022.00,25-1072.00,"Mathematical Science Teachers, Postsecondary","Nursing Instructors and Teachers, Postsecondary",26,0.8671,0.7647,0.8655,1
25-1032.00,25-1042.00,"Engineering Teachers, Postsecondary","Biological Science Teachers, Postsecondary",26,0.8671,0.7647,0.9065,1
25-1032.00,25-1072.00,"Engineering Teachers, Postsecondary","Nursing Instructors and Teachers, Postsecondary",26,0.8671,0.7647,0.8939,1
25-1042.00,25-1064.00,"Biological Science Teachers, Postsecondary","Geography Teachers, Postsecondary",26,0.8671,0.7647,0.8994,1
25-1051.00,25-1061.00,"Atmospheric, Earth, Marine, and Space Sciences Teachers, Postsecondary","Anthropology and Archeology Teachers, Postsecondary",26,0.8671,0.7647,0.8626,1
25-1051.00,25-1072.00,"Atmospheric, Earth, Marine, and Space Sciences Teachers, Postsecondary","Nursing Instructors and Teachers, Postsecondary",26,0.8671,0.7647,0.8958,1
25-1064.00,25-1072.00,"Geography Teachers, Postsecondary","Nursing Instructors and Teachers, Postsecondary",26,0.8671,0.7647,0.8849,1
25-1053.00,25-1066.00,"Environmental Science Teachers, Postsecondary","Psychology Teachers, Postsecondary",27,0.8625,0.75,0.8447,1
25-1031.00,25-1042.00,"Architecture Teachers, Postsecondary","Biological Science Teachers, Postsecondary",24,0.8621,0.75,0.8587,1
25-1031.00,25-1061.00,"Architecture Teachers, Postsecondary","Anthropology and Archeology Teachers, Postsecondary",24,0.8621,0.75,0.8457,1
25-1031.00,25-1072.00,"Architecture Teachers, Postsecondary","Nursing Instructors and Teachers, Postsecondary",24,0.8621,0.75,0.8537,1
25-1042.00,25-1063.00,"Biological Science Teachers, Postsecondary","Economics Teachers, Postsecondary",24,0.8621,0.75,0.8536,1
25-1042.00,25-1065.00,"Biological Science Teachers, Postsecondary","Political Science Teachers, Postsecondary",24,0.8621,0.75,0.8571,1
25-1061.00,25-1071.00,"Anthropology and Archeology Teachers, Postsecondary","Health Specialties Teachers, Postsecondary",24,0.8621,0.75,0.8653,1
25-1063.00,25-1072.00,"Economics Teachers, Postsecondary","Nursing Instructors and Teachers, Postsecondary",24,0.8621,0.75,0.847,1
25-1065.00,25-1072.00,"Political Science Teachers, Postsecondary","Nursing Instructors and Teachers, Postsecondary",24,0.8621,0.75,0.8437,1
25-1051.00,25-1052.00,"Atmospheric, Earth, Marine, and Space Sciences Teachers, Postsecondary","Chemistry Teachers, Postsecondary",27,0.8599,0.75,0.8703,1
19-3039.02,19-3039.03,Neuropsychologists,Clinical Neuropsychologists,12,0.8593,0.75,0.9045,1
29-1242.00,29-1243.00,"Orthopedic Surgeons, Except Pediatric",Pediatric Surgeons,18,0.8581,0.75,0.0,1
25-1052.00,25-1071.00,"Chemistry Teachers, Postsecondary","Health Specialties Teachers, Postsecondary",25,0.8575,0.7353,0.8611,1
25-1021.00,25-1067.00,"Computer Science Teachers, Postsecondary","Sociology Teachers, Postsecondary",24,0.8571,0.75,0.8498,1
25-1022.00,25-1031.00,"Mathematical Science Teachers, Postsecondary","Architecture Teachers, Postsecondary",23,0.8542,0.7419,0.8583,1
25-1022.00,25-1063.00,"Mathematical Science Teachers, Postsecondary","Economics Teachers, Postsecondary",23,0.8542,0.7419,0.8551,1
25-1022.00,25-1065.00,"Mathematical Science Teachers, Postsecondary","Political Science Teachers, Postsecondary",23,0.8542,0.7419,0.8648,1
25-1021.00,25-1062.00,"Computer Science Teachers, Postsecondary","Area, Ethnic, and Cultural Studies Teachers, Postsecondary",23,0.8524,0.7419,0.8372,1
25-1021.00,25-1042.00,"Computer Science Teachers, Postsecondary","Biological Science Teachers, Postsecondary",25,0.8486,0.7353,0.8598,1
25-1021.00,25-1072.00,"Computer Science Teachers, Postsecondary","Nursing Instructors and Teachers, Postsecondary",25,0.8486,0.7353,0.8527,1
25-1042.00,25-1067.00,"Biological Science Teachers, Postsecondary","Sociology Teachers, Postsecondary",25,0.8486,0.7353,0.8632,1
25-1054.00,25-1061.00,"Physics Teachers, Postsecondary","Anthropology and Archeology Teachers, Postsecondary",25,0.8486,0.7353,0.8472,1
25-1067.00,25-1072.00,"Sociology Teachers, Postsecondary","Nursing Instructors and Teachers, Postsecondary",25,0.8486,0.7353,0.8577,1
25-1061.00,25-1062.00,"Anthropology and Archeology Teachers, Postsecondary","Area, Ethnic, and Cultural Studies Teachers, Postsecondary",24,0.8454,0.7273,0.8343,1
25-1062.00,25-1072.00,"Area, Ethnic, and Cultural Studies Teachers, Postsecondary","Nursing Instructors and Teachers, Postsecondary",24,0.8454,0.7273,0.838,1
25-1063.00,25-1066.00,"Economics Teachers, Postsecondary","Psychology Teachers, Postsecondary",25,0.8452,0.7143,0.8405,1
25-1065.00,25-1066.00,"Political Science Teachers, Postsecondary","Psychology Teachers, Postsecondary",25,0.8452,0.7143,0.8408,1
29-1216.00,29-1221.00,General Internal Medicine Physicians,"Pediatricians, General",19,0.8447,0.7308,0.8335,1
25-1043.00,25-1052.00,"Forestry and Conservation Science Teachers, Postsecondary","Chemistry Teachers, Postsecondary",26,0.8427,0.7222,0.8525,1
25-1052.00,25-1054.00,"Chemistry Teachers, Postsecondary","Physics Teachers, Postsecondary",26,0.8427,0.7222,0.8456,1
25-1022.00,25-1043.00,"Mathematical Science Teachers, Postsecondary","Forestry and Conservation Science Teachers, Postsecondary",24,0.8422,0.7273,0.8734,1
25-1022.00,25-1053.00,"Mathematical Science Teachers, Postsecondary","Environmental Science Teachers, Postsecondary",24,0.8422,0.7273,0.8687,1
25-1022.00,25-1054.00,"Mathematical Science Teachers, Postsecondary","Physics Teachers, Postsecondary",24,0.8422,0.7273,0.8748,1
25-1042.00,25-1061.00,"Biological Science Teachers, Postsecondary","Anthropology and Archeology Teachers, Postsecondary",26,0.8387,0.7222,0.8362,1
25-1042.00,25-1072.00,"Biological Science Teachers, Postsecondary","Nursing Instructors and Teachers, Postsecondary",26,0.8387,0.7222,0.8641,1
25-1022.00,25-1062.00,"Mathematical Science Teachers, Postsecondary","Area, Ethnic, and Cultural Studies Teachers, Postsecondary",23,0.8376,0.7188,0.8535,1
25-1032.00,25-1061.00,"Engineering Teachers, Postsecondary","Anthropology and Archeology Teachers, Postsecondary",25,0.8338,0.7143,0.8535,1
25-1061.00,25-1064.00,"Anthropology and Archeology Teachers, Postsecondary","Geography Teachers, Postsecondary",25,0.8338,0.7143,0.8369,1
25-1043.00,25-1066.00,"Forestry and Conservation Science Teachers, Postsecondary","Psychology Teachers, Postsecondary",26,0.8305,0.7027,0.8139,1
25-1066.00,25-1067.00,"Psychology Teachers, Postsecondary","Sociology Teachers, Postsecondary",26,0.8305,0.7027,0.8426,1
25-1041.00,25-1066.00,"Agricultural Sciences Teachers, Postsecondary","Psychology Teachers, Postsecondary",25,0.8287,0.6944,0.817,1
25-1032.00,25-1052.00,"Engineering Teachers, Postsecondary","Chemistry Teachers, Postsecondary",26,0.828,0.7027,0.8435,1
25-1052.00,25-1064.00,"Chemistry Teachers, Postsecondary","Geography Teachers, Postsecondary",26,0.828,0.7027,0.8349,1
25-1022.00,25-1032.00,"Mathematical Science Teachers, Postsecondary","Engineering Teachers, Postsecondary",24,0.8276,0.7059,0.8649,1
25-1022.00,25-1051.00,"Mathematical Science Teachers, Postsecondary","Atmospheric, Earth, Marine, and Space Sciences Teachers, Postsecondary",24,0.8276,0.7059,0.8717,1
25-1022.00,25-1064.00,"Mathematical Science Teachers, Postsecondary","Geography Teachers, Postsecondary",24,0.8276,0.7059,0.8695,1
25-1031.00,25-1052.00,"Architecture Teachers, Postsecondary","Chemistry Teachers, Postsecondary",24,0.8232,0.6857,0.7941,1
25-1052.00,25-1063.00,"Chemistry Teachers, Postsecondary","Economics Teachers, Postsecondary",24,0.8232,0.6857,0.7882,1
25-1052.00,25-1065.00,"Chemistry Teachers, Postsecondary","Political Science Teachers, Postsecondary",24,0.8232,0.6857,0.7901,1
29-1218.00,29-1221.00,Obstetricians and Gynecologists,"Pediatricians, General",18,0.819,0.6923,0.7899,1
25-1051.00,25-1066.00,"Atmospheric, Earth, Marine, and Space Sciences Teachers, Postsecondary","Psychology Teachers, Postsecondary",26,0.8161,0.6842,0.8045,1
25-1021.00,25-1061.00,"Computer Science Teachers, Postsecondary","Anthropology and Archeology Teachers, Postsecondary",24,0.8146,0.6857,0.8034,1
25-1031.00,25-1066.00,"Architecture Teachers, Postsecondary","Psychology Teachers, Postsecondary",24,0.8113,0.6667,0.7927,1
25-1066.00,25-1071.00,"Psychology Teachers, Postsecondary","Health Specialties Teachers, Postsecondary",24,0.8113,0.6667,0.8124,1
25-1021.00,25-1052.00,"Computer Science Teachers, Postsecondary","Chemistry Teachers, Postsecondary",25,0.8103,0.6757,0.7982,1
25-1052.00,25-1067.00,"Chemistry Teachers, Postsecondary","Sociology Teachers, Postsecondary",25,0.8103,0.6757,0.7981,1
25-1052.00,25-1062.00,"Chemistry Teachers, Postsecondary","Area, Ethnic, and Cultural Studies Teachers, Postsecondary",24,0.8072,0.6667,0.7812,1
25-1021.00,25-1022.00,"Computer Science Teachers, Postsecondary","Mathematical Science Teachers, Postsecondary",23,0.8071,0.6765,0.8197,1
25-1022.00,25-1067.00,"Mathematical Science Teachers, Postsecondary","Sociology Teachers, Postsecondary",23,0.8071,0.6765,0.8263,1
25-1061.00,25-1072.00,"Anthropology and Archeology Teachers, Postsecondary","Nursing Instructors and Teachers, Postsecondary",25,0.8065,0.6757,0.807,1
25-1042.00,25-1052.00,"Biological Science Teachers, Postsecondary","Chemistry Teachers, Postsecondary",26,0.8009,0.6667,0.815,1
25-1052.00,25-1061.00,"Chemistry Teachers, Postsecondary","Anthropology and Archeology Teachers, Postsecondary",26,0.8009,0.6667,0.7783,1
25-1052.00,25-1072.00,"Chemistry Teachers, Postsecondary","Nursing Instructors and Teachers, Postsecondary",26,0.8009,0.6667,0.8016,1
25-1022.00,25-1042.00,"Mathematical Science Teachers, Postsecondary","Biological Science Teachers, Postsecondary",24,0.8004,0.6667,0.8413,1
25-1054.00,25-1066.00,"Physics Teachers, Postsecondary","Psychology Teachers, Postsecondary",25,0.7986,0.6579,0.7918,1
25-1062.00,25-1066.00,"Area, Ethnic, and Cultural Studies Teachers, Postsecondary","Psychology Teachers, Postsecondary",24,0.7956,0.6486,0.7818,1
25-1042.00,25-1066.00,"Biological Science Teachers, Postsecondary","Psychology Teachers, Postsecondary",26,0.7893,0.65,0.7783,1
25-1032.00,25-1066.00,"Engineering Teachers, Postsecondary","Psychology Teachers, Postsecondary",25,0.7847,0.641,0.795,1
25-1064.00,25-1066.00,"Geography Teachers, Postsecondary","Psychology Teachers, Postsecondary",25,0.7847,0.641,0.7838,1
29-1215.00,29-1218.00,Family Medicine Physicians,Obstetricians and Gynecologists,15,0.7715,0.625,0.7596,1
25-1022.00,25-1061.00,"Mathematical Science Teachers, Postsecondary","Anthropology and Archeology Teachers, Postsecondary",23,0.7671,0.6216,0.7727,1
25-1021.00,25-1066.00,"Computer Science Teachers, Postsecondary","Psychology Teachers, Postsecondary",24,0.7667,0.6154,0.757,1
25-1022.00,25-1052.00,"Mathematical Science Teachers, Postsecondary","Chemistry Teachers, Postsecondary",24,0.7643,0.6154,0.7797,1
25-1066.00,25-1072.00,"Psychology Teachers, Postsecondary","Nursing Instructors and Teachers, Postsecondary",25,0.759,0.6098,0.7549,1
29-1215.00,29-1216.00,Family Medicine Physicians,General Internal Medicine Physicians,15,0.7538,0.6,0.7577,1
25-1052.00,25-1066.00,"Chemistry Teachers, Postsecondary","Psychology Teachers, Postsecondary",26,0.7537,0.6047,0.7281,1
25-1022.00,25-1066.00,"Mathematical Science Teachers, Postsecondary","Psychology Teachers, Postsecondary",23,0.7219,0.561,0.7251,1
19-1041.00,19-1042.00,Epidemiologists,"Medical Scientists, Except Epidemiologists",13,0.703,0.5417,0.6705,1
29-2057.00,29-2099.05,Ophthalmic Medical Technicians,Ophthalmic Medical Technologists,12,0.6999,0.5217,0.7673,1
29-1215.00,29-1221.00,Family Medicine Physicians,"Pediatricians, General",14,0.6881,0.5185,0.7254,1
29-2011.00,29-2011.01,Medical and Clinical Laboratory Technologists,Cytogenetic Technologists,12,0.6708,0.5,0.6613,1
29-1217.00,29-1241.00,Neurologists,"Ophthalmologists, Except Pediatric",14,0.6697,0.5,0.6496,1
29-1213.00,29-1242.00,Dermatologists,"Orthopedic Surgeons, Except Pediatric",11,0.6574,0.4783,0.0,1
41-4011.00,41-9031.00,"Sales Representatives, Wholesale and Manufacturing, Technical and Scientific Products",Sales Engineers,18,0.6573,0.4865,0.6725,1
29-2011.00,29-2012.00,Medical and Clinical Laboratory Technologists,Medical and Clinical Laboratory Technicians,12,0.6547,0.48,0.6628,1
29-1171.00,29-1217.00,Nurse Practitioners,Neurologists,16,0.6421,0.4706,0.6624,1
29-1217.00,29-1229.01,Neurologists,Allergists and Immunologists,13,0.6389,0.4643,0.6482,1
29-1041.00,29-1241.00,Optometrists,"Ophthalmologists, Except Pediatric",10,0.6363,0.4545,0.6516,1
29-1229.03,29-1241.00,Urologists,"Ophthalmologists, Except Pediatric",11,0.6309,0.4583,0.6399,1
29-1213.00,29-1229.01,Dermatologists,Allergists and Immunologists,10,0.6299,0.4545,0.6443,1
15-1231.00,15-1244.00,Computer Network Support Specialists,Network and Computer Systems Administrators,15,0.6272,0.4545,0.618,1
29-2031.00,29-2032.00,Cardiovascular Technologists and Technicians,Diagnostic Medical Sonographers,18,0.6222,0.45,0.6111,1
29-1213.00,29-1241.00,Dermatologists,"Ophthalmologists, Except Pediatric",10,0.6131,0.4348,0.6006,1
29-1213.00,29-1217.00,Dermatologists,Neurologists,11,0.613,0.4231,0.6066,1
15-1242.00,15-1243.00,Database Administrators,Database Architects,14,0.611,0.4375,0.5465,1
29-1071.00,29-1215.00,Physician Assistants,Family Medicine Physicians,10,0.6086,0.4348,0.6719,1
29-1229.01,29-1299.02,Allergists and Immunologists,Orthoptists,10,0.6086,0.4348,0.618,1
19-1029.01,19-1029.03,Bioinformatics Scientists,Geneticists,9,0.6068,0.4091,0.6047,1
29-1213.00,29-1229.03,Dermatologists,Urologists,9,0.6013,0.4286,0.6169,1
29-1218.00,29-1241.00,Obstetricians and Gynecologists,"Ophthalmologists, Except Pediatric",12,0.6008,0.4286,0.6196,1
29-1229.01,29-1241.00,Allergists and Immunologists,"Ophthalmologists, Except Pediatric",11,0.5948,0.4231,0.5923,1
29-2042.00,29-2043.00,Emergency Medical Technicians,Paramedics,8,0.593,0.4211,0.0,1
29-1216.00,29-1241.00,General Internal Medicine Physicians,"Ophthalmologists, Except Pediatric",12,0.5869,0.4138,0.6101,1
29-1129.01,29-1129.02,Art Therapists,Music Therapists,16,0.5827,0.4103,0.6576,1
29-1071.00,29-1242.00,Physician Assistants,"Orthopedic Surgeons, Except Pediatric",10,0.5774,0.4,0.0,1
29-2011.00,29-2011.04,Medical and Clinical Laboratory Technologists,Histotechnologists,8,0.5774,0.4,0.5725,1
29-1217.00,29-1229.02,Neurologists,Hospitalists,11,0.5734,0.3929,0.5871,1
29-1217.00,29-1229.03,Neurologists,Urologists,11,0.5734,0.3929,0.5697,1
29-1141.03,29-1151.00,Critical Care Nurses,Nurse Anesthetists,17,0.5695,0.3953,0.5911,1
29-2011.04,29-2012.00,Histotechnologists,Medical and Clinical Laboratory Technicians,9,0.5669,0.375,0.5503,1
15-1254.00,15-1255.00,Web Developers,Web and Digital Interface Designers,15,0.5661,0.3947,0.587,1
29-1212.00,29-1215.00,Cardiologists,Family Medicine Physicians,12,0.5657,0.3871,0.0,1
29-1161.00,29-1217.00,Nurse Midwives,Neurologists,13,0.5652,0.3939,0.5633,1
29-1241.00,29-1242.00,"Ophthalmologists, Except Pediatric","Orthopedic Surgeons, Except Pediatric",11,0.5643,0.3929,0.0,1
15-1231.00,15-1241.01,Computer Network Support Specialists,Telecommunications Engineering Specialists,14,0.5641,0.3889,0.5659,1
29-1217.00,29-1242.00,Neurologists,"Orthopedic Surgeons, Except Pediatric",12,0.5595,0.3871,0.0,1
29-1229.03,29-1242.00,Urologists,"Orthopedic Surgeons, Except Pediatric",10,0.559,0.3846,0.0,1
29-1216.00,29-1299.01,General Internal Medicine Physicians,Naturopathic Physicians,12,0.5583,0.3871,0.5727,1
29-1223.00,29-1229.01,Psychiatrists,Allergists and Immunologists,10,0.5556,0.3846,0.5576,1
29-1217.00,29-9092.00,Neurologists,Genetic Counselors,13,0.5533,0.3824,0.5632,1
29-1126.00,29-2032.00,Respiratory Therapists,Diagnostic Medical Sonographers,16,0.553,0.381,0.5538,1
29-1212.00,29-1214.00,Cardiologists,Emergency Medicine Physicians,12,0.5506,0.375,0.0,1
29-1071.00,29-1216.00,Physician Assistants,General Internal Medicine Physicians,10,0.5505,0.3704,0.5915,1
29-1071.00,29-1243.00,Physician Assistants,Pediatric Surgeons,10,0.5505,0.3704,0.0,1
15-1254.00,15-1299.01,Web Developers,Web Administrators,16,0.5462,0.3721,0.4898,1
29-1217.00,29-1218.00,Neurologists,Obstetricians and Gynecologists,12,0.546,0.375,0.5543,1
29-1171.00,29-1299.01,Nurse Practitioners,Naturopathic Physicians,13,0.5459,0.3714,0.5673,1
11-9111.00,11-9121.00,Medical and Health Services Managers,Natural Sciences Managers,15,0.5455,0.375,0.5406,1
29-1141.01,29-1151.00,Acute Care Nurses,Nurse Anesthetists,15,0.5455,0.375,0.5595,1
29-1216.00,29-1243.00,General Internal Medicine Physicians,Pediatric Surgeons,12,0.5455,0.375,0.0,1
29-2031.00,29-2034.00,Cardiovascular Technologists and Technicians,Radiologic Technologists and Technicians,15,0.5455,0.375,0.5417,1
29-2031.00,29-2099.01,Cardiovascular Technologists and Technicians,Neurodiagnostic Technologists,12,0.5443,0.3636,0.5561,1
29-1125.00,29-1129.02,Recreational Therapists,Music Therapists,10,0.5439,0.3448,0.5749,1
29-2032.00,29-2034.00,Diagnostic Medical Sonographers,Radiologic Technologists and Technicians,16,0.5431,0.3721,0.5584,1
15-1241.00,15-1241.01,Computer Network Architects,Telecommunications Engineering Specialists,17,0.543,0.3696,0.5269,1
29-1161.00,29-1229.01,Nurse Midwives,Allergists and Immunologists,11,0.5406,0.3667,0.5557,1
29-1217.00,29-1223.00,Neurologists,Psychiatrists,11,0.5406,0.3667,0.5609,1
29-1124.00,29-2034.00,Radiation Therapists,Radiologic Technologists and Technicians,15,0.5357,0.3659,0.5337,1
29-1216.00,29-1217.00,General Internal Medicine Physicians,Neurologists,12,0.5335,0.3636,0.547,1
29-1241.00,29-1299.02,"Ophthalmologists, Except Pediatric",Orthoptists,9,0.5331,0.36,0.5373,1
29-1216.00,29-1229.03,General Internal Medicine Physicians,Urologists,10,0.533,0.3571,0.5533,1
29-1211.00,29-1215.00,Anesthesiologists,Family Medicine Physicians,11,0.5292,0.3548,0.5134,1
29-1123.00,29-1181.00,Physical Therapists,Audiologists,14,0.5284,0.359,0.5492,1
29-1221.00,29-1241.00,"Pediatricians, General","Ophthalmologists, Except Pediatric",11,0.5262,0.3548,0.5217,1
29-1141.00,29-1216.00,Registered Nurses,General Internal Medicine Physicians,15,0.5257,0.3409,0.5198,1
29-1216.00,29-1242.00,General Internal Medicine Physicians,"Orthopedic Surgeons, Except Pediatric",11,0.5244,0.3548,0.0,1
29-1212.00,29-1218.00,Cardiologists,Obstetricians and Gynecologists,12,0.5237,0.3529,0.0,1
29-1141.04,29-1217.00,Clinical Nurse Specialists,Neurologists,13,0.5217,0.3514,0.5117,1
29-1217.00,29-1221.00,Neurologists,"Pediatricians, General",12,0.5217,0.3529,0.533,1
29-1141.01,29-1214.00,Acute Care Nurses,Emergency Medicine Physicians,12,0.5203,0.3429,0.5198,1
29-1229.06,29-1241.00,Sports Medicine Physicians,"Ophthalmologists, Except Pediatric",12,0.5203,0.3429,0.5426,1
15-1241.01,15-1244.00,Telecommunications Engineering Specialists,Network and Computer Systems Administrators,14,0.5189,0.35,0.4919,1
29-1171.00,29-1242.00,Nurse Practitioners,"Orthopedic Surgeons, Except Pediatric",12,0.5164,0.3429,0.0,1
29-2011.01,29-2011.04,Cytogenetic Technologists,Histotechnologists,8,0.5164,0.3333,0.5026,1
29-2011.04,29-2012.01,Histotechnologists,Histology Technicians,4,0.5164,0.3077,0.5691,1
29-1215.00,29-1299.01,Family Medicine Physicians,Naturopathic Physicians,10,0.5143,0.3448,0.5515,1
29-1071.01,29-1151.00,Anesthesiologist Assistants,Nurse Anesthetists,11,0.5134,0.3333,0.5169,1
29-1221.00,29-1242.00,"Pediatricians, General","Orthopedic Surgeons, Except Pediatric",11,0.5129,0.3438,0.0,1
29-1213.00,29-1243.00,Dermatologists,Pediatric Surgeons,9,0.5128,0.3333,0.0,1
29-1217.00,29-1229.06,Neurologists,Sports Medicine Physicians,13,0.5123,0.3421,0.5307,1
29-1218.00,29-1243.00,Obstetricians and Gynecologists,Pediatric Surgeons,11,0.5118,0.3438,0.0,1
29-1212.00,29-1216.00,Cardiologists,General Internal Medicine Physicians,12,0.5117,0.3429,0.0,1
29-2056.00,29-2061.00,Veterinary Technologists and Technicians,Licensed Practical and Licensed Vocational Nurses,16,0.5111,0.3404,0.4911,1
29-1161.00,29-9092.00,Nurse Midwives,Genetic Counselors,12,0.5108,0.3429,0.4984,1
29-1211.00,29-1217.00,Anesthesiologists,Neurologists,12,0.5108,0.3429,0.486,1
29-1211.00,29-1221.00,Anesthesiologists,"Pediatricians, General",12,0.5108,0.3429,0.5029,1
29-1171.00,29-1229.06,Nurse Practitioners,Sports Medicine Physicians,14,0.5092,0.3415,0.5569,1
29-1071.00,29-1299.01,Physician Assistants,Naturopathic Physicians,9,0.5071,0.3333,0.5923,1
29-1071.01,29-1141.03,Anesthesiologist Assistants,Critical Care Nurses,12,0.5066,0.3158,0.4948,1
17-3027.01,17-3029.08,Automotive Engineering Technicians,Photonics Technicians,10,0.5057,0.3333,0.512,1
29-1213.00,29-1229.06,Dermatologists,Sports Medicine Physicians,10,0.5051,0.3125,0.5382,1
19-2031.00,19-4031.00,Chemists,Chemical Technicians,8,0.504,0.3333,0.4895,1
29-1081.00,29-1242.00,Podiatrists,"Orthopedic Surgeons, Except Pediatric",9,0.5031,0.3333,0.0,1
29-1213.00,29-1221.00,Dermatologists,"Pediatricians, General",9,0.5016,0.3214,0.4943,1
29-1217.00,29-1229.04,Neurologists,Physical Medicine and Rehabilitation Physicians,9,0.5016,0.3214,0.5045,1
17-1022.00,17-1022.01,Surveyors,Geodetic Surveyors,7,0.5013,0.3333,0.5441,1
17-1011.00,17-1012.00,"Architects, Except Landscape and Naval",Landscape Architects,8,0.501,0.3333,0.5546,1
29-1241.00,29-1299.01,"Ophthalmologists, Except Pediatric",Naturopathic Physicians,10,0.5006,0.3333,0.5492,1
29-1217.00,29-1299.01,Neurologists,Naturopathic Physicians,11,0.5005,0.3333,0.5658,1
29-1221.00,29-1299.01,"Pediatricians, General",Naturopathic Physicians,11,0.5005,0.3333,0.5215,1
29-1212.00,29-1221.00,Cardiologists,"Pediatricians, General",12,0.5004,0.3333,0.0,1
29-2031.00,29-2035.00,Cardiovascular Technologists and Technicians,Magnetic Resonance Imaging Technologists,13,0.5004,0.3333,0.4783,1
29-1212.00,29-1229.03,Cardiologists,Urologists,10,0.5,0.3226,0.0,1
29-1229.02,29-1229.03,Hospitalists,Urologists,8,0.5,0.3333,0.5107,1
29-1071.00,29-1171.00,Physician Assistants,Nurse Practitioners,10,0.4969,0.3125,0.5164,1
29-1141.01,29-1141.03,Acute Care Nurses,Critical Care Nurses,15,0.4935,0.3261,0.5213,1
29-1161.00,29-1223.00,Nurse Midwives,Psychiatrists,10,0.4915,0.3226,0.4958,1
29-1215.00,29-1217.00,Family Medicine Physicians,Neurologists,10,0.4915,0.3226,0.4927,1
29-1218.00,29-1229.03,Obstetricians and Gynecologists,Urologists,9,0.491,0.3214,0.5202,1
29-1229.03,29-1299.01,Urologists,Naturopathic Physicians,9,0.491,0.3214,0.5088,1
29-1229.01,29-1229.06,Allergists and Immunologists,Sports Medicine Physicians,11,0.49,0.3143,0.5545,1
29-1214.00,29-1243.00,Emergency Medicine Physicians,Pediatric Surgeons,10,0.4891,0.3226,0.0,1
29-1141.02,29-1161.00,Advanced Practice Psychiatric Nurses,Nurse Midwives,11,0.489,0.3235,0.5082,1
29-1221.00,29-1243.00,"Pediatricians, General",Pediatric Surgeons,11,0.489,0.3235,0.0,1
15-1299.03,15-2051.02,Document Management Specialists,Clinical Data Managers,10,0.488,0.3226,0.4852,1
29-1011.00,29-1299.01,Chiropractors,Naturopathic Physicians,10,0.488,0.3226,0.5513,1
29-1218.00,29-1242.00,Obstetricians and Gynecologists,"Orthopedic Surgeons, Except Pediatric",10,0.488,0.3226,0.0,1
29-2011.01,29-2012.00,Cytogenetic Technologists,Medical and Clinical Laboratory Technicians,10,0.488,0.3226,0.4807,1
29-1223.00,29-1299.02,Psychiatrists,Orthoptists,8,0.4869,0.32,0.4472,1
29-1215.00,29-1241.00,Family Medicine Physicians,"Ophthalmologists, Except Pediatric",9,0.4867,0.3214,0.4876,1
29-1171.00,29-1241.00,Nurse Practitioners,"Ophthalmologists, Except Pediatric",11,0.4857,0.3143,0.5223,1
29-2055.00,29-9093.00,Surgical Technologists,Surgical Assistants,11,0.4857,0.3143,0.5014,1
15-2041.00,15-2051.00,Statisticians,Data Scientists,8,0.4851,0.32,0.5112,1
29-1071.00,29-1217.00,Physician Assistants,Neurologists,9,0.4845,0.3103,0.522,1
29-1071.00,29-1221.00,Physician Assistants,"Pediatricians, General",9,0.4845,0.3103,0.5496,1
29-1161.00,29-1299.02,Nurse Midwives,Orthoptists,9,0.4845,0.3103,0.4774,1
29-1217.00,29-1299.02,Neurologists,Orthoptists,9,0.4845,0.3103,0.5013,1
29-1141.02,29-1229.06,Advanced Practice Psychiatric Nurses,Sports Medicine Physicians,12,0.4835,0.3158,0.5628,1
29-1216.00,29-1229.06,General Internal Medicine Physicians,Sports Medicine Physicians,12,0.4835,0.3158,0.5365,1
19-3011.00,19-3094.00,Economists,Political Scientists,7,0.483,0.3182,0.4829,1
15-1232.00,15-1299.01,Computer User Support Specialists,Web Administrators,13,0.4825,0.3095,0.4653,1
17-3024.00,17-3024.01,Electro-Mechanical and Mechatronics Technologists and Technicians,Robotics Technicians,11,0.4815,0.3056,0.5355,1
29-1126.00,29-2031.00,Respiratory Therapists,Cardiovascular Technologists and Technicians,13,0.4815,0.3171,0.4699,1
41-4011.07,41-9031.00,Solar Sales Representatives and Assessors,Sales Engineers,9,0.4811,0.3,0.4953,1
29-1041.00,29-1171.00,Optometrists,Nurse Practitioners,9,0.4804,0.2903,0.4915,1
29-1141.00,29-1217.00,Registered Nurses,Neurologists,14,0.4799,0.3043,0.4808,1
29-1141.00,29-1221.00,Registered Nurses,"Pediatricians, General",14,0.4799,0.3043,0.4889,1
29-1161.00,29-1241.00,Nurse Midwives,"Ophthalmologists, Except Pediatric",10,0.4784,0.3125,0.4543,1
29-1214.00,29-1217.00,Emergency Medicine Physicians,Neurologists,10,0.4784,0.3125,0.4832,1
15-1244.00,15-1299.01,Network and Computer Systems Administrators,Web Administrators,14,0.478,0.3111,0.4993,1
17-3012.00,17-3023.00,Electrical and Electronics Drafters,Electrical and Electronic Engineering Technologists and Technicians,11,0.4769,0.3056,0.4623,1
15-2041.00,15-2041.01,Statisticians,Biostatisticians,9,0.4763,0.3103,0.5256,1
29-1218.00,29-1299.01,Obstetricians and Gynecologists,Naturopathic Physicians,10,0.4762,0.3125,0.5058,1
29-1122.01,29-1127.00,"Low Vision Therapists, Orientation and Mobility Specialists, and Vision Rehabilitation Therapists",Speech-Language Pathologists,10,0.4757,0.303,0.4868,1
15-1299.02,15-1299.08,Geographic Information Systems Technologists and Technicians,Computer Systems Engineers/Architects,13,0.4747,0.3095,0.4157,1
29-1071.00,29-1211.00,Physician Assistants,Anesthesiologists,9,0.4743,0.3,0.4824,1
29-1229.01,29-1242.00,Allergists and Immunologists,"Orthopedic Surgeons, Except Pediatric",9,0.4743,0.3103,0.0,1
29-1071.00,29-1214.00,Physician Assistants,Emergency Medicine Physicians,8,0.4739,0.3077,0.4768,1
29-1222.00,29-1299.02,"Physicians, Pathologists",Orthoptists,8,0.4739,0.3077,0.426,1
29-1011.00,29-1171.00,Chiropractors,Nurse Practitioners,11,0.4734,0.3056,0.4752,1
19-3033.00,19-3039.02,Clinical and Counseling Psychologists,Neuropsychologists,8,0.473,0.2963,0.5321,1
29-1221.00,29-1229.06,"Pediatricians, General",Sports Medicine Physicians,12,0.4729,0.3077,0.5259,1
29-1126.00,29-2034.00,Respiratory Therapists,Radiologic Technologists and Technicians,13,0.4728,0.3095,0.478,1
29-1141.01,29-1171.00,Acute Care Nurses,Nurse Practitioners,13,0.4728,0.3095,0.488,1
11-3021.00,11-9111.00,Computer and Information Systems Managers,Medical and Health Services Managers,12,0.4714,0.3077,0.476,1
29-1229.01,29-1229.02,Allergists and Immunologists,Hospitalists,8,0.4714,0.3077,0.5141,1
29-1229.01,29-1229.03,Allergists and Immunologists,Urologists,8,0.4714,0.3077,0.4961,1
15-1242.00,15-1253.00,Database Administrators,Software Quality Assurance Analysts and Testers,11,0.4708,0.3056,0.3385,1
29-1299.01,29-9099.01,Naturopathic Physicians,Midwives,12,0.4703,0.3,0.4838,1
29-1141.00,29-1211.00,Registered Nurses,Anesthesiologists,14,0.4698,0.2979,0.4727,1
29-1161.00,29-1229.02,Nurse Midwives,Hospitalists,9,0.4692,0.3,0.4827,1
29-1221.00,29-1229.03,"Pediatricians, General",Urologists,9,0.4692,0.3,0.4716,1
29-1224.00,29-9092.00,Radiologists,Genetic Counselors,13,0.4691,0.3023,0.5839,1
15-1231.00,15-1241.00,Computer Network Support Specialists,Computer Network Architects,13,0.4685,0.2955,0.4631,1
29-1211.00,29-1241.00,Anesthesiologists,"Ophthalmologists, Except Pediatric",10,0.4683,0.303,0.411,1
19-1031.00,19-2041.02,Conservation Scientists,Environmental Restoration Planners,11,0.4682,0.3056,0.4829,1
29-1161.00,29-1211.00,Nurse Midwives,Anesthesiologists,11,0.4682,0.3056,0.4474,1
29-1213.00,29-1229.02,Dermatologists,Hospitalists,7,0.4677,0.3043,0.4858,1
29-1224.00,29-2034.00,Radiologists,Radiologic Technologists and Technicians,14,0.4677,0.3043,0.3903,1
15-1232.00,15-1299.08,Computer User Support Specialists,Computer Systems Engineers/Architects,12,0.4671,0.3,0.502,1
29-1071.01,29-1126.00,Anesthesiologist Assistants,Respiratory Therapists,10,0.4668,0.2941,0.4863,1
15-2021.00,15-2041.01,Mathematicians,Biostatisticians,8,0.4666,0.2963,0.5009,1
29-1213.00,29-1299.01,Dermatologists,Naturopathic Physicians,8,0.4666,0.2963,0.505,1
29-2043.00,29-2053.00,Paramedics,Psychiatric Technicians,8,0.4666,0.2963,0.4652,1
29-1141.00,29-1218.00,Registered Nurses,Obstetricians and Gynecologists,13,0.4664,0.2889,0.453,1
29-1141.00,29-1141.01,Registered Nurses,Acute Care Nurses,15,0.466,0.3,0.4782,1
29-1141.03,29-2043.00,Critical Care Nurses,Paramedics,10,0.4652,0.2703,0.5065,1
29-1141.00,29-1215.00,Registered Nurses,Family Medicine Physicians,12,0.465,0.2791,0.4786,1
29-1229.06,29-1242.00,Sports Medicine Physicians,"Orthopedic Surgeons, Except Pediatric",11,0.4648,0.2973,0.0,1
29-1141.01,29-1229.06,Acute Care Nurses,Sports Medicine Physicians,13,0.4643,0.3023,0.4866,1
15-1241.00,15-1244.00,Computer Network Architects,Network and Computer Systems Administrators,14,0.4641,0.2979,0.4864,1
11-3021.00,11-9121.00,Computer and Information Systems Managers,Natural Sciences Managers,12,0.4629,0.3,0.4935,1
29-1151.00,29-2043.00,Nurse Anesthetists,Paramedics,9,0.4629,0.2812,0.4679,1
29-1218.00,29-1223.00,Obstetricians and Gynecologists,Psychiatrists,9,0.4629,0.3,0.4945,1
29-1224.00,29-2033.00,Radiologists,Nuclear Medicine Technologists,12,0.4629,0.2927,0.2776,1
29-1181.00,29-1229.01,Audiologists,Allergists and Immunologists,10,0.4623,0.2941,0.4488,1
19-2041.03,19-3011.01,Industrial Ecologists,Environmental Economists,11,0.462,0.2973,0.4766,1
29-1214.00,29-1242.00,Emergency Medicine Physicians,"Orthopedic Surgeons, Except Pediatric",9,0.4617,0.3,0.0,1
15-1244.00,15-1254.00,Network and Computer Systems Administrators,Web Developers,12,0.4615,0.3,0.3654,1
29-1127.00,29-1181.00,Speech-Language Pathologists,Audiologists,12,0.4615,0.3,0.472,1
15-1232.00,15-1253.00,Computer User Support Specialists,Software Quality Assurance Analysts and Testers,11,0.4599,0.2973,0.4092,1
29-1081.00,29-1241.00,Podiatrists,"Ophthalmologists, Except Pediatric",8,0.4588,0.2963,0.5268,1
29-1212.00,29-1241.00,Cardiologists,"Ophthalmologists, Except Pediatric",10,0.4588,0.2941,0.0,1
29-1214.00,29-1229.03,Emergency Medicine Physicians,Urologists,8,0.4588,0.2963,0.4554,1
29-1229.02,29-1241.00,Hospitalists,"Ophthalmologists, Except Pediatric",8,0.4588,0.2963,0.4857,1
29-1161.00,29-1212.00,Nurse Midwives,Cardiologists,11,0.4587,0.2973,0.0,1
17-2112.03,17-3026.00,Manufacturing Engineers,Industrial Engineering Technologists and Technicians,13,0.4562,0.2955,0.4537,1
29-1213.00,29-1216.00,Dermatologists,General Internal Medicine Physicians,8,0.4558,0.2857,0.4658,1
29-1181.00,29-1299.02,Audiologists,Orthoptists,9,0.4557,0.2812,0.4312,1
29-2032.00,29-2056.00,Diagnostic Medical Sonographers,Veterinary Technologists and Technicians,15,0.4554,0.2941,0.4441,1
17-2141.01,17-2199.11,Fuel Cell Engineers,Solar Energy Systems Engineers,9,0.4546,0.2727,0.4638,1
29-1229.04,29-1229.06,Physical Medicine and Rehabilitation Physicians,Sports Medicine Physicians,9,0.4546,0.2727,0.4763,1
17-2112.00,17-2112.03,Industrial Engineers,Manufacturing Engineers,11,0.4536,0.2895,0.4783,1
29-1141.01,29-1299.01,Acute Care Nurses,Naturopathic Physicians,11,0.4536,0.2895,0.4493,1
29-1171.00,29-1215.00,Nurse Practitioners,Family Medicine Physicians,10,0.4536,0.2857,0.4787,1
29-1171.00,29-1229.01,Nurse Practitioners,Allergists and Immunologists,10,0.4536,0.2857,0.505,1
29-1218.00,29-1229.06,Obstetricians and Gynecologists,Sports Medicine Physicians,11,0.4536,0.2895,0.4784,1
29-1229.06,29-1299.01,Sports Medicine Physicians,Naturopathic Physicians,11,0.4536,0.2895,0.5301,1
29-2033.00,29-2034.00,Nuclear Medicine Technologists,Radiologic Technologists and Technicians,11,0.4536,0.2895,0.4743,1
29-2034.00,29-2035.00,Radiologic Technologists and Technicians,Magnetic Resonance Imaging Technologists,12,0.4536,0.2927,0.4505,1
29-2034.00,29-2053.00,Radiologic Technologists and Technicians,Psychiatric Technicians,11,0.4536,0.2895,0.4098,1
29-1214.00,29-9099.01,Emergency Medicine Physicians,Midwives,11,0.4532,0.2821,0.482,1
29-1141.00,29-1241.00,Registered Nurses,"Ophthalmologists, Except Pediatric",12,0.4526,0.2727,0.4492,1
29-1122.00,29-1215.00,Occupational Therapists,Family Medicine Physicians,9,0.4523,0.2903,0.4226,1
29-1141.02,29-1223.00,Advanced Practice Psychiatric Nurses,Psychiatrists,9,0.4523,0.2903,0.5087,1
29-1141.02,29-1229.01,Advanced Practice Psychiatric Nurses,Allergists and Immunologists,9,0.4523,0.2903,0.5247,1
19-3041.00,19-3094.00,Sociologists,Political Scientists,7,0.4518,0.2917,0.4979,1
19-4051.00,19-4051.02,Nuclear Technicians,Nuclear Monitoring Technicians,7,0.4518,0.2917,0.318,1
29-1229.02,29-1299.02,Hospitalists,Orthoptists,7,0.4518,0.2917,0.4919,1
29-1171.00,29-1216.00,Nurse Practitioners,General Internal Medicine Physicians,11,0.4513,0.2895,0.4855,1
29-1071.00,29-1218.00,Physician Assistants,Obstetricians and Gynecologists,8,0.4507,0.2857,0.4824,1
29-1161.00,29-1181.00,Nurse Midwives,Audiologists,11,0.4498,0.2895,0.4426,1
29-1181.00,29-1217.00,Audiologists,Neurologists,11,0.4498,0.2895,0.4361,1
29-1229.02,29-1242.00,Hospitalists,"Orthopedic Surgeons, Except Pediatric",8,0.4472,0.2857,0.0,1
29-2011.00,29-2012.01,Medical and Clinical Laboratory Technologists,Histology Technicians,4,0.4472,0.2353,0.4645,1
29-1161.00,29-1213.00,Nurse Midwives,Dermatologists,8,0.4458,0.2759,0.4279,1
29-1211.00,29-1218.00,Anesthesiologists,Obstetricians and Gynecologists,10,0.4454,0.2857,0.4123,1
29-1215.00,29-1229.06,Family Medicine Physicians,Sports Medicine Physicians,10,0.4454,0.2778,0.4935,1
29-1223.00,29-1229.06,Psychiatrists,Sports Medicine Physicians,10,0.4454,0.2778,0.4477,1
29-1217.00,29-1243.00,Neurologists,Pediatric Surgeons,10,0.4446,0.2857,0.0,1
29-1215.00,29-1223.00,Family Medicine Physicians,Psychiatrists,8,0.4444,0.2857,0.4899,1
15-1253.00,15-1299.01,Software Quality Assurance Analysts and Testers,Web Administrators,13,0.4438,0.2826,0.3876,1
29-1141.01,29-1141.02,Acute Care Nurses,Advanced Practice Psychiatric Nurses,11,0.4432,0.2821,0.4824,1
29-1229.06,29-1243.00,Sports Medicine Physicians,Pediatric Surgeons,11,0.4432,0.2821,0.0,1
29-1161.00,29-1215.00,Nurse Midwives,Family Medicine Physicians,9,0.4423,0.2812,0.457,1
29-1217.00,29-1224.00,Neurologists,Radiologists,12,0.4423,0.2791,0.4168,1
19-2041.00,19-2041.03,"Environmental Scientists and Specialists, Including Health",Industrial Ecologists,10,0.4415,0.2778,0.4589,1
29-1171.00,29-1214.00,Nurse Practitioners,Emergency Medicine Physicians,10,0.4415,0.2778,0.4504,1
29-1161.00,29-1171.00,Nurse Midwives,Nurse Practitioners,11,0.4414,0.2821,0.4703,1
29-2032.00,29-2061.00,Diagnostic Medical Sonographers,Licensed Practical and Licensed Vocational Nurses,13,0.4412,0.2826,0.4181,1
15-2021.00,15-2031.00,Mathematicians,Operations Research Analysts,7,0.441,0.28,0.4403,1
19-4013.00,19-4031.00,Food Science Technicians,Chemical Technicians,7,0.441,0.28,0.4576,1
29-1223.00,29-2091.00,Psychiatrists,Orthotists and Prosthetists,7,0.441,0.28,0.4087,1
29-1229.01,29-2091.00,Allergists and Immunologists,Orthotists and Prosthetists,7,0.441,0.28,0.3633,1
15-1212.00,15-1299.01,Information Security Analysts,Web Administrators,8,0.4404,0.2286,0.4858,1
19-3033.00,19-3039.03,Clinical and Counseling Psychologists,Clinical Neuropsychologists,8,0.4404,0.2759,0.5061,1
29-1129.02,29-9092.00,Music Therapists,Genetic Counselors,11,0.4404,0.2821,0.4775,1
29-1214.00,29-1216.00,Emergency Medicine Physicians,General Internal Medicine Physicians,9,0.4402,0.2812,0.4376,1
29-1241.00,29-1243.00,"Ophthalmologists, Except Pediatric",Pediatric Surgeons,9,0.4402,0.2812,0.0,1
29-1071.00,29-1229.06,Physician Assistants,Sports Medicine Physicians,9,0.4392,0.2647,0.5029,1
15-1243.00,15-1299.08,Database Architects,Computer Systems Engineers/Architects,12,0.4382,0.2791,0.4254,1
15-2041.01,15-2051.00,Biostatisticians,Data Scientists,8,0.4364,0.2759,0.4675,1
29-1124.00,29-2031.00,Radiation Therapists,Cardiovascular Technologists and Technicians,12,0.4364,0.2791,0.4283,1
29-1211.00,29-1213.00,Anesthesiologists,Dermatologists,8,0.4364,0.2667,0.4211,1
29-1211.00,29-1229.04,Anesthesiologists,Physical Medicine and Rehabilitation Physicians,8,0.4364,0.2667,0.4579,1
29-1213.00,29-9092.00,Dermatologists,Genetic Counselors,8,0.4364,0.2667,0.3733,1
29-1071.01,29-2032.00,Anesthesiologist Assistants,Diagnostic Medical Sonographers,10,0.4356,0.2632,0.4331,1
15-1211.01,15-1212.00,Health Informatics Specialists,Information Security Analysts,6,0.4353,0.2609,0.433,1
29-1211.00,29-1216.00,Anesthesiologists,General Internal Medicine Physicians,10,0.4352,0.2778,0.4065,1
29-1129.02,29-2042.00,Music Therapists,Emergency Medical Technicians,8,0.4351,0.2581,0.0,1
29-1141.00,29-1229.06,Registered Nurses,Sports Medicine Physicians,14,0.435,0.2745,0.442,1
17-2061.00,17-2072.01,Computer Hardware Engineers,Radio Frequency Identification Device Specialists,8,0.4339,0.2759,0.4595,1
17-2112.01,17-2112.03,Human Factors Engineers and Ergonomists,Manufacturing Engineers,10,0.4336,0.2703,0.4242,1
29-1214.00,29-1229.06,Emergency Medicine Physicians,Sports Medicine Physicians,10,0.4336,0.2703,0.4548,1
17-2031.00,17-2112.03,Bioengineers and Biomedical Engineers,Manufacturing Engineers,11,0.4335,0.275,0.3621,1
29-1141.01,29-1217.00,Acute Care Nurses,Neurologists,11,0.4335,0.275,0.4436,1
29-1161.00,29-1229.06,Nurse Midwives,Sports Medicine Physicians,11,0.4335,0.275,0.4649,1
29-1171.00,29-1229.02,Nurse Practitioners,Hospitalists,9,0.433,0.2647,0.4641,1
29-1171.00,29-1229.03,Nurse Practitioners,Urologists,9,0.433,0.2647,0.4445,1
29-1223.00,29-9092.00,Psychiatrists,Genetic Counselors,9,0.433,0.2727,0.4602,1
29-1229.01,29-9092.00,Allergists and Immunologists,Genetic Counselors,9,0.433,0.2727,0.4306,1
29-1214.00,29-1215.00,Emergency Medicine Physicians,Family Medicine Physicians,8,0.4326,0.2759,0.4465,1
15-1232.00,15-1241.00,Computer User Support Specialists,Computer Network Architects,12,0.4324,0.2667,0.3989,1
29-1171.00,29-1211.00,Nurse Practitioners,Anesthesiologists,11,0.4321,0.275,0.4296,1
29-2032.00,29-2033.00,Diagnostic Medical Sonographers,Nuclear Medicine Technologists,11,0.4311,0.2683,0.4459,1
29-2032.00,29-2035.00,Diagnostic Medical Sonographers,Magnetic Resonance Imaging Technologists,12,0.4311,0.2727,0.4166,1
17-2031.00,17-2112.01,Bioengineers and Biomedical Engineers,Human Factors Engineers and Ergonomists,9,0.4305,0.2727,0.3607,1
17-3011.00,17-3012.00,Architectural and Civil Drafters,Electrical and Electronics Drafters,9,0.4305,0.2727,0.3564,1
29-1041.00,29-1299.02,Optometrists,Orthoptists,6,0.4297,0.2727,0.4662,1
29-1213.00,29-1214.00,Dermatologists,Emergency Medicine Physicians,7,0.4292,0.2692,0.4207,1
29-1229.04,29-1241.00,Physical Medicine and Rehabilitation Physicians,"Ophthalmologists, Except Pediatric",7,0.4292,0.2692,0.4052,1
19-1021.00,19-1022.00,Biochemists and Biophysicists,Microbiologists,6,0.4286,0.2727,0.4225,1
19-1021.00,19-1029.02,Biochemists and Biophysicists,Molecular and Cellular Biologists,8,0.4276,0.2581,0.4904,1
29-1081.00,29-1243.00,Podiatrists,Pediatric Surgeons,8,0.4264,0.2667,0.0,1
29-1212.00,29-1243.00,Cardiologists,Pediatric Surgeons,10,0.4264,0.2703,0.0,1
29-1229.03,29-1243.00,Urologists,Pediatric Surgeons,8,0.4264,0.2667,0.0,1
19-3022.00,19-3041.00,Survey Researchers,Sociologists,7,0.4244,0.2692,0.4301,1
17-2141.01,17-2141.02,Fuel Cell Engineers,Automotive Engineers,11,0.4243,0.2683,0.4037,1
29-1211.00,29-1229.06,Anesthesiologists,Sports Medicine Physicians,11,0.4243,0.2683,0.4264,1
29-1212.00,29-1224.00,Cardiologists,Radiologists,12,0.4243,0.2667,0.0,1
29-1212.00,29-1229.01,Cardiologists,Allergists and Immunologists,9,0.4243,0.2647,0.0,1
29-2035.00,29-2099.01,Magnetic Resonance Imaging Technologists,Neurodiagnostic Technologists,9,0.4243,0.2647,0.4229,1
29-1212.00,29-2031.00,Cardiologists,Cardiovascular Technologists and Technicians,11,0.4234,0.2683,0.0,1
15-1211.00,15-1253.00,Computer Systems Analysts,Software Quality Assurance Analysts and Testers,11,0.4231,0.2683,0.3821,1
29-2031.00,29-2033.00,Cardiovascular Technologists and Technicians,Nuclear Medicine Technologists,10,0.42,0.2632,0.4137,1
29-1041.00,29-1229.06,Optometrists,Sports Medicine Physicians,8,0.4193,0.2424,0.4211,1
29-1129.02,29-2043.00,Music Therapists,Paramedics,8,0.4193,0.25,0.4156,1
29-1181.00,29-2091.00,Audiologists,Orthotists and Prosthetists,8,0.4193,0.25,0.4045,1
29-1122.00,29-1218.00,Occupational Therapists,Obstetricians and Gynecologists,9,0.4187,0.2647,0.3795,1
15-1211.00,15-1232.00,Computer Systems Analysts,Computer User Support Specialists,10,0.4181,0.2632,0.4163,1
15-1232.00,15-1244.00,Computer User Support Specialists,Network and Computer Systems Administrators,10,0.4181,0.2632,0.3732,1
29-1212.00,29-1217.00,Cardiologists,Neurologists,10,0.417,0.2632,0.0,1
29-1224.00,29-1229.01,Radiologists,Allergists and Immunologists,10,0.4167,0.25,0.3615,1
15-1211.00,15-1252.00,Computer Systems Analysts,Software Developers,9,0.416,0.2571,0.4535,1
29-1041.00,29-1081.00,Optometrists,Podiatrists,6,0.416,0.2609,0.4541,1
29-1129.02,29-1223.00,Music Therapists,Psychiatrists,9,0.416,0.2571,0.4153,1
11-9041.00,11-9121.00,Architectural and Engineering Managers,Natural Sciences Managers,11,0.4158,0.2619,0.3964,1
29-2034.00,29-2056.00,Radiologic Technologists and Technicians,Veterinary Technologists and Technicians,13,0.4153,0.26,0.4065,1
17-2072.01,17-3024.00,Radio Frequency Identification Device Specialists,Electro-Mechanical and Mechatronics Technologists and Technicians,10,0.4152,0.2564,0.431,1
29-1141.00,29-1214.00,Registered Nurses,Emergency Medicine Physicians,11,0.4149,0.2444,0.4127,1
29-1071.00,29-1241.00,Physician Assistants,"Ophthalmologists, Except Pediatric",7,0.4146,0.2593,0.4595,1
15-1241.01,15-1299.08,Telecommunications Engineering Specialists,Computer Systems Engineers/Architects,12,0.414,0.2609,0.4312,1
29-1213.00,29-1299.02,Dermatologists,Orthoptists,6,0.414,0.2609,0.4353,1
29-1122.00,29-1125.00,Occupational Therapists,Recreational Therapists,7,0.4139,0.25,0.4112,1
29-1071.00,29-1212.00,Physician Assistants,Cardiologists,8,0.4131,0.25,0.0,1
19-1029.02,19-1042.00,Molecular and Cellular Biologists,"Medical Scientists, Except Epidemiologists",9,0.4129,0.2571,0.4636,1
29-1071.01,29-1141.01,Anesthesiologist Assistants,Acute Care Nurses,9,0.4125,0.25,0.3999,1
29-1215.00,29-1229.03,Family Medicine Physicians,Urologists,7,0.4125,0.2593,0.4046,1
29-1124.00,29-2033.00,Radiation Therapists,Nuclear Medicine Technologists,10,0.4124,0.2564,0.3973,1
29-1125.00,29-1129.01,Recreational Therapists,Art Therapists,8,0.412,0.2353,0.4848,1
29-1161.00,29-9099.01,Nurse Midwives,Midwives,11,0.412,0.2558,0.441,1
29-1217.00,29-9099.01,Neurologists,Midwives,11,0.412,0.2558,0.4394,1
17-2021.00,17-2199.07,Agricultural Engineers,Photonics Engineers,8,0.4115,0.2581,0.4228,1
29-1123.00,29-2091.00,Physical Therapists,Orthotists and Prosthetists,8,0.4115,0.2424,0.4042,1
29-1141.04,29-1213.00,Clinical Nurse Specialists,Dermatologists,8,0.4115,0.2424,0.3892,1
29-1171.00,29-1213.00,Nurse Practitioners,Dermatologists,8,0.4115,0.2424,0.4472,1
29-1171.00,29-1229.04,Nurse Practitioners,Physical Medicine and Rehabilitation Physicians,8,0.4115,0.2424,0.4316,1
29-1218.00,29-1229.01,Obstetricians and Gynecologists,Allergists and Immunologists,8,0.4115,0.2581,0.4445,1
29-1223.00,29-1299.01,Psychiatrists,Naturopathic Physicians,8,0.4115,0.2581,0.4499,1
29-1229.01,29-1299.01,Allergists and Immunologists,Naturopathic Physicians,8,0.4115,0.2581,0.4729,1
29-1141.00,29-1171.00,Registered Nurses,Nurse Practitioners,13,0.4113,0.2549,0.4181,1
19-2099.01,19-4099.03,Remote Sensing Scientists and Technologists,Remote Sensing Technicians,9,0.4108,0.2571,0.4342,1
29-1211.00,29-1242.00,Anesthesiologists,"Orthopedic Surgeons, Except Pediatric",9,0.4108,0.2571,0.0,1
29-1222.00,29-2011.01,"Physicians, Pathologists",Cytogenetic Technologists,8,0.4104,0.2581,0.428,1
29-1141.02,29-1151.00,Advanced Practice Psychiatric Nurses,Nurse Anesthetists,10,0.4103,0.2564,0.4174,1
29-1171.00,29-1243.00,Nurse Practitioners,Pediatric Surgeons,10,0.4103,0.2564,0.0,1
17-2031.00,17-2112.00,Bioengineers and Biomedical Engineers,Industrial Engineers,9,0.4095,0.2571,0.3877,1
29-1161.00,29-1218.00,Nurse Midwives,Obstetricians and Gynecologists,9,0.4095,0.2571,0.424,1
29-1161.00,29-1299.01,Nurse Midwives,Naturopathic Physicians,9,0.4095,0.2571,0.4545,1
15-1231.00,15-1232.00,Computer Network Support Specialists,Computer User Support Specialists,9,0.4091,0.2571,0.3743,1
29-1141.02,29-1243.00,Advanced Practice Psychiatric Nurses,Pediatric Surgeons,9,0.4091,0.2571,0.0,1
15-1242.00,15-1299.07,Database Administrators,Blockchain Engineers,7,0.4082,0.25,0.4442,1
15-1251.00,15-1255.00,Computer Programmers,Web and Digital Interface Designers,9,0.4082,0.25,0.4481,1
17-1021.00,17-1022.00,Cartographers and Photogrammetrists,Surveyors,5,0.4082,0.25,0.4579,1
29-1126.00,29-2099.01,Respiratory Therapists,Neurodiagnostic Technologists,9,0.4082,0.25,0.4313,1
29-1141.02,29-1141.03,Advanced Practice Psychiatric Nurses,Critical Care Nurses,11,0.4082,0.25,0.4197,1
29-1141.04,29-1229.01,Clinical Nurse Specialists,Allergists and Immunologists,9,0.4082,0.25,0.4099,1
29-1171.00,29-1223.00,Nurse Practitioners,Psychiatrists,9,0.4082,0.25,0.4488,1
29-1213.00,29-1218.00,Dermatologists,Obstetricians and Gynecologists,7,0.4082,0.25,0.4216,1
29-1224.00,29-2031.00,Radiologists,Cardiovascular Technologists and Technicians,12,0.4082,0.2553,0.3632,1
29-1229.02,29-9092.00,Hospitalists,Genetic Counselors,8,0.4082,0.25,0.4248,1
29-1126.00,29-1151.00,Respiratory Therapists,Nurse Anesthetists,11,0.4074,0.2558,0.4058,1
29-1141.04,29-1171.00,Clinical Nurse Specialists,Nurse Practitioners,11,0.4074,0.2558,0.426,1
29-1141.01,29-9099.01,Acute Care Nurses,Midwives,12,0.4073,0.2553,0.4458,1
29-1041.00,29-1217.00,Optometrists,Neurologists,7,0.4048,0.2414,0.4003,1
29-1141.00,29-1242.00,Registered Nurses,"Orthopedic Surgeons, Except Pediatric",11,0.4044,0.2391,0.0,1
15-1299.02,15-2051.01,Geographic Information Systems Technologists and Technicians,Business Intelligence Analysts,7,0.4041,0.2333,0.4353,1
29-1141.01,29-1213.00,Acute Care Nurses,Dermatologists,8,0.4041,0.2353,0.3842,1
29-1141.01,29-2043.00,Acute Care Nurses,Paramedics,8,0.4041,0.2353,0.4153,1
29-1071.01,29-2042.00,Anesthesiologist Assistants,Emergency Medical Technicians,6,0.4036,0.25,0.0,1
19-1029.02,19-1029.03,Molecular and Cellular Biologists,Geneticists,9,0.4025,0.25,0.4234,1
29-1126.00,29-1141.03,Respiratory Therapists,Critical Care Nurses,12,0.402,0.25,0.4088,1
29-1141.02,29-1215.00,Advanced Practice Psychiatric Nurses,Family Medicine Physicians,8,0.402,0.25,0.443,1
29-1215.00,29-1243.00,Family Medicine Physicians,Pediatric Surgeons,8,0.402,0.25,0.0,1
29-1216.00,29-1223.00,General Internal Medicine Physicians,Psychiatrists,8,0.402,0.25,0.4226,1
29-1216.00,29-1229.01,General Internal Medicine Physicians,Allergists and Immunologists,8,0.402,0.25,0.4402,1
29-1229.01,29-1243.00,Allergists and Immunologists,Pediatric Surgeons,8,0.402,0.25,0.0,1
19-2041.02,19-2041.03,Environmental Restoration Planners,Industrial Ecologists,10,0.4013,0.25,0.4095,1
29-1151.00,29-1161.00,Nurse Anesthetists,Nurse Midwives,10,0.4013,0.25,0.405,1
29-1151.00,29-1217.00,Nurse Anesthetists,Neurologists,10,0.4013,0.25,0.4041,1
29-1171.00,29-1221.00,Nurse Practitioners,"Pediatricians, General",10,0.4013,0.25,0.4467,1
15-1241.00,15-1299.08,Computer Network Architects,Computer Systems Engineers/Architects,13,0.4012,0.25,0.4058,1
15-2021.00,15-2051.00,Mathematicians,Data Scientists,6,0.4009,0.25,0.4166,1
29-1081.00,29-1213.00,Podiatrists,Dermatologists,6,0.4009,0.25,0.4776,1
29-1141.01,29-1229.01,Acute Care Nurses,Allergists and Immunologists,9,0.4009,0.2432,0.4105,1
15-1211.01,15-1242.00,Health Informatics Specialists,Database Administrators,8,0.4005,0.25,0.3832,1
29-1214.00,29-1218.00,Emergency Medicine Physicians,Obstetricians and Gynecologists,8,0.4005,0.25,0.4075,1
29-1214.00,29-1299.01,Emergency Medicine Physicians,Naturopathic Physicians,8,0.4005,0.25,0.4138,1
29-2011.02,29-2011.04,Cytotechnologists,Histotechnologists,5,0.4003,0.25,0.3932,1
29-1124.00,29-1126.00,Radiation Therapists,Respiratory Therapists,11,0.4001,0.25,0.3978,1
29-1141.01,29-1141.04,Acute Care Nurses,Clinical Nurse Specialists,11,0.4001,0.25,0.4104,1
29-1141.02,29-1217.00,Advanced Practice Psychiatric Nurses,Neurologists,9,0.4001,0.25,0.4339,1
15-1243.00,15-1299.02,Database Architects,Geographic Information Systems Technologists and Technicians,10,0.4,0.25,0.3884,1
29-2011.01,29-2012.01,Cytogenetic Technologists,Histology Technicians,4,0.4,0.1905,0.4317,1
15-1211.01,15-1299.01,Health Informatics Specialists,Web Administrators,10,0.3994,0.2381,0.3476,1
19-4012.00,19-4013.00,Agricultural Technicians,Food Science Technicians,7,0.3989,0.2414,0.4082,1
29-1141.02,29-1213.00,Advanced Practice Psychiatric Nurses,Dermatologists,7,0.3989,0.2414,0.421,1
29-1224.00,29-1229.02,Radiologists,Hospitalists,9,0.3977,0.2308,0.3263,1
29-1224.00,29-1229.03,Radiologists,Urologists,9,0.3977,0.2308,0.3408,1
29-1222.00,29-2011.04,"Physicians, Pathologists",Histotechnologists,6,0.3974,0.24,0.3738,1
29-2031.00,29-2055.00,Cardiovascular Technologists and Technicians,Surgical Technologists,9,0.3974,0.2432,0.3912,1
29-1212.00,29-9099.01,Cardiologists,Midwives,11,0.3951,0.2444,0.0,1
29-1141.00,29-1299.01,Registered Nurses,Naturopathic Physicians,11,0.3946,0.234,0.4142,1
29-1141.01,29-1161.00,Acute Care Nurses,Nurse Midwives,10,0.3941,0.2439,0.3813,1
15-1211.00,15-1299.08,Computer Systems Analysts,Computer Systems Engineers/Architects,11,0.3939,0.2444,0.4291,1
29-1221.00,29-1223.00,"Pediatricians, General",Psychiatrists,8,0.3932,0.2424,0.4059,1
29-1221.00,29-1229.01,"Pediatricians, General",Allergists and Immunologists,8,0.3932,0.2424,0.4166,1
15-1299.02,15-2041.01,Geographic Information Systems Technologists and Technicians,Biostatisticians,9,0.3928,0.2432,0.4146,1
15-1299.02,15-2051.02,Geographic Information Systems Technologists and Technicians,Clinical Data Managers,9,0.3928,0.2432,0.4094,1
29-1131.00,29-1299.01,Veterinarians,Naturopathic Physicians,9,0.3928,0.2432,0.4125,1
29-1141.04,29-9092.00,Clinical Nurse Specialists,Genetic Counselors,10,0.3928,0.2439,0.369,1
29-2033.00,29-2035.00,Nuclear Medicine Technologists,Magnetic Resonance Imaging Technologists,9,0.3928,0.2432,0.4096,1
15-1243.00,15-1253.00,Database Architects,Software Quality Assurance Analysts and Testers,10,0.3922,0.2439,0.2928,1
29-1125.00,29-1223.00,Recreational Therapists,Psychiatrists,6,0.3922,0.24,0.4025,1
29-1129.02,29-1229.05,Music Therapists,Preventive Medicine Physicians,8,0.3922,0.2353,0.3477,1
29-1181.00,29-1229.05,Audiologists,Preventive Medicine Physicians,8,0.3922,0.2353,0.3693,1
29-1218.00,29-9099.01,Obstetricians and Gynecologists,Midwives,10,0.3919,0.2381,0.3957,1
29-1211.00,29-1243.00,Anesthesiologists,Pediatric Surgeons,9,0.3917,0.2432,0.0,1
15-1211.01,15-1231.00,Health Informatics Specialists,Computer Network Support Specialists,8,0.3913,0.2424,0.3393,1
15-1211.01,15-1232.00,Health Informatics Specialists,Computer User Support Specialists,8,0.3913,0.2424,0.3187,1
29-1141.02,29-1214.00,Advanced Practice Psychiatric Nurses,Emergency Medicine Physicians,8,0.3913,0.2424,0.4382,1
29-1161.00,29-1221.00,Nurse Midwives,"Pediatricians, General",9,0.3913,0.2432,0.3994,1
29-1229.06,29-1299.02,Sports Medicine Physicians,Orthoptists,8,0.3904,0.2286,0.4479,1
29-1242.00,29-1299.01,"Orthopedic Surgeons, Except Pediatric",Naturopathic Physicians,8,0.3904,0.2424,0.0,1
29-2012.00,29-2012.01,Medical and Clinical Laboratory Technicians,Histology Technicians,4,0.3904,0.1818,0.4012,1
29-1141.01,29-1241.00,Acute Care Nurses,"Ophthalmologists, Except Pediatric",9,0.3902,0.2368,0.3944,1
29-2055.00,29-2061.00,Surgical Technologists,Licensed Practical and Licensed Vocational Nurses,9,0.3902,0.2368,0.3787,1
29-1161.00,29-2043.00,Nurse Midwives,Paramedics,7,0.3901,0.2333,0.3723,1
29-1161.00,29-2091.00,Nurse Midwives,Orthotists and Prosthetists,7,0.3901,0.2333,0.3688,1
29-1217.00,29-2091.00,Neurologists,Orthotists and Prosthetists,7,0.3901,0.2333,0.3626,1
15-1231.00,15-1299.08,Computer Network Support Specialists,Computer Systems Engineers/Architects,10,0.3892,0.2381,0.3849,1
15-1255.00,15-1255.01,Web and Digital Interface Designers,Video Game Designers,7,0.3889,0.2188,0.3763,1
15-2021.00,15-2041.00,Mathematicians,Statisticians,6,0.3889,0.24,0.4167,1
29-1071.01,29-2043.00,Anesthesiologist Assistants,Paramedics,6,0.3889,0.24,0.3644,1
29-1215.00,29-1229.01,Family Medicine Physicians,Allergists and Immunologists,7,0.3889,0.2414,0.417,1
15-1243.01,15-1299.02,Data Warehousing Specialists,Geographic Information Systems Technologists and Technicians,8,0.3881,0.2353,0.4207,1
15-1299.02,15-2041.00,Geographic Information Systems Technologists and Technicians,Statisticians,8,0.3881,0.2353,0.4325,1
29-1071.00,29-1229.03,Physician Assistants,Urologists,6,0.3873,0.24,0.403,1
29-1141.04,29-1242.00,Clinical Nurse Specialists,"Orthopedic Surgeons, Except Pediatric",9,0.3873,0.2368,0.0,1
17-3024.00,17-3029.08,Electro-Mechanical and Mechatronics Technologists and Technicians,Photonics Technicians,10,0.3872,0.2381,0.4185,1
17-2199.10,17-2199.11,Wind Energy Engineers,Solar Energy Systems Engineers,5,0.3858,0.2381,0.4153,1
29-1023.00,29-2091.00,Orthodontists,Orthotists and Prosthetists,5,0.3858,0.2381,0.3739,1
29-1141.01,29-1211.00,Acute Care Nurses,Anesthesiologists,10,0.3858,0.2381,0.3985,1
29-1229.06,29-9092.00,Sports Medicine Physicians,Genetic Counselors,10,0.3858,0.2381,0.4126,1
29-1141.00,29-1243.00,Registered Nurses,Pediatric Surgeons,11,0.3855,0.2292,0.0,1
29-1071.00,29-1141.02,Physician Assistants,Advanced Practice Psychiatric Nurses,7,0.3853,0.2333,0.4248,1
29-1141.02,29-1299.02,Advanced Practice Psychiatric Nurses,Orthoptists,7,0.3853,0.2333,0.4368,1
29-2072.00,29-9021.00,Medical Records Specialists,Health Information Technologists and Medical Registrars,7,0.3853,0.2333,0.0,1
29-1023.00,29-1024.00,Orthodontists,Prosthodontists,4,0.3849,0.2353,0.3837,1
29-1131.00,29-1171.00,Veterinarians,Nurse Practitioners,10,0.3849,0.2381,0.4039,1
29-1141.04,29-1229.02,Clinical Nurse Specialists,Hospitalists,8,0.3849,0.2286,0.3577,1
29-1171.00,29-1212.00,Nurse Practitioners,Cardiologists,10,0.3849,0.2381,0.0,1
29-1211.00,29-1229.01,Anesthesiologists,Allergists and Immunologists,8,0.3849,0.2353,0.3873,1
29-1124.00,29-2056.00,Radiation Therapists,Veterinary Technologists and Technicians,12,0.3833,0.2353,0.3721,1
29-1141.03,29-1212.00,Critical Care Nurses,Cardiologists,11,0.383,0.234,0.0,1
19-2041.00,19-2041.02,"Environmental Scientists and Specialists, Including Health",Environmental Restoration Planners,8,0.3827,0.2353,0.3709,1
29-1214.00,29-1221.00,Emergency Medicine Physicians,"Pediatricians, General",8,0.3827,0.2353,0.3764,1
15-1241.00,15-1299.01,Computer Network Architects,Web Administrators,13,0.3825,0.2364,0.431,1
29-1071.00,29-1141.00,Physician Assistants,Registered Nurses,9,0.382,0.2093,0.3936,1
17-1022.01,17-3031.00,Geodetic Surveyors,Surveying and Mapping Technicians,6,0.3818,0.2308,0.3945,1
19-3033.00,19-3034.00,Clinical and Counseling Psychologists,School Psychologists,8,0.3814,0.2353,0.3709,1
29-1129.02,29-1224.00,Music Therapists,Radiologists,11,0.3814,0.234,0.3997,1
29-1223.00,29-9099.01,Psychiatrists,Midwives,9,0.381,0.225,0.3717,1
29-2032.00,29-2099.01,Diagnostic Medical Sonographers,Neurodiagnostic Technologists,9,0.381,0.225,0.3927,1
19-2041.02,19-2043.00,Environmental Restoration Planners,Hydrologists,10,0.3807,0.2326,0.3896,1
17-2051.00,17-2051.01,Civil Engineers,Transportation Engineers,8,0.3805,0.2286,0.379,1
17-2072.01,17-3023.00,Radio Frequency Identification Device Specialists,Electrical and Electronic Engineering Technologists and Technicians,9,0.3803,0.2308,0.3812,1
29-1151.00,29-2032.00,Nurse Anesthetists,Diagnostic Medical Sonographers,11,0.3802,0.234,0.3683,1
29-1151.00,29-9099.01,Nurse Anesthetists,Midwives,11,0.3802,0.234,0.4097,1
29-1171.00,29-9099.01,Nurse Practitioners,Midwives,11,0.3802,0.234,0.4242,1
15-1242.00,15-1299.01,Database Administrators,Web Administrators,10,0.3799,0.2273,0.3793,1
17-2199.05,17-3024.00,Mechatronics Engineers,Electro-Mechanical and Mechatronics Technologists and Technicians,10,0.379,0.2326,0.3646,1
17-2199.05,17-3026.00,Mechatronics Engineers,Industrial Engineering Technologists and Technicians,10,0.379,0.2326,0.374,1
29-1214.00,29-1229.01,Emergency Medicine Physicians,Allergists and Immunologists,7,0.3785,0.2333,0.4099,1
29-1222.00,29-1229.01,"Physicians, Pathologists",Allergists and Immunologists,7,0.3785,0.2333,0.3406,1
29-1223.00,29-1241.00,Psychiatrists,"Ophthalmologists, Except Pediatric",7,0.3785,0.2333,0.3828,1
17-2121.00,17-2171.00,Marine Engineers and Naval Architects,Petroleum Engineers,10,0.378,0.2326,0.3582,1
19-1021.00,19-1041.00,Biochemists and Biophysicists,Epidemiologists,6,0.378,0.2308,0.3653,1
19-2041.01,19-3011.01,Climate Change Policy Analysts,Environmental Economists,6,0.378,0.2222,0.3565,1
29-1022.00,29-1141.01,Oral and Maxillofacial Surgeons,Acute Care Nurses,6,0.378,0.1935,0.3826,1
29-1123.00,29-1218.00,Physical Therapists,Obstetricians and Gynecologists,9,0.378,0.2308,0.3419,1
29-1141.01,29-1229.02,Acute Care Nurses,Hospitalists,8,0.378,0.2222,0.3833,1
29-1141.01,29-1229.03,Acute Care Nurses,Urologists,8,0.378,0.2222,0.3763,1
29-1171.00,29-1218.00,Nurse Practitioners,Obstetricians and Gynecologists,9,0.378,0.2308,0.3985,1
29-1223.00,29-1291.00,Psychiatrists,Acupuncturists,6,0.378,0.2308,0.4074,1
29-1229.01,29-1229.04,Allergists and Immunologists,Physical Medicine and Rehabilitation Physicians,6,0.378,0.2308,0.3932,1
29-2057.00,29-2081.00,Ophthalmic Medical Technicians,"Opticians, Dispensing",6,0.378,0.2308,0.3523,1
17-2051.01,17-2081.00,Transportation Engineers,Environmental Engineers,10,0.3774,0.2326,0.3991,1
19-1029.02,19-1041.00,Molecular and Cellular Biologists,Epidemiologists,8,0.3771,0.2286,0.4062,1
15-1231.00,15-1254.00,Computer Network Support Specialists,Web Developers,9,0.3763,0.2308,0.3335,1
29-1122.00,29-1129.02,Occupational Therapists,Music Therapists,9,0.3763,0.2308,0.3963,1
29-1141.02,29-1181.00,Advanced Practice Psychiatric Nurses,Audiologists,9,0.3763,0.2308,0.4065,1
29-1181.00,29-1243.00,Audiologists,Pediatric Surgeons,9,0.3763,0.2308,0.0,1
29-1141.03,29-1181.00,Critical Care Nurses,Audiologists,11,0.3755,0.2292,0.3933,1
17-2021.00,17-2141.00,Agricultural Engineers,Mechanical Engineers,9,0.375,0.2195,0.3647,1
17-2141.02,17-2199.05,Automotive Engineers,Mechatronics Engineers,9,0.375,0.2308,0.3829,1
29-1081.00,29-1229.02,Podiatrists,Hospitalists,6,0.375,0.2308,0.4171,1
29-1081.00,29-1229.03,Podiatrists,Urologists,6,0.375,0.2308,0.4194,1
29-1223.00,29-1224.00,Psychiatrists,Radiologists,9,0.375,0.2195,0.4139,1
29-1211.00,29-1214.00,Anesthesiologists,Emergency Medicine Physicians,8,0.3746,0.2286,0.3689,1
29-1214.00,29-9092.00,Emergency Medicine Physicians,Genetic Counselors,8,0.3746,0.2286,0.4046,1
29-1241.00,29-9092.00,"Ophthalmologists, Except Pediatric",Genetic Counselors,8,0.3746,0.2286,0.3394,1
29-1141.04,29-1224.00,Clinical Nurse Specialists,Radiologists,11,0.3742,0.2292,0.2852,1
29-1151.00,29-1224.00,Nurse Anesthetists,Radiologists,11,0.3742,0.2292,0.3221,1
29-1212.00,29-1213.00,Cardiologists,Dermatologists,7,0.3742,0.2188,0.0,1
17-2199.08,17-3024.00,Robotics Engineers,Electro-Mechanical and Mechatronics Technologists and Technicians,9,0.3737,0.225,0.4005,1
29-1071.01,29-9093.00,Anesthesiologist Assistants,Surgical Assistants,8,0.3734,0.2222,0.3857,1
29-1124.00,29-2032.00,Radiation Therapists,Diagnostic Medical Sonographers,11,0.3734,0.2292,0.3789,1
29-1229.06,29-9099.01,Sports Medicine Physicians,Midwives,11,0.3734,0.2292,0.4113,1
29-1081.00,29-1216.00,Podiatrists,General Internal Medicine Physicians,7,0.3731,0.2258,0.4428,1
29-1122.00,29-1229.05,Occupational Therapists,Preventive Medicine Physicians,7,0.3731,0.2258,0.3782,1
29-1011.00,29-1217.00,Chiropractors,Neurologists,8,0.373,0.2286,0.4093,1
17-3021.00,17-3029.01,Aerospace Engineering and Operations Technologists and Technicians,Non-Destructive Testing Specialists,5,0.3727,0.2273,0.3956,1
29-1141.02,29-1218.00,Advanced Practice Psychiatric Nurses,Obstetricians and Gynecologists,8,0.3722,0.2286,0.4111,1
29-1141.02,29-1299.01,Advanced Practice Psychiatric Nurses,Naturopathic Physicians,8,0.3722,0.2286,0.4247,1
15-1212.00,15-1244.00,Information Security Analysts,Network and Computer Systems Administrators,6,0.3721,0.2,0.4128,1
19-3034.00,19-3039.02,School Psychologists,Neuropsychologists,6,0.3721,0.2222,0.392,1
29-2011.01,29-2011.02,Cytogenetic Technologists,Cytotechnologists,6,0.3721,0.2222,0.3851,1
15-1231.00,15-1299.01,Computer Network Support Specialists,Web Administrators,10,0.3711,0.2222,0.3611,1
29-1241.00,29-9099.01,"Ophthalmologists, Except Pediatric",Midwives,9,0.3708,0.2195,0.3758,1
29-2032.00,29-2055.00,Diagnostic Medical Sonographers,Surgical Technologists,9,0.3708,0.2195,0.3721,1
29-1041.00,29-1229.04,Optometrists,Physical Medicine and Rehabilitation Physicians,5,0.3706,0.2273,0.3423,1
17-2199.07,17-3027.01,Photonics Engineers,Automotive Engineering Technicians,7,0.3705,0.2258,0.3482,1
19-3022.00,19-4061.00,Survey Researchers,Social Science Research Assistants,7,0.3705,0.2258,0.3811,1
29-1126.00,29-9093.00,Respiratory Therapists,Surgical Assistants,10,0.3704,0.2273,0.3574,1
29-1151.00,29-1171.00,Nurse Anesthetists,Nurse Practitioners,10,0.3704,0.2273,0.389,1
29-1151.00,29-2031.00,Nurse Anesthetists,Cardiovascular Technologists and Technicians,10,0.3704,0.2273,0.3623,1
29-1151.00,29-9093.00,Nurse Anesthetists,Surgical Assistants,10,0.3704,0.2273,0.3769,1
29-1141.00,29-1229.03,Registered Nurses,Urologists,9,0.3699,0.2045,0.377,1
15-1211.00,15-1251.00,Computer Systems Analysts,Computer Programmers,8,0.3698,0.2222,0.3832,1
15-1252.00,15-1253.00,Software Developers,Software Quality Assurance Analysts and Testers,8,0.3698,0.2222,0.2531,1
29-1181.00,29-1223.00,Audiologists,Psychiatrists,8,0.3698,0.2222,0.3806,1
19-1029.01,19-2099.01,Bioinformatics Scientists,Remote Sensing Scientists and Technologists,6,0.3693,0.2069,0.3617,1
29-1023.00,29-1122.00,Orthodontists,Occupational Therapists,6,0.3693,0.2143,0.3756,1
29-1122.00,29-1123.00,Occupational Therapists,Physical Therapists,9,0.3693,0.225,0.356,1
29-1123.00,29-1141.02,Physical Therapists,Advanced Practice Psychiatric Nurses,9,0.3693,0.225,0.4187,1
29-1141.02,29-1141.04,Advanced Practice Psychiatric Nurses,Clinical Nurse Specialists,9,0.3693,0.225,0.4094,1
29-1141.02,29-1171.00,Advanced Practice Psychiatric Nurses,Nurse Practitioners,9,0.3693,0.225,0.4089,1
29-1141.04,29-1243.00,Clinical Nurse Specialists,Pediatric Surgeons,9,0.3693,0.225,0.0,1
29-1071.01,29-2056.00,Anesthesiologist Assistants,Veterinary Technologists and Technicians,9,0.369,0.2093,0.3688,1
17-2199.08,17-3024.01,Robotics Engineers,Robotics Technicians,7,0.3689,0.2258,0.3818,1
19-1029.03,19-1041.00,Geneticists,Epidemiologists,7,0.3689,0.2258,0.3675,1
19-4031.00,19-4092.00,Chemical Technicians,Forensic Science Technicians,7,0.3689,0.2258,0.3487,1
29-1215.00,29-1242.00,Family Medicine Physicians,"Orthopedic Surgeons, Except Pediatric",7,0.3689,0.2258,0.0,1
29-1299.02,29-9092.00,Orthoptists,Genetic Counselors,7,0.3689,0.2188,0.3567,1
29-1161.00,29-1224.00,Nurse Midwives,Radiologists,10,0.3686,0.2222,0.4164,1
29-1141.03,29-2031.00,Critical Care Nurses,Cardiovascular Technologists and Technicians,11,0.3685,0.2245,0.3786,1
29-1214.00,29-1241.00,Emergency Medicine Physicians,"Ophthalmologists, Except Pediatric",7,0.3684,0.2258,0.385,1
29-1214.00,29-1291.00,Emergency Medicine Physicians,Acupuncturists,6,0.3679,0.2222,0.3567,1
29-1211.00,29-1212.00,Anesthesiologists,Cardiologists,9,0.3674,0.225,0.0,1
29-1212.00,29-9092.00,Cardiologists,Genetic Counselors,9,0.3674,0.225,0.0,1
29-1181.00,29-1213.00,Audiologists,Dermatologists,7,0.3669,0.2121,0.3656,1
19-3041.00,19-3091.00,Sociologists,Anthropologists and Archeologists,8,0.3651,0.2105,0.4043,1
29-1071.00,29-1223.00,Physician Assistants,Psychiatrists,6,0.3651,0.2222,0.4351,1
29-1071.00,29-1229.01,Physician Assistants,Allergists and Immunologists,6,0.3651,0.2222,0.4333,1
29-1224.00,29-1241.00,Radiologists,"Ophthalmologists, Except Pediatric",9,0.365,0.2143,0.3526,1
17-3011.00,17-3022.00,Architectural and Civil Drafters,Civil Engineering Technologists and Technicians,7,0.3649,0.2188,0.3673,1
17-2199.06,17-2199.07,Microsystems Engineers,Photonics Engineers,9,0.3647,0.2195,0.2561,1
17-2199.06,17-2199.09,Microsystems Engineers,Nanosystems Engineers,9,0.3647,0.2195,0.3667,1
29-1127.00,29-1129.01,Speech-Language Pathologists,Art Therapists,10,0.3642,0.2222,0.3978,1
17-2072.00,17-2112.00,"Electronics Engineers, Except Computer",Industrial Engineers,8,0.364,0.2222,0.3808,1
17-2112.00,17-3011.00,Industrial Engineers,Architectural and Civil Drafters,8,0.364,0.2222,0.3474,1
19-2041.02,19-3011.01,Environmental Restoration Planners,Environmental Economists,8,0.364,0.2222,0.358,1
17-2051.00,17-3022.00,Civil Engineers,Civil Engineering Technologists and Technicians,6,0.3638,0.2222,0.415,1
29-1123.00,29-1141.01,Physical Therapists,Acute Care Nurses,10,0.3637,0.2222,0.3833,1
29-1126.00,29-2061.00,Respiratory Therapists,Licensed Practical and Licensed Vocational Nurses,10,0.3637,0.2222,0.3641,1
29-1151.00,29-1229.06,Nurse Anesthetists,Sports Medicine Physicians,10,0.3637,0.2222,0.36,1
29-1151.00,29-2034.00,Nurse Anesthetists,Radiologic Technologists and Technicians,10,0.3637,0.2222,0.3776,1
29-2031.00,29-2061.00,Cardiovascular Technologists and Technicians,Licensed Practical and Licensed Vocational Nurses,10,0.3637,0.2222,0.3473,1
29-2061.00,29-9093.00,Licensed Practical and Licensed Vocational Nurses,Surgical Assistants,10,0.3637,0.2222,0.3664,1
29-1122.00,29-1216.00,Occupational Therapists,General Internal Medicine Physicians,8,0.3636,0.2222,0.3326,1
29-1141.02,29-1216.00,Advanced Practice Psychiatric Nurses,General Internal Medicine Physicians,8,0.3636,0.2222,0.4109,1
29-1041.00,29-1218.00,Optometrists,Obstetricians and Gynecologists,6,0.3631,0.2143,0.3761,1
29-1125.00,29-2053.00,Recreational Therapists,Psychiatric Technicians,6,0.3631,0.2143,0.3719,1
29-2042.00,29-2053.00,Emergency Medical Technicians,Psychiatric Technicians,6,0.3631,0.2143,0.0,1
29-1141.03,29-1161.00,Critical Care Nurses,Nurse Midwives,10,0.363,0.2174,0.3509,1
19-1029.04,19-1041.00,Biologists,Epidemiologists,8,0.3629,0.2162,0.3193,1
29-1123.00,29-1215.00,Physical Therapists,Family Medicine Physicians,8,0.3629,0.2162,0.3248,1
29-1123.00,29-1229.01,Physical Therapists,Allergists and Immunologists,8,0.3629,0.2162,0.3595,1
29-1141.04,29-1223.00,Clinical Nurse Specialists,Psychiatrists,8,0.3629,0.2162,0.3596,1
29-1151.00,29-1223.00,Nurse Anesthetists,Psychiatrists,8,0.3629,0.2162,0.3786,1
29-1151.00,29-1229.01,Nurse Anesthetists,Allergists and Immunologists,8,0.3629,0.2162,0.3611,1
29-1151.00,29-2099.01,Nurse Anesthetists,Neurodiagnostic Technologists,8,0.3629,0.2162,0.3458,1
17-1021.00,17-3031.00,Cartographers and Photogrammetrists,Surveying and Mapping Technicians,5,0.3627,0.2083,0.3911,1
15-1232.00,15-1241.01,Computer User Support Specialists,Telecommunications Engineering Specialists,9,0.3626,0.2195,0.3505,1
29-1122.00,29-1122.01,Occupational Therapists,"Low Vision Therapists, Orientation and Mobility Specialists, and Vision Rehabilitation Therapists",7,0.362,0.2188,0.3919,1
29-1122.01,29-1141.02,"Low Vision Therapists, Orientation and Mobility Specialists, and Vision Rehabilitation Therapists",Advanced Practice Psychiatric Nurses,7,0.362,0.2188,0.3812,1
29-1124.00,29-1141.03,Radiation Therapists,Critical Care Nurses,11,0.3619,0.22,0.3516,1
29-1141.00,29-2056.00,Registered Nurses,Veterinary Technologists and Technicians,13,0.3613,0.2203,0.3877,1
29-1123.00,29-1217.00,Physical Therapists,Neurologists,9,0.3612,0.2195,0.3492,1
29-1123.00,29-1221.00,Physical Therapists,"Pediatricians, General",9,0.3612,0.2195,0.3288,1
29-1141.04,29-1161.00,Clinical Nurse Specialists,Nurse Midwives,9,0.3612,0.2195,0.347,1
29-1181.00,29-1211.00,Audiologists,Anesthesiologists,9,0.3603,0.2195,0.3778,1
29-1181.00,29-9092.00,Audiologists,Genetic Counselors,9,0.3603,0.2195,0.3429,1
15-2031.00,15-2041.01,Operations Research Analysts,Biostatisticians,7,0.36,0.2188,0.3724,1
29-1123.00,29-1213.00,Physical Therapists,Dermatologists,7,0.36,0.2059,0.3188,1
29-1171.00,29-1291.00,Nurse Practitioners,Acupuncturists,7,0.36,0.2059,0.3693,1
29-1129.02,29-1214.00,Music Therapists,Emergency Medicine Physicians,8,0.3599,0.2162,0.3343,1
29-1129.02,29-2051.00,Music Therapists,Dietetic Technicians,8,0.3599,0.2162,0.3349,1
29-1181.00,29-1222.00,Audiologists,"Physicians, Pathologists",8,0.3599,0.2162,0.3155,1
29-1181.00,29-1241.00,Audiologists,"Ophthalmologists, Except Pediatric",8,0.3599,0.2162,0.3391,1
29-1128.00,29-9099.01,Exercise Physiologists,Midwives,10,0.3592,0.2174,0.3493,1
15-1221.00,15-1241.00,Computer and Information Research Scientists,Computer Network Architects,9,0.3586,0.2045,0.3552,1
15-1242.00,15-1299.08,Database Administrators,Computer Systems Engineers/Architects,9,0.3586,0.2143,0.3472,1
19-1021.00,19-1029.03,Biochemists and Biophysicists,Geneticists,6,0.3586,0.2143,0.3938,1
29-1011.00,29-1291.00,Chiropractors,Acupuncturists,6,0.3586,0.2143,0.366,1
29-1151.00,29-2056.00,Nurse Anesthetists,Veterinary Technologists and Technicians,11,0.3578,0.2157,0.3623,1
29-1212.00,29-1242.00,Cardiologists,"Orthopedic Surgeons, Except Pediatric",8,0.3578,0.2162,0.0,1
29-2031.00,29-2056.00,Cardiovascular Technologists and Technicians,Veterinary Technologists and Technicians,11,0.3578,0.2157,0.3243,1
29-1211.00,29-1229.03,Anesthesiologists,Urologists,7,0.3572,0.2121,0.3445,1
29-1229.03,29-9092.00,Urologists,Genetic Counselors,7,0.3572,0.2121,0.3509,1
19-2031.00,19-4013.00,Chemists,Food Science Technicians,5,0.3571,0.2174,0.3537,1
29-1213.00,29-1229.04,Dermatologists,Physical Medicine and Rehabilitation Physicians,5,0.3571,0.2174,0.3868,1
29-1213.00,29-2091.00,Dermatologists,Orthotists and Prosthetists,5,0.3571,0.2174,0.3316,1
29-2034.00,29-2061.00,Radiologic Technologists and Technicians,Licensed Practical and Licensed Vocational Nurses,10,0.3571,0.2174,0.3556,1
29-1024.00,29-2091.00,Prosthodontists,Orthotists and Prosthetists,4,0.3563,0.2105,0.3709,1
29-1122.00,29-1129.01,Occupational Therapists,Art Therapists,9,0.3563,0.2143,0.4178,1
29-1141.01,29-1215.00,Acute Care Nurses,Family Medicine Physicians,8,0.3563,0.2105,0.3557,1
29-1211.00,29-1299.01,Anesthesiologists,Naturopathic Physicians,8,0.3563,0.2162,0.3838,1
29-2034.00,29-2099.01,Radiologic Technologists and Technicians,Neurodiagnostic Technologists,8,0.3563,0.2105,0.387,1
29-1122.00,29-1221.00,Occupational Therapists,"Pediatricians, General",8,0.3556,0.2162,0.3544,1
17-1022.00,17-3031.00,Surveyors,Surveying and Mapping Technicians,6,0.3554,0.2143,0.405,1
29-1021.00,29-1292.00,"Dentists, General",Dental Hygienists,6,0.3554,0.2143,0.3264,1
29-1041.00,29-1216.00,Optometrists,General Internal Medicine Physicians,6,0.3548,0.2069,0.3772,1
29-1141.02,29-2042.00,Advanced Practice Psychiatric Nurses,Emergency Medical Technicians,6,0.3548,0.2069,0.0,1
29-1141.00,29-1181.00,Registered Nurses,Audiologists,11,0.3547,0.2115,0.3571,1
17-2031.00,17-2121.00,Bioengineers and Biomedical Engineers,Marine Engineers and Naval Architects,9,0.3546,0.2143,0.3687,1
17-2072.00,17-3023.00,"Electronics Engineers, Except Computer",Electrical and Electronic Engineering Technologists and Technicians,9,0.3546,0.2143,0.3291,1
29-1141.00,29-9099.01,Registered Nurses,Midwives,12,0.3543,0.2143,0.3539,1
19-3022.00,19-3091.00,Survey Researchers,Anthropologists and Archeologists,8,0.3542,0.2051,0.3983,1
17-2031.00,17-2061.00,Bioengineers and Biomedical Engineers,Computer Hardware Engineers,7,0.354,0.2121,0.3394,1
17-2061.00,17-2072.00,Computer Hardware Engineers,"Electronics Engineers, Except Computer",7,0.354,0.2121,0.3827,1
15-2031.00,15-2051.00,Operations Research Analysts,Data Scientists,6,0.3536,0.2143,0.3664,1
19-1041.00,19-3041.00,Epidemiologists,Sociologists,6,0.3536,0.2143,0.3325,1
29-1123.00,29-9092.00,Physical Therapists,Genetic Counselors,9,0.3536,0.2143,0.3483,1
29-1141.01,29-1229.04,Acute Care Nurses,Physical Medicine and Rehabilitation Physicians,7,0.3536,0.2,0.3549,1
29-1151.00,29-1211.00,Nurse Anesthetists,Anesthesiologists,9,0.3536,0.2143,0.3745,1
29-1215.00,29-1229.02,Family Medicine Physicians,Hospitalists,6,0.3536,0.2143,0.3575,1
29-1123.00,29-2051.00,Physical Therapists,Dietetic Technicians,8,0.3532,0.2105,0.3441,1
15-1211.00,15-1243.00,Computer Systems Analysts,Database Architects,9,0.353,0.2143,0.294,1
29-1181.00,29-1212.00,Audiologists,Cardiologists,9,0.353,0.2143,0.0,1
29-1129.02,29-9099.01,Music Therapists,Midwives,10,0.3522,0.2128,0.327,1
15-1232.00,15-1251.00,Computer User Support Specialists,Computer Programmers,7,0.3518,0.2121,0.3698,1
15-1232.00,15-1252.00,Computer User Support Specialists,Software Developers,7,0.3518,0.2121,0.3393,1
19-4012.00,19-4031.00,Agricultural Technicians,Chemical Technicians,7,0.3518,0.2121,0.3325,1
29-1223.00,29-1243.00,Psychiatrists,Pediatric Surgeons,7,0.3518,0.2121,0.0,1
29-1141.00,29-1213.00,Registered Nurses,Dermatologists,8,0.3515,0.186,0.3369,1
29-1141.00,29-1229.04,Registered Nurses,Physical Medicine and Rehabilitation Physicians,8,0.3515,0.186,0.3674,1
19-2021.00,19-2043.00,Atmospheric and Space Scientists,Hydrologists,10,0.3514,0.2128,0.3547,1
17-2071.00,17-3023.00,Electrical Engineers,Electrical and Electronic Engineering Technologists and Technicians,10,0.3509,0.2128,0.359,1
17-3023.00,17-3024.00,Electrical and Electronic Engineering Technologists and Technicians,Electro-Mechanical and Mechatronics Technologists and Technicians,10,0.3509,0.2128,0.3845,1
17-1021.00,17-1022.01,Cartographers and Photogrammetrists,Geodetic Surveyors,4,0.3508,0.2105,0.3723,1
29-1181.00,29-1242.00,Audiologists,"Orthopedic Surgeons, Except Pediatric",8,0.3508,0.2105,0.0,1
29-1122.00,29-1141.00,Occupational Therapists,Registered Nurses,10,0.3505,0.2041,0.3513,1
29-1141.00,29-1141.02,Registered Nurses,Advanced Practice Psychiatric Nurses,10,0.3505,0.2041,0.3537,1
29-1222.00,29-2012.00,"Physicians, Pathologists",Medical and Clinical Laboratory Technicians,7,0.3504,0.2121,0.3408,1
15-1299.01,15-1299.03,Web Administrators,Document Management Specialists,9,0.3503,0.2045,0.3362,1
29-1031.00,29-1122.00,Dietitians and Nutritionists,Occupational Therapists,9,0.3503,0.2093,0.3805,1
17-2021.00,17-2199.06,Agricultural Engineers,Microsystems Engineers,8,0.3502,0.2051,0.3173,1
29-1212.00,29-1229.02,Cardiologists,Hospitalists,7,0.35,0.2059,0.0,1
29-1291.00,29-1299.01,Acupuncturists,Naturopathic Physicians,6,0.3499,0.2069,0.3759,1
29-2091.00,29-2099.05,Orthotists and Prosthetists,Ophthalmic Medical Technologists,6,0.3499,0.2069,0.3807,1
17-2112.00,17-2151.00,Industrial Engineers,"Mining and Geological Engineers, Including Mining Safety Engineers",8,0.3491,0.2105,0.3443,1
29-1212.00,29-1299.01,Cardiologists,Naturopathic Physicians,8,0.3491,0.2105,0.0,1
29-2055.00,29-2056.00,Surgical Technologists,Veterinary Technologists and Technicians,9,0.349,0.2,0.359,1
29-1141.00,29-1229.01,Registered Nurses,Allergists and Immunologists,9,0.3487,0.1957,0.3497,1
17-2071.00,17-2072.00,Electrical Engineers,"Electronics Engineers, Except Computer",9,0.3485,0.2093,0.3508,1
29-1051.00,29-1217.00,Pharmacists,Neurologists,9,0.3485,0.2093,0.3855,1
15-1243.00,15-1299.01,Database Architects,Web Administrators,10,0.3482,0.2083,0.2944,1
29-1122.00,29-1211.00,Occupational Therapists,Anesthesiologists,8,0.3482,0.2105,0.3493,1
29-1141.02,29-1211.00,Advanced Practice Psychiatric Nurses,Anesthesiologists,8,0.3482,0.2105,0.3731,1
29-1141.02,29-9092.00,Advanced Practice Psychiatric Nurses,Genetic Counselors,8,0.3482,0.2105,0.4215,1
29-1123.00,29-1141.00,Physical Therapists,Registered Nurses,11,0.348,0.2075,0.3295,1
17-2031.00,17-3011.00,Bioengineers and Biomedical Engineers,Architectural and Civil Drafters,8,0.3478,0.2105,0.326,1
29-1123.00,29-1299.02,Physical Therapists,Orthoptists,7,0.3478,0.2,0.354,1
29-1141.04,29-1299.02,Clinical Nurse Specialists,Orthoptists,7,0.3478,0.2,0.3371,1
29-1171.00,29-1299.02,Nurse Practitioners,Orthoptists,7,0.3478,0.2,0.3946,1
29-1141.01,29-9092.00,Acute Care Nurses,Genetic Counselors,9,0.3472,0.2093,0.3569,1
29-1218.00,29-1224.00,Obstetricians and Gynecologists,Radiologists,9,0.3472,0.2045,0.3246,1
29-1125.00,29-1161.00,Recreational Therapists,Nurse Midwives,6,0.347,0.2,0.345,1
17-2112.02,17-3023.00,Validation Engineers,Electrical and Electronic Engineering Technologists and Technicians,8,0.3468,0.2051,0.345,1
29-1041.00,29-1229.02,Optometrists,Hospitalists,5,0.3467,0.2083,0.37,1
29-2011.00,29-2011.02,Medical and Clinical Laboratory Technologists,Cytotechnologists,5,0.3467,0.2083,0.3491,1
17-2061.00,17-2199.05,Computer Hardware Engineers,Mechatronics Engineers,7,0.3466,0.2059,0.3422,1
29-1071.01,29-1211.00,Anesthesiologist Assistants,Anesthesiologists,7,0.3466,0.2059,0.3635,1
15-1255.00,15-1299.02,Web and Digital Interface Designers,Geographic Information Systems Technologists and Technicians,9,0.3464,0.2093,0.3601,1
19-3034.00,19-3039.03,School Psychologists,Clinical Neuropsychologists,6,0.3464,0.2069,0.3745,1
29-1011.00,29-1071.00,Chiropractors,Physician Assistants,6,0.3464,0.2069,0.3953,1
29-1123.00,29-1212.00,Physical Therapists,Cardiologists,9,0.3464,0.2093,0.0,1
29-1151.00,29-1212.00,Nurse Anesthetists,Cardiologists,9,0.3464,0.2093,0.0,1
29-1242.00,29-1299.02,"Orthopedic Surgeons, Except Pediatric",Orthoptists,6,0.3464,0.2069,0.0,1
29-1127.00,29-1129.02,Speech-Language Pathologists,Music Therapists,9,0.3462,0.2093,0.3414,1
29-1129.02,29-1181.00,Music Therapists,Audiologists,9,0.3462,0.2093,0.3174,1
29-1141.04,29-9099.01,Clinical Nurse Specialists,Midwives,10,0.3457,0.2083,0.3548,1
29-2032.00,29-9093.00,Diagnostic Medical Sonographers,Surgical Assistants,10,0.3457,0.2083,0.3515,1
29-1071.00,29-1213.00,Physician Assistants,Dermatologists,5,0.345,0.2083,0.403,1
29-1071.00,29-1229.04,Physician Assistants,Physical Medicine and Rehabilitation Physicians,5,0.345,0.2083,0.3721,1
29-1071.00,29-1291.00,Physician Assistants,Acupuncturists,5,0.345,0.2083,0.3812,1
29-1229.04,29-1299.02,Physical Medicine and Rehabilitation Physicians,Orthoptists,5,0.345,0.2083,0.3685,1
29-1299.02,29-2091.00,Orthoptists,Orthotists and Prosthetists,5,0.345,0.2083,0.2652,1
29-1141.02,29-9099.01,Advanced Practice Psychiatric Nurses,Midwives,9,0.3446,0.2045,0.4012,1
29-1216.00,29-9099.01,General Internal Medicine Physicians,Midwives,9,0.3446,0.2045,0.3392,1
15-1221.00,15-1299.08,Computer and Information Research Scientists,Computer Systems Engineers/Architects,8,0.3443,0.2,0.3267,1
15-1252.00,15-1299.08,Software Developers,Computer Systems Engineers/Architects,8,0.3443,0.2,0.3567,1
29-1214.00,29-1229.02,Emergency Medicine Physicians,Hospitalists,6,0.3441,0.2069,0.3643,1
29-1222.00,29-1229.02,"Physicians, Pathologists",Hospitalists,6,0.3441,0.2069,0.3495,1
29-1222.00,29-2011.00,"Physicians, Pathologists",Medical and Clinical Laboratory Technologists,6,0.3441,0.2069,0.3542,1
29-1161.00,29-2099.01,Nurse Midwives,Neurodiagnostic Technologists,7,0.344,0.2059,0.3151,1
17-2051.01,17-3022.00,Transportation Engineers,Civil Engineering Technologists and Technicians,7,0.3432,0.2,0.3722,1
29-1125.00,29-1224.00,Recreational Therapists,Radiologists,7,0.3432,0.1842,0.4272,1
29-1181.00,29-1229.02,Audiologists,Hospitalists,7,0.3432,0.2,0.3285,1
29-1181.00,29-1229.03,Audiologists,Urologists,7,0.3432,0.2,0.3542,1
29-1141.00,29-1161.00,Registered Nurses,Nurse Midwives,10,0.3428,0.2,0.3378,1
15-1211.00,15-1242.00,Computer Systems Analysts,Database Administrators,8,0.3424,0.2051,0.318,1
29-1122.00,29-2051.00,Occupational Therapists,Dietetic Technicians,7,0.3424,0.2059,0.346,1
29-1141.02,29-1241.00,Advanced Practice Psychiatric Nurses,"Ophthalmologists, Except Pediatric",7,0.3424,0.2059,0.3921,1
29-1181.00,29-1218.00,Audiologists,Obstetricians and Gynecologists,8,0.3424,0.2051,0.3616,1
19-1011.00,19-1029.01,Animal Scientists,Bioinformatics Scientists,3,0.3419,0.2,0.3048,1
19-1022.00,19-4012.00,Microbiologists,Agricultural Technicians,6,0.3419,0.2,0.3443,1
29-1122.00,29-2091.00,Occupational Therapists,Orthotists and Prosthetists,6,0.3419,0.2,0.3319,1
29-1141.02,29-2043.00,Advanced Practice Psychiatric Nurses,Paramedics,6,0.3419,0.2,0.3719,1
29-1216.00,29-1229.04,General Internal Medicine Physicians,Physical Medicine and Rehabilitation Physicians,6,0.3419,0.2,0.3692,1
17-3021.00,17-3023.00,Aerospace Engineering and Operations Technologists and Technicians,Electrical and Electronic Engineering Technologists and Technicians,7,0.3416,0.1944,0.3319,1
15-1211.00,15-1299.01,Computer Systems Analysts,Web Administrators,10,0.3414,0.2041,0.2888,1
15-1232.00,15-1243.00,Computer User Support Specialists,Database Architects,8,0.3411,0.2051,0.3051,1
15-1232.00,15-1299.02,Computer User Support Specialists,Geographic Information Systems Technologists and Technicians,8,0.3411,0.2051,0.3008,1
17-2071.00,17-3012.00,Electrical Engineers,Electrical and Electronics Drafters,8,0.3408,0.2,0.2973,1
17-2112.01,17-2199.06,Human Factors Engineers and Ergonomists,Microsystems Engineers,8,0.3408,0.2,0.3452,1
17-2199.06,17-3026.01,Microsystems Engineers,Nanotechnology Engineering Technologists and Technicians,8,0.3408,0.2,0.3051,1
17-2031.00,17-2141.02,Bioengineers and Biomedical Engineers,Automotive Engineers,8,0.3405,0.2051,0.3282,1
15-1252.00,15-1255.01,Software Developers,Video Game Designers,5,0.3402,0.2,0.3411,1
17-2121.00,17-2151.00,Marine Engineers and Naval Architects,"Mining and Geological Engineers, Including Mining Safety Engineers",9,0.3402,0.2045,0.3575,1
29-1126.00,29-1224.00,Respiratory Therapists,Radiologists,10,0.3402,0.2041,0.3494,1
29-1141.01,29-1212.00,Acute Care Nurses,Cardiologists,9,0.3402,0.2045,0.0,1
29-1212.00,29-1229.06,Cardiologists,Sports Medicine Physicians,9,0.3402,0.2045,0.0,1
15-1211.00,15-1255.01,Computer Systems Analysts,Video Game Designers,6,0.3397,0.1875,0.3255,1
29-1123.00,29-1127.00,Physical Therapists,Speech-Language Pathologists,9,0.3397,0.2045,0.3576,1
29-1125.00,29-9092.00,Recreational Therapists,Genetic Counselors,6,0.3397,0.1935,0.3666,1
29-1129.02,29-1141.04,Music Therapists,Clinical Nurse Specialists,9,0.3397,0.2045,0.3115,1
29-1141.04,29-1181.00,Clinical Nurse Specialists,Audiologists,9,0.3397,0.2045,0.3349,1
29-1151.00,29-1181.00,Nurse Anesthetists,Audiologists,9,0.3397,0.2045,0.3417,1
29-1171.00,29-1181.00,Nurse Practitioners,Audiologists,9,0.3397,0.2045,0.3611,1
15-1243.00,15-1243.01,Database Architects,Data Warehousing Specialists,7,0.3395,0.2,0.3666,1
29-1229.01,29-9099.01,Allergists and Immunologists,Midwives,8,0.3387,0.1951,0.3521,1
19-3094.00,19-3099.01,Political Scientists,Transportation Planners,6,0.3381,0.2,0.3113,1
29-1011.00,29-1229.06,Chiropractors,Sports Medicine Physicians,8,0.3381,0.2,0.3883,1
29-1218.00,29-1299.02,Obstetricians and Gynecologists,Orthoptists,6,0.3381,0.2,0.3511,1
29-1141.03,29-2042.00,Critical Care Nurses,Emergency Medical Technicians,7,0.338,0.1795,0.0,1
15-1212.00,15-1231.00,Information Security Analysts,Computer Network Support Specialists,5,0.3371,0.1852,0.3404,1
17-2081.00,17-3022.00,Environmental Engineers,Civil Engineering Technologists and Technicians,7,0.3368,0.1944,0.3324,1
29-1215.00,29-9092.00,Family Medicine Physicians,Genetic Counselors,7,0.3368,0.2,0.3624,1
29-1122.01,29-1125.00,"Low Vision Therapists, Orientation and Mobility Specialists, and Vision Rehabilitation Therapists",Recreational Therapists,5,0.3363,0.2,0.3486,1
29-1122.01,29-2042.00,"Low Vision Therapists, Orientation and Mobility Specialists, and Vision Rehabilitation Therapists",Emergency Medical Technicians,5,0.3363,0.2,0.0,1
17-2112.00,17-3027.00,Industrial Engineers,Mechanical Engineering Technologists and Technicians,8,0.336,0.2,0.3405,1
29-1151.00,29-1299.01,Nurse Anesthetists,Naturopathic Physicians,8,0.336,0.2,0.3521,1
29-1213.00,29-9099.01,Dermatologists,Midwives,7,0.336,0.1842,0.3316,1
29-2031.00,29-2099.05,Cardiovascular Technologists and Technicians,Ophthalmic Medical Technologists,8,0.336,0.2,0.3573,1
17-2041.00,17-3026.00,Chemical Engineers,Industrial Engineering Technologists and Technicians,7,0.3356,0.1892,0.3057,1
29-1011.00,29-1229.03,Chiropractors,Urologists,6,0.3354,0.2,0.3472,1
15-1211.01,15-1299.08,Health Informatics Specialists,Computer Systems Engineers/Architects,8,0.3351,0.1951,0.31,1
29-1031.00,29-2051.00,Dietitians and Nutritionists,Dietetic Technicians,8,0.3351,0.1951,0.3798,1
15-1255.00,15-1299.01,Web and Digital Interface Designers,Web Administrators,10,0.335,0.2,0.3387,1
17-2031.00,17-2112.02,Bioengineers and Biomedical Engineers,Validation Engineers,7,0.3349,0.2,0.2938,1
17-3011.00,17-3031.00,Architectural and Civil Drafters,Surveying and Mapping Technicians,7,0.3349,0.2,0.3374,1
15-1232.00,15-1254.00,Computer User Support Specialists,Web Developers,8,0.3345,0.2,0.305,1
29-1122.00,29-1127.00,Occupational Therapists,Speech-Language Pathologists,8,0.3345,0.2,0.3659,1
29-1129.02,29-1141.02,Music Therapists,Advanced Practice Psychiatric Nurses,8,0.3345,0.2,0.4016,1
29-1217.00,29-1291.00,Neurologists,Acupuncturists,6,0.3344,0.1935,0.3436,1
29-1217.00,29-2043.00,Neurologists,Paramedics,6,0.3344,0.1935,0.3177,1
29-1221.00,29-1229.04,"Pediatricians, General",Physical Medicine and Rehabilitation Physicians,6,0.3344,0.1935,0.3813,1
17-2131.00,17-3026.00,Materials Engineers,Industrial Engineering Technologists and Technicians,9,0.3343,0.2,0.3196,1
17-2151.00,17-3026.00,"Mining and Geological Engineers, Including Mining Safety Engineers",Industrial Engineering Technologists and Technicians,9,0.3343,0.2,0.3254,1
19-4042.00,19-4043.00,"Environmental Science and Protection Technicians, Including Health","Geological Technicians, Except Hydrologic Technicians",9,0.3343,0.2,0.339,1
17-2121.00,17-2141.00,Marine Engineers and Naval Architects,Mechanical Engineers,10,0.3341,0.2,0.3364,1
19-3011.00,19-3041.00,Economists,Sociologists,5,0.3341,0.2,0.3464,1
29-1124.00,29-1224.00,Radiation Therapists,Radiologists,10,0.3341,0.2,0.2002,1
17-2061.00,17-2112.01,Computer Hardware Engineers,Human Factors Engineers and Ergonomists,6,0.3338,0.2,0.3188,1
17-2112.02,17-3027.01,Validation Engineers,Automotive Engineering Technicians,6,0.3338,0.2,0.3513,1
29-1141.02,29-1242.00,Advanced Practice Psychiatric Nurses,"Orthopedic Surgeons, Except Pediatric",7,0.3337,0.2,0.0,1
15-1241.01,15-1254.00,Telecommunications Engineering Specialists,Web Developers,9,0.3336,0.2,0.2856,1
29-1131.00,29-1161.00,Veterinarians,Nurse Midwives,8,0.3336,0.2,0.3322,1
29-1141.01,29-1181.00,Acute Care Nurses,Audiologists,9,0.3336,0.2,0.3631,1
15-1221.00,15-1299.09,Computer and Information Research Scientists,Information Technology Project Managers,6,0.3333,0.2,0.3166,1
15-1251.00,15-1252.00,Computer Programmers,Software Developers,6,0.3333,0.2,0.298,1
29-1022.00,29-1024.00,Oral and Maxillofacial Surgeons,Prosthodontists,3,0.3333,0.2,0.3491,1
29-1023.00,29-1123.00,Orthodontists,Physical Therapists,6,0.3333,0.1818,0.3349,1
29-1141.04,29-1151.00,Clinical Nurse Specialists,Nurse Anesthetists,9,0.3333,0.2,0.3376,1
29-1215.00,29-1224.00,Family Medicine Physicians,Radiologists,8,0.3333,0.1905,0.3133,1
29-2031.00,29-9093.00,Cardiovascular Technologists and Technicians,Surgical Assistants,9,0.3333,0.2,0.355,1
15-1211.00,15-1243.01,Computer Systems Analysts,Data Warehousing Specialists,7,0.333,0.1944,0.3289,1
15-1243.01,15-1253.00,Data Warehousing Specialists,Software Quality Assurance Analysts and Testers,7,0.333,0.1944,0.2877,1
29-1122.01,29-1129.02,"Low Vision Therapists, Orientation and Mobility Specialists, and Vision Rehabilitation Therapists",Music Therapists,7,0.333,0.1944,0.3405,1
29-2056.00,29-2099.05,Veterinary Technologists and Technicians,Ophthalmic Medical Technologists,9,0.332,0.1915,0.3259,1
15-1241.00,15-1254.00,Computer Network Architects,Web Developers,10,0.3315,0.1961,0.2784,1
29-1021.00,29-1023.00,"Dentists, General",Orthodontists,5,0.3311,0.1923,0.3374,1
29-1081.00,29-1229.06,Podiatrists,Sports Medicine Physicians,7,0.3307,0.1892,0.3881,1
29-1229.02,29-1229.06,Hospitalists,Sports Medicine Physicians,7,0.3307,0.1892,0.3949,1
29-1229.03,29-1229.06,Urologists,Sports Medicine Physicians,7,0.3307,0.1892,0.388,1
29-1216.00,29-1299.02,General Internal Medicine Physicians,Orthoptists,6,0.3303,0.1935,0.3668,1
29-1243.00,29-1299.02,Pediatric Surgeons,Orthoptists,6,0.3303,0.1935,0.0,1
11-3021.00,11-9121.01,Computer and Information Systems Managers,Clinical Research Coordinators,9,0.33,0.1957,0.3058,1
15-1243.00,15-1251.00,Database Architects,Computer Programmers,7,0.33,0.1944,0.3159,1
15-1299.02,15-2031.00,Geographic Information Systems Technologists and Technicians,Operations Research Analysts,7,0.33,0.1944,0.3399,1
29-1128.00,29-2099.01,Exercise Physiologists,Neurodiagnostic Technologists,7,0.33,0.1944,0.3377,1
29-1131.00,29-1229.01,Veterinarians,Allergists and Immunologists,7,0.33,0.1944,0.3288,1
29-1211.00,29-9099.01,Anesthesiologists,Midwives,9,0.33,0.1957,0.3386,1
29-1212.00,29-1223.00,Cardiologists,Psychiatrists,7,0.33,0.1944,0.0,1
29-9092.00,29-9099.01,Genetic Counselors,Midwives,9,0.33,0.1957,0.3582,1
17-2051.02,17-2112.03,Water/Wastewater Engineers,Manufacturing Engineers,8,0.3299,0.1951,0.3559,1
17-2112.00,17-2121.00,Industrial Engineers,Marine Engineers and Naval Architects,8,0.3299,0.1951,0.3021,1
17-2141.01,17-2199.09,Fuel Cell Engineers,Nanosystems Engineers,8,0.3299,0.1951,0.3262,1
17-2199.07,17-3023.00,Photonics Engineers,Electrical and Electronic Engineering Technologists and Technicians,8,0.3299,0.1951,0.2882,1
29-1124.00,29-2053.00,Radiation Therapists,Psychiatric Technicians,8,0.3299,0.1951,0.3292,1
29-2053.00,29-2061.00,Psychiatric Technicians,Licensed Practical and Licensed Vocational Nurses,8,0.3299,0.1951,0.3236,1
29-2051.00,29-9099.01,Dietetic Technicians,Midwives,8,0.3296,0.1905,0.3199,1
29-1081.00,29-1141.00,Podiatrists,Registered Nurses,8,0.3288,0.1778,0.3251,1
29-1141.00,29-1212.00,Registered Nurses,Cardiologists,10,0.3288,0.1923,0.0,1
29-1141.00,29-1229.02,Registered Nurses,Hospitalists,8,0.3288,0.1778,0.3383,1
15-1251.00,15-1299.01,Computer Programmers,Web Administrators,8,0.3282,0.186,0.3647,1
29-1123.00,29-1216.00,Physical Therapists,General Internal Medicine Physicians,8,0.3282,0.1951,0.284,1
29-1123.00,29-1243.00,Physical Therapists,Pediatric Surgeons,8,0.3282,0.1951,0.0,1
29-2051.00,29-9092.00,Dietetic Technicians,Genetic Counselors,7,0.3278,0.1944,0.3217,1
17-2141.01,17-2199.10,Fuel Cell Engineers,Wind Energy Engineers,6,0.3273,0.1765,0.3371,1
19-3041.00,19-4061.00,Sociologists,Social Science Research Assistants,6,0.3273,0.1935,0.3459,1
29-1081.00,29-1218.00,Podiatrists,Obstetricians and Gynecologists,6,0.3273,0.1935,0.3935,1
29-1081.00,29-1299.01,Podiatrists,Naturopathic Physicians,6,0.3273,0.1935,0.3396,1
29-1124.00,29-1151.00,Radiation Therapists,Nurse Anesthetists,9,0.3273,0.1957,0.3159,1
29-1124.00,29-9093.00,Radiation Therapists,Surgical Assistants,9,0.3273,0.1957,0.3523,1
29-1141.01,29-9093.00,Acute Care Nurses,Surgical Assistants,9,0.3273,0.1957,0.3318,1
29-1141.04,29-1229.06,Clinical Nurse Specialists,Sports Medicine Physicians,9,0.3273,0.1957,0.3493,1
29-1151.00,29-2061.00,Nurse Anesthetists,Licensed Practical and Licensed Vocational Nurses,9,0.3273,0.1957,0.3276,1
29-1211.00,29-2043.00,Anesthesiologists,Paramedics,6,0.3273,0.1875,0.3378,1
29-1229.02,29-1299.01,Hospitalists,Naturopathic Physicians,6,0.3273,0.1935,0.3631,1
29-1229.03,29-2099.05,Urologists,Ophthalmic Medical Technologists,6,0.3273,0.1935,0.3486,1
29-2043.00,29-9092.00,Paramedics,Genetic Counselors,6,0.3273,0.1875,0.3339,1
29-1129.02,29-1161.00,Music Therapists,Nurse Midwives,8,0.3271,0.1951,0.3114,1
29-1129.02,29-1217.00,Music Therapists,Neurologists,8,0.3271,0.1951,0.2938,1
29-1041.00,29-1215.00,Optometrists,Family Medicine Physicians,5,0.3269,0.1923,0.3401,1
29-1041.00,29-1223.00,Optometrists,Psychiatrists,5,0.3269,0.1923,0.3605,1
29-1041.00,29-1229.01,Optometrists,Allergists and Immunologists,5,0.3269,0.1923,0.3516,1
29-1125.00,29-1215.00,Recreational Therapists,Family Medicine Physicians,5,0.3269,0.1923,0.351,1
17-3027.00,17-3027.01,Mechanical Engineering Technologists and Technicians,Automotive Engineering Technicians,7,0.3267,0.1892,0.3644,1
29-1071.01,29-2031.00,Anesthesiologist Assistants,Cardiovascular Technologists and Technicians,7,0.3267,0.1892,0.3059,1
29-1141.03,29-1217.00,Critical Care Nurses,Neurologists,9,0.3267,0.1915,0.3475,1
17-2151.00,17-2199.05,"Mining and Geological Engineers, Including Mining Safety Engineers",Mechatronics Engineers,8,0.3266,0.1951,0.3106,1
19-2043.00,19-4099.03,Hydrologists,Remote Sensing Technicians,8,0.3266,0.1905,0.281,1
17-2072.01,17-3029.08,Radio Frequency Identification Device Specialists,Photonics Technicians,7,0.3264,0.1944,0.3128,1
29-1161.00,29-1242.00,Nurse Midwives,"Orthopedic Surgeons, Except Pediatric",7,0.3264,0.1944,0.0,1
15-1232.00,15-1242.00,Computer User Support Specialists,Database Administrators,7,0.3257,0.1944,0.3101,1
19-4012.00,19-4021.00,Agricultural Technicians,Biological Technicians,7,0.3257,0.1944,0.3428,1
29-1141.02,29-2053.00,Advanced Practice Psychiatric Nurses,Psychiatric Technicians,7,0.3257,0.1944,0.2999,1
29-1243.00,29-1299.01,Pediatric Surgeons,Naturopathic Physicians,7,0.3257,0.1944,0.0,1
29-1126.00,29-2056.00,Respiratory Therapists,Veterinary Technologists and Technicians,10,0.3253,0.1923,0.3323,1
29-2056.00,29-9093.00,Veterinary Technologists and Technicians,Surgical Assistants,10,0.3253,0.1923,0.3375,1
29-1051.00,29-1081.00,Pharmacists,Podiatrists,7,0.325,0.1842,0.3351,1
29-1299.02,29-9099.01,Orthoptists,Midwives,7,0.3246,0.1795,0.3519,1
29-1215.00,29-2051.00,Family Medicine Physicians,Dietetic Technicians,6,0.3244,0.1935,0.3093,1
29-1222.00,29-1223.00,"Physicians, Pathologists",Psychiatrists,6,0.3244,0.1935,0.2998,1
17-2112.00,17-3026.00,Industrial Engineers,Industrial Engineering Technologists and Technicians,8,0.3242,0.1905,0.3243,1
29-1141.03,29-2056.00,Critical Care Nurses,Veterinary Technologists and Technicians,11,0.3237,0.193,0.3319,1
15-1251.00,15-1254.00,Computer Programmers,Web Developers,7,0.3236,0.1892,0.3815,1
29-1181.00,29-1215.00,Audiologists,Family Medicine Physicians,7,0.3236,0.1892,0.337,1
29-1071.00,29-1161.00,Physician Assistants,Nurse Midwives,6,0.323,0.1875,0.3696,1
15-1299.03,15-2051.01,Document Management Specialists,Business Intelligence Analysts,5,0.3227,0.1852,0.2828,1
17-2199.08,17-3029.01,Robotics Engineers,Non-Destructive Testing Specialists,5,0.3227,0.1852,0.3303,1
19-1012.00,19-4099.01,Food Scientists and Technologists,Quality Control Analysts,5,0.3227,0.1724,0.342,1
29-1071.00,29-1081.00,Physician Assistants,Podiatrists,5,0.3227,0.1923,0.351,1
29-1071.00,29-1229.02,Physician Assistants,Hospitalists,5,0.3227,0.1923,0.3514,1
29-1229.03,29-1299.02,Urologists,Orthoptists,5,0.3227,0.1923,0.3433,1
15-1253.00,15-1299.08,Software Quality Assurance Analysts and Testers,Computer Systems Engineers/Architects,9,0.3223,0.1915,0.3532,1
19-1021.00,19-1029.01,Biochemists and Biophysicists,Bioinformatics Scientists,4,0.3223,0.1905,0.3406,1
29-1122.00,29-1229.06,Occupational Therapists,Sports Medicine Physicians,8,0.3223,0.1905,0.3324,1
17-2112.03,17-2141.01,Manufacturing Engineers,Fuel Cell Engineers,9,0.3214,0.1915,0.3114,1
29-1011.00,29-9099.01,Chiropractors,Midwives,8,0.3213,0.186,0.3626,1
29-1242.00,29-9099.01,"Orthopedic Surgeons, Except Pediatric",Midwives,8,0.3213,0.186,0.0,1
15-1211.01,15-1243.00,Health Informatics Specialists,Database Architects,7,0.3212,0.1892,0.2539,1
17-2111.00,17-2112.01,"Health and Safety Engineers, Except Mining Safety Engineers and Inspectors",Human Factors Engineers and Ergonomists,7,0.3212,0.1892,0.3844,1
29-1131.00,29-1222.00,Veterinarians,"Physicians, Pathologists",7,0.3212,0.1892,0.2919,1
29-1131.00,29-1241.00,Veterinarians,"Ophthalmologists, Except Pediatric",7,0.3212,0.1892,0.301,1
17-3011.00,17-3027.00,Architectural and Civil Drafters,Mechanical Engineering Technologists and Technicians,8,0.321,0.1905,0.3467,1
17-3027.00,17-3029.08,Mechanical Engineering Technologists and Technicians,Photonics Technicians,8,0.321,0.1905,0.306,1
29-1123.00,29-1161.00,Physical Therapists,Nurse Midwives,8,0.321,0.1905,0.3249,1
29-1141.04,29-1221.00,Clinical Nurse Specialists,"Pediatricians, General",8,0.321,0.1905,0.3056,1
29-1071.01,29-2034.00,Anesthesiologist Assistants,Radiologic Technologists and Technicians,7,0.3208,0.1842,0.3276,1
29-1122.01,29-1141.01,"Low Vision Therapists, Orientation and Mobility Specialists, and Vision Rehabilitation Therapists",Acute Care Nurses,7,0.3208,0.1842,0.2947,1
29-1122.01,29-1229.06,"Low Vision Therapists, Orientation and Mobility Specialists, and Vision Rehabilitation Therapists",Sports Medicine Physicians,7,0.3208,0.1842,0.3043,1
19-1022.00,19-1029.02,Microbiologists,Molecular and Cellular Biologists,6,0.3207,0.1818,0.3236,1
29-1131.00,29-1213.00,Veterinarians,Dermatologists,6,0.3207,0.1818,0.3347,1
29-1151.00,29-2042.00,Nurse Anesthetists,Emergency Medical Technicians,6,0.3203,0.1765,0.0,1
17-2131.00,17-2171.00,Materials Engineers,Petroleum Engineers,8,0.32,0.1905,0.3577,1
17-2151.00,17-2171.00,"Mining and Geological Engineers, Including Mining Safety Engineers",Petroleum Engineers,8,0.32,0.1905,0.3441,1
29-1128.00,29-1212.00,Exercise Physiologists,Cardiologists,8,0.32,0.1905,0.0,1
29-1131.00,29-1212.00,Veterinarians,Cardiologists,8,0.32,0.1905,0.0,1
29-1141.02,29-1229.02,Advanced Practice Psychiatric Nurses,Hospitalists,6,0.3198,0.1875,0.3656,1
29-1216.00,29-1229.02,General Internal Medicine Physicians,Hospitalists,6,0.3198,0.1875,0.3623,1
29-1229.02,29-1243.00,Hospitalists,Pediatric Surgeons,6,0.3198,0.1875,0.0,1
17-2141.02,17-2199.08,Automotive Engineers,Robotics Engineers,7,0.3195,0.1892,0.3326,1
17-2199.05,17-2199.08,Mechatronics Engineers,Robotics Engineers,7,0.3195,0.1892,0.3268,1
19-1029.03,19-2099.01,Geneticists,Remote Sensing Scientists and Technologists,7,0.3195,0.1892,0.3207,1
29-1011.00,29-1211.00,Chiropractors,Anesthesiologists,7,0.3195,0.1892,0.3344,1
29-1141.03,29-1214.00,Critical Care Nurses,Emergency Medicine Physicians,8,0.3195,0.1818,0.3438,1
29-1242.00,29-9092.00,"Orthopedic Surgeons, Except Pediatric",Genetic Counselors,7,0.3195,0.1892,0.0,1
29-1041.00,29-1141.00,Optometrists,Registered Nurses,7,0.3192,0.1628,0.3239,1
29-1071.01,29-1141.00,Anesthesiologist Assistants,Registered Nurses,8,0.319,0.1739,0.3255,1
15-1241.00,15-1252.00,Computer Network Architects,Software Developers,8,0.3187,0.1778,0.3114,1
17-2031.00,17-2051.02,Bioengineers and Biomedical Engineers,Water/Wastewater Engineers,7,0.3185,0.1892,0.3229,1
17-2031.00,17-2199.09,Bioengineers and Biomedical Engineers,Nanosystems Engineers,7,0.3185,0.1892,0.2679,1
17-2199.07,17-3029.08,Photonics Engineers,Photonics Technicians,7,0.3185,0.1892,0.2901,1
29-1217.00,29-2053.00,Neurologists,Psychiatric Technicians,7,0.3185,0.1892,0.3207,1
17-2141.00,17-2151.00,Mechanical Engineers,"Mining and Geological Engineers, Including Mining Safety Engineers",9,0.3182,0.1875,0.309,1
29-1131.00,29-1224.00,Veterinarians,Radiologists,9,0.3182,0.1875,0.3052,1
29-1224.00,29-2035.00,Radiologists,Magnetic Resonance Imaging Technologists,9,0.3182,0.1875,0.2719,1
19-3032.00,19-3039.02,Industrial-Organizational Psychologists,Neuropsychologists,5,0.3181,0.1852,0.345,1
29-1125.00,29-2051.00,Recreational Therapists,Dietetic Technicians,5,0.3181,0.1852,0.3284,1
29-1222.00,29-2011.02,"Physicians, Pathologists",Cytotechnologists,5,0.3181,0.1852,0.3266,1
15-1299.01,15-1299.08,Web Administrators,Computer Systems Engineers/Architects,10,0.3178,0.1887,0.2976,1
15-1242.00,15-1243.01,Database Administrators,Data Warehousing Specialists,6,0.3176,0.1875,0.3123,1
15-2041.00,15-2051.02,Statisticians,Clinical Data Managers,6,0.3176,0.1875,0.3037,1
29-1071.01,29-2033.00,Anesthesiologist Assistants,Nuclear Medicine Technologists,6,0.3176,0.1875,0.2939,1
29-1224.00,29-2032.00,Radiologists,Diagnostic Medical Sonographers,10,0.3175,0.1887,0.3375,1
29-1141.00,29-1141.04,Registered Nurses,Clinical Nurse Specialists,10,0.3164,0.1852,0.3172,1
15-1212.00,15-1299.02,Information Security Analysts,Geographic Information Systems Technologists and Technicians,5,0.3162,0.1667,0.2832,1
17-2111.02,17-2161.00,Fire-Prevention and Protection Engineers,Nuclear Engineers,6,0.3162,0.1875,0.3024,1
17-2141.00,17-2199.08,Mechanical Engineers,Robotics Engineers,8,0.3162,0.1818,0.3242,1
29-1011.00,29-1215.00,Chiropractors,Family Medicine Physicians,6,0.3162,0.1875,0.3439,1
29-1011.00,29-1223.00,Chiropractors,Psychiatrists,6,0.3162,0.1875,0.3547,1
29-1211.00,29-1299.02,Anesthesiologists,Orthoptists,6,0.3162,0.1818,0.3055,1
29-1223.00,29-1242.00,Psychiatrists,"Orthopedic Surgeons, Except Pediatric",6,0.3162,0.1875,0.0,1
17-2141.01,17-2199.06,Fuel Cell Engineers,Microsystems Engineers,9,0.3158,0.1875,0.2573,1
29-1122.01,29-1129.01,"Low Vision Therapists, Orientation and Mobility Specialists, and Vision Rehabilitation Therapists",Art Therapists,7,0.3153,0.1795,0.3363,1
17-2031.00,17-2141.01,Bioengineers and Biomedical Engineers,Fuel Cell Engineers,8,0.3152,0.186,0.2953,1
17-2112.03,17-3011.00,Manufacturing Engineers,Architectural and Civil Drafters,8,0.3152,0.186,0.3113,1
15-1242.00,15-2051.01,Database Administrators,Business Intelligence Analysts,5,0.315,0.1786,0.3196,1
15-1255.01,15-2051.02,Video Game Designers,Clinical Data Managers,5,0.315,0.1786,0.2765,1
19-1021.00,19-4031.00,Biochemists and Biophysicists,Chemical Technicians,5,0.315,0.1852,0.2948,1
19-1022.00,19-4031.00,Microbiologists,Chemical Technicians,5,0.315,0.1852,0.2637,1
19-2041.01,19-3099.01,Climate Change Policy Analysts,Transportation Planners,5,0.315,0.1786,0.3392,1
29-1022.00,29-1229.06,Oral and Maxillofacial Surgeons,Sports Medicine Physicians,5,0.315,0.1562,0.3191,1
29-1213.00,29-1215.00,Dermatologists,Family Medicine Physicians,5,0.315,0.1852,0.3072,1
29-1213.00,29-1223.00,Dermatologists,Psychiatrists,5,0.315,0.1852,0.3161,1
29-1215.00,29-1229.04,Family Medicine Physicians,Physical Medicine and Rehabilitation Physicians,5,0.315,0.1852,0.3026,1
29-2011.04,29-2033.00,Histotechnologists,Nuclear Medicine Technologists,5,0.315,0.1786,0.3001,1
29-2081.00,29-2091.00,"Opticians, Dispensing",Orthotists and Prosthetists,5,0.315,0.1852,0.3463,1
29-2091.00,29-2099.01,Orthotists and Prosthetists,Neurodiagnostic Technologists,5,0.315,0.1852,0.273,1
15-1211.01,15-1244.00,Health Informatics Specialists,Network and Computer Systems Administrators,7,0.3149,0.1842,0.311,1
29-1127.00,29-1222.00,Speech-Language Pathologists,"Physicians, Pathologists",7,0.3149,0.1842,0.2795,1
29-1141.00,29-1141.03,Registered Nurses,Critical Care Nurses,11,0.3148,0.1864,0.3667,1
29-1041.00,29-1141.01,Optometrists,Acute Care Nurses,6,0.3145,0.1714,0.3103,1
29-1141.01,29-2042.00,Acute Care Nurses,Emergency Medical Technicians,6,0.3145,0.1714,0.0,1
29-1181.00,29-2043.00,Audiologists,Paramedics,6,0.3145,0.1765,0.3282,1
17-2199.05,17-3027.00,Mechatronics Engineers,Mechanical Engineering Technologists and Technicians,8,0.3143,0.186,0.3371,1
19-1029.01,19-3051.00,Bioinformatics Scientists,Urban and Regional Planners,5,0.3143,0.1724,0.3325,1
29-1123.00,29-1211.00,Physical Therapists,Anesthesiologists,8,0.3143,0.186,0.3099,1
29-1141.04,29-1211.00,Clinical Nurse Specialists,Anesthesiologists,8,0.3143,0.186,0.3209,1
29-1171.00,29-9092.00,Nurse Practitioners,Genetic Counselors,8,0.3143,0.186,0.3595,1
29-1211.00,29-9093.00,Anesthesiologists,Surgical Assistants,8,0.3143,0.186,0.335,1
15-1244.00,15-1299.02,Network and Computer Systems Administrators,Geographic Information Systems Technologists and Technicians,8,0.3138,0.186,0.2568,1
15-1253.00,15-1299.02,Software Quality Assurance Analysts and Testers,Geographic Information Systems Technologists and Technicians,8,0.3138,0.186,0.2683,1
15-1254.00,15-1299.02,Web Developers,Geographic Information Systems Technologists and Technicians,8,0.3138,0.186,0.3176,1
29-1131.00,29-1181.00,Veterinarians,Audiologists,8,0.3138,0.186,0.311,1
17-1012.00,17-2061.00,Landscape Architects,Computer Hardware Engineers,5,0.3131,0.1852,0.2911,1
19-2011.00,19-3094.00,Astronomers,Political Scientists,5,0.3131,0.1852,0.357,1
17-2111.00,17-2161.00,"Health and Safety Engineers, Except Mining Safety Engineers and Inspectors",Nuclear Engineers,7,0.313,0.1842,0.3447,1
17-2161.00,17-3025.00,Nuclear Engineers,Environmental Engineering Technologists and Technicians,7,0.313,0.1842,0.2457,1
29-1131.00,29-1242.00,Veterinarians,"Orthopedic Surgeons, Except Pediatric",7,0.313,0.1842,0.0,1
29-1081.00,29-1217.00,Podiatrists,Neurologists,6,0.3128,0.1818,0.3575,1
29-1161.00,29-1229.03,Nurse Midwives,Urologists,6,0.3128,0.1818,0.311,1
29-1141.03,29-2032.00,Critical Care Nurses,Diagnostic Medical Sonographers,10,0.3127,0.1852,0.3349,1
29-1181.00,29-1224.00,Audiologists,Radiologists,9,0.312,0.1837,0.2654,1
29-1218.00,29-9092.00,Obstetricians and Gynecologists,Genetic Counselors,7,0.3118,0.1842,0.3343,1
29-1299.01,29-9092.00,Naturopathic Physicians,Genetic Counselors,7,0.3118,0.1842,0.3572,1
29-1141.02,29-1221.00,Advanced Practice Psychiatric Nurses,"Pediatricians, General",7,0.3112,0.1842,0.3517,1
29-1161.00,29-1216.00,Nurse Midwives,General Internal Medicine Physicians,7,0.3112,0.1842,0.3264,1
29-1161.00,29-1243.00,Nurse Midwives,Pediatric Surgeons,7,0.3112,0.1842,0.0,1
29-1123.00,29-9099.01,Physical Therapists,Midwives,9,0.3111,0.1837,0.3324,1
17-3024.00,17-3026.00,Electro-Mechanical and Mechatronics Technologists and Technicians,Industrial Engineering Technologists and Technicians,9,0.3103,0.1837,0.2639,1
15-1212.00,15-1254.00,Information Security Analysts,Web Developers,5,0.3101,0.1613,0.1988,1
29-1011.00,29-1125.00,Chiropractors,Recreational Therapists,5,0.3101,0.1786,0.3366,1
29-1041.00,29-1242.00,Optometrists,"Orthopedic Surgeons, Except Pediatric",5,0.3101,0.1786,0.0,1
19-2043.00,19-4012.01,Hydrologists,Precision Agriculture Technicians,7,0.31,0.175,0.3333,1
17-2041.00,17-2151.00,Chemical Engineers,"Mining and Geological Engineers, Including Mining Safety Engineers",6,0.3098,0.1765,0.2796,1
29-1212.00,29-1299.02,Cardiologists,Orthoptists,6,0.3098,0.1765,0.0,1
29-1021.00,29-1123.00,"Dentists, General",Physical Therapists,7,0.3091,0.1795,0.2708,1
29-1123.00,29-1241.00,Physical Therapists,"Ophthalmologists, Except Pediatric",7,0.3091,0.1795,0.277,1
29-1141.04,29-1214.00,Clinical Nurse Specialists,Emergency Medicine Physicians,7,0.3091,0.1795,0.303,1
29-1141.04,29-1222.00,Clinical Nurse Specialists,"Physicians, Pathologists",7,0.3091,0.1795,0.3052,1
29-1141.04,29-1241.00,Clinical Nurse Specialists,"Ophthalmologists, Except Pediatric",7,0.3091,0.1795,0.2877,1
29-1151.00,29-1214.00,Nurse Anesthetists,Emergency Medicine Physicians,7,0.3091,0.1795,0.3205,1
29-1129.01,29-2042.00,Art Therapists,Emergency Medical Technicians,6,0.309,0.1667,0.0,1
17-2021.00,17-2051.02,Agricultural Engineers,Water/Wastewater Engineers,6,0.3086,0.1818,0.2777,1
17-2112.00,17-2141.00,Industrial Engineers,Mechanical Engineers,8,0.3086,0.1778,0.3344,1
17-2112.03,17-2199.05,Manufacturing Engineers,Mechatronics Engineers,8,0.3086,0.1818,0.3227,1
17-2141.00,17-2199.07,Mechanical Engineers,Photonics Engineers,8,0.3086,0.1778,0.2696,1
19-1021.00,19-1029.04,Biochemists and Biophysicists,Biologists,6,0.3086,0.1714,0.3002,1
19-1022.00,19-1029.04,Microbiologists,Biologists,6,0.3086,0.1714,0.2739,1
19-4021.00,19-4031.00,Biological Technicians,Chemical Technicians,6,0.3086,0.1818,0.3063,1
29-1023.00,29-2043.00,Orthodontists,Paramedics,4,0.3086,0.1818,0.3045,1
29-1123.00,29-2043.00,Physical Therapists,Paramedics,6,0.3086,0.1714,0.3172,1
29-1126.00,29-2043.00,Respiratory Therapists,Paramedics,6,0.3086,0.1714,0.3301,1
29-1141.04,29-1229.04,Clinical Nurse Specialists,Physical Medicine and Rehabilitation Physicians,6,0.3086,0.1714,0.3271,1
29-1141.04,29-2091.00,Clinical Nurse Specialists,Orthotists and Prosthetists,6,0.3086,0.1714,0.3092,1
29-1151.00,29-1213.00,Nurse Anesthetists,Dermatologists,6,0.3086,0.1714,0.2786,1
29-1151.00,29-2091.00,Nurse Anesthetists,Orthotists and Prosthetists,6,0.3086,0.1714,0.2913,1
29-1224.00,29-1299.01,Radiologists,Naturopathic Physicians,8,0.3086,0.1778,0.3431,1
29-2091.00,29-2092.00,Orthotists and Prosthetists,Hearing Aid Specialists,4,0.3086,0.1818,0.3182,1
29-2099.01,29-2099.05,Neurodiagnostic Technologists,Ophthalmic Medical Technologists,6,0.3086,0.1818,0.3245,1
29-1131.00,29-1141.04,Veterinarians,Clinical Nurse Specialists,8,0.3079,0.1818,0.3244,1
29-1131.00,29-1151.00,Veterinarians,Nurse Anesthetists,8,0.3079,0.1818,0.305,1
29-1151.00,29-2035.00,Nurse Anesthetists,Magnetic Resonance Imaging Technologists,8,0.3079,0.1818,0.3005,1
17-2072.01,17-2112.01,Radio Frequency Identification Device Specialists,Human Factors Engineers and Ergonomists,6,0.3078,0.1818,0.288,1
17-2112.01,17-2161.00,Human Factors Engineers and Ergonomists,Nuclear Engineers,6,0.3078,0.1818,0.3004,1
19-1023.00,19-1029.03,Zoologists and Wildlife Biologists,Geneticists,6,0.3078,0.1818,0.3482,1
19-1029.03,19-1042.00,Geneticists,"Medical Scientists, Except Epidemiologists",6,0.3078,0.1818,0.3282,1
19-3032.00,19-3034.00,Industrial-Organizational Psychologists,School Psychologists,6,0.3078,0.1818,0.323,1
29-1011.00,29-1214.00,Chiropractors,Emergency Medicine Physicians,6,0.3078,0.1818,0.3156,1
29-1011.00,29-1241.00,Chiropractors,"Ophthalmologists, Except Pediatric",6,0.3078,0.1818,0.328,1
15-1211.00,15-1244.00,Computer Systems Analysts,Network and Computer Systems Administrators,8,0.3077,0.1818,0.2955,1
15-1211.00,15-1254.00,Computer Systems Analysts,Web Developers,8,0.3077,0.1818,0.3034,1
15-1253.00,15-1254.00,Software Quality Assurance Analysts and Testers,Web Developers,8,0.3077,0.1818,0.2766,1
29-1125.00,29-2042.00,Recreational Therapists,Emergency Medical Technicians,4,0.3077,0.1818,0.0,1
29-1129.02,29-1141.03,Music Therapists,Critical Care Nurses,9,0.3073,0.18,0.337,1
15-1211.01,15-1299.07,Health Informatics Specialists,Blockchain Engineers,5,0.3066,0.1786,0.3266,1
19-1021.00,19-1042.00,Biochemists and Biophysicists,"Medical Scientists, Except Epidemiologists",5,0.3066,0.1786,0.3347,1
19-1022.00,19-1023.00,Microbiologists,Zoologists and Wildlife Biologists,5,0.3066,0.1786,0.2937,1
29-1222.00,29-2091.00,"Physicians, Pathologists",Orthotists and Prosthetists,5,0.3066,0.1786,0.2211,1
29-2043.00,29-2051.00,Paramedics,Dietetic Technicians,5,0.3066,0.1786,0.3016,1
29-2051.00,29-2091.00,Dietetic Technicians,Orthotists and Prosthetists,5,0.3066,0.1786,0.2763,1
29-2055.00,29-2057.00,Surgical Technologists,Ophthalmic Medical Technicians,5,0.3066,0.1786,0.3298,1
29-1051.00,29-2081.00,Pharmacists,"Opticians, Dispensing",7,0.3064,0.175,0.2666,1
29-1129.01,29-1223.00,Art Therapists,Psychiatrists,7,0.3064,0.175,0.3416,1
29-1243.00,29-9099.01,Pediatric Surgeons,Midwives,8,0.3063,0.1778,0.0,1
19-1031.02,19-1032.00,Range Managers,Foresters,6,0.3062,0.1765,0.3246,1
29-1171.00,29-1224.00,Nurse Practitioners,Radiologists,9,0.3062,0.18,0.3122,1
29-1211.00,29-1229.02,Anesthesiologists,Hospitalists,6,0.3062,0.1765,0.2971,1
29-1021.00,29-1022.00,"Dentists, General",Oral and Maxillofacial Surgeons,4,0.3059,0.1667,0.3327,1
29-1021.00,29-1024.00,"Dentists, General",Prosthodontists,4,0.3059,0.1667,0.3165,1
29-1022.00,29-1214.00,Oral and Maxillofacial Surgeons,Emergency Medicine Physicians,4,0.3059,0.1667,0.306,1
15-1242.00,15-1299.02,Database Administrators,Geographic Information Systems Technologists and Technicians,7,0.3055,0.1795,0.3169,1
17-2051.02,17-2171.00,Water/Wastewater Engineers,Petroleum Engineers,7,0.3055,0.1795,0.2968,1
29-1212.00,29-2033.00,Cardiologists,Nuclear Medicine Technologists,7,0.3055,0.1795,0.0,1
29-1292.00,29-2056.00,Dental Hygienists,Veterinary Technologists and Technicians,7,0.3055,0.1628,0.3174,1
19-2043.00,19-3051.00,Hydrologists,Urban and Regional Planners,8,0.3046,0.1778,0.1797,1
29-1141.03,29-1229.03,Critical Care Nurses,Urologists,7,0.3046,0.1667,0.3207,1
29-1216.00,29-9092.00,General Internal Medicine Physicians,Genetic Counselors,7,0.3046,0.1795,0.3222,1
29-1243.00,29-9092.00,Pediatric Surgeons,Genetic Counselors,7,0.3046,0.1795,0.0,1
17-3021.00,17-3024.01,Aerospace Engineering and Operations Technologists and Technicians,Robotics Technicians,5,0.3043,0.1786,0.3001,1
29-1215.00,29-1299.02,Family Medicine Physicians,Orthoptists,5,0.3043,0.1786,0.2947,1
29-1141.03,29-2053.00,Critical Care Nurses,Psychiatric Technicians,8,0.3039,0.1739,0.3259,1
29-1127.00,29-1299.02,Speech-Language Pathologists,Orthoptists,6,0.3038,0.1714,0.2489,1
29-1124.00,29-2055.00,Radiation Therapists,Surgical Technologists,7,0.3035,0.175,0.3076,1
29-1229.06,29-2051.00,Sports Medicine Physicians,Dietetic Technicians,7,0.3035,0.175,0.3023,1
17-2051.00,17-3011.00,Civil Engineers,Architectural and Civil Drafters,6,0.3034,0.1765,0.3267,1
17-2061.00,17-3029.08,Computer Hardware Engineers,Photonics Technicians,6,0.3034,0.1765,0.3086,1
17-2141.02,17-3024.00,Automotive Engineers,Electro-Mechanical and Mechatronics Technologists and Technicians,8,0.3032,0.1778,0.2802,1
17-2199.05,17-2199.06,Mechatronics Engineers,Microsystems Engineers,8,0.3032,0.1778,0.3513,1
19-4012.01,19-4051.02,Precision Agriculture Technicians,Nuclear Monitoring Technicians,5,0.3032,0.1786,0.3104,1
29-1229.06,29-1291.00,Sports Medicine Physicians,Acupuncturists,6,0.303,0.1667,0.2769,1
29-1041.00,29-1299.01,Optometrists,Naturopathic Physicians,5,0.3026,0.1724,0.2998,1
29-1125.00,29-1218.00,Recreational Therapists,Obstetricians and Gynecologists,5,0.3026,0.1724,0.322,1
29-1125.00,29-1299.01,Recreational Therapists,Naturopathic Physicians,5,0.3026,0.1724,0.3316,1
29-2011.02,29-2012.00,Cytotechnologists,Medical and Clinical Laboratory Technicians,5,0.3026,0.1724,0.3025,1
17-2171.00,17-3023.00,Petroleum Engineers,Electrical and Electronic Engineering Technologists and Technicians,8,0.3024,0.1778,0.2989,1
29-1124.00,29-2035.00,Radiation Therapists,Magnetic Resonance Imaging Technologists,8,0.3024,0.1778,0.279,1
29-1128.00,29-1229.06,Exercise Physiologists,Sports Medicine Physicians,8,0.3024,0.1778,0.2779,1
15-1211.00,15-1255.00,Computer Systems Analysts,Web and Digital Interface Designers,8,0.3019,0.1778,0.2963,1
15-1244.00,15-1255.00,Network and Computer Systems Administrators,Web and Digital Interface Designers,8,0.3019,0.1778,0.3082,1
15-1253.00,15-1255.00,Software Quality Assurance Analysts and Testers,Web and Digital Interface Designers,8,0.3019,0.1778,0.3303,1
29-1123.00,29-1129.02,Physical Therapists,Music Therapists,8,0.3019,0.1778,0.3156,1
29-1127.00,29-1141.04,Speech-Language Pathologists,Clinical Nurse Specialists,8,0.3019,0.1778,0.2823,1
19-1029.01,19-3092.00,Bioinformatics Scientists,Geographers,3,0.3015,0.1765,0.2745,1
29-1141.03,29-1171.00,Critical Care Nurses,Nurse Practitioners,9,0.3015,0.1765,0.3421,1
29-1141.03,29-9093.00,Critical Care Nurses,Surgical Assistants,9,0.3015,0.1765,0.3231,1
29-1216.00,29-1224.00,General Internal Medicine Physicians,Radiologists,8,0.3015,0.1739,0.2502,1
29-1224.00,29-1243.00,Radiologists,Pediatric Surgeons,8,0.3015,0.1739,0.0,1
15-1299.08,15-1299.09,Computer Systems Engineers/Architects,Information Technology Project Managers,7,0.3012,0.1707,0.3147,1
29-1023.00,29-1217.00,Orthodontists,Neurologists,5,0.301,0.1667,0.2911,1
17-2112.03,17-2141.00,Manufacturing Engineers,Mechanical Engineers,9,0.3007,0.1765,0.3337,1
17-2141.00,17-3023.00,Mechanical Engineers,Electrical and Electronic Engineering Technologists and Technicians,9,0.3007,0.1765,0.2984,1
29-1141.01,29-1224.00,Acute Care Nurses,Radiologists,9,0.3007,0.1765,0.2969,1
17-2112.00,17-2112.02,Industrial Engineers,Validation Engineers,6,0.3004,0.1765,0.3086,1
17-2112.02,17-2199.07,Validation Engineers,Photonics Engineers,6,0.3004,0.1765,0.2927,1
17-2199.09,17-3026.01,Nanosystems Engineers,Nanotechnology Engineering Technologists and Technicians,6,0.3004,0.1765,0.3054,1
19-2041.00,19-3011.01,"Environmental Scientists and Specialists, Including Health",Environmental Economists,6,0.3004,0.1765,0.3026,1
29-1218.00,29-2051.00,Obstetricians and Gynecologists,Dietetic Technicians,6,0.3004,0.1765,0.2916,1
29-1241.00,29-2099.05,"Ophthalmologists, Except Pediatric",Ophthalmic Medical Technologists,6,0.3004,0.1765,0.317,1
15-1299.02,15-2051.00,Geographic Information Systems Technologists and Technicians,Data Scientists,6,0.3,0.1714,0.3454,1
19-1029.03,19-4092.00,Geneticists,Forensic Science Technicians,6,0.3,0.1765,0.3174,1
29-1011.00,29-1242.00,Chiropractors,"Orthopedic Surgeons, Except Pediatric",6,0.3,0.1765,0.0,1
29-1081.00,29-1131.00,Podiatrists,Veterinarians,6,0.3,0.1714,0.3072,1
29-1131.00,29-1229.02,Veterinarians,Hospitalists,6,0.3,0.1714,0.2927,1
15-1242.00,15-1254.00,Database Administrators,Web Developers,7,0.2996,0.175,0.2033,1
15-1253.00,15-1299.05,Software Quality Assurance Analysts and Testers,Information Security Engineers,7,0.2996,0.175,0.3142,1
15-1253.00,15-2051.02,Software Quality Assurance Analysts and Testers,Clinical Data Managers,7,0.2996,0.175,0.2808,1
17-2051.01,17-2051.02,Transportation Engineers,Water/Wastewater Engineers,7,0.2996,0.175,0.3203,1
29-1221.00,29-9099.01,"Pediatricians, General",Midwives,8,0.2996,0.1739,0.2746,1
29-2053.00,29-9091.00,Psychiatric Technicians,Athletic Trainers,7,0.2996,0.175,0.2834,1
29-1022.00,29-9099.01,Oral and Maxillofacial Surgeons,Midwives,5,0.2993,0.1429,0.3093,1
15-1212.00,15-1241.01,Information Security Analysts,Telecommunications Engineering Specialists,5,0.2988,0.1515,0.3187,1
29-1229.04,29-1242.00,Physical Medicine and Rehabilitation Physicians,"Orthopedic Surgeons, Except Pediatric",5,0.2988,0.1724,0.0,1
29-1242.00,29-1291.00,"Orthopedic Surgeons, Except Pediatric",Acupuncturists,5,0.2988,0.1724,0.0,1
29-1122.00,29-1212.00,Occupational Therapists,Cardiologists,7,0.2985,0.175,0.0,1
29-1131.00,29-1216.00,Veterinarians,General Internal Medicine Physicians,7,0.2985,0.175,0.3282,1
29-1131.00,29-1243.00,Veterinarians,Pediatric Surgeons,7,0.2985,0.175,0.0,1
29-1141.02,29-1212.00,Advanced Practice Psychiatric Nurses,Cardiologists,7,0.2985,0.175,0.0,1
15-1211.00,15-1241.00,Computer Systems Analysts,Computer Network Architects,9,0.2983,0.1731,0.3003,1
29-1051.00,29-1241.00,Pharmacists,"Ophthalmologists, Except Pediatric",7,0.2982,0.1707,0.3291,1
15-1212.00,15-1251.00,Information Security Analysts,Computer Programmers,4,0.2981,0.1667,0.2642,1
17-3021.00,17-3027.00,Aerospace Engineering and Operations Technologists and Technicians,Mechanical Engineering Technologists and Technicians,6,0.2981,0.1667,0.2771,1
19-2043.00,19-2099.01,Hydrologists,Remote Sensing Scientists and Technologists,8,0.2981,0.1739,0.3329,1
29-1071.00,29-1151.00,Physician Assistants,Nurse Anesthetists,6,0.2981,0.1667,0.3243,1
29-1071.00,29-2031.00,Physician Assistants,Cardiovascular Technologists and Technicians,6,0.2981,0.1667,0.2718,1
17-2031.00,17-2199.05,Bioengineers and Biomedical Engineers,Mechatronics Engineers,7,0.2979,0.175,0.2792,1
19-1032.00,19-2041.02,Foresters,Environmental Restoration Planners,7,0.2979,0.175,0.336,1
29-1221.00,29-9092.00,"Pediatricians, General",Genetic Counselors,7,0.2979,0.175,0.2947,1
29-1129.01,29-2043.00,Art Therapists,Paramedics,6,0.2978,0.1622,0.3471,1
17-2071.00,17-2151.00,Electrical Engineers,"Mining and Geological Engineers, Including Mining Safety Engineers",8,0.2971,0.1739,0.2931,1
17-2171.00,17-3026.00,Petroleum Engineers,Industrial Engineering Technologists and Technicians,8,0.2971,0.1739,0.2999,1
29-1141.00,29-1299.02,Registered Nurses,Orthoptists,7,0.2971,0.1556,0.2628,1
17-2011.00,17-2141.02,Aerospace Engineers,Automotive Engineers,6,0.297,0.1714,0.3378,1
19-2011.00,19-2012.00,Astronomers,Physicists,6,0.297,0.1714,0.3837,1
19-2099.01,19-4012.01,Remote Sensing Scientists and Technologists,Precision Agriculture Technicians,6,0.297,0.1714,0.3157,1
29-1122.01,29-9092.00,"Low Vision Therapists, Orientation and Mobility Specialists, and Vision Rehabilitation Therapists",Genetic Counselors,6,0.297,0.1714,0.2905,1
19-1021.00,19-2032.00,Biochemists and Biophysicists,Materials Scientists,4,0.2965,0.1739,0.313,1
19-2031.00,19-2032.00,Chemists,Materials Scientists,4,0.2965,0.1739,0.3268,1
29-1125.00,29-1229.04,Recreational Therapists,Physical Medicine and Rehabilitation Physicians,4,0.2965,0.1739,0.3213,1
29-1125.00,29-1291.00,Recreational Therapists,Acupuncturists,4,0.2965,0.1739,0.3237,1
29-1125.00,29-2043.00,Recreational Therapists,Paramedics,4,0.2965,0.1739,0.2968,1
29-1129.02,29-1141.01,Music Therapists,Acute Care Nurses,8,0.2965,0.1739,0.2829,1
29-1181.00,29-1229.06,Audiologists,Sports Medicine Physicians,8,0.2965,0.1739,0.3295,1
29-1123.00,29-1141.04,Physical Therapists,Clinical Nurse Specialists,8,0.2963,0.1739,0.2902,1
29-1123.00,29-1151.00,Physical Therapists,Nurse Anesthetists,8,0.2963,0.1739,0.3091,1
29-1215.00,29-2032.00,Family Medicine Physicians,Diagnostic Medical Sonographers,7,0.2963,0.1667,0.286,1
29-1215.00,29-9099.01,Family Medicine Physicians,Midwives,7,0.2963,0.1667,0.3079,1
17-3012.00,17-3021.00,Electrical and Electronics Drafters,Aerospace Engineering and Operations Technologists and Technicians,5,0.2962,0.1724,0.2546,1
17-3021.00,17-3026.01,Aerospace Engineering and Operations Technologists and Technicians,Nanotechnology Engineering Technologists and Technicians,5,0.2962,0.1724,0.2674,1
19-3032.00,19-3039.03,Industrial-Organizational Psychologists,Clinical Neuropsychologists,5,0.2962,0.1724,0.3339,1
29-1292.00,29-2055.00,Dental Hygienists,Surgical Technologists,5,0.2962,0.1724,0.3104,1
15-1241.01,15-1299.01,Telecommunications Engineering Specialists,Web Administrators,9,0.2961,0.1731,0.3134,1
29-1141.03,29-2034.00,Critical Care Nurses,Radiologic Technologists and Technicians,9,0.2961,0.1731,0.3098,1
29-1141.03,29-2061.00,Critical Care Nurses,Licensed Practical and Licensed Vocational Nurses,9,0.2961,0.1731,0.3341,1
29-1131.00,29-1141.00,Veterinarians,Registered Nurses,9,0.2959,0.1698,0.3115,1
17-2072.01,17-2112.03,Radio Frequency Identification Device Specialists,Manufacturing Engineers,7,0.2958,0.1707,0.2905,1
17-2121.00,17-2161.00,Marine Engineers and Naval Architects,Nuclear Engineers,7,0.2958,0.1707,0.2973,1
29-1141.01,29-1242.00,Acute Care Nurses,"Orthopedic Surgeons, Except Pediatric",7,0.2958,0.1707,0.0,1
29-1041.00,29-1141.02,Optometrists,Advanced Practice Psychiatric Nurses,5,0.2957,0.1667,0.3194,1
29-1125.00,29-1141.02,Recreational Therapists,Advanced Practice Psychiatric Nurses,5,0.2957,0.1667,0.3346,1
17-2141.00,17-2199.06,Mechanical Engineers,Microsystems Engineers,9,0.2954,0.1731,0.2801,1
29-1051.00,29-1224.00,Pharmacists,Radiologists,9,0.2954,0.1731,0.1728,1
29-1141.00,29-2032.00,Registered Nurses,Diagnostic Medical Sonographers,10,0.2953,0.1724,0.2998,1
29-2052.00,29-2056.00,Pharmacy Technicians,Veterinary Technologists and Technicians,8,0.2951,0.1667,0.275,1
29-2053.00,29-2056.00,Psychiatric Technicians,Veterinary Technologists and Technicians,8,0.2951,0.1667,0.28,1
17-2072.00,17-2141.00,"Electronics Engineers, Except Computer",Mechanical Engineers,8,0.2949,0.1702,0.3204,1
17-3024.01,17-3029.08,Robotics Technicians,Photonics Technicians,6,0.2949,0.1714,0.2917,1
29-1217.00,29-2099.01,Neurologists,Neurodiagnostic Technologists,6,0.2949,0.1714,0.2707,1
17-2199.05,17-3029.01,Mechatronics Engineers,Non-Destructive Testing Specialists,5,0.2946,0.1613,0.2906,1
29-1023.00,29-9092.00,Orthodontists,Genetic Counselors,5,0.2946,0.1613,0.3079,1
29-1215.00,29-1229.05,Family Medicine Physicians,Preventive Medicine Physicians,5,0.2946,0.1724,0.2571,1
29-1223.00,29-1229.02,Psychiatrists,Hospitalists,5,0.2946,0.1724,0.3046,1
15-1243.01,15-2041.00,Data Warehousing Specialists,Statisticians,5,0.2941,0.1724,0.3065,1
19-1013.00,19-2041.03,Soil and Plant Scientists,Industrial Ecologists,7,0.294,0.1707,0.2552,1
19-2021.00,19-3011.01,Atmospheric and Space Scientists,Environmental Economists,7,0.294,0.1707,0.2871,1
29-1126.00,29-2033.00,Respiratory Therapists,Nuclear Medicine Technologists,7,0.294,0.1707,0.2652,1
29-1126.00,29-2053.00,Respiratory Therapists,Psychiatric Technicians,7,0.294,0.1707,0.2856,1
29-1141.04,29-1299.01,Clinical Nurse Specialists,Naturopathic Physicians,7,0.294,0.1707,0.3243,1
29-1151.00,29-2053.00,Nurse Anesthetists,Psychiatric Technicians,7,0.294,0.1707,0.2828,1
29-1151.00,29-2099.05,Nurse Anesthetists,Ophthalmic Medical Technologists,7,0.294,0.1707,0.2856,1
29-2031.00,29-2053.00,Cardiovascular Technologists and Technicians,Psychiatric Technicians,7,0.294,0.1707,0.2844,1
19-3032.00,19-3033.00,Industrial-Organizational Psychologists,Clinical and Counseling Psychologists,6,0.2935,0.1714,0.3009,1
29-1021.00,29-1122.00,"Dentists, General",Occupational Therapists,6,0.2935,0.1714,0.2944,1
29-1211.00,29-2032.00,Anesthesiologists,Diagnostic Medical Sonographers,8,0.2933,0.1702,0.319,1
15-1241.00,15-1255.00,Computer Network Architects,Web and Digital Interface Designers,9,0.2928,0.1698,0.2742,1
15-1241.00,15-1255.01,Computer Network Architects,Video Game Designers,6,0.2928,0.1463,0.2356,1
15-1299.07,15-1299.08,Blockchain Engineers,Computer Systems Engineers/Architects,6,0.2928,0.1579,0.2905,1
17-2041.00,17-2112.03,Chemical Engineers,Manufacturing Engineers,6,0.2928,0.1622,0.3222,1
17-2072.01,17-2199.07,Radio Frequency Identification Device Specialists,Photonics Engineers,6,0.2928,0.1714,0.327,1
17-2199.07,17-2199.08,Photonics Engineers,Robotics Engineers,6,0.2928,0.1714,0.2487,1
29-1011.00,29-1218.00,Chiropractors,Obstetricians and Gynecologists,6,0.2928,0.1714,0.317,1
29-1071.00,29-1141.01,Physician Assistants,Acute Care Nurses,6,0.2928,0.1622,0.3208,1
29-1171.00,29-2056.00,Nurse Practitioners,Veterinary Technologists and Technicians,9,0.2928,0.1698,0.2864,1
29-2011.01,29-2033.00,Cytogenetic Technologists,Nuclear Medicine Technologists,6,0.2928,0.1714,0.2601,1
29-2012.01,29-2033.00,Histology Technicians,Nuclear Medicine Technologists,3,0.2928,0.1304,0.2769,1
29-2034.00,29-2072.00,Radiologic Technologists and Technicians,Medical Records Specialists,6,0.2928,0.1622,0.275,1
41-4011.00,41-4011.07,"Sales Representatives, Wholesale and Manufacturing, Technical and Scientific Products",Solar Sales Representatives and Assessors,6,0.2928,0.1579,0.3145,1
29-1127.00,29-1243.00,Speech-Language Pathologists,Pediatric Surgeons,7,0.2927,0.1707,0.0,1
29-1181.00,29-1216.00,Audiologists,General Internal Medicine Physicians,7,0.2927,0.1707,0.3092,1
19-2043.00,19-4043.00,Hydrologists,"Geological Technicians, Except Hydrologic Technicians",8,0.2921,0.1702,0.2671,1
17-2031.00,17-2151.00,Bioengineers and Biomedical Engineers,"Mining and Geological Engineers, Including Mining Safety Engineers",7,0.2919,0.1707,0.3028,1
29-1131.00,29-1217.00,Veterinarians,Neurologists,7,0.2919,0.1707,0.2856,1
19-1031.00,19-1032.00,Conservation Scientists,Foresters,7,0.2917,0.1707,0.3144,1
29-1224.00,29-2099.01,Radiologists,Neurodiagnostic Technologists,7,0.2917,0.1628,0.3583,1
15-1299.05,15-1299.07,Information Security Engineers,Blockchain Engineers,5,0.2916,0.1667,0.3277,1
17-2051.02,17-2199.11,Water/Wastewater Engineers,Solar Energy Systems Engineers,5,0.2916,0.1667,0.3124,1
19-4013.00,19-4021.00,Food Science Technicians,Biological Technicians,5,0.2916,0.1667,0.3026,1
29-1218.00,29-1229.04,Obstetricians and Gynecologists,Physical Medicine and Rehabilitation Physicians,5,0.2916,0.1667,0.3232,1
29-1229.04,29-1299.01,Physical Medicine and Rehabilitation Physicians,Naturopathic Physicians,5,0.2916,0.1667,0.3067,1
29-1299.01,29-2091.00,Naturopathic Physicians,Orthotists and Prosthetists,5,0.2916,0.1667,0.3245,1
29-2053.00,29-2091.00,Psychiatric Technicians,Orthotists and Prosthetists,5,0.2916,0.1667,0.286,1
29-1051.00,29-1181.00,Pharmacists,Audiologists,8,0.2913,0.1702,0.2587,1
17-2011.00,17-2171.00,Aerospace Engineers,Petroleum Engineers,6,0.291,0.1667,0.3148,1
17-2112.03,17-3027.00,Manufacturing Engineers,Mechanical Engineering Technologists and Technicians,8,0.291,0.1702,0.2953,1
17-3023.00,17-3027.00,Electrical and Electronic Engineering Technologists and Technicians,Mechanical Engineering Technologists and Technicians,8,0.291,0.1702,0.3129,1
19-1029.02,19-3022.00,Molecular and Cellular Biologists,Survey Researchers,6,0.291,0.1667,0.3367,1
19-4012.01,19-4043.00,Precision Agriculture Technicians,"Geological Technicians, Except Hydrologic Technicians",6,0.291,0.1667,0.309,1
29-1123.00,29-1229.06,Physical Therapists,Sports Medicine Physicians,8,0.291,0.1702,0.3152,1
29-1141.04,29-2034.00,Clinical Nurse Specialists,Radiologic Technologists and Technicians,8,0.291,0.1702,0.2663,1
29-1051.00,29-1242.00,Pharmacists,"Orthopedic Surgeons, Except Pediatric",7,0.2907,0.1667,0.0,1
29-1041.00,29-1161.00,Optometrists,Nurse Midwives,5,0.2892,0.1613,0.3017,1
29-1041.00,29-1221.00,Optometrists,"Pediatricians, General",5,0.2892,0.1613,0.3036,1
29-1125.00,29-1217.00,Recreational Therapists,Neurologists,5,0.2892,0.1613,0.2901,1
29-1161.00,29-2042.00,Nurse Midwives,Emergency Medical Technicians,5,0.2892,0.1613,0.0,1
15-1243.00,15-2051.01,Database Architects,Business Intelligence Analysts,5,0.2887,0.1562,0.281,1
17-2051.02,17-2141.01,Water/Wastewater Engineers,Fuel Cell Engineers,7,0.2887,0.1667,0.2849,1
17-2199.05,17-3024.01,Mechatronics Engineers,Robotics Technicians,6,0.2887,0.1667,0.2904,1
17-2199.08,17-3021.00,Robotics Engineers,Aerospace Engineering and Operations Technologists and Technicians,5,0.2887,0.1667,0.2816,1
29-1011.00,29-1299.02,Chiropractors,Orthoptists,5,0.2887,0.1667,0.3247,1
29-1081.00,29-1171.00,Podiatrists,Nurse Practitioners,6,0.2887,0.1622,0.3392,1
29-1081.00,29-2092.00,Podiatrists,Hearing Aid Specialists,4,0.2887,0.1667,0.291,1
29-1123.00,29-1229.05,Physical Therapists,Preventive Medicine Physicians,6,0.2887,0.1622,0.2448,1
29-1141.01,29-2099.05,Acute Care Nurses,Ophthalmic Medical Technologists,7,0.2887,0.1667,0.2902,1
29-1151.00,29-1229.02,Nurse Anesthetists,Hospitalists,6,0.2887,0.1622,0.2795,1
29-1151.00,29-1229.03,Nurse Anesthetists,Urologists,6,0.2887,0.1622,0.273,1
29-1211.00,29-1223.00,Anesthesiologists,Psychiatrists,6,0.2887,0.1667,0.2993,1
29-1229.03,29-2031.00,Urologists,Cardiovascular Technologists and Technicians,6,0.2887,0.1622,0.281,1
29-2099.01,29-9092.00,Neurodiagnostic Technologists,Genetic Counselors,6,0.2887,0.1667,0.2655,1
29-1229.04,29-9099.01,Physical Medicine and Rehabilitation Physicians,Midwives,6,0.288,0.1538,0.3166,1
29-2091.00,29-9099.01,Orthotists and Prosthetists,Midwives,6,0.288,0.1538,0.3017,1
29-1141.00,29-1229.05,Registered Nurses,Preventive Medicine Physicians,7,0.2877,0.1522,0.2976,1
29-1131.00,29-9099.01,Veterinarians,Midwives,8,0.2874,0.1667,0.287,1
15-1232.00,15-1255.00,Computer User Support Specialists,Web and Digital Interface Designers,7,0.2872,0.1667,0.3025,1
29-1122.00,29-1141.04,Occupational Therapists,Clinical Nurse Specialists,7,0.2872,0.1667,0.2746,1
29-1141.03,29-2099.01,Critical Care Nurses,Neurodiagnostic Technologists,7,0.2872,0.1591,0.2685,1
29-1141.04,29-1216.00,Clinical Nurse Specialists,General Internal Medicine Physicians,7,0.2872,0.1667,0.2949,1
29-1243.00,29-2031.00,Pediatric Surgeons,Cardiovascular Technologists and Technicians,7,0.2872,0.1667,0.0,1
17-2072.00,17-2112.02,"Electronics Engineers, Except Computer",Validation Engineers,6,0.287,0.1667,0.3024,1
17-2112.01,17-3029.08,Human Factors Engineers and Ergonomists,Photonics Technicians,6,0.287,0.1667,0.2799,1
17-3026.01,17-3029.08,Nanotechnology Engineering Technologists and Technicians,Photonics Technicians,6,0.287,0.1667,0.286,1
29-1141.00,29-2053.00,Registered Nurses,Psychiatric Technicians,8,0.287,0.16,0.3019,1
29-1161.00,29-1214.00,Nurse Midwives,Emergency Medicine Physicians,6,0.287,0.1667,0.2971,1
29-1161.00,29-1222.00,Nurse Midwives,"Physicians, Pathologists",6,0.287,0.1667,0.2657,1
29-1161.00,29-2051.00,Nurse Midwives,Dietetic Technicians,6,0.287,0.1667,0.2535,1
29-1217.00,29-1222.00,Neurologists,"Physicians, Pathologists",6,0.287,0.1667,0.2689,1
29-1217.00,29-2051.00,Neurologists,Dietetic Technicians,6,0.287,0.1667,0.2592,1
17-3012.00,17-3022.00,Electrical and Electronics Drafters,Civil Engineering Technologists and Technicians,5,0.2868,0.1667,0.2463,1
29-1021.00,29-1081.00,"Dentists, General",Podiatrists,5,0.2868,0.1667,0.3012,1
29-1021.00,29-1229.03,"Dentists, General",Urologists,5,0.2868,0.1667,0.2887,1
29-1081.00,29-1214.00,Podiatrists,Emergency Medicine Physicians,5,0.2868,0.1667,0.3182,1
29-1222.00,29-1229.05,"Physicians, Pathologists",Preventive Medicine Physicians,5,0.2868,0.1667,0.2431,1
15-1244.00,15-1299.08,Network and Computer Systems Administrators,Computer Systems Engineers/Architects,8,0.2864,0.1667,0.245,1
29-1071.00,29-1125.00,Physician Assistants,Recreational Therapists,4,0.2864,0.1667,0.3042,1
17-2051.01,17-2072.00,Transportation Engineers,"Electronics Engineers, Except Computer",7,0.2863,0.1667,0.2709,1
29-1181.00,29-1221.00,Audiologists,"Pediatricians, General",7,0.2863,0.1667,0.2868,1
19-4012.00,19-4071.00,Agricultural Technicians,Forest and Conservation Technicians,6,0.286,0.1667,0.3313,1
19-4012.00,19-4092.00,Agricultural Technicians,Forensic Science Technicians,6,0.286,0.1667,0.2913,1
29-1011.00,29-1141.02,Chiropractors,Advanced Practice Psychiatric Nurses,6,0.286,0.1667,0.31,1
29-1011.00,29-1216.00,Chiropractors,General Internal Medicine Physicians,6,0.286,0.1667,0.3193,1
29-1011.00,29-1243.00,Chiropractors,Pediatric Surgeons,6,0.286,0.1667,0.0,1
17-3026.00,17-3027.00,Industrial Engineering Technologists and Technicians,Mechanical Engineering Technologists and Technicians,8,0.2859,0.1667,0.2972,1
11-3021.00,11-9041.00,Computer and Information Systems Managers,Architectural and Engineering Managers,7,0.2858,0.1667,0.2919,1
15-1243.01,15-1251.00,Data Warehousing Specialists,Computer Programmers,5,0.2858,0.1667,0.3365,1
15-2031.00,15-2041.00,Operations Research Analysts,Statisticians,5,0.2858,0.1667,0.3338,1
17-1011.00,17-2021.00,"Architects, Except Landscape and Naval",Agricultural Engineers,5,0.2858,0.1667,0.3078,1
17-2141.02,17-2171.00,Automotive Engineers,Petroleum Engineers,7,0.2858,0.1667,0.2883,1
19-1041.00,19-3022.00,Epidemiologists,Survey Researchers,5,0.2858,0.1667,0.2747,1
19-2099.01,19-4043.00,Remote Sensing Scientists and Technologists,"Geological Technicians, Except Hydrologic Technicians",7,0.2858,0.1667,0.2467,1
29-1071.01,29-2099.01,Anesthesiologist Assistants,Neurodiagnostic Technologists,5,0.2858,0.1667,0.267,1
15-1242.00,15-1299.05,Database Administrators,Information Security Engineers,6,0.2857,0.1667,0.2919,1
15-2041.01,15-2051.02,Biostatisticians,Clinical Data Managers,6,0.2857,0.1667,0.2783,1
17-2112.03,17-3023.00,Manufacturing Engineers,Electrical and Electronic Engineering Technologists and Technicians,8,0.2857,0.1667,0.2563,1
19-1021.00,19-2031.00,Biochemists and Biophysicists,Chemists,4,0.2857,0.1667,0.2884,1
19-1022.00,19-2031.00,Microbiologists,Chemists,4,0.2857,0.1667,0.2664,1
29-1124.00,29-2061.00,Radiation Therapists,Licensed Practical and Licensed Vocational Nurses,8,0.2857,0.1667,0.2848,1
29-1213.00,29-2043.00,Dermatologists,Paramedics,4,0.2857,0.1667,0.2398,1
29-1229.04,29-1291.00,Physical Medicine and Rehabilitation Physicians,Acupuncturists,4,0.2857,0.1667,0.3097,1
29-1229.04,29-2043.00,Physical Medicine and Rehabilitation Physicians,Paramedics,4,0.2857,0.1667,0.2774,1
29-1229.04,29-2091.00,Physical Medicine and Rehabilitation Physicians,Orthotists and Prosthetists,4,0.2857,0.1667,0.2892,1
29-2043.00,29-2091.00,Paramedics,Orthotists and Prosthetists,4,0.2857,0.1667,0.2588,1
29-2053.00,29-2099.05,Psychiatric Technicians,Ophthalmic Medical Technologists,6,0.2857,0.1667,0.2896,1
29-2057.00,29-2091.00,Ophthalmic Medical Technicians,Orthotists and Prosthetists,4,0.2857,0.1667,0.347,1
29-1071.01,29-1129.02,Anesthesiologist Assistants,Music Therapists,6,0.2854,0.1622,0.2578,1
29-1122.01,29-1181.00,"Low Vision Therapists, Orientation and Mobility Specialists, and Vision Rehabilitation Therapists",Audiologists,6,0.2854,0.1622,0.2849,1
19-1021.00,19-4012.00,Biochemists and Biophysicists,Agricultural Technicians,5,0.2849,0.1613,0.2706,1
19-2031.00,19-4012.00,Chemists,Agricultural Technicians,5,0.2849,0.1613,0.2796,1
29-1122.00,29-1229.04,Occupational Therapists,Physical Medicine and Rehabilitation Physicians,5,0.2849,0.1613,0.3024,1
29-1122.00,29-2043.00,Occupational Therapists,Paramedics,5,0.2849,0.1613,0.2986,1
29-1141.02,29-1229.04,Advanced Practice Psychiatric Nurses,Physical Medicine and Rehabilitation Physicians,5,0.2849,0.1613,0.3219,1
29-1229.04,29-1243.00,Physical Medicine and Rehabilitation Physicians,Pediatric Surgeons,5,0.2849,0.1613,0.0,1
29-1243.00,29-1291.00,Pediatric Surgeons,Acupuncturists,5,0.2849,0.1613,0.0,1
29-1141.00,29-1151.00,Registered Nurses,Nurse Anesthetists,9,0.2847,0.1636,0.297,1
29-1141.00,29-9093.00,Registered Nurses,Surgical Assistants,9,0.2847,0.1636,0.2895,1
19-1029.01,19-1041.00,Bioinformatics Scientists,Epidemiologists,4,0.2843,0.16,0.2575,1
29-1141.03,29-9092.00,Critical Care Nurses,Genetic Counselors,8,0.2843,0.1633,0.2889,1
29-1214.00,29-1224.00,Emergency Medicine Physicians,Radiologists,7,0.2839,0.1591,0.2109,1
29-1222.00,29-1224.00,"Physicians, Pathologists",Radiologists,7,0.2839,0.1591,0.3204,1
17-2112.00,17-2199.06,Industrial Engineers,Microsystems Engineers,7,0.2837,0.1628,0.2908,1
17-2199.07,17-3026.00,Photonics Engineers,Industrial Engineering Technologists and Technicians,7,0.2837,0.1628,0.228,1
19-1013.00,19-2042.00,Soil and Plant Scientists,"Geoscientists, Except Hydrologists and Geographers",7,0.2837,0.1628,0.2909,1
29-1213.00,29-1224.00,Dermatologists,Radiologists,6,0.2835,0.15,0.2362,1
15-1253.00,15-1255.01,Software Quality Assurance Analysts and Testers,Video Game Designers,5,0.2831,0.1515,0.3058,1
29-2042.00,29-9092.00,Emergency Medical Technicians,Genetic Counselors,5,0.2831,0.1562,0.0,1
15-1212.00,15-1299.03,Information Security Analysts,Document Management Specialists,4,0.2828,0.1538,0.2845,1
15-1221.00,15-1299.02,Computer and Information Research Scientists,Geographic Information Systems Technologists and Technicians,6,0.2828,0.1622,0.2587,1
15-1243.00,15-1252.00,Database Architects,Software Developers,6,0.2828,0.1622,0.2773,1
15-1251.00,15-1299.02,Computer Programmers,Geographic Information Systems Technologists and Technicians,6,0.2828,0.1622,0.2826,1
17-2111.02,17-2151.00,Fire-Prevention and Protection Engineers,"Mining and Geological Engineers, Including Mining Safety Engineers",6,0.2828,0.1622,0.2654,1
17-2131.00,17-2141.00,Materials Engineers,Mechanical Engineers,8,0.2828,0.1633,0.2792,1
19-3091.00,19-3094.00,Anthropologists and Archeologists,Political Scientists,6,0.2828,0.1538,0.3277,1
19-4031.00,19-4043.00,Chemical Technicians,"Geological Technicians, Except Hydrologic Technicians",6,0.2828,0.1622,0.304,1
29-1128.00,29-1223.00,Exercise Physiologists,Psychiatrists,6,0.2828,0.1622,0.2901,1
29-1131.00,29-1223.00,Veterinarians,Psychiatrists,6,0.2828,0.1622,0.2907,1
29-1212.00,29-2099.01,Cardiologists,Neurodiagnostic Technologists,6,0.2828,0.1622,0.0,1
29-1122.00,29-1141.01,Occupational Therapists,Acute Care Nurses,7,0.282,0.1628,0.3014,1
29-1122.00,29-2034.00,Occupational Therapists,Radiologic Technologists and Technicians,7,0.282,0.1628,0.2919,1
29-1141.01,29-1216.00,Acute Care Nurses,General Internal Medicine Physicians,7,0.282,0.1628,0.3089,1
29-1141.01,29-1243.00,Acute Care Nurses,Pediatric Surgeons,7,0.282,0.1628,0.0,1
29-1181.00,29-9099.01,Audiologists,Midwives,8,0.2818,0.1633,0.2928,1
29-1299.01,29-1299.02,Naturopathic Physicians,Orthoptists,5,0.2817,0.1613,0.3277,1
29-1141.03,29-9099.01,Critical Care Nurses,Midwives,9,0.2814,0.1636,0.338,1
29-1011.00,29-2032.00,Chiropractors,Diagnostic Medical Sonographers,7,0.2811,0.1591,0.2891,1
17-2112.01,17-2199.05,Human Factors Engineers and Ergonomists,Mechatronics Engineers,6,0.281,0.1622,0.2642,1
17-2141.02,17-3026.01,Automotive Engineers,Nanotechnology Engineering Technologists and Technicians,6,0.281,0.1622,0.2782,1
19-1031.00,19-2041.00,Conservation Scientists,"Environmental Scientists and Specialists, Including Health",6,0.281,0.1622,0.2708,1
29-1211.00,29-2051.00,Anesthesiologists,Dietetic Technicians,6,0.281,0.1622,0.2502,1
17-2072.00,17-3027.00,"Electronics Engineers, Except Computer",Mechanical Engineering Technologists and Technicians,7,0.2809,0.1628,0.289,1
19-1029.04,19-2041.02,Biologists,Environmental Restoration Planners,7,0.2809,0.1628,0.294,1
29-1217.00,29-2031.00,Neurologists,Cardiovascular Technologists and Technicians,7,0.2809,0.1628,0.2792,1
17-2071.00,17-2121.00,Electrical Engineers,Marine Engineers and Naval Architects,8,0.2807,0.1633,0.2869,1
17-2112.03,17-2199.06,Manufacturing Engineers,Microsystems Engineers,8,0.2807,0.1633,0.2499,1
29-1127.00,29-9092.00,Speech-Language Pathologists,Genetic Counselors,7,0.2802,0.1628,0.268,1
15-1243.01,15-1255.00,Data Warehousing Specialists,Web and Digital Interface Designers,6,0.2801,0.1579,0.2673,1
17-3027.01,17-3029.01,Automotive Engineering Technicians,Non-Destructive Testing Specialists,4,0.2801,0.16,0.3168,1
19-2011.00,19-2021.00,Astronomers,Atmospheric and Space Scientists,6,0.2801,0.1579,0.2916,1
29-1122.01,29-1141.04,"Low Vision Therapists, Orientation and Mobility Specialists, and Vision Rehabilitation Therapists",Clinical Nurse Specialists,6,0.2801,0.1579,0.2603,1
29-1122.01,29-1171.00,"Low Vision Therapists, Orientation and Mobility Specialists, and Vision Rehabilitation Therapists",Nurse Practitioners,6,0.2801,0.1579,0.2625,1
17-2131.00,17-2151.00,Materials Engineers,"Mining and Geological Engineers, Including Mining Safety Engineers",7,0.28,0.1628,0.293,1
17-2031.00,17-2072.01,Bioengineers and Biomedical Engineers,Radio Frequency Identification Device Specialists,6,0.2798,0.1622,0.2558,1
17-2031.00,17-2161.00,Bioengineers and Biomedical Engineers,Nuclear Engineers,6,0.2798,0.1622,0.2294,1
17-2031.00,17-2199.08,Bioengineers and Biomedical Engineers,Robotics Engineers,6,0.2798,0.1622,0.2779,1
17-2072.00,17-2072.01,"Electronics Engineers, Except Computer",Radio Frequency Identification Device Specialists,6,0.2798,0.1622,0.2864,1
19-2041.02,19-4071.00,Environmental Restoration Planners,Forest and Conservation Technicians,6,0.2798,0.1622,0.2918,1
29-1011.00,29-1161.00,Chiropractors,Nurse Midwives,6,0.2798,0.1622,0.2988,1
29-1141.00,29-2034.00,Registered Nurses,Radiologic Technologists and Technicians,9,0.2796,0.1607,0.2909,1
29-1141.00,29-2061.00,Registered Nurses,Licensed Practical and Licensed Vocational Nurses,9,0.2796,0.1607,0.2932,1
19-3034.00,19-3041.00,School Psychologists,Sociologists,5,0.2795,0.1613,0.3056,1
15-1232.00,15-2051.02,Computer User Support Specialists,Clinical Data Managers,6,0.2791,0.1622,0.2284,1
19-3033.00,19-4061.00,Clinical and Counseling Psychologists,Social Science Research Assistants,6,0.2791,0.1622,0.2972,1
15-1299.05,15-1299.08,Information Security Engineers,Computer Systems Engineers/Architects,7,0.2789,0.1591,0.316,1
15-1299.08,15-2051.02,Computer Systems Engineers/Architects,Clinical Data Managers,7,0.2789,0.1591,0.2492,1
19-2043.00,19-3011.01,Hydrologists,Environmental Economists,7,0.2789,0.1591,0.3238,1
17-2199.11,17-3011.00,Solar Energy Systems Engineers,Architectural and Civil Drafters,5,0.2786,0.1562,0.3045,1
29-1161.00,29-1229.04,Nurse Midwives,Physical Medicine and Rehabilitation Physicians,5,0.2786,0.1562,0.2804,1
17-2071.00,17-3022.00,Electrical Engineers,Civil Engineering Technologists and Technicians,6,0.2785,0.1538,0.269,1
29-1129.01,29-1229.05,Art Therapists,Preventive Medicine Physicians,6,0.2785,0.1538,0.2728,1
17-2051.00,17-2112.01,Civil Engineers,Human Factors Engineers and Ergonomists,5,0.2782,0.1613,0.2864,1
17-2061.00,17-2112.02,Computer Hardware Engineers,Validation Engineers,5,0.2782,0.1613,0.2533,1
29-1071.00,29-9099.01,Physician Assistants,Midwives,6,0.2782,0.15,0.3184,1
29-1071.01,29-1214.00,Anesthesiologist Assistants,Emergency Medicine Physicians,5,0.2782,0.1613,0.2624,1
29-1122.01,29-1214.00,"Low Vision Therapists, Orientation and Mobility Specialists, and Vision Rehabilitation Therapists",Emergency Medicine Physicians,5,0.2782,0.1613,0.255,1
29-1122.01,29-2051.00,"Low Vision Therapists, Orientation and Mobility Specialists, and Vision Rehabilitation Therapists",Dietetic Technicians,5,0.2782,0.1613,0.26,1
19-3051.00,19-3092.00,Urban and Regional Planners,Geographers,4,0.278,0.1429,0.1622,1
15-1221.00,15-1251.00,Computer and Information Research Scientists,Computer Programmers,5,0.2778,0.1613,0.2441,1
15-1221.00,15-1252.00,Computer and Information Research Scientists,Software Developers,5,0.2778,0.1613,0.2623,1
15-1221.00,15-2031.00,Computer and Information Research Scientists,Operations Research Analysts,5,0.2778,0.1613,0.2755,1
19-2041.01,19-2041.03,Climate Change Policy Analysts,Industrial Ecologists,5,0.2778,0.1471,0.2788,1
29-1223.00,29-2099.01,Psychiatrists,Neurodiagnostic Technologists,5,0.2778,0.1613,0.2439,1
15-1211.00,15-1221.00,Computer Systems Analysts,Computer and Information Research Scientists,6,0.2774,0.1579,0.2935,1
15-1244.00,15-2031.00,Network and Computer Systems Administrators,Operations Research Analysts,6,0.2774,0.1579,0.2751,1
15-1253.00,15-2031.00,Software Quality Assurance Analysts and Testers,Operations Research Analysts,6,0.2774,0.1579,0.3033,1
19-3039.02,19-3041.00,Neuropsychologists,Sociologists,4,0.2774,0.16,0.2932,1
29-1022.00,29-1041.00,Oral and Maxillofacial Surgeons,Optometrists,3,0.2774,0.1579,0.2481,1
29-1022.00,29-2042.00,Oral and Maxillofacial Surgeons,Emergency Medical Technicians,3,0.2774,0.1579,0.0,1
29-1041.00,29-1229.03,Optometrists,Urologists,4,0.2774,0.16,0.2695,1
29-1125.00,29-1212.00,Recreational Therapists,Cardiologists,5,0.2774,0.1515,0.0,1
29-1129.02,29-1229.01,Music Therapists,Allergists and Immunologists,6,0.2774,0.1579,0.2598,1
29-1141.03,29-1224.00,Critical Care Nurses,Radiologists,9,0.277,0.1607,0.2774,1
19-1023.00,19-1029.01,Zoologists and Wildlife Biologists,Bioinformatics Scientists,4,0.2767,0.1538,0.2852,1
19-1029.01,19-3032.00,Bioinformatics Scientists,Industrial-Organizational Psychologists,4,0.2767,0.1538,0.246,1
29-1224.00,29-1242.00,Radiologists,"Orthopedic Surgeons, Except Pediatric",7,0.2767,0.1556,0.0,1
29-1224.00,29-2011.01,Radiologists,Cytogenetic Technologists,7,0.2767,0.1556,0.3486,1
29-1171.00,29-2032.00,Nurse Practitioners,Diagnostic Medical Sonographers,8,0.2765,0.16,0.2829,1
15-1212.00,15-1242.00,Information Security Analysts,Database Administrators,4,0.276,0.1481,0.3201,1
17-2112.00,17-3013.00,Industrial Engineers,Mechanical Drafters,4,0.276,0.1481,0.2498,1
29-1211.00,29-2056.00,Anesthesiologists,Veterinary Technologists and Technicians,8,0.276,0.1569,0.2913,1
29-1292.00,29-2057.00,Dental Hygienists,Ophthalmic Medical Technicians,4,0.276,0.16,0.3218,1
17-2071.00,17-3026.00,Electrical Engineers,Industrial Engineering Technologists and Technicians,8,0.2759,0.16,0.2699,1
17-2121.00,17-3011.00,Marine Engineers and Naval Architects,Architectural and Civil Drafters,7,0.2758,0.1591,0.2834,1
17-2141.01,17-3029.08,Fuel Cell Engineers,Photonics Technicians,7,0.2758,0.1591,0.2668,1
29-1217.00,29-2034.00,Neurologists,Radiologic Technologists and Technicians,7,0.2758,0.1591,0.2652,1
17-2151.00,17-3012.00,"Mining and Geological Engineers, Including Mining Safety Engineers",Electrical and Electronics Drafters,6,0.2753,0.1579,0.2348,1
17-3025.00,17-3026.01,Environmental Engineering Technologists and Technicians,Nanotechnology Engineering Technologists and Technicians,6,0.2753,0.1579,0.2653,1
29-1021.00,29-1212.00,"Dentists, General",Cardiologists,6,0.2753,0.1579,0.0,1
29-1212.00,29-2051.00,Cardiologists,Dietetic Technicians,6,0.2753,0.1579,0.0,1
17-2051.00,17-2112.03,Civil Engineers,Manufacturing Engineers,6,0.275,0.1538,0.2611,1
17-2061.00,17-2112.03,Computer Hardware Engineers,Manufacturing Engineers,6,0.275,0.1538,0.2768,1
17-2061.00,17-2141.01,Computer Hardware Engineers,Fuel Cell Engineers,6,0.275,0.1538,0.31,1
17-2061.00,17-3023.00,Computer Hardware Engineers,Electrical and Electronic Engineering Technologists and Technicians,6,0.275,0.1538,0.2477,1
29-1071.01,29-1124.00,Anesthesiologist Assistants,Radiation Therapists,6,0.275,0.1538,0.2637,1
29-1151.00,29-9092.00,Nurse Anesthetists,Genetic Counselors,7,0.275,0.1591,0.2759,1
29-2031.00,29-9092.00,Cardiovascular Technologists and Technicians,Genetic Counselors,7,0.275,0.1591,0.3033,1
15-1211.00,15-1299.02,Computer Systems Analysts,Geographic Information Systems Technologists and Technicians,7,0.2746,0.1591,0.2759,1
15-1243.00,15-1254.00,Database Architects,Web Developers,7,0.2746,0.1591,0.2882,1
17-2051.01,17-2131.00,Transportation Engineers,Materials Engineers,7,0.2746,0.1591,0.2988,1
29-1128.00,29-9091.00,Exercise Physiologists,Athletic Trainers,7,0.2746,0.1591,0.2488,1
29-1129.02,29-1212.00,Music Therapists,Cardiologists,7,0.2746,0.1591,0.0,1
29-2032.00,29-2053.00,Diagnostic Medical Sonographers,Psychiatric Technicians,7,0.2744,0.1556,0.2613,1
29-2033.00,29-2036.00,Nuclear Medicine Technologists,Medical Dosimetrists,7,0.2744,0.1556,0.3099,1
17-2041.00,17-2141.00,Chemical Engineers,Mechanical Engineers,6,0.2739,0.1463,0.2682,1
17-2072.01,17-2199.05,Radio Frequency Identification Device Specialists,Mechatronics Engineers,6,0.2739,0.1579,0.2852,1
19-1031.00,19-4071.00,Conservation Scientists,Forest and Conservation Technicians,6,0.2739,0.1579,0.2701,1
29-1011.00,29-9092.00,Chiropractors,Genetic Counselors,6,0.2739,0.1579,0.3233,1
29-1031.00,29-1229.05,Dietitians and Nutritionists,Preventive Medicine Physicians,6,0.2739,0.15,0.2542,1
29-1224.00,29-1299.02,Radiologists,Orthoptists,6,0.2739,0.1463,0.3405,1
29-2011.01,29-9092.00,Cytogenetic Technologists,Genetic Counselors,6,0.2739,0.1579,0.252,1
29-1141.00,29-2042.00,Registered Nurses,Emergency Medical Technicians,6,0.2736,0.1364,0.0,1
17-2051.02,17-3011.00,Water/Wastewater Engineers,Architectural and Civil Drafters,6,0.273,0.1579,0.29,1
19-1013.00,19-2041.02,Soil and Plant Scientists,Environmental Restoration Planners,6,0.273,0.1579,0.2673,1
29-1217.00,29-2099.05,Neurologists,Ophthalmic Medical Technologists,6,0.273,0.1579,0.3051,1
19-1013.00,19-1031.02,Soil and Plant Scientists,Range Managers,5,0.2728,0.1562,0.283,1
19-4013.00,19-4099.01,Food Science Technicians,Quality Control Analysts,5,0.2728,0.1515,0.3151,1
29-1023.00,29-1141.01,Orthodontists,Acute Care Nurses,5,0.2728,0.1429,0.2855,1
29-1211.00,29-2091.00,Anesthesiologists,Orthotists and Prosthetists,5,0.2728,0.1515,0.2697,1
29-1218.00,29-1229.02,Obstetricians and Gynecologists,Hospitalists,5,0.2728,0.1562,0.3011,1
29-1218.00,29-1229.05,Obstetricians and Gynecologists,Preventive Medicine Physicians,5,0.2728,0.1562,0.2373,1
29-1229.03,29-2033.00,Urologists,Nuclear Medicine Technologists,5,0.2728,0.1562,0.2549,1
29-2011.00,29-2033.00,Medical and Clinical Laboratory Technologists,Nuclear Medicine Technologists,5,0.2728,0.1562,0.2369,1
29-2091.00,29-9092.00,Orthotists and Prosthetists,Genetic Counselors,5,0.2728,0.1515,0.2537,1
29-1122.00,29-1141.02,Occupational Therapists,Advanced Practice Psychiatric Nurses,6,0.2727,0.1579,0.3345,1
19-3033.00,19-3091.00,Clinical and Counseling Psychologists,Anthropologists and Archeologists,7,0.2725,0.1556,0.2832,1
15-1251.00,15-1255.01,Computer Programmers,Video Game Designers,4,0.2722,0.1538,0.2787,1
17-2021.00,17-2081.00,Agricultural Engineers,Environmental Engineers,6,0.2722,0.1538,0.2824,1
19-2099.01,19-3092.00,Remote Sensing Scientists and Technologists,Geographers,4,0.2722,0.1379,0.2812,1
29-1123.00,29-1223.00,Physical Therapists,Psychiatrists,6,0.2722,0.1538,0.29,1
29-1141.04,29-2099.01,Clinical Nurse Specialists,Neurodiagnostic Technologists,6,0.2722,0.1538,0.246,1
29-1151.00,29-1215.00,Nurse Anesthetists,Family Medicine Physicians,6,0.2722,0.1538,0.2657,1
29-1215.00,29-2031.00,Family Medicine Physicians,Cardiovascular Technologists and Technicians,6,0.2722,0.1538,0.2702,1
29-1041.00,29-1181.00,Optometrists,Audiologists,5,0.272,0.1471,0.2881,1
29-1125.00,29-1127.00,Recreational Therapists,Speech-Language Pathologists,5,0.272,0.1471,0.3116,1
29-1125.00,29-1181.00,Recreational Therapists,Audiologists,5,0.272,0.1471,0.2908,1
29-2042.00,29-9091.00,Emergency Medical Technicians,Athletic Trainers,5,0.272,0.1471,0.0,1
29-2061.00,29-9099.01,Licensed Practical and Licensed Vocational Nurses,Midwives,8,0.2715,0.1569,0.2853,1
17-2011.00,17-2199.08,Aerospace Engineers,Robotics Engineers,5,0.2712,0.1562,0.3142,1
17-2061.00,17-2161.00,Computer Hardware Engineers,Nuclear Engineers,5,0.2712,0.1562,0.272,1
19-1029.03,19-2011.00,Geneticists,Astronomers,5,0.2712,0.1562,0.2779,1
19-1029.03,19-3022.00,Geneticists,Survey Researchers,5,0.2712,0.1562,0.2798,1
19-2042.00,19-2043.00,"Geoscientists, Except Hydrologists and Geographers",Hydrologists,8,0.2712,0.1569,0.2932,1
19-2043.00,19-4042.00,Hydrologists,"Environmental Science and Protection Technicians, Including Health",8,0.2712,0.1569,0.2874,1
17-2031.00,17-2199.06,Bioengineers and Biomedical Engineers,Microsystems Engineers,7,0.271,0.1556,0.2809,1
19-2041.02,19-4042.00,Environmental Restoration Planners,"Environmental Science and Protection Technicians, Including Health",7,0.271,0.1556,0.251,1
15-1241.00,15-1299.02,Computer Network Architects,Geographic Information Systems Technologists and Technicians,8,0.2704,0.1538,0.2395,1
17-2021.00,17-2112.02,Agricultural Engineers,Validation Engineers,5,0.2704,0.1562,0.2566,1
17-2112.01,17-3024.01,Human Factors Engineers and Ergonomists,Robotics Technicians,5,0.2704,0.1562,0.238,1
17-3024.01,17-3026.01,Robotics Technicians,Nanotechnology Engineering Technologists and Technicians,5,0.2704,0.1562,0.2753,1
29-1131.00,29-2056.00,Veterinarians,Veterinary Technologists and Technicians,8,0.2704,0.1538,0.2562,1
29-1214.00,29-1223.00,Emergency Medicine Physicians,Psychiatrists,5,0.2704,0.1562,0.2891,1
29-1222.00,29-2099.01,"Physicians, Pathologists",Neurodiagnostic Technologists,5,0.2704,0.1562,0.2421,1
29-2035.00,29-2056.00,Magnetic Resonance Imaging Technologists,Veterinary Technologists and Technicians,8,0.2704,0.1538,0.2464,1
17-2061.00,17-2199.06,Computer Hardware Engineers,Microsystems Engineers,6,0.2702,0.15,0.2539,1
17-3024.00,17-3027.01,Electro-Mechanical and Mechatronics Technologists and Technicians,Automotive Engineering Technicians,6,0.2702,0.15,0.3399,1
17-3026.00,17-3027.01,Industrial Engineering Technologists and Technicians,Automotive Engineering Technicians,6,0.2702,0.15,0.2612,1
15-1211.00,15-1211.01,Computer Systems Analysts,Health Informatics Specialists,6,0.27,0.1538,0.2433,1
15-1211.01,15-1253.00,Health Informatics Specialists,Software Quality Assurance Analysts and Testers,6,0.27,0.1538,0.2166,1
15-1211.01,15-1254.00,Health Informatics Specialists,Web Developers,6,0.27,0.1538,0.1432,1
17-2051.02,17-2141.00,Water/Wastewater Engineers,Mechanical Engineers,7,0.27,0.1522,0.281,1
17-2112.03,17-2141.02,Manufacturing Engineers,Automotive Engineers,7,0.27,0.1556,0.2679,1
17-2121.00,17-2141.02,Marine Engineers and Naval Architects,Automotive Engineers,7,0.27,0.1556,0.2767,1
29-1129.02,29-1222.00,Music Therapists,"Physicians, Pathologists",6,0.27,0.1538,0.2554,1
29-1181.00,29-2051.00,Audiologists,Dietetic Technicians,6,0.27,0.1538,0.2429,1
29-1224.00,29-2099.05,Radiologists,Ophthalmic Medical Technologists,7,0.27,0.1522,0.3082,1
29-2034.00,29-9092.00,Radiologic Technologists and Technicians,Genetic Counselors,7,0.27,0.1556,0.2944,1
29-2051.00,29-9091.00,Dietetic Technicians,Athletic Trainers,6,0.27,0.1538,0.2715,1
19-1029.01,19-4099.03,Bioinformatics Scientists,Remote Sensing Technicians,4,0.2697,0.1481,0.2966,1
11-9041.00,11-9111.00,Architectural and Engineering Managers,Medical and Health Services Managers,7,0.2694,0.1556,0.2709,1
17-2081.00,17-2111.00,Environmental Engineers,"Health and Safety Engineers, Except Mining Safety Engineers and Inspectors",7,0.2694,0.1556,0.288,1
17-2081.00,17-3025.00,Environmental Engineers,Environmental Engineering Technologists and Technicians,7,0.2694,0.1556,0.1998,1
17-3025.00,17-3027.00,Environmental Engineering Technologists and Technicians,Mechanical Engineering Technologists and Technicians,7,0.2694,0.1556,0.3016,1
29-1081.00,29-9099.01,Podiatrists,Midwives,6,0.2694,0.1463,0.2625,1
29-1126.00,29-1128.00,Respiratory Therapists,Exercise Physiologists,7,0.2694,0.1556,0.2991,1
29-1126.00,29-2035.00,Respiratory Therapists,Magnetic Resonance Imaging Technologists,7,0.2694,0.1556,0.2623,1
29-1229.03,29-2032.00,Urologists,Diagnostic Medical Sonographers,6,0.2694,0.1463,0.2723,1
17-1012.00,17-2031.00,Landscape Architects,Bioengineers and Biomedical Engineers,5,0.2692,0.1515,0.233,1
17-3021.00,17-3029.08,Aerospace Engineering and Operations Technologists and Technicians,Photonics Technicians,5,0.2692,0.1515,0.2707,1
29-1221.00,29-1299.02,"Pediatricians, General",Orthoptists,5,0.2692,0.1515,0.2843,1
17-2171.00,17-2199.08,Petroleum Engineers,Robotics Engineers,6,0.2683,0.1538,0.2622,1
19-4043.00,19-4071.00,"Geological Technicians, Except Hydrologic Technicians",Forest and Conservation Technicians,6,0.2683,0.1538,0.1786,1
29-1011.00,29-1212.00,Chiropractors,Cardiologists,6,0.2683,0.1538,0.0,1
17-3024.00,17-3029.01,Electro-Mechanical and Mechatronics Technologists and Technicians,Non-Destructive Testing Specialists,5,0.268,0.1389,0.3019,1
29-1122.00,29-9099.01,Occupational Therapists,Midwives,7,0.268,0.1522,0.2824,1
29-1141.03,29-1141.04,Critical Care Nurses,Clinical Nurse Specialists,8,0.268,0.1538,0.2732,1
29-1243.00,29-2032.00,Pediatric Surgeons,Diagnostic Medical Sonographers,7,0.268,0.1522,0.0,1
15-1243.00,15-1299.07,Database Architects,Blockchain Engineers,5,0.2673,0.1471,0.2504,1
15-1299.02,15-2021.00,Geographic Information Systems Technologists and Technicians,Mathematicians,5,0.2673,0.1471,0.293,1
17-2021.00,17-2121.00,Agricultural Engineers,Marine Engineers and Naval Architects,6,0.2673,0.15,0.2638,1
17-2051.02,17-2199.05,Water/Wastewater Engineers,Mechatronics Engineers,6,0.2673,0.1538,0.297,1
17-2112.00,17-2199.05,Industrial Engineers,Mechatronics Engineers,6,0.2673,0.1538,0.26,1
17-2131.00,17-2199.11,Materials Engineers,Solar Energy Systems Engineers,5,0.2673,0.1471,0.3108,1
17-2141.02,17-2199.09,Automotive Engineers,Nanosystems Engineers,6,0.2673,0.1538,0.288,1
17-2199.05,17-2199.07,Mechatronics Engineers,Photonics Engineers,6,0.2673,0.1538,0.2472,1
17-2199.05,17-2199.09,Mechatronics Engineers,Nanosystems Engineers,6,0.2673,0.1538,0.2965,1
19-1013.00,19-1031.00,Soil and Plant Scientists,Conservation Scientists,6,0.2673,0.1538,0.2788,1
19-1013.00,19-1032.00,Soil and Plant Scientists,Foresters,6,0.2673,0.1538,0.2455,1
19-3011.00,19-3092.00,Economists,Geographers,3,0.2673,0.15,0.2349,1
19-4013.00,19-4051.02,Food Science Technicians,Nuclear Monitoring Technicians,4,0.2673,0.1538,0.2581,1
29-1022.00,29-1213.00,Oral and Maxillofacial Surgeons,Dermatologists,3,0.2673,0.15,0.2361,1
29-1022.00,29-1229.04,Oral and Maxillofacial Surgeons,Physical Medicine and Rehabilitation Physicians,3,0.2673,0.15,0.2559,1
29-1022.00,29-2043.00,Oral and Maxillofacial Surgeons,Paramedics,3,0.2673,0.15,0.2919,1
29-1081.00,29-1229.04,Podiatrists,Physical Medicine and Rehabilitation Physicians,4,0.2673,0.1538,0.2947,1
29-1124.00,29-2099.01,Radiation Therapists,Neurodiagnostic Technologists,6,0.2673,0.15,0.2749,1
29-1131.00,29-2091.00,Veterinarians,Orthotists and Prosthetists,5,0.2673,0.1471,0.2501,1
29-1212.00,29-2043.00,Cardiologists,Paramedics,5,0.2673,0.1471,0.0,1
29-1215.00,29-2034.00,Family Medicine Physicians,Radiologic Technologists and Technicians,6,0.2673,0.15,0.2584,1
29-1229.03,29-1229.04,Urologists,Physical Medicine and Rehabilitation Physicians,4,0.2673,0.1538,0.2617,1
29-1229.03,29-2043.00,Urologists,Paramedics,4,0.2673,0.1538,0.2532,1
29-1229.05,29-2091.00,Preventive Medicine Physicians,Orthotists and Prosthetists,4,0.2673,0.1538,0.2215,1
29-2061.00,29-2099.01,Licensed Practical and Licensed Vocational Nurses,Neurodiagnostic Technologists,6,0.2673,0.15,0.2805,1
29-1123.00,29-1125.00,Physical Therapists,Recreational Therapists,5,0.2669,0.1429,0.2993,1
29-1125.00,29-1171.00,Recreational Therapists,Nurse Practitioners,5,0.2669,0.1429,0.2735,1
29-1126.00,29-2011.02,Respiratory Therapists,Cytotechnologists,5,0.2669,0.1429,0.2738,1
29-2042.00,29-9093.00,Emergency Medical Technicians,Surgical Assistants,5,0.2669,0.1429,0.0,1
19-3092.00,19-4043.00,Geographers,"Geological Technicians, Except Hydrologic Technicians",4,0.2667,0.1333,0.227,1
29-1122.00,29-1161.00,Occupational Therapists,Nurse Midwives,6,0.2667,0.1538,0.2539,1
29-1141.02,29-1229.03,Advanced Practice Psychiatric Nurses,Urologists,5,0.2665,0.1515,0.2943,1
29-1216.00,29-1229.05,General Internal Medicine Physicians,Preventive Medicine Physicians,5,0.2665,0.1515,0.23,1
29-1141.03,29-2099.05,Critical Care Nurses,Ophthalmic Medical Technologists,7,0.2659,0.1489,0.2614,1
17-2071.00,17-2199.05,Electrical Engineers,Mechatronics Engineers,7,0.2653,0.1522,0.2418,1
17-2141.02,17-2199.06,Automotive Engineers,Microsystems Engineers,7,0.2653,0.1522,0.312,1
29-1129.01,29-9092.00,Art Therapists,Genetic Counselors,7,0.2653,0.1522,0.3337,1
15-1241.00,15-1253.00,Computer Network Architects,Software Quality Assurance Analysts and Testers,8,0.2652,0.1509,0.2579,1
17-2081.00,17-2112.01,Environmental Engineers,Human Factors Engineers and Ergonomists,6,0.2649,0.15,0.2728,1
17-3026.01,17-3029.01,Nanotechnology Engineering Technologists and Technicians,Non-Destructive Testing Specialists,4,0.2649,0.1481,0.2592,1
19-1029.04,19-1042.00,Biologists,"Medical Scientists, Except Epidemiologists",6,0.2649,0.15,0.2317,1
19-2041.00,19-2041.01,"Environmental Scientists and Specialists, Including Health",Climate Change Policy Analysts,4,0.2649,0.1481,0.2861,1
29-1021.00,29-1151.00,"Dentists, General",Nurse Anesthetists,6,0.2649,0.15,0.2762,1
29-1126.00,29-2055.00,Respiratory Therapists,Surgical Technologists,6,0.2649,0.15,0.2439,1
29-1141.04,29-2051.00,Clinical Nurse Specialists,Dietetic Technicians,6,0.2649,0.15,0.2601,1
29-1151.00,29-1241.00,Nurse Anesthetists,"Ophthalmologists, Except Pediatric",6,0.2649,0.15,0.2552,1
15-1241.01,15-1243.00,Telecommunications Engineering Specialists,Database Architects,7,0.2646,0.1522,0.289,1
15-1241.01,15-1299.02,Telecommunications Engineering Specialists,Geographic Information Systems Technologists and Technicians,7,0.2646,0.1522,0.2603,1
15-1243.01,15-2051.02,Data Warehousing Specialists,Clinical Data Managers,5,0.2646,0.1515,0.3038,1
17-1011.00,17-2051.02,"Architects, Except Landscape and Naval",Water/Wastewater Engineers,5,0.2646,0.1515,0.2412,1
17-1011.00,17-2112.00,"Architects, Except Landscape and Naval",Industrial Engineers,5,0.2646,0.1515,0.2702,1
17-2061.00,17-2199.07,Computer Hardware Engineers,Photonics Engineers,5,0.2646,0.1515,0.3419,1
17-2061.00,17-2199.09,Computer Hardware Engineers,Nanosystems Engineers,5,0.2646,0.1515,0.2966,1
17-2112.03,17-2131.00,Manufacturing Engineers,Materials Engineers,7,0.2646,0.1522,0.2806,1
17-2112.03,17-2151.00,Manufacturing Engineers,"Mining and Geological Engineers, Including Mining Safety Engineers",7,0.2646,0.1522,0.281,1
17-2121.00,17-3025.00,Marine Engineers and Naval Architects,Environmental Engineering Technologists and Technicians,7,0.2646,0.1522,0.2527,1
29-1124.00,29-1212.00,Radiation Therapists,Cardiologists,7,0.2646,0.1522,0.0,1
29-1128.00,29-2061.00,Exercise Physiologists,Licensed Practical and Licensed Vocational Nurses,7,0.2646,0.1522,0.2795,1
29-1131.00,29-1229.06,Veterinarians,Sports Medicine Physicians,7,0.2646,0.1522,0.2965,1
29-1123.00,29-9091.00,Physical Therapists,Athletic Trainers,7,0.2642,0.1522,0.2788,1
29-1129.02,29-1151.00,Music Therapists,Nurse Anesthetists,7,0.2642,0.1522,0.2616,1
29-1141.02,29-1224.00,Advanced Practice Psychiatric Nurses,Radiologists,7,0.2638,0.1489,0.3008,1
29-1141.00,29-2043.00,Registered Nurses,Paramedics,6,0.2636,0.1333,0.2799,1
17-2021.00,17-2161.00,Agricultural Engineers,Nuclear Engineers,5,0.2635,0.1515,0.2335,1
17-2041.00,17-2141.02,Chemical Engineers,Automotive Engineers,5,0.2635,0.1471,0.2516,1
17-2041.00,17-2199.05,Chemical Engineers,Mechatronics Engineers,5,0.2635,0.1471,0.24,1
19-1029.03,19-4031.00,Geneticists,Chemical Technicians,5,0.2635,0.1515,0.2657,1
29-1011.00,29-1229.01,Chiropractors,Allergists and Immunologists,5,0.2635,0.1515,0.2982,1
17-2112.02,17-3012.00,Validation Engineers,Electrical and Electronics Drafters,5,0.2632,0.1515,0.2789,1
17-3012.00,17-3031.00,Electrical and Electronics Drafters,Surveying and Mapping Technicians,5,0.2632,0.1515,0.2649,1
19-1029.01,19-4061.00,Bioinformatics Scientists,Social Science Research Assistants,4,0.2632,0.1429,0.2723,1
29-1214.00,29-2051.00,Emergency Medicine Physicians,Dietetic Technicians,5,0.2632,0.1515,0.2627,1
29-1222.00,29-1241.00,"Physicians, Pathologists","Ophthalmologists, Except Pediatric",5,0.2632,0.1515,0.2281,1
29-1241.00,29-2051.00,"Ophthalmologists, Except Pediatric",Dietetic Technicians,5,0.2632,0.1515,0.2053,1
15-1253.00,15-1299.03,Software Quality Assurance Analysts and Testers,Document Management Specialists,6,0.2631,0.15,0.2241,1
17-2051.01,17-2161.00,Transportation Engineers,Nuclear Engineers,6,0.2631,0.15,0.2628,1
29-1011.00,29-1181.00,Chiropractors,Audiologists,6,0.2631,0.15,0.2871,1
29-1127.00,29-1242.00,Speech-Language Pathologists,"Orthopedic Surgeons, Except Pediatric",6,0.2631,0.15,0.0,1
17-2141.00,17-3026.00,Mechanical Engineers,Industrial Engineering Technologists and Technicians,8,0.2626,0.1509,0.2714,1
29-1051.00,29-1229.01,Pharmacists,Allergists and Immunologists,6,0.2626,0.1463,0.2741,1
29-1129.01,29-1224.00,Art Therapists,Radiologists,8,0.2626,0.1509,0.3199,1
15-1254.00,15-1299.07,Web Developers,Blockchain Engineers,5,0.2621,0.1429,0.1723,1
17-1022.01,17-2112.03,Geodetic Surveyors,Manufacturing Engineers,5,0.2621,0.1389,0.2469,1
29-1125.00,29-2034.00,Recreational Therapists,Radiologic Technologists and Technicians,5,0.2621,0.1389,0.2607,1
29-1127.00,29-1213.00,Speech-Language Pathologists,Dermatologists,5,0.2621,0.1429,0.2048,1
29-1127.00,29-2043.00,Speech-Language Pathologists,Paramedics,5,0.2621,0.1429,0.2881,1
29-1129.02,29-2091.00,Music Therapists,Orthotists and Prosthetists,5,0.2621,0.1429,0.2414,1
29-1181.00,29-1229.04,Audiologists,Physical Medicine and Rehabilitation Physicians,5,0.2621,0.1429,0.2869,1
29-1229.06,29-2042.00,Sports Medicine Physicians,Emergency Medical Technicians,5,0.2621,0.1389,0.0,1
29-2034.00,29-2042.00,Radiologic Technologists and Technicians,Emergency Medical Technicians,5,0.2621,0.1389,0.0,1
29-2043.00,29-9091.00,Paramedics,Athletic Trainers,5,0.2621,0.1429,0.2825,1
15-1243.00,15-2051.02,Database Architects,Clinical Data Managers,6,0.2619,0.15,0.2779,1
17-2112.00,17-2131.00,Industrial Engineers,Materials Engineers,6,0.2619,0.15,0.2883,1
29-1212.00,29-2099.05,Cardiologists,Ophthalmic Medical Technologists,6,0.2619,0.15,0.0,1
29-2035.00,29-2053.00,Magnetic Resonance Imaging Technologists,Psychiatric Technicians,6,0.2619,0.15,0.2492,1
29-2035.00,29-2099.05,Magnetic Resonance Imaging Technologists,Ophthalmic Medical Technologists,6,0.2619,0.15,0.2729,1
29-1141.00,29-1224.00,Registered Nurses,Radiologists,9,0.2616,0.15,0.1992,1
29-1022.00,29-1129.02,Oral and Maxillofacial Surgeons,Music Therapists,4,0.2615,0.129,0.2361,1
29-2011.02,29-2099.01,Cytotechnologists,Neurodiagnostic Technologists,4,0.2615,0.1481,0.2266,1
29-1122.00,29-9092.00,Occupational Therapists,Genetic Counselors,6,0.2611,0.15,0.2709,1
17-2031.00,17-2072.00,Bioengineers and Biomedical Engineers,"Electronics Engineers, Except Computer",6,0.2609,0.15,0.2622,1
29-1031.00,29-9092.00,Dietitians and Nutritionists,Genetic Counselors,7,0.2609,0.1489,0.1807,1
17-2072.00,17-3022.00,"Electronics Engineers, Except Computer",Civil Engineering Technologists and Technicians,5,0.2606,0.1471,0.2384,1
29-1081.00,29-1221.00,Podiatrists,"Pediatricians, General",5,0.2606,0.1471,0.2934,1
29-1221.00,29-1229.02,"Pediatricians, General",Hospitalists,5,0.2606,0.1471,0.2998,1
29-1221.00,29-1229.05,"Pediatricians, General",Preventive Medicine Physicians,5,0.2606,0.1471,0.2506,1
15-1211.01,15-1241.01,Health Informatics Specialists,Telecommunications Engineering Specialists,6,0.2601,0.1463,0.2323,1
17-2112.01,17-2141.01,Human Factors Engineers and Ergonomists,Fuel Cell Engineers,6,0.2601,0.1463,0.244,1
17-2112.02,17-2141.01,Validation Engineers,Fuel Cell Engineers,6,0.2601,0.1463,0.286,1
17-2121.00,17-3012.00,Marine Engineers and Naval Architects,Electrical and Electronics Drafters,6,0.2601,0.1463,0.233,1
17-2121.00,17-3026.01,Marine Engineers and Naval Architects,Nanotechnology Engineering Technologists and Technicians,6,0.2601,0.1463,0.2576,1
29-1021.00,29-1124.00,"Dentists, General",Radiation Therapists,6,0.2601,0.1463,0.2741,1
29-1141.01,29-1222.00,Acute Care Nurses,"Physicians, Pathologists",6,0.2601,0.1463,0.2674,1
29-1141.01,29-2051.00,Acute Care Nurses,Dietetic Technicians,6,0.2601,0.1463,0.249,1
29-2034.00,29-2055.00,Radiologic Technologists and Technicians,Surgical Technologists,6,0.2601,0.1463,0.2527,1
17-2071.00,17-2131.00,Electrical Engineers,Materials Engineers,7,0.26,0.1489,0.2442,1
17-2131.00,17-2199.06,Materials Engineers,Microsystems Engineers,7,0.26,0.1489,0.2674,1
29-1122.00,29-1141.03,Occupational Therapists,Critical Care Nurses,7,0.2598,0.1458,0.2768,1
29-1124.00,29-1181.00,Radiation Therapists,Audiologists,7,0.2594,0.1489,0.2618,1
29-1127.00,29-1141.01,Speech-Language Pathologists,Acute Care Nurses,7,0.2594,0.1489,0.2783,1
29-1129.02,29-1229.06,Music Therapists,Sports Medicine Physicians,7,0.2594,0.1489,0.2458,1
29-1129.02,29-2034.00,Music Therapists,Radiologic Technologists and Technicians,7,0.2594,0.1489,0.249,1
29-2034.00,29-9091.00,Radiologic Technologists and Technicians,Athletic Trainers,7,0.2594,0.1489,0.2697,1
29-2061.00,29-9091.00,Licensed Practical and Licensed Vocational Nurses,Athletic Trainers,7,0.2594,0.1489,0.2609,1
15-1243.01,15-1299.07,Data Warehousing Specialists,Blockchain Engineers,4,0.2593,0.1481,0.241,1
15-1299.07,15-2041.00,Blockchain Engineers,Statisticians,4,0.2593,0.1481,0.1874,1
19-1029.04,19-2021.00,Biologists,Atmospheric and Space Scientists,7,0.2593,0.1489,0.2694,1
29-1071.01,29-1229.04,Anesthesiologist Assistants,Physical Medicine and Rehabilitation Physicians,4,0.2593,0.1481,0.2476,1
29-1122.01,29-1213.00,"Low Vision Therapists, Orientation and Mobility Specialists, and Vision Rehabilitation Therapists",Dermatologists,4,0.2593,0.1481,0.2097,1
29-1122.01,29-1229.04,"Low Vision Therapists, Orientation and Mobility Specialists, and Vision Rehabilitation Therapists",Physical Medicine and Rehabilitation Physicians,4,0.2593,0.1481,0.2583,1
29-1122.01,29-2043.00,"Low Vision Therapists, Orientation and Mobility Specialists, and Vision Rehabilitation Therapists",Paramedics,4,0.2593,0.1481,0.2395,1
29-1123.00,29-1171.00,Physical Therapists,Nurse Practitioners,7,0.2593,0.1489,0.2929,1
15-1241.00,15-2051.02,Computer Network Architects,Clinical Data Managers,7,0.2582,0.1429,0.2281,1
15-1251.00,15-1299.08,Computer Programmers,Computer Systems Engineers/Architects,6,0.2582,0.1429,0.2335,1
17-1012.00,17-3022.00,Landscape Architects,Civil Engineering Technologists and Technicians,4,0.2582,0.1481,0.2848,1
17-2041.00,17-2131.00,Chemical Engineers,Materials Engineers,5,0.2582,0.1429,0.2238,1
17-2161.00,17-2199.10,Nuclear Engineers,Wind Energy Engineers,4,0.2582,0.1429,0.2668,1
17-2199.05,17-3013.00,Mechatronics Engineers,Mechanical Drafters,4,0.2582,0.1333,0.2702,1
19-1029.03,19-1029.04,Geneticists,Biologists,6,0.2582,0.1463,0.2433,1
19-3039.03,19-3041.00,Clinical Neuropsychologists,Sociologists,4,0.2582,0.1481,0.2736,1
29-1011.00,29-1151.00,Chiropractors,Nurse Anesthetists,6,0.2582,0.1463,0.2649,1
29-1031.00,29-1215.00,Dietitians and Nutritionists,Family Medicine Physicians,6,0.2582,0.1429,0.2445,1
29-1071.00,29-1131.00,Physician Assistants,Veterinarians,5,0.2582,0.1429,0.2993,1
29-1081.00,29-1299.02,Podiatrists,Orthoptists,4,0.2582,0.1481,0.322,1
29-1123.00,29-1242.00,Physical Therapists,"Orthopedic Surgeons, Except Pediatric",6,0.2582,0.1463,0.0,1
29-1131.00,29-1299.02,Veterinarians,Orthoptists,5,0.2582,0.1429,0.2539,1
29-1229.05,29-1299.02,Preventive Medicine Physicians,Orthoptists,4,0.2582,0.1481,0.2049,1
29-1242.00,29-2031.00,"Orthopedic Surgeons, Except Pediatric",Cardiovascular Technologists and Technicians,6,0.2582,0.1463,0.0,1
29-2033.00,29-2056.00,Nuclear Medicine Technologists,Veterinary Technologists and Technicians,7,0.2582,0.1429,0.2497,1
29-2032.00,29-9099.01,Diagnostic Medical Sonographers,Midwives,8,0.2581,0.1481,0.2715,1
29-1221.00,29-1224.00,"Pediatricians, General",Radiologists,7,0.258,0.1458,0.1868,1
29-1127.00,29-1141.00,Speech-Language Pathologists,Registered Nurses,8,0.2579,0.1455,0.2583,1
29-1129.02,29-1141.00,Music Therapists,Registered Nurses,8,0.2579,0.1455,0.2333,1
29-1041.00,29-1051.00,Optometrists,Pharmacists,5,0.2575,0.1351,0.2813,1
15-1242.00,15-1251.00,Database Administrators,Computer Programmers,5,0.2572,0.1471,0.2752,1
15-1242.00,15-1252.00,Database Administrators,Software Developers,5,0.2572,0.1471,0.2623,1
15-1252.00,15-2051.02,Software Developers,Clinical Data Managers,5,0.2572,0.1471,0.2437,1
15-1299.09,15-2041.01,Information Technology Project Managers,Biostatisticians,5,0.2572,0.1471,0.2522,1
29-1071.01,29-1224.00,Anesthesiologist Assistants,Radiologists,6,0.2572,0.1395,0.1943,1
29-1123.00,29-1229.04,Physical Therapists,Physical Medicine and Rehabilitation Physicians,5,0.2572,0.1389,0.2799,1
29-1123.00,29-1291.00,Physical Therapists,Acupuncturists,5,0.2572,0.1389,0.2823,1
29-1151.00,29-1229.04,Nurse Anesthetists,Physical Medicine and Rehabilitation Physicians,5,0.2572,0.1389,0.256,1
29-1151.00,29-1291.00,Nurse Anesthetists,Acupuncturists,5,0.2572,0.1389,0.2497,1
29-1151.00,29-2057.00,Nurse Anesthetists,Ophthalmic Medical Technicians,5,0.2572,0.1389,0.2635,1
29-1223.00,29-2053.00,Psychiatrists,Psychiatric Technicians,5,0.2572,0.1471,0.2832,1
29-2031.00,29-2057.00,Cardiovascular Technologists and Technicians,Ophthalmic Medical Technicians,5,0.2572,0.1389,0.2931,1
29-2043.00,29-9093.00,Paramedics,Surgical Assistants,5,0.2572,0.1389,0.2715,1
29-2052.00,29-2081.00,Pharmacy Technicians,"Opticians, Dispensing",5,0.2572,0.1471,0.2586,1
29-2081.00,29-2099.05,"Opticians, Dispensing",Ophthalmic Medical Technologists,5,0.2572,0.1471,0.2678,1
29-1127.00,29-1218.00,Speech-Language Pathologists,Obstetricians and Gynecologists,6,0.2568,0.1463,0.2533,1
29-1129.02,29-1218.00,Music Therapists,Obstetricians and Gynecologists,6,0.2568,0.1463,0.2476,1
29-1129.02,29-2053.00,Music Therapists,Psychiatric Technicians,6,0.2568,0.1463,0.2716,1
29-1181.00,29-1299.01,Audiologists,Naturopathic Physicians,6,0.2568,0.1463,0.2995,1
29-1022.00,29-1141.04,Oral and Maxillofacial Surgeons,Clinical Nurse Specialists,4,0.2566,0.125,0.2683,1
29-1022.00,29-1151.00,Oral and Maxillofacial Surgeons,Nurse Anesthetists,4,0.2566,0.125,0.2794,1
29-1022.00,29-1171.00,Oral and Maxillofacial Surgeons,Nurse Practitioners,4,0.2566,0.125,0.2542,1
29-1022.00,29-9093.00,Oral and Maxillofacial Surgeons,Surgical Assistants,4,0.2566,0.125,0.2673,1
17-2072.01,17-2112.02,Radio Frequency Identification Device Specialists,Validation Engineers,5,0.2565,0.1471,0.2266,1
17-2072.01,17-3012.00,Radio Frequency Identification Device Specialists,Electrical and Electronics Drafters,5,0.2565,0.1471,0.2016,1
17-2112.02,17-2161.00,Validation Engineers,Nuclear Engineers,5,0.2565,0.1471,0.2542,1
29-1242.00,29-2055.00,"Orthopedic Surgeons, Except Pediatric",Surgical Technologists,5,0.2565,0.1471,0.0,1
17-2112.02,17-2199.06,Validation Engineers,Microsystems Engineers,6,0.2556,0.1429,0.2268,1
29-1129.01,29-1214.00,Art Therapists,Emergency Medicine Physicians,6,0.2556,0.1429,0.2754,1
29-1141.01,29-2056.00,Acute Care Nurses,Veterinary Technologists and Technicians,8,0.2556,0.1455,0.2803,1
17-2072.00,17-2141.02,"Electronics Engineers, Except Computer",Automotive Engineers,6,0.2554,0.1463,0.2446,1
17-2199.05,17-3029.08,Mechatronics Engineers,Photonics Technicians,6,0.2554,0.1463,0.2653,1
19-4051.02,19-4099.01,Nuclear Monitoring Technicians,Quality Control Analysts,5,0.2552,0.1429,0.2676,1
29-1211.00,29-1229.05,Anesthesiologists,Preventive Medicine Physicians,5,0.2552,0.1429,0.26,1
15-1241.01,15-1255.00,Telecommunications Engineering Specialists,Web and Digital Interface Designers,7,0.2546,0.1458,0.2534,1
17-2081.00,17-2112.03,Environmental Engineers,Manufacturing Engineers,7,0.2546,0.1458,0.2503,1
29-1123.00,29-1124.00,Physical Therapists,Radiation Therapists,7,0.2546,0.1458,0.2554,1
29-1171.00,29-2061.00,Nurse Practitioners,Licensed Practical and Licensed Vocational Nurses,7,0.2546,0.1458,0.2633,1
29-2034.00,29-9093.00,Radiologic Technologists and Technicians,Surgical Assistants,7,0.2546,0.1458,0.2579,1
29-1125.00,29-1241.00,Recreational Therapists,"Ophthalmologists, Except Pediatric",4,0.2545,0.1429,0.2547,1
29-1214.00,29-2042.00,Emergency Medicine Physicians,Emergency Medical Technicians,4,0.2545,0.1429,0.0,1
29-2042.00,29-2051.00,Emergency Medical Technicians,Dietetic Technicians,4,0.2545,0.1429,0.0,1
29-2042.00,29-2055.00,Emergency Medical Technicians,Surgical Technologists,4,0.2545,0.1429,0.0,1
15-1212.00,15-1299.07,Information Security Analysts,Blockchain Engineers,3,0.2535,0.1429,0.302,1
17-1021.00,17-2199.11,Cartographers and Photogrammetrists,Solar Energy Systems Engineers,3,0.2535,0.1429,0.2256,1
17-2112.03,17-2161.00,Manufacturing Engineers,Nuclear Engineers,6,0.2535,0.1429,0.2126,1
17-2112.03,17-2199.08,Manufacturing Engineers,Robotics Engineers,6,0.2535,0.1429,0.2373,1
17-2121.00,17-2199.08,Marine Engineers and Naval Architects,Robotics Engineers,6,0.2535,0.1429,0.2676,1
17-2141.01,17-2161.00,Fuel Cell Engineers,Nuclear Engineers,6,0.2535,0.1429,0.2385,1
17-2199.08,17-3023.00,Robotics Engineers,Electrical and Electronic Engineering Technologists and Technicians,6,0.2535,0.1429,0.2587,1
19-1012.00,19-4013.00,Food Scientists and Technologists,Food Science Technicians,3,0.2535,0.1429,0.2776,1
29-1011.00,29-2034.00,Chiropractors,Radiologic Technologists and Technicians,6,0.2535,0.1429,0.2499,1
29-2011.00,29-2056.00,Medical and Clinical Laboratory Technologists,Veterinary Technologists and Technicians,6,0.2535,0.1333,0.2546,1
29-2011.01,29-2034.00,Cytogenetic Technologists,Radiologic Technologists and Technicians,6,0.2535,0.1429,0.2448,1
17-1012.00,17-2051.01,Landscape Architects,Transportation Engineers,5,0.2532,0.1389,0.2672,1
29-1071.00,29-1181.00,Physician Assistants,Audiologists,5,0.2532,0.1389,0.2833,1
29-1129.02,29-1299.02,Music Therapists,Orthoptists,5,0.2532,0.1389,0.2214,1
29-1126.00,29-1141.00,Respiratory Therapists,Registered Nurses,8,0.2531,0.1429,0.2713,1
17-1011.00,17-3011.00,"Architects, Except Landscape and Naval",Architectural and Civil Drafters,5,0.2529,0.1429,0.2637,1
17-2061.00,17-3011.00,Computer Hardware Engineers,Architectural and Civil Drafters,5,0.2529,0.1429,0.2352,1
29-1071.01,29-1217.00,Anesthesiologist Assistants,Neurologists,5,0.2529,0.1429,0.2122,1
17-2141.00,17-2199.05,Mechanical Engineers,Mechatronics Engineers,7,0.2526,0.1429,0.2719,1
29-1141.01,29-2091.00,Acute Care Nurses,Orthotists and Prosthetists,5,0.2525,0.1351,0.2452,1
29-1229.06,29-2043.00,Sports Medicine Physicians,Paramedics,5,0.2525,0.1351,0.2526,1
29-1229.06,29-2091.00,Sports Medicine Physicians,Orthotists and Prosthetists,5,0.2525,0.1351,0.2474,1
29-2034.00,29-2043.00,Radiologic Technologists and Technicians,Paramedics,5,0.2525,0.1351,0.2438,1
29-2057.00,29-2061.00,Ophthalmic Medical Technicians,Licensed Practical and Licensed Vocational Nurses,5,0.2525,0.1351,0.2786,1
15-1299.04,15-1299.07,Penetration Testers,Blockchain Engineers,4,0.252,0.1429,0.2833,1
15-2041.01,15-2051.01,Biostatisticians,Business Intelligence Analysts,4,0.252,0.1379,0.2516,1
15-2051.01,15-2051.02,Business Intelligence Analysts,Clinical Data Managers,4,0.252,0.1379,0.257,1
17-2051.02,17-2081.00,Water/Wastewater Engineers,Environmental Engineers,6,0.252,0.1429,0.2425,1
17-2199.09,17-3029.01,Nanosystems Engineers,Non-Destructive Testing Specialists,4,0.252,0.1379,0.2539,1
19-1022.00,19-1041.00,Microbiologists,Epidemiologists,4,0.252,0.1429,0.2393,1
29-1126.00,29-2099.05,Respiratory Therapists,Ophthalmic Medical Technologists,6,0.252,0.1429,0.2311,1
29-1141.04,29-1218.00,Clinical Nurse Specialists,Obstetricians and Gynecologists,6,0.252,0.1429,0.2551,1
29-1151.00,29-2033.00,Nurse Anesthetists,Nuclear Medicine Technologists,6,0.252,0.1429,0.2499,1
29-1215.00,29-1291.00,Family Medicine Physicians,Acupuncturists,4,0.252,0.1429,0.2866,1
29-1215.00,29-2043.00,Family Medicine Physicians,Paramedics,4,0.252,0.1429,0.2308,1
29-1215.00,29-2091.00,Family Medicine Physicians,Orthotists and Prosthetists,4,0.252,0.1429,0.2406,1
29-1223.00,29-1229.04,Psychiatrists,Physical Medicine and Rehabilitation Physicians,4,0.252,0.1429,0.2815,1
29-1229.01,29-1291.00,Allergists and Immunologists,Acupuncturists,4,0.252,0.1429,0.2651,1
29-1229.01,29-2043.00,Allergists and Immunologists,Paramedics,4,0.252,0.1429,0.2359,1
29-2053.00,29-9093.00,Psychiatric Technicians,Surgical Assistants,6,0.252,0.1429,0.2496,1
29-2057.00,29-2099.01,Ophthalmic Medical Technicians,Neurodiagnostic Technologists,4,0.252,0.1429,0.2866,1
29-2092.00,29-2099.05,Hearing Aid Specialists,Ophthalmic Medical Technologists,4,0.252,0.1379,0.2247,1
29-1212.00,29-2032.00,Cardiologists,Diagnostic Medical Sonographers,7,0.2514,0.1429,0.0,1
29-1212.00,29-2036.00,Cardiologists,Medical Dosimetrists,7,0.2514,0.1429,0.0,1
15-1221.00,15-1232.00,Computer and Information Research Scientists,Computer User Support Specialists,5,0.2513,0.1429,0.2416,1
19-2041.00,19-2043.00,"Environmental Scientists and Specialists, Including Health",Hydrologists,6,0.2513,0.1395,0.2477,1
29-1051.00,29-2056.00,Pharmacists,Veterinary Technologists and Technicians,8,0.2511,0.1429,0.2264,1
15-1231.00,15-1253.00,Computer Network Support Specialists,Software Quality Assurance Analysts and Testers,6,0.2509,0.1429,0.2893,1
29-1122.00,29-1181.00,Occupational Therapists,Audiologists,6,0.2509,0.1429,0.2547,1
29-1122.00,29-9091.00,Occupational Therapists,Athletic Trainers,6,0.2509,0.1429,0.2634,1
15-1254.00,15-1299.08,Web Developers,Computer Systems Engineers/Architects,7,0.2506,0.1429,0.2301,1
29-1122.01,29-1299.02,"Low Vision Therapists, Orientation and Mobility Specialists, and Vision Rehabilitation Therapists",Orthoptists,4,0.2505,0.1429,0.2312,1
15-1211.01,15-1299.05,Health Informatics Specialists,Information Security Engineers,5,0.2503,0.1429,0.2288,1
15-1211.01,15-2051.02,Health Informatics Specialists,Clinical Data Managers,5,0.2503,0.1429,0.2357,1
17-2112.00,17-2112.01,Industrial Engineers,Human Factors Engineers and Ergonomists,5,0.2503,0.1429,0.2378,1
17-2112.00,17-3012.00,Industrial Engineers,Electrical and Electronics Drafters,5,0.2503,0.1429,0.2705,1
17-2112.00,17-3026.01,Industrial Engineers,Nanotechnology Engineering Technologists and Technicians,5,0.2503,0.1429,0.2053,1
19-3032.00,19-4061.00,Industrial-Organizational Psychologists,Social Science Research Assistants,5,0.2503,0.1429,0.2588,1
29-1021.00,29-1218.00,"Dentists, General",Obstetricians and Gynecologists,5,0.2503,0.1429,0.2128,1
29-1222.00,29-1299.01,"Physicians, Pathologists",Naturopathic Physicians,5,0.2503,0.1429,0.264,1
29-2053.00,29-2055.00,Psychiatric Technicians,Surgical Technologists,5,0.2503,0.1429,0.2427,1
29-2055.00,29-2099.05,Surgical Technologists,Ophthalmic Medical Technologists,5,0.2503,0.1429,0.264,1
17-2031.00,17-2131.00,Bioengineers and Biomedical Engineers,Materials Engineers,6,0.2502,0.1429,0.2406,1
17-2031.00,17-2171.00,Bioengineers and Biomedical Engineers,Petroleum Engineers,6,0.2502,0.1429,0.2751,1
17-2151.00,17-3011.00,"Mining and Geological Engineers, Including Mining Safety Engineers",Architectural and Civil Drafters,6,0.2502,0.1429,0.2439,1
19-2041.03,19-2042.00,Industrial Ecologists,"Geoscientists, Except Hydrologists and Geographers",7,0.2502,0.1429,0.2667,1
19-3051.00,19-4043.00,Urban and Regional Planners,"Geological Technicians, Except Hydrologic Technicians",6,0.2502,0.1429,0.0516,1
29-1051.00,29-1171.00,Pharmacists,Nurse Practitioners,7,0.2502,0.1429,0.3002,1
29-1123.00,29-1129.01,Physical Therapists,Art Therapists,7,0.2502,0.1429,0.3123,1
29-1128.00,29-1161.00,Exercise Physiologists,Nurse Midwives,6,0.2502,0.1429,0.2443,1
29-1128.00,29-1221.00,Exercise Physiologists,"Pediatricians, General",6,0.2502,0.1429,0.2663,1
29-1129.01,29-1141.04,Art Therapists,Clinical Nurse Specialists,7,0.2502,0.1429,0.2432,1
29-1129.01,29-1151.00,Art Therapists,Nurse Anesthetists,7,0.2502,0.1429,0.279,1
29-1131.00,29-1221.00,Veterinarians,"Pediatricians, General",6,0.2502,0.1429,0.2644,1
17-2121.00,17-3023.00,Marine Engineers and Naval Architects,Electrical and Electronic Engineering Technologists and Technicians,7,0.25,0.1429,0.2639,1
17-2131.00,17-3022.00,Materials Engineers,Civil Engineering Technologists and Technicians,5,0.25,0.1389,0.2735,1
17-2151.00,17-3022.00,"Mining and Geological Engineers, Including Mining Safety Engineers",Civil Engineering Technologists and Technicians,5,0.25,0.1389,0.2737,1
19-1029.02,19-3041.00,Molecular and Cellular Biologists,Sociologists,5,0.25,0.1389,0.2333,1
19-1029.03,19-4099.03,Geneticists,Remote Sensing Technicians,5,0.25,0.1429,0.2334,1
19-4043.00,19-4051.02,"Geological Technicians, Except Hydrologic Technicians",Nuclear Monitoring Technicians,5,0.25,0.1389,0.2197,1
19-4071.00,19-4099.03,Forest and Conservation Technicians,Remote Sensing Technicians,5,0.25,0.1429,0.2219,1
29-1131.00,29-1229.03,Veterinarians,Urologists,5,0.25,0.1389,0.2679,1
29-1229.03,29-1229.05,Urologists,Preventive Medicine Physicians,4,0.25,0.1429,0.245,1
17-2072.01,17-2199.06,Radio Frequency Identification Device Specialists,Microsystems Engineers,6,0.2491,0.1395,0.2292,1
29-1125.00,29-9099.01,Recreational Therapists,Midwives,5,0.2491,0.1282,0.2562,1
29-2032.00,29-2042.00,Diagnostic Medical Sonographers,Emergency Medical Technicians,5,0.2491,0.1282,0.0,1
29-2042.00,29-9099.01,Emergency Medical Technicians,Midwives,5,0.2491,0.1282,0.0,1
29-1141.03,29-1211.00,Critical Care Nurses,Anesthesiologists,7,0.2487,0.14,0.2748,1
29-1071.00,29-1141.04,Physician Assistants,Clinical Nurse Specialists,5,0.2485,0.1351,0.2535,1
29-1126.00,29-1299.02,Respiratory Therapists,Orthoptists,5,0.2485,0.1351,0.2412,1
29-1151.00,29-1299.02,Nurse Anesthetists,Orthoptists,5,0.2485,0.1351,0.2508,1
19-1029.03,19-3039.02,Geneticists,Neuropsychologists,4,0.2481,0.1379,0.2746,1
29-1051.00,29-1213.00,Pharmacists,Dermatologists,5,0.2481,0.1316,0.2652,1
17-2051.00,17-2199.05,Civil Engineers,Mechatronics Engineers,5,0.2475,0.1389,0.2334,1
17-2141.00,17-2171.00,Mechanical Engineers,Petroleum Engineers,7,0.2475,0.14,0.2348,1
17-2199.05,17-3027.01,Mechatronics Engineers,Automotive Engineering Technicians,5,0.2475,0.1389,0.2464,1
19-4012.01,19-4099.01,Precision Agriculture Technicians,Quality Control Analysts,5,0.2475,0.1389,0.263,1
29-1124.00,29-2099.05,Radiation Therapists,Ophthalmic Medical Technologists,6,0.2474,0.1395,0.229,1
29-1141.01,29-1218.00,Acute Care Nurses,Obstetricians and Gynecologists,6,0.2474,0.1395,0.2674,1
29-2034.00,29-2099.05,Radiologic Technologists and Technicians,Ophthalmic Medical Technologists,6,0.2474,0.1395,0.2496,1
29-1222.00,29-9099.01,"Physicians, Pathologists",Midwives,6,0.2472,0.1364,0.2418,1
15-1231.00,15-1255.00,Computer Network Support Specialists,Web and Digital Interface Designers,6,0.2462,0.1395,0.2284,1
15-1232.00,15-1255.01,Computer User Support Specialists,Video Game Designers,4,0.2462,0.1333,0.2253,1
29-1122.00,29-1151.00,Occupational Therapists,Nurse Anesthetists,6,0.2462,0.1395,0.2419,1
29-1141.03,29-1215.00,Critical Care Nurses,Family Medicine Physicians,6,0.2462,0.1333,0.2644,1
29-1141.03,29-1229.01,Critical Care Nurses,Allergists and Immunologists,6,0.2462,0.1333,0.2636,1
29-1031.00,29-1123.00,Dietitians and Nutritionists,Physical Therapists,7,0.246,0.14,0.2374,1
17-2021.00,17-2072.00,Agricultural Engineers,"Electronics Engineers, Except Computer",5,0.2457,0.1389,0.2781,1
17-2121.00,17-2199.06,Marine Engineers and Naval Architects,Microsystems Engineers,7,0.2457,0.14,0.2431,1
17-2141.01,17-3026.00,Fuel Cell Engineers,Industrial Engineering Technologists and Technicians,7,0.2457,0.14,0.2401,1
19-1041.00,19-2041.02,Epidemiologists,Environmental Restoration Planners,5,0.2457,0.1389,0.2502,1
29-1051.00,29-1229.06,Pharmacists,Sports Medicine Physicians,7,0.2457,0.14,0.2623,1
29-1129.01,29-1229.06,Art Therapists,Sports Medicine Physicians,7,0.2457,0.14,0.262,1
29-1129.01,29-2034.00,Art Therapists,Radiologic Technologists and Technicians,7,0.2457,0.14,0.2773,1
17-2031.00,17-2051.01,Bioengineers and Biomedical Engineers,Transportation Engineers,6,0.2454,0.1395,0.2486,1
29-1127.00,29-1217.00,Speech-Language Pathologists,Neurologists,6,0.2454,0.1395,0.2049,1
29-1127.00,29-1221.00,Speech-Language Pathologists,"Pediatricians, General",6,0.2454,0.1395,0.2091,1
19-1021.00,19-1023.00,Biochemists and Biophysicists,Zoologists and Wildlife Biologists,4,0.2453,0.1379,0.2422,1
19-1022.00,19-1042.00,Microbiologists,"Medical Scientists, Except Epidemiologists",4,0.2453,0.1379,0.2553,1
19-3011.00,19-3032.00,Economists,Industrial-Organizational Psychologists,4,0.2453,0.1379,0.2389,1
29-1021.00,29-1213.00,"Dentists, General",Dermatologists,4,0.2453,0.1379,0.2257,1
29-1213.00,29-1222.00,Dermatologists,"Physicians, Pathologists",4,0.2453,0.1379,0.2285,1
29-1213.00,29-2051.00,Dermatologists,Dietetic Technicians,4,0.2453,0.1379,0.1754,1
29-1214.00,29-1229.04,Emergency Medicine Physicians,Physical Medicine and Rehabilitation Physicians,4,0.2453,0.1379,0.246,1
29-1214.00,29-2043.00,Emergency Medicine Physicians,Paramedics,4,0.2453,0.1379,0.2457,1
29-1241.00,29-2043.00,"Ophthalmologists, Except Pediatric",Paramedics,4,0.2453,0.1379,0.2287,1
29-1241.00,29-2057.00,"Ophthalmologists, Except Pediatric",Ophthalmic Medical Technicians,4,0.2453,0.1379,0.2763,1
29-1241.00,29-2091.00,"Ophthalmologists, Except Pediatric",Orthotists and Prosthetists,4,0.2453,0.1379,0.1852,1
29-1041.00,29-1224.00,Optometrists,Radiologists,5,0.2451,0.125,0.2467,1
29-1081.00,29-1181.00,Podiatrists,Audiologists,5,0.2451,0.1351,0.2382,1
29-1127.00,29-1229.02,Speech-Language Pathologists,Hospitalists,5,0.2451,0.1351,0.254,1
29-1127.00,29-1229.05,Speech-Language Pathologists,Preventive Medicine Physicians,5,0.2451,0.1351,0.2231,1
29-1129.02,29-1229.02,Music Therapists,Hospitalists,5,0.2451,0.1351,0.2424,1
17-1012.00,17-3013.00,Landscape Architects,Mechanical Drafters,3,0.2449,0.1364,0.2304,1
17-2171.00,17-2199.05,Petroleum Engineers,Mechatronics Engineers,6,0.2449,0.1395,0.2591,1
19-1023.00,19-4012.00,Zoologists and Wildlife Biologists,Agricultural Technicians,5,0.2446,0.1389,0.2353,1
29-1021.00,29-1216.00,"Dentists, General",General Internal Medicine Physicians,5,0.2446,0.1389,0.1956,1
29-1122.00,29-1214.00,Occupational Therapists,Emergency Medicine Physicians,5,0.2446,0.1389,0.2602,1
29-1122.00,29-1241.00,Occupational Therapists,"Ophthalmologists, Except Pediatric",5,0.2446,0.1389,0.2063,1
29-1141.02,29-2051.00,Advanced Practice Psychiatric Nurses,Dietetic Technicians,5,0.2446,0.1389,0.2826,1
29-1216.00,29-2051.00,General Internal Medicine Physicians,Dietetic Technicians,5,0.2446,0.1389,0.2485,1
29-1243.00,29-2055.00,Pediatric Surgeons,Surgical Technologists,5,0.2446,0.1389,0.0,1
29-1129.01,29-1141.00,Art Therapists,Registered Nurses,8,0.2442,0.1379,0.2605,1
17-2051.02,17-2199.08,Water/Wastewater Engineers,Robotics Engineers,5,0.244,0.1389,0.261,1
17-2199.08,17-2199.09,Robotics Engineers,Nanosystems Engineers,5,0.244,0.1389,0.2472,1
19-1013.00,19-1029.03,Soil and Plant Scientists,Geneticists,5,0.244,0.1389,0.2201,1
19-1029.03,19-4061.00,Geneticists,Social Science Research Assistants,5,0.244,0.1389,0.2424,1
19-4061.00,19-4099.03,Social Science Research Assistants,Remote Sensing Technicians,5,0.244,0.1389,0.2712,1
29-1031.00,29-2091.00,Dietitians and Nutritionists,Orthotists and Prosthetists,5,0.244,0.1282,0.1986,1
29-1124.00,29-1292.00,Radiation Therapists,Dental Hygienists,5,0.244,0.1316,0.2203,1
29-1124.00,29-1299.02,Radiation Therapists,Orthoptists,5,0.244,0.1316,0.2349,1
29-1141.01,29-1299.02,Acute Care Nurses,Orthoptists,5,0.244,0.1316,0.2539,1
29-1299.02,29-2034.00,Orthoptists,Radiologic Technologists and Technicians,5,0.244,0.1316,0.2189,1
29-2011.04,29-2056.00,Histotechnologists,Veterinary Technologists and Technicians,5,0.244,0.119,0.2574,1
19-3091.00,19-3092.00,Anthropologists and Archeologists,Geographers,4,0.2434,0.1143,0.2698,1
29-1223.00,29-2072.00,Psychiatrists,Medical Records Specialists,4,0.2434,0.1379,0.2291,1
29-1299.02,29-2099.01,Orthoptists,Neurodiagnostic Technologists,4,0.2434,0.1379,0.2078,1
17-2051.02,17-3026.00,Water/Wastewater Engineers,Industrial Engineering Technologists and Technicians,6,0.2431,0.1364,0.2229,1
17-2071.00,17-2112.00,Electrical Engineers,Industrial Engineers,6,0.2431,0.1364,0.2349,1
29-1051.00,29-1218.00,Pharmacists,Obstetricians and Gynecologists,6,0.2431,0.1364,0.3047,1
29-2056.00,29-9099.01,Veterinary Technologists and Technicians,Midwives,8,0.2429,0.1379,0.2596,1
17-2051.00,17-2151.00,Civil Engineers,"Mining and Geological Engineers, Including Mining Safety Engineers",5,0.2425,0.1351,0.2703,1
29-1022.00,29-1122.01,Oral and Maxillofacial Surgeons,"Low Vision Therapists, Orientation and Mobility Specialists, and Vision Rehabilitation Therapists",3,0.2425,0.1304,0.2175,1
29-1071.01,29-1212.00,Anesthesiologist Assistants,Cardiologists,5,0.2425,0.1351,0.0,1
29-1071.01,29-1229.03,Anesthesiologist Assistants,Urologists,4,0.2425,0.1379,0.2156,1
29-1071.01,29-1229.05,Anesthesiologist Assistants,Preventive Medicine Physicians,4,0.2425,0.1379,0.2225,1
29-1122.01,29-1229.02,"Low Vision Therapists, Orientation and Mobility Specialists, and Vision Rehabilitation Therapists",Hospitalists,4,0.2425,0.1379,0.2349,1
17-1022.01,17-2199.07,Geodetic Surveyors,Photonics Engineers,4,0.2421,0.1333,0.266,1
29-2011.02,29-2033.00,Cytotechnologists,Nuclear Medicine Technologists,4,0.2421,0.1333,0.2358,1
29-2042.00,29-2052.00,Emergency Medical Technicians,Pharmacy Technicians,4,0.2421,0.1333,0.0,1
11-9111.00,11-9121.01,Medical and Health Services Managers,Clinical Research Coordinators,7,0.242,0.1373,0.2386,1
19-1022.00,19-1029.01,Microbiologists,Bioinformatics Scientists,3,0.2417,0.1364,0.2555,1
19-1029.01,19-3011.00,Bioinformatics Scientists,Economists,3,0.2417,0.1364,0.2313,1
29-1141.02,29-2061.00,Advanced Practice Psychiatric Nurses,Licensed Practical and Licensed Vocational Nurses,6,0.2417,0.1364,0.2385,1
29-1243.00,29-2034.00,Pediatric Surgeons,Radiologic Technologists and Technicians,6,0.2417,0.1364,0.0,1
29-1243.00,29-2061.00,Pediatric Surgeons,Licensed Practical and Licensed Vocational Nurses,6,0.2417,0.1364,0.0,1
19-1029.01,19-1029.02,Bioinformatics Scientists,Molecular and Cellular Biologists,4,0.2412,0.125,0.2412,1
29-1011.00,29-2036.00,Chiropractors,Medical Dosimetrists,6,0.241,0.1333,0.2025,1
29-1242.00,29-2032.00,"Orthopedic Surgeons, Except Pediatric",Diagnostic Medical Sonographers,6,0.241,0.1333,0.0,1
17-2031.00,17-2081.00,Bioengineers and Biomedical Engineers,Environmental Engineers,6,0.2408,0.1364,0.2212,1
17-3029.01,17-3029.08,Non-Destructive Testing Specialists,Photonics Technicians,4,0.2408,0.129,0.2621,1
29-1126.00,29-1161.00,Respiratory Therapists,Nurse Midwives,6,0.2408,0.1364,0.2372,1
29-1126.00,29-1217.00,Respiratory Therapists,Neurologists,6,0.2408,0.1364,0.2326,1
29-1161.00,29-2031.00,Nurse Midwives,Cardiovascular Technologists and Technicians,6,0.2408,0.1364,0.2516,1
29-1217.00,29-2092.00,Neurologists,Hearing Aid Specialists,4,0.2408,0.129,0.2268,1
17-2141.02,17-3024.01,Automotive Engineers,Robotics Technicians,5,0.2406,0.1351,0.2592,1
19-1031.00,19-4044.00,Conservation Scientists,Hydrologic Technicians,5,0.2406,0.1351,0.0,1
29-1123.00,29-1229.03,Physical Therapists,Urologists,5,0.2406,0.1316,0.2158,1
29-1126.00,29-1229.03,Respiratory Therapists,Urologists,5,0.2406,0.1316,0.2386,1
29-1126.00,29-2011.00,Respiratory Therapists,Medical and Clinical Laboratory Technologists,5,0.2406,0.1316,0.244,1
29-1141.04,29-1229.03,Clinical Nurse Specialists,Urologists,5,0.2406,0.1316,0.2376,1
29-1229.02,29-2031.00,Hospitalists,Cardiovascular Technologists and Technicians,5,0.2406,0.1316,0.2282,1
29-1023.00,29-2042.00,Orthodontists,Emergency Medical Technicians,3,0.2402,0.1364,0.0,1
29-2011.02,29-2092.00,Cytotechnologists,Hearing Aid Specialists,3,0.2402,0.1364,0.2024,1
29-9091.00,29-9092.00,Athletic Trainers,Genetic Counselors,6,0.2402,0.1364,0.2457,1
29-1212.00,29-2035.00,Cardiologists,Magnetic Resonance Imaging Technologists,6,0.24,0.1364,0.0,1
29-1291.00,29-9099.01,Acupuncturists,Midwives,5,0.24,0.125,0.2484,1
29-2032.00,29-2043.00,Diagnostic Medical Sonographers,Paramedics,5,0.24,0.125,0.2373,1
17-2041.00,17-2071.00,Chemical Engineers,Electrical Engineers,5,0.2397,0.1282,0.2165,1
17-3021.00,17-3024.00,Aerospace Engineering and Operations Technologists and Technicians,Electro-Mechanical and Mechatronics Technologists and Technicians,5,0.2397,0.1282,0.2664,1
29-1051.00,29-1299.02,Pharmacists,Orthoptists,5,0.2397,0.1282,0.2246,1
29-1071.00,29-1129.01,Physician Assistants,Art Therapists,5,0.2397,0.1282,0.2334,1
29-1141.03,29-1241.00,Critical Care Nurses,"Ophthalmologists, Except Pediatric",6,0.2396,0.1304,0.2646,1
17-2031.00,17-3012.00,Bioengineers and Biomedical Engineers,Electrical and Electronics Drafters,5,0.2392,0.1351,0.1927,1
17-2031.00,17-3026.01,Bioengineers and Biomedical Engineers,Nanotechnology Engineering Technologists and Technicians,5,0.2392,0.1351,0.2389,1
17-2072.00,17-3012.00,"Electronics Engineers, Except Computer",Electrical and Electronics Drafters,5,0.2392,0.1351,0.231,1
19-2041.00,19-3051.00,"Environmental Scientists and Specialists, Including Health",Urban and Regional Planners,5,0.2392,0.1351,0.2024,1
19-3032.00,19-3051.00,Industrial-Organizational Psychologists,Urban and Regional Planners,5,0.2392,0.1351,0.2216,1
29-1021.00,29-1221.00,"Dentists, General","Pediatricians, General",5,0.2392,0.1351,0.2145,1
29-1221.00,29-2051.00,"Pediatricians, General",Dietetic Technicians,5,0.2392,0.1351,0.2337,1
15-1241.00,15-1251.00,Computer Network Architects,Computer Programmers,6,0.239,0.1277,0.2232,1
17-2121.00,17-3013.00,Marine Engineers and Naval Architects,Mechanical Drafters,4,0.239,0.1176,0.1977,1
19-1022.00,19-1029.03,Microbiologists,Geneticists,4,0.239,0.1333,0.2672,1
19-2031.00,19-4092.00,Chemists,Forensic Science Technicians,4,0.239,0.1333,0.227,1
19-3091.00,19-4061.00,Anthropologists and Archeologists,Social Science Research Assistants,6,0.239,0.1333,0.2797,1
19-4013.00,19-4092.00,Food Science Technicians,Forensic Science Technicians,4,0.239,0.1333,0.2299,1
29-1011.00,29-1213.00,Chiropractors,Dermatologists,4,0.239,0.1333,0.2783,1
29-1011.00,29-1229.04,Chiropractors,Physical Medicine and Rehabilitation Physicians,4,0.239,0.1333,0.269,1
29-1011.00,29-2091.00,Chiropractors,Orthotists and Prosthetists,4,0.239,0.1333,0.2755,1
29-1031.00,29-1218.00,Dietitians and Nutritionists,Obstetricians and Gynecologists,6,0.239,0.1333,0.2197,1
29-2056.00,29-2099.01,Veterinary Technologists and Technicians,Neurodiagnostic Technologists,6,0.239,0.1277,0.2421,1
19-1029.03,19-4012.00,Geneticists,Agricultural Technicians,5,0.2384,0.1351,0.2559,1
15-1242.00,15-2041.01,Database Administrators,Biostatisticians,5,0.2381,0.1351,0.2213,1
17-2051.02,17-2199.07,Water/Wastewater Engineers,Photonics Engineers,5,0.2381,0.1351,0.2027,1
17-2112.00,17-2199.09,Industrial Engineers,Nanosystems Engineers,5,0.2381,0.1351,0.2252,1
29-1123.00,29-1224.00,Physical Therapists,Radiologists,7,0.2381,0.1346,0.2602,1
29-1299.01,29-2053.00,Naturopathic Physicians,Psychiatric Technicians,5,0.2381,0.1351,0.2681,1
29-1299.01,29-2099.05,Naturopathic Physicians,Ophthalmic Medical Technologists,5,0.2381,0.1351,0.2691,1
29-2033.00,29-2099.05,Nuclear Medicine Technologists,Ophthalmic Medical Technologists,5,0.2381,0.1351,0.2534,1
15-1243.01,15-1254.00,Data Warehousing Specialists,Web Developers,5,0.2378,0.1316,0.2543,1
17-1011.00,17-2051.01,"Architects, Except Landscape and Naval",Transportation Engineers,5,0.2378,0.1316,0.2318,1
29-1071.01,29-1181.00,Anesthesiologist Assistants,Audiologists,5,0.2378,0.1316,0.2113,1
29-1122.01,29-9091.00,"Low Vision Therapists, Orientation and Mobility Specialists, and Vision Rehabilitation Therapists",Athletic Trainers,5,0.2378,0.1316,0.2327,1
29-1124.00,29-2036.00,Radiation Therapists,Medical Dosimetrists,7,0.2376,0.1346,0.2499,1
29-1141.01,29-2032.00,Acute Care Nurses,Diagnostic Medical Sonographers,7,0.2376,0.1346,0.2417,1
29-2034.00,29-9099.01,Radiologic Technologists and Technicians,Midwives,7,0.2376,0.1346,0.2593,1
29-1051.00,29-1243.00,Pharmacists,Pediatric Surgeons,6,0.2375,0.1333,0.0,1
29-1129.01,29-1141.02,Art Therapists,Advanced Practice Psychiatric Nurses,6,0.2375,0.1333,0.3123,1
29-1011.00,29-1224.00,Chiropractors,Radiologists,6,0.2372,0.1304,0.3193,1
17-1012.00,17-3031.00,Landscape Architects,Surveying and Mapping Technicians,4,0.2369,0.1333,0.2421,1
17-2112.01,17-3021.00,Human Factors Engineers and Ergonomists,Aerospace Engineering and Operations Technologists and Technicians,4,0.2369,0.1333,0.2456,1
29-1299.02,29-2051.00,Orthoptists,Dietetic Technicians,4,0.2369,0.1333,0.1916,1
15-1241.00,15-1243.00,Computer Network Architects,Database Architects,7,0.2366,0.1321,0.2284,1
29-1041.00,29-1243.00,Optometrists,Pediatric Surgeons,4,0.2365,0.129,0.0,1
29-1122.00,29-2042.00,Occupational Therapists,Emergency Medical Technicians,4,0.2365,0.129,0.0,1
29-1125.00,29-1216.00,Recreational Therapists,General Internal Medicine Physicians,4,0.2365,0.129,0.2516,1
29-1243.00,29-2042.00,Pediatric Surgeons,Emergency Medical Technicians,4,0.2365,0.129,0.0,1
17-2072.00,17-2112.03,"Electronics Engineers, Except Computer",Manufacturing Engineers,6,0.2364,0.1333,0.2356,1
17-3023.00,17-3029.08,Electrical and Electronic Engineering Technologists and Technicians,Photonics Technicians,6,0.2364,0.1333,0.2471,1
29-1124.00,29-1161.00,Radiation Therapists,Nurse Midwives,6,0.2364,0.1333,0.2456,1
29-1124.00,29-1217.00,Radiation Therapists,Neurologists,6,0.2364,0.1333,0.2236,1
29-1141.01,29-1221.00,Acute Care Nurses,"Pediatricians, General",6,0.2364,0.1333,0.2527,1
29-1161.00,29-2034.00,Nurse Midwives,Radiologic Technologists and Technicians,6,0.2364,0.1333,0.241,1
17-3022.00,17-3023.00,Civil Engineering Technologists and Technicians,Electrical and Electronic Engineering Technologists and Technicians,5,0.2362,0.1282,0.2395,1
29-1081.00,29-1141.01,Podiatrists,Acute Care Nurses,5,0.2362,0.1282,0.2653,1
29-1124.00,29-1229.03,Radiation Therapists,Urologists,5,0.2362,0.1282,0.2267,1
29-1224.00,29-1291.00,Radiologists,Acupuncturists,5,0.2362,0.122,0.1933,1
29-1224.00,29-2043.00,Radiologists,Paramedics,5,0.2362,0.122,0.2802,1
29-1224.00,29-2091.00,Radiologists,Orthotists and Prosthetists,5,0.2362,0.122,0.2816,1
29-1229.02,29-2034.00,Hospitalists,Radiologic Technologists and Technicians,5,0.2362,0.1282,0.2058,1
15-1221.00,15-1243.00,Computer and Information Research Scientists,Database Architects,5,0.2357,0.1316,0.2108,1
15-1252.00,15-1299.02,Software Developers,Geographic Information Systems Technologists and Technicians,5,0.2357,0.1316,0.2175,1
17-2021.00,17-2131.00,Agricultural Engineers,Materials Engineers,5,0.2357,0.1316,0.2104,1
17-2111.00,17-2111.02,"Health and Safety Engineers, Except Mining Safety Engineers and Inspectors",Fire-Prevention and Protection Engineers,5,0.2357,0.1316,0.2265,1
17-2141.02,17-2199.10,Automotive Engineers,Wind Energy Engineers,4,0.2357,0.125,0.2538,1
19-1029.02,19-4031.00,Molecular and Cellular Biologists,Chemical Technicians,5,0.2357,0.1316,0.1901,1
19-1031.00,19-2041.03,Conservation Scientists,Industrial Ecologists,6,0.2357,0.1333,0.2226,1
19-1032.00,19-2041.03,Foresters,Industrial Ecologists,6,0.2357,0.1333,0.2071,1
19-2021.00,19-2099.01,Atmospheric and Space Scientists,Remote Sensing Scientists and Technologists,6,0.2357,0.1333,0.2302,1
19-4031.00,19-4051.02,Chemical Technicians,Nuclear Monitoring Technicians,4,0.2357,0.1333,0.2387,1
29-1081.00,29-1215.00,Podiatrists,Family Medicine Physicians,4,0.2357,0.1333,0.2799,1
29-1081.00,29-1229.01,Podiatrists,Allergists and Immunologists,4,0.2357,0.1333,0.299,1
29-1126.00,29-1211.00,Respiratory Therapists,Anesthesiologists,6,0.2357,0.1333,0.2404,1
29-1128.00,29-1215.00,Exercise Physiologists,Family Medicine Physicians,5,0.2357,0.1316,0.2728,1
29-1131.00,29-1215.00,Veterinarians,Family Medicine Physicians,5,0.2357,0.1316,0.2511,1
29-1211.00,29-2031.00,Anesthesiologists,Cardiovascular Technologists and Technicians,6,0.2357,0.1333,0.2455,1
29-1223.00,29-1229.05,Psychiatrists,Preventive Medicine Physicians,4,0.2357,0.1333,0.2204,1
29-1229.01,29-1229.05,Allergists and Immunologists,Preventive Medicine Physicians,4,0.2357,0.1333,0.1969,1
29-1229.03,29-2081.00,Urologists,"Opticians, Dispensing",4,0.2357,0.1333,0.2273,1
17-1011.00,17-2051.00,"Architects, Except Landscape and Naval",Civil Engineers,4,0.2353,0.1333,0.2341,1
17-2051.01,17-2151.00,Transportation Engineers,"Mining and Geological Engineers, Including Mining Safety Engineers",6,0.2353,0.1333,0.2488,1
17-2051.01,17-3025.00,Transportation Engineers,Environmental Engineering Technologists and Technicians,6,0.2353,0.1333,0.1861,1
17-2061.00,17-3027.01,Computer Hardware Engineers,Automotive Engineering Technicians,4,0.2353,0.1333,0.2362,1
19-2011.00,19-3022.00,Astronomers,Survey Researchers,4,0.2353,0.1333,0.2676,1
29-1128.00,29-1129.02,Exercise Physiologists,Music Therapists,6,0.2353,0.1333,0.2102,1
29-2035.00,29-9091.00,Magnetic Resonance Imaging Technologists,Athletic Trainers,6,0.2353,0.1333,0.1905,1
29-1218.00,29-2032.00,Obstetricians and Gynecologists,Diagnostic Medical Sonographers,6,0.2352,0.1304,0.243,1
29-2032.00,29-2099.05,Diagnostic Medical Sonographers,Ophthalmic Medical Technologists,6,0.2352,0.1304,0.2462,1
29-2036.00,29-2099.05,Medical Dosimetrists,Ophthalmic Medical Technologists,6,0.2352,0.1304,0.228,1
29-1141.00,29-9092.00,Registered Nurses,Genetic Counselors,7,0.2349,0.1296,0.2371,1
29-1123.00,29-1141.03,Physical Therapists,Critical Care Nurses,7,0.2345,0.1321,0.2698,1
29-2042.00,29-2056.00,Emergency Medical Technicians,Veterinary Technologists and Technicians,5,0.2344,0.1163,0.0,1
17-2112.01,17-2141.02,Human Factors Engineers and Ergonomists,Automotive Engineers,5,0.2341,0.1316,0.2136,1
17-2199.05,17-3026.01,Mechatronics Engineers,Nanotechnology Engineering Technologists and Technicians,5,0.2341,0.1316,0.2433,1
19-1032.00,19-2041.00,Foresters,"Environmental Scientists and Specialists, Including Health",5,0.2341,0.1316,0.257,1
19-1042.00,19-2012.00,"Medical Scientists, Except Epidemiologists",Physicists,5,0.2341,0.1316,0.2547,1
29-1222.00,29-9092.00,"Physicians, Pathologists",Genetic Counselors,5,0.2341,0.1316,0.2238,1
29-1224.00,29-1229.06,Radiologists,Sports Medicine Physicians,7,0.2339,0.1321,0.2177,1
29-1129.01,29-2032.00,Art Therapists,Diagnostic Medical Sonographers,7,0.2335,0.1321,0.2453,1
29-1129.01,29-9099.01,Art Therapists,Midwives,7,0.2335,0.1321,0.2425,1
17-1011.00,17-2081.00,"Architects, Except Landscape and Naval",Environmental Engineers,5,0.2334,0.1282,0.2108,1
17-2051.00,17-2081.00,Civil Engineers,Environmental Engineers,5,0.2334,0.1282,0.2447,1
29-1071.01,29-1171.00,Anesthesiologist Assistants,Nurse Practitioners,5,0.2334,0.1282,0.2251,1
29-1122.01,29-1123.00,"Low Vision Therapists, Orientation and Mobility Specialists, and Vision Rehabilitation Therapists",Physical Therapists,5,0.2334,0.1282,0.2366,1
15-1299.07,15-2051.02,Blockchain Engineers,Clinical Data Managers,4,0.2333,0.129,0.2182,1
19-1013.00,19-1022.00,Soil and Plant Scientists,Microbiologists,4,0.2333,0.129,0.2124,1
19-1022.00,19-4021.00,Microbiologists,Biological Technicians,4,0.2333,0.129,0.2176,1
29-1218.00,29-1291.00,Obstetricians and Gynecologists,Acupuncturists,4,0.2333,0.129,0.2666,1
29-1218.00,29-2043.00,Obstetricians and Gynecologists,Paramedics,4,0.2333,0.129,0.2525,1
29-1218.00,29-2091.00,Obstetricians and Gynecologists,Orthotists and Prosthetists,4,0.2333,0.129,0.2354,1
29-1229.04,29-2053.00,Physical Medicine and Rehabilitation Physicians,Psychiatric Technicians,4,0.2333,0.129,0.2257,1
29-1229.04,29-2099.05,Physical Medicine and Rehabilitation Physicians,Ophthalmic Medical Technologists,4,0.2333,0.129,0.2181,1
29-1299.01,29-2043.00,Naturopathic Physicians,Paramedics,4,0.2333,0.129,0.2506,1
29-2043.00,29-2099.05,Paramedics,Ophthalmic Medical Technologists,4,0.2333,0.129,0.2442,1
29-2052.00,29-2057.00,Pharmacy Technicians,Ophthalmic Medical Technicians,4,0.2333,0.129,0.2402,1
29-2053.00,29-2057.00,Psychiatric Technicians,Ophthalmic Medical Technicians,4,0.2333,0.129,0.2627,1
19-1029.03,19-3051.00,Geneticists,Urban and Regional Planners,5,0.2331,0.1316,0.2286,1
29-1011.00,29-1221.00,Chiropractors,"Pediatricians, General",5,0.2331,0.1316,0.271,1
15-1231.00,15-1299.05,Computer Network Support Specialists,Information Security Engineers,5,0.2326,0.1316,0.2565,1
15-1232.00,15-1299.05,Computer User Support Specialists,Information Security Engineers,5,0.2326,0.1316,0.2316,1
15-1299.01,15-1299.07,Web Administrators,Blockchain Engineers,5,0.2326,0.119,0.238,1
19-1013.00,19-4012.00,Soil and Plant Scientists,Agricultural Technicians,5,0.2326,0.1316,0.2492,1
29-1141.03,29-1229.04,Critical Care Nurses,Physical Medicine and Rehabilitation Physicians,5,0.2326,0.119,0.2561,1
29-1216.00,29-2099.05,General Internal Medicine Physicians,Ophthalmic Medical Technologists,5,0.2326,0.1316,0.2593,1
29-1141.00,29-1223.00,Registered Nurses,Psychiatrists,6,0.2325,0.1224,0.2408,1
17-2031.00,17-2071.00,Bioengineers and Biomedical Engineers,Electrical Engineers,6,0.2323,0.1304,0.1971,1
17-2031.00,17-3024.00,Bioengineers and Biomedical Engineers,Electro-Mechanical and Mechatronics Technologists and Technicians,6,0.2323,0.1304,0.2218,1
17-2199.06,17-3029.08,Microsystems Engineers,Photonics Technicians,6,0.2323,0.1304,0.1998,1
17-3011.00,17-3026.00,Architectural and Civil Drafters,Industrial Engineering Technologists and Technicians,6,0.2323,0.1304,0.2318,1
17-3026.00,17-3029.08,Industrial Engineering Technologists and Technicians,Photonics Technicians,6,0.2323,0.1304,0.2312,1
19-2042.00,19-3051.00,"Geoscientists, Except Hydrologists and Geographers",Urban and Regional Planners,6,0.2323,0.1304,0.1979,1
19-4042.00,19-4051.02,"Environmental Science and Protection Technicians, Including Health",Nuclear Monitoring Technicians,5,0.2321,0.125,0.2426,1
29-1051.00,29-1229.02,Pharmacists,Hospitalists,5,0.2321,0.125,0.2253,1
29-1051.00,29-1229.03,Pharmacists,Urologists,5,0.2321,0.125,0.2443,1
29-2056.00,29-9091.00,Veterinary Technologists and Technicians,Athletic Trainers,7,0.232,0.1296,0.1878,1
29-1071.00,29-2032.00,Physician Assistants,Diagnostic Medical Sonographers,5,0.2319,0.122,0.2069,1
29-2032.00,29-2072.00,Diagnostic Medical Sonographers,Medical Records Specialists,5,0.2319,0.122,0.2283,1
17-2199.05,17-3023.00,Mechatronics Engineers,Electrical and Electronic Engineering Technologists and Technicians,6,0.2315,0.1304,0.2333,1
29-1023.00,29-1213.00,Orthodontists,Dermatologists,3,0.2315,0.1304,0.1968,1
29-1023.00,29-1229.04,Orthodontists,Physical Medicine and Rehabilitation Physicians,3,0.2315,0.1304,0.2232,1
29-1124.00,29-1211.00,Radiation Therapists,Anesthesiologists,6,0.2315,0.1304,0.244,1
29-1211.00,29-2034.00,Anesthesiologists,Radiologic Technologists and Technicians,6,0.2315,0.1304,0.2483,1
29-1211.00,29-2061.00,Anesthesiologists,Licensed Practical and Licensed Vocational Nurses,6,0.2315,0.1304,0.2638,1
29-1213.00,29-2092.00,Dermatologists,Hearing Aid Specialists,3,0.2315,0.1304,0.2257,1
17-1022.01,17-2031.00,Geodetic Surveyors,Bioengineers and Biomedical Engineers,4,0.2313,0.125,0.2276,1
17-1022.01,17-3011.00,Geodetic Surveyors,Architectural and Civil Drafters,4,0.2313,0.125,0.2123,1
29-1125.00,29-1221.00,Recreational Therapists,"Pediatricians, General",4,0.2313,0.125,0.2562,1
29-1217.00,29-2042.00,Neurologists,Emergency Medical Technicians,4,0.2313,0.125,0.0,1
15-1211.00,15-1299.09,Computer Systems Analysts,Information Technology Project Managers,5,0.2311,0.1282,0.2233,1
15-1221.00,15-1244.00,Computer and Information Research Scientists,Network and Computer Systems Administrators,5,0.2311,0.1282,0.2323,1
15-1221.00,15-1253.00,Computer and Information Research Scientists,Software Quality Assurance Analysts and Testers,5,0.2311,0.1282,0.2464,1
15-1251.00,15-1253.00,Computer Programmers,Software Quality Assurance Analysts and Testers,5,0.2311,0.1282,0.1983,1
17-2051.01,17-2111.02,Transportation Engineers,Fire-Prevention and Protection Engineers,5,0.2311,0.1282,0.2568,1
29-1127.00,29-1223.00,Speech-Language Pathologists,Psychiatrists,5,0.2311,0.1282,0.2035,1
29-1127.00,29-1229.01,Speech-Language Pathologists,Allergists and Immunologists,5,0.2311,0.1282,0.1811,1
29-1129.02,29-1215.00,Music Therapists,Family Medicine Physicians,5,0.2311,0.1282,0.2422,1
29-1129.02,29-2099.01,Music Therapists,Neurodiagnostic Technologists,5,0.2311,0.1282,0.206,1
29-1181.00,29-2081.00,Audiologists,"Opticians, Dispensing",5,0.2311,0.1282,0.2377,1
29-2099.01,29-9091.00,Neurodiagnostic Technologists,Athletic Trainers,5,0.2311,0.1282,0.1919,1
15-1243.00,15-1255.01,Database Architects,Video Game Designers,4,0.2309,0.1212,0.2521,1
15-1255.01,15-1299.02,Video Game Designers,Geographic Information Systems Technologists and Technicians,4,0.2309,0.1212,0.2278,1
17-2072.01,17-3021.00,Radio Frequency Identification Device Specialists,Aerospace Engineering and Operations Technologists and Technicians,4,0.2309,0.129,0.2462,1
17-2081.00,17-2131.00,Environmental Engineers,Materials Engineers,6,0.2309,0.1304,0.2253,1
17-2171.00,17-3029.01,Petroleum Engineers,Non-Destructive Testing Specialists,4,0.2309,0.1212,0.2296,1
19-1029.02,19-1029.04,Molecular and Cellular Biologists,Biologists,6,0.2309,0.1304,0.2315,1
19-1029.03,19-3039.03,Geneticists,Clinical Neuropsychologists,4,0.2309,0.129,0.2557,1
29-1011.00,29-1292.00,Chiropractors,Dental Hygienists,4,0.2309,0.129,0.2423,1
29-1123.00,29-1128.00,Physical Therapists,Exercise Physiologists,6,0.2309,0.1304,0.227,1
29-1123.00,29-1131.00,Physical Therapists,Veterinarians,6,0.2309,0.1304,0.2232,1
29-1126.00,29-1212.00,Respiratory Therapists,Cardiologists,6,0.2309,0.1304,0.0,1
29-1128.00,29-1171.00,Exercise Physiologists,Nurse Practitioners,6,0.2309,0.1304,0.2486,1
29-1128.00,29-2031.00,Exercise Physiologists,Cardiovascular Technologists and Technicians,6,0.2309,0.1304,0.2672,1
29-1141.04,29-1212.00,Clinical Nurse Specialists,Cardiologists,6,0.2309,0.1304,0.0,1
29-2011.01,29-2072.00,Cytogenetic Technologists,Medical Records Specialists,4,0.2309,0.129,0.2385,1
29-2035.00,29-9093.00,Magnetic Resonance Imaging Technologists,Surgical Assistants,6,0.2309,0.1304,0.2298,1
15-1244.00,15-1253.00,Network and Computer Systems Administrators,Software Quality Assurance Analysts and Testers,6,0.2308,0.1304,0.2509,1
29-1041.00,29-1125.00,Optometrists,Recreational Therapists,3,0.2308,0.1304,0.2279,1
29-1127.00,29-9091.00,Speech-Language Pathologists,Athletic Trainers,6,0.2308,0.1304,0.2667,1
29-1129.02,29-9091.00,Music Therapists,Athletic Trainers,6,0.2308,0.1304,0.2316,1
29-1141.03,29-1229.06,Critical Care Nurses,Sports Medicine Physicians,7,0.2303,0.1296,0.2507,1
29-1128.00,29-1141.00,Exercise Physiologists,Registered Nurses,7,0.2302,0.1273,0.2008,1
17-2071.00,17-2141.00,Electrical Engineers,Mechanical Engineers,7,0.2298,0.1296,0.2396,1
29-1122.00,29-2032.00,Occupational Therapists,Diagnostic Medical Sonographers,6,0.2298,0.1277,0.2248,1
15-1211.01,15-1299.02,Health Informatics Specialists,Geographic Information Systems Technologists and Technicians,5,0.2294,0.1282,0.1618,1
17-2112.01,17-2131.00,Human Factors Engineers and Ergonomists,Materials Engineers,5,0.2294,0.1282,0.2231,1
17-2112.01,17-2151.00,Human Factors Engineers and Ergonomists,"Mining and Geological Engineers, Including Mining Safety Engineers",5,0.2294,0.1282,0.2571,1
17-2112.02,17-2131.00,Validation Engineers,Materials Engineers,5,0.2294,0.1282,0.2361,1
17-2112.02,17-2171.00,Validation Engineers,Petroleum Engineers,5,0.2294,0.1282,0.2317,1
17-2171.00,17-3012.00,Petroleum Engineers,Electrical and Electronics Drafters,5,0.2294,0.1282,0.2053,1
19-1042.00,19-3041.00,"Medical Scientists, Except Epidemiologists",Sociologists,4,0.2294,0.129,0.2011,1
29-1022.00,29-1241.00,Oral and Maxillofacial Surgeons,"Ophthalmologists, Except Pediatric",3,0.2294,0.12,0.2253,1
29-1022.00,29-2051.00,Oral and Maxillofacial Surgeons,Dietetic Technicians,3,0.2294,0.12,0.2252,1
29-1128.00,29-1214.00,Exercise Physiologists,Emergency Medicine Physicians,5,0.2294,0.1282,0.2427,1
29-1128.00,29-2051.00,Exercise Physiologists,Dietetic Technicians,5,0.2294,0.1282,0.217,1
29-1131.00,29-2051.00,Veterinarians,Dietetic Technicians,5,0.2294,0.1282,0.2075,1
17-1011.00,17-2121.00,"Architects, Except Landscape and Naval",Marine Engineers and Naval Architects,5,0.2292,0.125,0.2654,1
17-2011.00,17-2121.00,Aerospace Engineers,Marine Engineers and Naval Architects,5,0.2292,0.125,0.2344,1
17-2051.00,17-2141.01,Civil Engineers,Fuel Cell Engineers,5,0.2292,0.125,0.1969,1
17-2141.01,17-3027.01,Fuel Cell Engineers,Automotive Engineering Technicians,5,0.2292,0.125,0.233,1
29-1071.01,29-2061.00,Anesthesiologist Assistants,Licensed Practical and Licensed Vocational Nurses,5,0.2292,0.125,0.2233,1
15-1221.00,15-1243.01,Computer and Information Research Scientists,Data Warehousing Specialists,4,0.2287,0.129,0.2158,1
15-1243.01,15-1252.00,Data Warehousing Specialists,Software Developers,4,0.2287,0.129,0.2232,1
15-1243.01,15-2031.00,Data Warehousing Specialists,Operations Research Analysts,4,0.2287,0.129,0.2255,1
15-1252.00,15-2041.00,Software Developers,Statisticians,4,0.2287,0.129,0.2062,1
17-2011.00,17-3024.01,Aerospace Engineers,Robotics Technicians,4,0.2287,0.129,0.2443,1
17-2061.00,17-3024.01,Computer Hardware Engineers,Robotics Technicians,4,0.2287,0.129,0.2154,1
19-3022.00,19-4031.00,Survey Researchers,Chemical Technicians,4,0.2287,0.129,0.2065,1
29-1071.01,29-1215.00,Anesthesiologist Assistants,Family Medicine Physicians,4,0.2287,0.129,0.1882,1
17-2141.00,17-2199.03,Mechanical Engineers,"Energy Engineers, Except Wind and Solar",5,0.2282,0.119,0.2126,1
19-1032.00,19-4071.00,Foresters,Forest and Conservation Technicians,5,0.2282,0.1282,0.2336,1
19-2043.00,19-4051.02,Hydrologists,Nuclear Monitoring Technicians,5,0.2282,0.122,0.2372,1
19-2099.01,19-4071.00,Remote Sensing Scientists and Technologists,Forest and Conservation Technicians,5,0.2282,0.1282,0.2304,1
19-4092.00,19-4099.01,Forensic Science Technicians,Quality Control Analysts,5,0.2282,0.1282,0.2397,1
29-1071.00,29-1224.00,Physician Assistants,Radiologists,5,0.2282,0.119,0.1967,1
15-1231.00,15-1299.07,Computer Network Support Specialists,Blockchain Engineers,4,0.2279,0.125,0.2632,1
15-1299.01,15-1299.05,Web Administrators,Information Security Engineers,6,0.2279,0.125,0.2238,1
15-1299.01,15-2051.02,Web Administrators,Clinical Data Managers,6,0.2279,0.125,0.205,1
29-1122.00,29-1213.00,Occupational Therapists,Dermatologists,4,0.2279,0.125,0.1895,1
29-1141.02,29-2091.00,Advanced Practice Psychiatric Nurses,Orthotists and Prosthetists,4,0.2279,0.125,0.2306,1
29-1141.03,29-1218.00,Critical Care Nurses,Obstetricians and Gynecologists,6,0.2279,0.125,0.2787,1
29-1141.03,29-1299.01,Critical Care Nurses,Naturopathic Physicians,6,0.2279,0.125,0.264,1
29-1216.00,29-1291.00,General Internal Medicine Physicians,Acupuncturists,4,0.2279,0.125,0.2528,1
17-2031.00,17-2199.07,Bioengineers and Biomedical Engineers,Photonics Engineers,5,0.2275,0.1282,0.237,1
29-1161.00,29-2053.00,Nurse Midwives,Psychiatric Technicians,5,0.2275,0.1282,0.2233,1
29-1122.00,29-1243.00,Occupational Therapists,Pediatric Surgeons,5,0.2273,0.1282,0.0,1
17-2111.00,17-2112.03,"Health and Safety Engineers, Except Mining Safety Engineers and Inspectors",Manufacturing Engineers,6,0.2268,0.1277,0.2242,1
17-2112.03,17-3025.00,Manufacturing Engineers,Environmental Engineering Technologists and Technicians,6,0.2268,0.1277,0.1866,1
17-2131.00,17-2141.01,Materials Engineers,Fuel Cell Engineers,6,0.2268,0.1277,0.2527,1
19-2021.00,19-4044.00,Atmospheric and Space Scientists,Hydrologic Technicians,5,0.2268,0.125,0.0,1
29-1124.00,29-1131.00,Radiation Therapists,Veterinarians,6,0.2268,0.1277,0.2008,1
29-1131.00,29-1141.01,Veterinarians,Acute Care Nurses,6,0.2268,0.1277,0.2397,1
29-1131.00,29-2034.00,Veterinarians,Radiologic Technologists and Technicians,6,0.2268,0.1277,0.1885,1
29-1141.04,29-1215.00,Clinical Nurse Specialists,Family Medicine Physicians,5,0.2268,0.125,0.2238,1
29-1212.00,29-2034.00,Cardiologists,Radiologic Technologists and Technicians,6,0.2268,0.1277,0.0,1
29-1223.00,29-2031.00,Psychiatrists,Cardiovascular Technologists and Technicians,5,0.2268,0.125,0.2412,1
29-2011.01,29-2056.00,Cytogenetic Technologists,Veterinary Technologists and Technicians,6,0.2268,0.1224,0.2303,1
29-2031.00,29-2081.00,Cardiovascular Technologists and Technicians,"Opticians, Dispensing",5,0.2268,0.125,0.2106,1
29-2035.00,29-2061.00,Magnetic Resonance Imaging Technologists,Licensed Practical and Licensed Vocational Nurses,6,0.2268,0.1277,0.1894,1
29-2099.01,29-9093.00,Neurodiagnostic Technologists,Surgical Assistants,5,0.2268,0.125,0.2374,1
29-1041.00,29-1211.00,Optometrists,Anesthesiologists,4,0.2265,0.1212,0.1999,1
29-1125.00,29-1211.00,Recreational Therapists,Anesthesiologists,4,0.2265,0.1212,0.2394,1
29-1126.00,29-1129.02,Respiratory Therapists,Music Therapists,6,0.2265,0.1277,0.2138,1
29-1126.00,29-1181.00,Respiratory Therapists,Audiologists,6,0.2265,0.1277,0.2214,1
29-1126.00,29-9091.00,Respiratory Therapists,Athletic Trainers,6,0.2265,0.1277,0.2324,1
29-1127.00,29-1171.00,Speech-Language Pathologists,Nurse Practitioners,6,0.2265,0.1277,0.2206,1
29-1129.02,29-1171.00,Music Therapists,Nurse Practitioners,6,0.2265,0.1277,0.2235,1
29-1141.04,29-9091.00,Clinical Nurse Specialists,Athletic Trainers,6,0.2265,0.1277,0.2117,1
29-1181.00,29-2092.00,Audiologists,Hearing Aid Specialists,4,0.2265,0.1176,0.2511,1
29-1211.00,29-2042.00,Anesthesiologists,Emergency Medical Technicians,4,0.2265,0.1212,0.0,1
29-2031.00,29-9091.00,Cardiovascular Technologists and Technicians,Athletic Trainers,6,0.2265,0.1277,0.2267,1
29-1129.01,29-1141.03,Art Therapists,Critical Care Nurses,7,0.2263,0.1273,0.2698,1
29-1141.00,29-1222.00,Registered Nurses,"Physicians, Pathologists",6,0.2263,0.12,0.2146,1
29-1141.00,29-2051.00,Registered Nurses,Dietetic Technicians,6,0.2263,0.12,0.2132,1
29-2056.00,29-2057.00,Veterinary Technologists and Technicians,Ophthalmic Medical Technicians,5,0.2259,0.1136,0.241,1
17-2041.00,17-2112.00,Chemical Engineers,Industrial Engineers,4,0.2254,0.125,0.2225,1
17-2051.02,17-2199.03,Water/Wastewater Engineers,"Energy Engineers, Except Wind and Solar",4,0.2254,0.125,0.2303,1
19-3011.01,19-3094.00,Environmental Economists,Political Scientists,4,0.2254,0.125,0.1836,1
19-3094.00,19-4061.00,Political Scientists,Social Science Research Assistants,4,0.2254,0.125,0.2197,1
29-1071.00,29-2053.00,Physician Assistants,Psychiatric Technicians,4,0.2254,0.125,0.2382,1
29-1071.00,29-2099.05,Physician Assistants,Ophthalmic Medical Technologists,4,0.2254,0.125,0.2562,1
29-1292.00,29-2099.05,Dental Hygienists,Ophthalmic Medical Technologists,4,0.2254,0.125,0.257,1
29-1299.01,29-2072.00,Naturopathic Physicians,Medical Records Specialists,4,0.2254,0.125,0.2158,1
29-1299.02,29-2053.00,Orthoptists,Psychiatric Technicians,4,0.2254,0.125,0.1994,1
29-1299.02,29-2099.05,Orthoptists,Ophthalmic Medical Technologists,4,0.2254,0.125,0.2254,1
29-2053.00,29-2072.00,Psychiatric Technicians,Medical Records Specialists,4,0.2254,0.125,0.2155,1
17-1011.00,17-2199.06,"Architects, Except Landscape and Naval",Microsystems Engineers,5,0.2252,0.122,0.2016,1
17-2011.00,17-2199.06,Aerospace Engineers,Microsystems Engineers,5,0.2252,0.122,0.28,1
17-2011.00,17-3024.00,Aerospace Engineers,Electro-Mechanical and Mechatronics Technologists and Technicians,5,0.2252,0.122,0.2423,1
17-2061.00,17-3024.00,Computer Hardware Engineers,Electro-Mechanical and Mechatronics Technologists and Technicians,5,0.2252,0.122,0.212,1
17-2061.00,17-3026.00,Computer Hardware Engineers,Industrial Engineering Technologists and Technicians,5,0.2252,0.122,0.2196,1
19-2011.00,19-2042.00,Astronomers,"Geoscientists, Except Hydrologists and Geographers",5,0.2252,0.122,0.2452,1
29-1071.01,29-1129.01,Anesthesiologist Assistants,Art Therapists,5,0.2252,0.122,0.2134,1
17-2051.01,17-2112.01,Transportation Engineers,Human Factors Engineers and Ergonomists,5,0.225,0.125,0.2385,1
29-1127.00,29-2051.00,Speech-Language Pathologists,Dietetic Technicians,5,0.225,0.125,0.2263,1
29-1181.00,29-1214.00,Audiologists,Emergency Medicine Physicians,5,0.225,0.125,0.2323,1
29-1071.00,29-1141.03,Physician Assistants,Critical Care Nurses,5,0.2247,0.1163,0.2538,1
29-1141.03,29-1299.02,Critical Care Nurses,Orthoptists,5,0.2247,0.1163,0.2299,1
29-1161.00,29-2032.00,Nurse Midwives,Diagnostic Medical Sonographers,6,0.2247,0.125,0.2302,1
29-1217.00,29-2032.00,Neurologists,Diagnostic Medical Sonographers,6,0.2247,0.125,0.2218,1
29-1229.03,29-9099.01,Urologists,Midwives,5,0.2245,0.119,0.2373,1
15-1212.00,15-1221.00,Information Security Analysts,Computer and Information Research Scientists,3,0.2236,0.12,0.198,1
15-1299.02,15-1299.03,Geographic Information Systems Technologists and Technicians,Document Management Specialists,5,0.2236,0.125,0.1953,1
17-2151.00,17-2161.00,"Mining and Geological Engineers, Including Mining Safety Engineers",Nuclear Engineers,5,0.2236,0.125,0.2487,1
17-2161.00,17-2171.00,Nuclear Engineers,Petroleum Engineers,5,0.2236,0.125,0.2504,1
17-2199.03,17-2199.10,"Energy Engineers, Except Wind and Solar",Wind Energy Engineers,3,0.2236,0.125,0.2039,1
17-2199.08,17-3025.00,Robotics Engineers,Environmental Engineering Technologists and Technicians,5,0.2236,0.125,0.2076,1
19-1031.00,19-2043.00,Conservation Scientists,Hydrologists,6,0.2236,0.125,0.2269,1
19-2041.01,19-3094.00,Climate Change Policy Analysts,Political Scientists,3,0.2236,0.125,0.1884,1
19-3092.00,19-4099.03,Geographers,Remote Sensing Technicians,3,0.2236,0.1154,0.255,1
19-4043.00,19-4092.00,"Geological Technicians, Except Hydrologic Technicians",Forensic Science Technicians,5,0.2236,0.125,0.2417,1
19-4043.00,19-4099.03,"Geological Technicians, Except Hydrologic Technicians",Remote Sensing Technicians,5,0.2236,0.125,0.1705,1
19-4051.02,19-4071.00,Nuclear Monitoring Technicians,Forest and Conservation Technicians,4,0.2236,0.125,0.2288,1
29-1011.00,29-1131.00,Chiropractors,Veterinarians,5,0.2236,0.125,0.223,1
29-1011.00,29-2035.00,Chiropractors,Magnetic Resonance Imaging Technologists,5,0.2236,0.125,0.2014,1
29-1022.00,29-1242.00,Oral and Maxillofacial Surgeons,"Orthopedic Surgeons, Except Pediatric",3,0.2236,0.1154,0.0,1
29-1023.00,29-1292.00,Orthodontists,Dental Hygienists,3,0.2236,0.125,0.2087,1
29-1229.05,29-1242.00,Preventive Medicine Physicians,"Orthopedic Surgeons, Except Pediatric",4,0.2236,0.125,0.0,1
29-1299.02,29-2092.00,Orthoptists,Hearing Aid Specialists,3,0.2236,0.125,0.2095,1
29-1221.00,29-1291.00,"Pediatricians, General",Acupuncturists,4,0.2229,0.1212,0.258,1
29-1221.00,29-2043.00,"Pediatricians, General",Paramedics,4,0.2229,0.1212,0.2174,1
29-1221.00,29-2091.00,"Pediatricians, General",Orthotists and Prosthetists,4,0.2229,0.1212,0.2315,1
17-2171.00,17-3024.00,Petroleum Engineers,Electro-Mechanical and Mechatronics Technologists and Technicians,6,0.2228,0.125,0.2343,1
15-1221.00,15-1241.01,Computer and Information Research Scientists,Telecommunications Engineering Specialists,5,0.2227,0.122,0.2188,1
17-2021.00,17-3023.00,Agricultural Engineers,Electrical and Electronic Engineering Technologists and Technicians,5,0.2227,0.122,0.2276,1
17-2051.02,17-2141.02,Water/Wastewater Engineers,Automotive Engineers,5,0.2227,0.125,0.2276,1
17-2112.00,17-2141.02,Industrial Engineers,Automotive Engineers,5,0.2227,0.125,0.2091,1
17-2112.03,17-3024.01,Manufacturing Engineers,Robotics Technicians,5,0.2227,0.122,0.2131,1
29-1141.01,29-1223.00,Acute Care Nurses,Psychiatrists,5,0.2227,0.122,0.2383,1
29-1141.01,29-2099.01,Acute Care Nurses,Neurodiagnostic Technologists,5,0.2227,0.122,0.2154,1
29-1141.03,29-1243.00,Critical Care Nurses,Pediatric Surgeons,6,0.2227,0.1224,0.0,1
29-1211.00,29-2053.00,Anesthesiologists,Psychiatric Technicians,5,0.2227,0.125,0.2371,1
29-1223.00,29-2034.00,Psychiatrists,Radiologic Technologists and Technicians,5,0.2227,0.122,0.2323,1
29-2053.00,29-9092.00,Psychiatric Technicians,Genetic Counselors,5,0.2227,0.125,0.2282,1
29-2061.00,29-2081.00,Licensed Practical and Licensed Vocational Nurses,"Opticians, Dispensing",5,0.2227,0.122,0.2258,1
15-1211.01,15-2041.00,Health Informatics Specialists,Statisticians,4,0.2226,0.125,0.1641,1
17-1011.00,17-3026.01,"Architects, Except Landscape and Naval",Nanotechnology Engineering Technologists and Technicians,4,0.2226,0.125,0.1815,1
17-2061.00,17-3026.01,Computer Hardware Engineers,Nanotechnology Engineering Technologists and Technicians,4,0.2226,0.125,0.1866,1
17-2112.01,17-3027.01,Human Factors Engineers and Ergonomists,Automotive Engineering Technicians,4,0.2226,0.125,0.2209,1
17-2112.02,17-3028.00,Validation Engineers,Calibration Technologists and Technicians,4,0.2226,0.125,0.226,1
19-3022.00,19-3032.00,Survey Researchers,Industrial-Organizational Psychologists,4,0.2226,0.125,0.2276,1
29-1071.01,29-2055.00,Anesthesiologist Assistants,Surgical Technologists,4,0.2226,0.125,0.2349,1
29-1122.01,29-1222.00,"Low Vision Therapists, Orientation and Mobility Specialists, and Vision Rehabilitation Therapists","Physicians, Pathologists",4,0.2226,0.125,0.2428,1
15-1211.00,15-1241.01,Computer Systems Analysts,Telecommunications Engineering Specialists,6,0.2224,0.125,0.2266,1
19-3011.00,19-3039.02,Economists,Neuropsychologists,3,0.2224,0.125,0.2272,1
29-1041.00,29-1213.00,Optometrists,Dermatologists,3,0.2224,0.125,0.2118,1
29-1041.00,29-1291.00,Optometrists,Acupuncturists,3,0.2224,0.125,0.2251,1
29-1041.00,29-2057.00,Optometrists,Ophthalmic Medical Technicians,3,0.2224,0.125,0.1909,1
29-1125.00,29-2091.00,Recreational Therapists,Orthotists and Prosthetists,3,0.2224,0.125,0.2357,1
29-1127.00,29-1229.06,Speech-Language Pathologists,Sports Medicine Physicians,6,0.2224,0.125,0.2121,1
29-1127.00,29-2034.00,Speech-Language Pathologists,Radiologic Technologists and Technicians,6,0.2224,0.125,0.2376,1
29-1127.00,29-2061.00,Speech-Language Pathologists,Licensed Practical and Licensed Vocational Nurses,6,0.2224,0.125,0.2457,1
29-1181.00,29-2034.00,Audiologists,Radiologic Technologists and Technicians,6,0.2224,0.125,0.2033,1
29-1181.00,29-2061.00,Audiologists,Licensed Practical and Licensed Vocational Nurses,6,0.2224,0.125,0.2477,1
29-1213.00,29-2042.00,Dermatologists,Emergency Medical Technicians,3,0.2224,0.125,0.0,1
29-1229.04,29-2042.00,Physical Medicine and Rehabilitation Physicians,Emergency Medical Technicians,3,0.2224,0.125,0.0,1
29-1229.06,29-9091.00,Sports Medicine Physicians,Athletic Trainers,6,0.2224,0.125,0.2164,1
29-2042.00,29-2057.00,Emergency Medical Technicians,Ophthalmic Medical Technicians,3,0.2224,0.125,0.0,1
29-2042.00,29-2091.00,Emergency Medical Technicians,Orthotists and Prosthetists,3,0.2224,0.125,0.0,1
29-1122.00,29-1217.00,Occupational Therapists,Neurologists,5,0.2223,0.125,0.1887,1
29-1224.00,29-2036.00,Radiologists,Medical Dosimetrists,7,0.2223,0.125,0.1417,1
29-1224.00,29-9099.01,Radiologists,Midwives,7,0.2223,0.125,0.2936,1
15-1251.00,15-1299.09,Computer Programmers,Information Technology Project Managers,4,0.2222,0.125,0.2135,1
15-1252.00,15-1299.09,Software Developers,Information Technology Project Managers,4,0.2222,0.125,0.217,1
15-1299.09,15-2031.00,Information Technology Project Managers,Operations Research Analysts,4,0.2222,0.125,0.2079,1
17-2199.10,17-3027.00,Wind Energy Engineers,Mechanical Engineering Technologists and Technicians,4,0.2222,0.1143,0.2243,1
29-1023.00,29-1141.04,Orthodontists,Clinical Nurse Specialists,4,0.2222,0.1143,0.2225,1
29-1023.00,29-1151.00,Orthodontists,Nurse Anesthetists,4,0.2222,0.1143,0.2119,1
29-1023.00,29-1171.00,Orthodontists,Nurse Practitioners,4,0.2222,0.1143,0.2301,1
29-1123.00,29-1126.00,Physical Therapists,Respiratory Therapists,6,0.2222,0.125,0.226,1
29-1126.00,29-1171.00,Respiratory Therapists,Nurse Practitioners,6,0.2222,0.125,0.2225,1
29-1126.00,29-2092.00,Respiratory Therapists,Hearing Aid Specialists,4,0.2222,0.1143,0.2277,1
29-1171.00,29-2031.00,Nurse Practitioners,Cardiovascular Technologists and Technicians,6,0.2222,0.125,0.2172,1
29-1171.00,29-2092.00,Nurse Practitioners,Hearing Aid Specialists,4,0.2222,0.1143,0.2158,1
29-1229.01,29-2099.01,Allergists and Immunologists,Neurodiagnostic Technologists,4,0.2222,0.125,0.1769,1
29-1041.00,29-1131.00,Optometrists,Veterinarians,4,0.2219,0.1176,0.2392,1
29-1041.00,29-1212.00,Optometrists,Cardiologists,4,0.2219,0.1176,0.0,1
29-2035.00,29-2042.00,Magnetic Resonance Imaging Technologists,Emergency Medical Technicians,4,0.2219,0.1176,0.0,1
29-1141.00,29-2031.00,Registered Nurses,Cardiovascular Technologists and Technicians,7,0.2215,0.1228,0.2325,1
29-2012.00,29-2056.00,Medical and Clinical Laboratory Technicians,Veterinary Technologists and Technicians,6,0.2213,0.12,0.2235,1
17-2031.00,17-2141.00,Bioengineers and Biomedical Engineers,Mechanical Engineers,6,0.2212,0.1224,0.2268,1
29-1224.00,29-1229.05,Radiologists,Preventive Medicine Physicians,5,0.221,0.1163,0.1701,1
29-1224.00,29-2011.00,Radiologists,Medical and Clinical Laboratory Technologists,5,0.221,0.1163,0.2621,1
17-3012.00,17-3027.00,Electrical and Electronics Drafters,Mechanical Engineering Technologists and Technicians,5,0.2208,0.122,0.2172,1
19-1023.00,19-1029.04,Zoologists and Wildlife Biologists,Biologists,5,0.2208,0.122,0.2212,1
19-1029.04,19-2041.00,Biologists,"Environmental Scientists and Specialists, Including Health",5,0.2208,0.122,0.2268,1
19-2021.00,19-2041.00,Atmospheric and Space Scientists,"Environmental Scientists and Specialists, Including Health",5,0.2208,0.122,0.2322,1
29-1123.00,29-1214.00,Physical Therapists,Emergency Medicine Physicians,5,0.2208,0.122,0.233,1
29-1151.00,29-1222.00,Nurse Anesthetists,"Physicians, Pathologists",5,0.2208,0.122,0.1959,1
29-1214.00,29-2031.00,Emergency Medicine Physicians,Cardiovascular Technologists and Technicians,5,0.2208,0.122,0.2183,1
29-1011.00,29-1141.00,Chiropractors,Registered Nurses,6,0.2206,0.1176,0.2276,1
19-3033.00,19-3094.00,Clinical and Counseling Psychologists,Political Scientists,4,0.2202,0.1212,0.2294,1
29-1071.00,29-1122.00,Physician Assistants,Occupational Therapists,4,0.2202,0.1212,0.2169,1
29-1122.00,29-1292.00,Occupational Therapists,Dental Hygienists,4,0.2202,0.1212,0.1949,1
29-1122.00,29-1299.02,Occupational Therapists,Orthoptists,4,0.2202,0.1212,0.1838,1
19-1029.01,19-2011.00,Bioinformatics Scientists,Astronomers,3,0.2194,0.12,0.2342,1
19-1029.01,19-3022.00,Bioinformatics Scientists,Survey Researchers,3,0.2194,0.12,0.1952,1
15-1244.00,15-1299.03,Network and Computer Systems Administrators,Document Management Specialists,5,0.2193,0.122,0.1875,1
29-1022.00,29-1141.00,Oral and Maxillofacial Surgeons,Registered Nurses,4,0.2192,0.0952,0.2255,1
17-2021.00,17-2071.00,Agricultural Engineers,Electrical Engineers,5,0.2188,0.119,0.221,1
17-2021.00,17-3026.00,Agricultural Engineers,Industrial Engineering Technologists and Technicians,5,0.2188,0.119,0.1923,1
19-4031.00,19-4042.00,Chemical Technicians,"Environmental Science and Protection Technicians, Including Health",5,0.2188,0.119,0.212,1
29-1051.00,29-1215.00,Pharmacists,Family Medicine Physicians,5,0.2188,0.119,0.2337,1
29-1051.00,29-1223.00,Pharmacists,Psychiatrists,5,0.2188,0.119,0.2756,1
29-1129.01,29-1215.00,Art Therapists,Family Medicine Physicians,5,0.2188,0.119,0.2476,1
29-1129.01,29-2099.01,Art Therapists,Neurodiagnostic Technologists,5,0.2188,0.119,0.2346,1
29-1129.01,29-1181.00,Art Therapists,Audiologists,6,0.2185,0.1224,0.2311,1
15-1241.01,15-2051.01,Telecommunications Engineering Specialists,Business Intelligence Analysts,4,0.2182,0.1111,0.2034,1
15-1243.00,15-2041.01,Database Architects,Biostatisticians,5,0.2182,0.122,0.1934,1
17-2051.02,17-2131.00,Water/Wastewater Engineers,Materials Engineers,5,0.2182,0.122,0.234,1
17-2051.02,17-2151.00,Water/Wastewater Engineers,"Mining and Geological Engineers, Including Mining Safety Engineers",5,0.2182,0.122,0.2179,1
17-2051.02,17-3025.00,Water/Wastewater Engineers,Environmental Engineering Technologists and Technicians,5,0.2182,0.122,0.1412,1
17-2081.00,17-3023.00,Environmental Engineers,Electrical and Electronic Engineering Technologists and Technicians,6,0.2182,0.1224,0.2269,1
17-2112.00,17-3022.00,Industrial Engineers,Civil Engineering Technologists and Technicians,4,0.2182,0.1212,0.2311,1
17-2121.00,17-3029.01,Marine Engineers and Naval Architects,Non-Destructive Testing Specialists,4,0.2182,0.1111,0.2043,1
17-2131.00,17-2199.07,Materials Engineers,Photonics Engineers,5,0.2182,0.122,0.1956,1
17-2141.01,17-3027.00,Fuel Cell Engineers,Mechanical Engineering Technologists and Technicians,6,0.2182,0.1224,0.2282,1
17-2199.09,17-3025.00,Nanosystems Engineers,Environmental Engineering Technologists and Technicians,5,0.2182,0.122,0.1349,1
19-1029.02,19-4061.00,Molecular and Cellular Biologists,Social Science Research Assistants,5,0.2182,0.122,0.1996,1
19-2031.00,19-4099.01,Chemists,Quality Control Analysts,4,0.2182,0.1176,0.232,1
19-3041.00,19-3099.01,Sociologists,Transportation Planners,4,0.2182,0.1212,0.2537,1
19-3092.00,19-4061.00,Geographers,Social Science Research Assistants,3,0.2182,0.1111,0.2273,1
29-1022.00,29-1218.00,Oral and Maxillofacial Surgeons,Obstetricians and Gynecologists,3,0.2182,0.1111,0.2264,1
29-1022.00,29-1299.01,Oral and Maxillofacial Surgeons,Naturopathic Physicians,3,0.2182,0.1111,0.1789,1
29-1023.00,29-1229.06,Orthodontists,Sports Medicine Physicians,4,0.2182,0.1111,0.2143,1
29-1023.00,29-2034.00,Orthodontists,Radiologic Technologists and Technicians,4,0.2182,0.1111,0.2144,1
29-1123.00,29-2034.00,Physical Therapists,Radiologic Technologists and Technicians,6,0.2182,0.1224,0.2324,1
29-1123.00,29-2061.00,Physical Therapists,Licensed Practical and Licensed Vocational Nurses,6,0.2182,0.1224,0.2334,1
29-1124.00,29-1171.00,Radiation Therapists,Nurse Practitioners,6,0.2182,0.1224,0.2047,1
29-1126.00,29-1141.01,Respiratory Therapists,Acute Care Nurses,6,0.2182,0.1224,0.2389,1
29-1128.00,29-1218.00,Exercise Physiologists,Obstetricians and Gynecologists,5,0.2182,0.122,0.2333,1
29-1131.00,29-1218.00,Veterinarians,Obstetricians and Gynecologists,5,0.2182,0.122,0.2323,1
29-1141.01,29-2031.00,Acute Care Nurses,Cardiovascular Technologists and Technicians,6,0.2182,0.1224,0.225,1
29-1141.01,29-2092.00,Acute Care Nurses,Hearing Aid Specialists,4,0.2182,0.1111,0.2192,1
29-1171.00,29-2034.00,Nurse Practitioners,Radiologic Technologists and Technicians,6,0.2182,0.1224,0.2128,1
29-1229.02,29-2012.00,Hospitalists,Medical and Clinical Laboratory Technicians,4,0.2182,0.1212,0.1901,1
29-1229.03,29-2053.00,Urologists,Psychiatric Technicians,4,0.2182,0.1212,0.2121,1
29-1229.05,29-2033.00,Preventive Medicine Physicians,Nuclear Medicine Technologists,4,0.2182,0.1212,0.2002,1
29-1229.06,29-2092.00,Sports Medicine Physicians,Hearing Aid Specialists,4,0.2182,0.1111,0.2055,1
29-1291.00,29-9092.00,Acupuncturists,Genetic Counselors,4,0.2182,0.1176,0.246,1
29-1122.01,29-9099.01,"Low Vision Therapists, Orientation and Mobility Specialists, and Vision Rehabilitation Therapists",Midwives,5,0.2178,0.1163,0.2151,1
17-3012.00,17-3013.00,Electrical and Electronics Drafters,Mechanical Drafters,3,0.2176,0.1154,0.1945,1
29-1127.00,29-2042.00,Speech-Language Pathologists,Emergency Medical Technicians,4,0.2176,0.1143,0.0,1
29-1141.03,29-1229.02,Critical Care Nurses,Hospitalists,5,0.2176,0.1136,0.2173,1
29-1181.00,29-2042.00,Audiologists,Emergency Medical Technicians,4,0.2176,0.1143,0.0,1
15-1243.01,15-1299.03,Data Warehousing Specialists,Document Management Specialists,4,0.2169,0.1212,0.2306,1
17-2072.01,17-3027.01,Radio Frequency Identification Device Specialists,Automotive Engineering Technicians,4,0.2169,0.1212,0.2142,1
19-3022.00,19-4092.00,Survey Researchers,Forensic Science Technicians,4,0.2169,0.1212,0.2171,1
19-4012.01,19-4099.03,Precision Agriculture Technicians,Remote Sensing Technicians,4,0.2169,0.1212,0.2806,1
29-1011.00,29-1122.01,Chiropractors,"Low Vision Therapists, Orientation and Mobility Specialists, and Vision Rehabilitation Therapists",4,0.2169,0.1212,0.203,1
17-2112.02,17-2112.03,Validation Engineers,Manufacturing Engineers,5,0.2168,0.119,0.193,1
17-2112.02,17-2121.00,Validation Engineers,Marine Engineers and Naval Architects,5,0.2168,0.119,0.2407,1
29-1021.00,29-1141.01,"Dentists, General",Acute Care Nurses,5,0.2168,0.119,0.2353,1
29-1214.00,29-2034.00,Emergency Medicine Physicians,Radiologic Technologists and Technicians,5,0.2168,0.119,0.2204,1
29-1222.00,29-1229.06,"Physicians, Pathologists",Sports Medicine Physicians,5,0.2168,0.119,0.2293,1
29-2034.00,29-2051.00,Radiologic Technologists and Technicians,Dietetic Technicians,5,0.2168,0.119,0.2081,1
29-1229.02,29-2092.00,Hospitalists,Hearing Aid Specialists,3,0.2165,0.12,0.2038,1
29-1229.03,29-2092.00,Urologists,Hearing Aid Specialists,3,0.2165,0.12,0.2133,1
15-1211.01,15-2031.00,Health Informatics Specialists,Operations Research Analysts,4,0.2163,0.1212,0.2048,1
17-2021.00,17-3012.00,Agricultural Engineers,Electrical and Electronics Drafters,4,0.2163,0.1212,0.2275,1
19-1023.00,19-1041.00,Zoologists and Wildlife Biologists,Epidemiologists,4,0.2163,0.1212,0.2282,1
29-1021.00,29-1215.00,"Dentists, General",Family Medicine Physicians,4,0.2163,0.1212,0.1848,1
11-9041.00,11-9121.01,Architectural and Engineering Managers,Clinical Research Coordinators,6,0.2155,0.12,0.2033,1
29-1131.00,29-2032.00,Veterinarians,Diagnostic Medical Sonographers,6,0.2155,0.12,0.2019,1
29-2035.00,29-2036.00,Magnetic Resonance Imaging Technologists,Medical Dosimetrists,6,0.2155,0.12,0.2219,1
17-1012.00,17-2072.00,Landscape Architects,"Electronics Engineers, Except Computer",4,0.2154,0.1176,0.2111,1
17-1012.00,17-3011.00,Landscape Architects,Architectural and Civil Drafters,4,0.2154,0.1176,0.2197,1
17-2031.00,17-2041.00,Bioengineers and Biomedical Engineers,Chemical Engineers,4,0.2154,0.1176,0.2478,1
17-2041.00,17-2072.00,Chemical Engineers,"Electronics Engineers, Except Computer",4,0.2154,0.1176,0.2164,1
17-2072.00,17-3021.00,"Electronics Engineers, Except Computer",Aerospace Engineering and Operations Technologists and Technicians,4,0.2154,0.1176,0.2322,1
17-2081.00,17-2161.00,Environmental Engineers,Nuclear Engineers,5,0.2152,0.119,0.2055,1
19-2043.00,19-4044.00,Hydrologists,Hydrologic Technicians,5,0.2152,0.1163,0.0,1
29-1011.00,29-1123.00,Chiropractors,Physical Therapists,5,0.2152,0.119,0.2584,1
29-1011.00,29-2031.00,Chiropractors,Cardiovascular Technologists and Technicians,5,0.2152,0.119,0.2141,1
29-1126.00,29-2011.01,Respiratory Therapists,Cytogenetic Technologists,5,0.2152,0.119,0.2138,1
29-1141.00,29-2099.05,Registered Nurses,Ophthalmic Medical Technologists,6,0.2152,0.1154,0.2043,1
29-1151.00,29-1242.00,Nurse Anesthetists,"Orthopedic Surgeons, Except Pediatric",5,0.2152,0.119,0.0,1
17-1012.00,17-1022.01,Landscape Architects,Geodetic Surveyors,3,0.2148,0.12,0.2017,1
19-3039.02,19-3094.00,Neuropsychologists,Political Scientists,3,0.2148,0.12,0.2738,1
29-1031.00,29-1127.00,Dietitians and Nutritionists,Speech-Language Pathologists,6,0.2148,0.12,0.222,1
29-1031.00,29-1181.00,Dietitians and Nutritionists,Audiologists,6,0.2148,0.12,0.1858,1
29-1041.00,29-1071.00,Optometrists,Physician Assistants,3,0.2148,0.12,0.2346,1
29-1125.00,29-1299.02,Recreational Therapists,Orthoptists,3,0.2148,0.12,0.1948,1
29-1292.00,29-2042.00,Dental Hygienists,Emergency Medical Technicians,3,0.2148,0.12,0.0,1
17-2011.00,17-2141.00,Aerospace Engineers,Mechanical Engineers,5,0.2144,0.1136,0.2081,1
17-2051.00,17-2141.00,Civil Engineers,Mechanical Engineers,5,0.2144,0.1136,0.2061,1
17-2061.00,17-2141.00,Computer Hardware Engineers,Mechanical Engineers,5,0.2144,0.1136,0.2246,1
17-2081.00,17-2199.06,Environmental Engineers,Microsystems Engineers,6,0.2144,0.12,0.1752,1
17-2081.00,17-3026.00,Environmental Engineers,Industrial Engineering Technologists and Technicians,6,0.2144,0.12,0.2132,1
17-2199.06,17-3027.00,Microsystems Engineers,Mechanical Engineering Technologists and Technicians,6,0.2144,0.12,0.2582,1
17-3024.00,17-3027.00,Electro-Mechanical and Mechatronics Technologists and Technicians,Mechanical Engineering Technologists and Technicians,6,0.2144,0.12,0.2093,1
29-1023.00,29-1051.00,Orthodontists,Pharmacists,4,0.2144,0.1081,0.2379,1
29-1051.00,29-1141.04,Pharmacists,Clinical Nurse Specialists,6,0.2144,0.12,0.2406,1
29-1129.01,29-2031.00,Art Therapists,Cardiovascular Technologists and Technicians,6,0.2144,0.12,0.2195,1
19-1022.00,19-4013.00,Microbiologists,Food Science Technicians,3,0.2143,0.12,0.2013,1
29-1141.01,29-2034.00,Acute Care Nurses,Radiologic Technologists and Technicians,6,0.2143,0.12,0.2257,1
29-1141.01,29-2061.00,Acute Care Nurses,Licensed Practical and Licensed Vocational Nurses,6,0.2143,0.12,0.2313,1
29-1229.06,29-2034.00,Sports Medicine Physicians,Radiologic Technologists and Technicians,6,0.2143,0.12,0.2145,1
29-1291.00,29-2091.00,Acupuncturists,Orthotists and Prosthetists,3,0.2143,0.12,0.2443,1
29-2043.00,29-2057.00,Paramedics,Ophthalmic Medical Technicians,3,0.2143,0.12,0.2384,1
15-1211.00,15-1299.05,Computer Systems Analysts,Information Security Engineers,5,0.214,0.119,0.214,1
15-1211.00,15-2051.02,Computer Systems Analysts,Clinical Data Managers,5,0.214,0.119,0.1972,1
29-1129.02,29-1299.01,Music Therapists,Naturopathic Physicians,5,0.214,0.119,0.227,1
29-1181.00,29-2053.00,Audiologists,Psychiatric Technicians,5,0.214,0.119,0.2248,1
15-1212.00,15-1241.00,Information Security Analysts,Computer Network Architects,4,0.2138,0.0976,0.2058,1
15-1299.02,15-1299.07,Geographic Information Systems Technologists and Technicians,Blockchain Engineers,4,0.2138,0.1143,0.2067,1
17-2171.00,17-2199.11,Petroleum Engineers,Solar Energy Systems Engineers,4,0.2138,0.1143,0.2223,1
19-1029.02,19-2031.00,Molecular and Cellular Biologists,Chemists,4,0.2138,0.1143,0.1934,1
29-1128.00,29-2057.00,Exercise Physiologists,Ophthalmic Medical Technicians,4,0.2138,0.1143,0.2307,1
29-1128.00,29-2091.00,Exercise Physiologists,Orthotists and Prosthetists,4,0.2138,0.1143,0.172,1
29-1212.00,29-1229.04,Cardiologists,Physical Medicine and Rehabilitation Physicians,4,0.2138,0.1143,0.0,1
29-1212.00,29-2091.00,Cardiologists,Orthotists and Prosthetists,4,0.2138,0.1143,0.0,1
29-1051.00,29-1141.00,Pharmacists,Registered Nurses,7,0.2137,0.1186,0.2315,1
17-1022.01,17-2081.00,Geodetic Surveyors,Environmental Engineers,4,0.2135,0.1111,0.2108,1
29-1041.00,29-1123.00,Optometrists,Physical Therapists,4,0.2135,0.1111,0.2339,1
29-1041.00,29-1141.04,Optometrists,Clinical Nurse Specialists,4,0.2135,0.1111,0.2287,1
29-1041.00,29-1151.00,Optometrists,Nurse Anesthetists,4,0.2135,0.1111,0.2237,1
29-1123.00,29-2042.00,Physical Therapists,Emergency Medical Technicians,4,0.2135,0.1111,0.0,1
29-1125.00,29-1126.00,Recreational Therapists,Respiratory Therapists,4,0.2135,0.1111,0.2231,1
29-1125.00,29-1141.04,Recreational Therapists,Clinical Nurse Specialists,4,0.2135,0.1111,0.1929,1
29-1125.00,29-1151.00,Recreational Therapists,Nurse Anesthetists,4,0.2135,0.1111,0.2108,1
29-1125.00,29-2031.00,Recreational Therapists,Cardiovascular Technologists and Technicians,4,0.2135,0.1111,0.2195,1
29-1126.00,29-2042.00,Respiratory Therapists,Emergency Medical Technicians,4,0.2135,0.1111,0.0,1
29-1171.00,29-2042.00,Nurse Practitioners,Emergency Medical Technicians,4,0.2135,0.1111,0.0,1
29-2031.00,29-2042.00,Cardiovascular Technologists and Technicians,Emergency Medical Technicians,4,0.2135,0.1111,0.0,1
15-1231.00,15-1299.02,Computer Network Support Specialists,Geographic Information Systems Technologists and Technicians,5,0.2132,0.119,0.1737,1
19-1029.01,19-4031.00,Bioinformatics Scientists,Chemical Technicians,3,0.2132,0.1154,0.1786,1
19-1029.02,19-4012.00,Molecular and Cellular Biologists,Agricultural Technicians,5,0.2132,0.119,0.2283,1
19-3033.00,19-3041.00,Clinical and Counseling Psychologists,Sociologists,4,0.2132,0.1176,0.2162,1
19-4012.00,19-4043.00,Agricultural Technicians,"Geological Technicians, Except Hydrologic Technicians",5,0.2132,0.119,0.2611,1
19-4012.00,19-4051.02,Agricultural Technicians,Nuclear Monitoring Technicians,4,0.2132,0.1176,0.2175,1
29-1022.00,29-1122.00,Oral and Maxillofacial Surgeons,Occupational Therapists,3,0.2132,0.1071,0.2315,1
29-1022.00,29-1141.02,Oral and Maxillofacial Surgeons,Advanced Practice Psychiatric Nurses,3,0.2132,0.1071,0.2386,1
29-1022.00,29-1216.00,Oral and Maxillofacial Surgeons,General Internal Medicine Physicians,3,0.2132,0.1071,0.2056,1
29-1081.00,29-1141.02,Podiatrists,Advanced Practice Psychiatric Nurses,4,0.2132,0.1176,0.2552,1
29-1128.00,29-1216.00,Exercise Physiologists,General Internal Medicine Physicians,5,0.2132,0.119,0.2361,1
29-1131.00,29-1141.02,Veterinarians,Advanced Practice Psychiatric Nurses,5,0.2132,0.119,0.2259,1
29-1229.05,29-1243.00,Preventive Medicine Physicians,Pediatric Surgeons,4,0.2132,0.1176,0.0,1
17-2112.01,17-3026.00,Human Factors Engineers and Ergonomists,Industrial Engineering Technologists and Technicians,5,0.213,0.1163,0.2269,1
17-2112.02,17-3024.00,Validation Engineers,Electro-Mechanical and Mechatronics Technologists and Technicians,5,0.213,0.1163,0.2169,1
17-2112.02,17-3026.00,Validation Engineers,Industrial Engineering Technologists and Technicians,5,0.213,0.1163,0.1941,1
17-3024.00,17-3026.01,Electro-Mechanical and Mechatronics Technologists and Technicians,Nanotechnology Engineering Technologists and Technicians,5,0.213,0.1163,0.1748,1
19-2041.00,19-4042.00,"Environmental Scientists and Specialists, Including Health","Environmental Science and Protection Technicians, Including Health",5,0.213,0.1163,0.2,1
29-1129.01,29-2051.00,Art Therapists,Dietetic Technicians,5,0.213,0.1163,0.2278,1
17-2199.05,17-3011.00,Mechatronics Engineers,Architectural and Civil Drafters,5,0.2128,0.119,0.1989,1
19-1031.00,19-3051.00,Conservation Scientists,Urban and Regional Planners,5,0.2128,0.119,0.1789,1
19-2099.01,19-3051.00,Remote Sensing Scientists and Technologists,Urban and Regional Planners,5,0.2128,0.119,0.1073,1
15-1242.00,15-2041.00,Database Administrators,Statisticians,4,0.2117,0.1176,0.1675,1
17-2011.00,17-2112.00,Aerospace Engineers,Industrial Engineers,4,0.2117,0.1176,0.206,1
17-2051.00,17-2112.00,Civil Engineers,Industrial Engineers,4,0.2117,0.1176,0.1994,1
17-2061.00,17-2112.00,Computer Hardware Engineers,Industrial Engineers,4,0.2117,0.1176,0.2251,1
17-2199.07,17-3028.00,Photonics Engineers,Calibration Technologists and Technicians,4,0.2117,0.1176,0.2395,1
19-1013.00,19-4012.01,Soil and Plant Scientists,Precision Agriculture Technicians,4,0.2117,0.1176,0.2173,1
29-1071.01,29-1299.01,Anesthesiologist Assistants,Naturopathic Physicians,4,0.2117,0.1176,0.1895,1
29-1071.01,29-2053.00,Anesthesiologist Assistants,Psychiatric Technicians,4,0.2117,0.1176,0.2047,1
29-1071.01,29-2099.05,Anesthesiologist Assistants,Ophthalmic Medical Technologists,4,0.2117,0.1176,0.1951,1
29-1122.01,29-1299.01,"Low Vision Therapists, Orientation and Mobility Specialists, and Vision Rehabilitation Therapists",Naturopathic Physicians,4,0.2117,0.1176,0.1928,1
29-1223.00,29-2032.00,Psychiatrists,Diagnostic Medical Sonographers,5,0.2117,0.1136,0.2225,1
29-1229.01,29-2032.00,Allergists and Immunologists,Diagnostic Medical Sonographers,5,0.2117,0.1136,0.2239,1
29-2032.00,29-2081.00,Diagnostic Medical Sonographers,"Opticians, Dispensing",5,0.2117,0.1136,0.2001,1
29-2036.00,29-2099.01,Medical Dosimetrists,Neurodiagnostic Technologists,5,0.2117,0.1136,0.2014,1
29-2099.01,29-9099.01,Neurodiagnostic Technologists,Midwives,5,0.2117,0.1136,0.2144,1
29-1011.00,29-1141.01,Chiropractors,Acute Care Nurses,5,0.2113,0.1163,0.2279,1
29-1011.00,29-2061.00,Chiropractors,Licensed Practical and Licensed Vocational Nurses,5,0.2113,0.1163,0.2162,1
29-1129.02,29-2032.00,Music Therapists,Diagnostic Medical Sonographers,6,0.2113,0.1176,0.2046,1
29-1242.00,29-2034.00,"Orthopedic Surgeons, Except Pediatric",Radiologic Technologists and Technicians,5,0.2113,0.1163,0.0,1
29-1242.00,29-2061.00,"Orthopedic Surgeons, Except Pediatric",Licensed Practical and Licensed Vocational Nurses,5,0.2113,0.1163,0.0,1
15-1243.01,15-1299.01,Data Warehousing Specialists,Web Administrators,5,0.2111,0.1111,0.1925,1
29-1122.01,29-1141.03,"Low Vision Therapists, Orientation and Mobility Specialists, and Vision Rehabilitation Therapists",Critical Care Nurses,5,0.2111,0.1111,0.1914,1
15-1252.00,15-1299.03,Software Developers,Document Management Specialists,4,0.2108,0.1176,0.2129,1
15-1255.01,15-1299.08,Video Game Designers,Computer Systems Engineers/Architects,4,0.2108,0.1053,0.2341,1
15-1299.08,15-2051.01,Computer Systems Engineers/Architects,Business Intelligence Analysts,4,0.2108,0.1053,0.1871,1
17-2021.00,17-2072.01,Agricultural Engineers,Radio Frequency Identification Device Specialists,4,0.2108,0.1176,0.2149,1
17-2021.00,17-2199.08,Agricultural Engineers,Robotics Engineers,4,0.2108,0.1176,0.1903,1
17-2199.05,17-3021.00,Mechatronics Engineers,Aerospace Engineering and Operations Technologists and Technicians,4,0.2108,0.1143,0.2224,1
19-2041.03,19-2043.00,Industrial Ecologists,Hydrologists,6,0.2108,0.1176,0.2411,1
29-1031.00,29-1141.04,Dietitians and Nutritionists,Clinical Nurse Specialists,6,0.2108,0.1176,0.2195,1
29-1071.00,29-9092.00,Physician Assistants,Genetic Counselors,4,0.2108,0.1143,0.2545,1
29-1211.00,29-1292.00,Anesthesiologists,Dental Hygienists,4,0.2108,0.1143,0.1982,1
17-2071.00,17-2112.03,Electrical Engineers,Manufacturing Engineers,6,0.2106,0.1176,0.1946,1
17-2112.03,17-3024.00,Manufacturing Engineers,Electro-Mechanical and Mechatronics Technologists and Technicians,6,0.2106,0.1176,0.1493,1
17-2121.00,17-3024.00,Marine Engineers and Naval Architects,Electro-Mechanical and Mechatronics Technologists and Technicians,6,0.2106,0.1176,0.2473,1
17-3023.00,17-3026.00,Electrical and Electronic Engineering Technologists and Technicians,Industrial Engineering Technologists and Technicians,6,0.2106,0.1176,0.1912,1
29-1129.01,29-1141.01,Art Therapists,Acute Care Nurses,6,0.2106,0.1176,0.2474,1
29-1129.01,29-2061.00,Art Therapists,Licensed Practical and Licensed Vocational Nurses,6,0.2106,0.1176,0.2214,1
17-2112.02,17-3026.01,Validation Engineers,Nanotechnology Engineering Technologists and Technicians,4,0.2105,0.1176,0.2222,1
19-1023.00,19-1042.00,Zoologists and Wildlife Biologists,"Medical Scientists, Except Epidemiologists",4,0.2105,0.1176,0.2232,1
29-1021.00,29-1214.00,"Dentists, General",Emergency Medicine Physicians,4,0.2105,0.1176,0.2069,1
29-1031.00,29-1141.00,Dietitians and Nutritionists,Registered Nurses,7,0.2101,0.1167,0.2008,1
15-1243.01,15-2051.01,Data Warehousing Specialists,Business Intelligence Analysts,3,0.21,0.1154,0.206,1
15-1255.01,15-2041.00,Video Game Designers,Statisticians,3,0.21,0.1154,0.1605,1
17-2061.00,17-2199.10,Computer Hardware Engineers,Wind Energy Engineers,3,0.21,0.1154,0.2061,1
17-2081.00,17-2199.07,Environmental Engineers,Photonics Engineers,5,0.21,0.1163,0.1784,1
17-2199.10,17-3027.01,Wind Energy Engineers,Automotive Engineering Technicians,3,0.21,0.1154,0.1868,1
17-3028.00,17-3029.01,Calibration Technologists and Technicians,Non-Destructive Testing Specialists,3,0.21,0.1154,0.2208,1
19-1029.04,19-3011.01,Biologists,Environmental Economists,5,0.21,0.1163,0.2254,1
19-2021.00,19-3099.01,Atmospheric and Space Scientists,Transportation Planners,5,0.21,0.1163,0.2424,1
29-1122.01,29-2092.00,"Low Vision Therapists, Orientation and Mobility Specialists, and Vision Rehabilitation Therapists",Hearing Aid Specialists,3,0.21,0.1154,0.206,1
29-1123.00,29-1299.01,Physical Therapists,Naturopathic Physicians,5,0.21,0.1163,0.2389,1
29-1123.00,29-2053.00,Physical Therapists,Psychiatric Technicians,5,0.21,0.1163,0.2077,1
29-1123.00,29-2099.05,Physical Therapists,Ophthalmic Medical Technologists,5,0.21,0.1163,0.2161,1
29-1141.04,29-2099.05,Clinical Nurse Specialists,Ophthalmic Medical Technologists,5,0.21,0.1163,0.2117,1
29-1151.00,29-1218.00,Nurse Anesthetists,Obstetricians and Gynecologists,5,0.21,0.1163,0.232,1
29-1151.00,29-2012.00,Nurse Anesthetists,Medical and Clinical Laboratory Technicians,5,0.21,0.1163,0.18,1
29-1171.00,29-2099.05,Nurse Practitioners,Ophthalmic Medical Technologists,5,0.21,0.1163,0.223,1
29-1218.00,29-2031.00,Obstetricians and Gynecologists,Cardiovascular Technologists and Technicians,5,0.21,0.1163,0.229,1
29-2099.05,29-9093.00,Ophthalmic Medical Technologists,Surgical Assistants,5,0.21,0.1163,0.2008,1
15-1253.00,15-1299.07,Software Quality Assurance Analysts and Testers,Blockchain Engineers,4,0.2097,0.1111,0.2086,1
17-1022.01,17-3023.00,Geodetic Surveyors,Electrical and Electronic Engineering Technologists and Technicians,4,0.2097,0.1081,0.2032,1
29-1124.00,29-2042.00,Radiation Therapists,Emergency Medical Technicians,4,0.2097,0.1081,0.0,1
29-1125.00,29-1229.06,Recreational Therapists,Sports Medicine Physicians,4,0.2097,0.1081,0.2254,1
29-1127.00,29-2091.00,Speech-Language Pathologists,Orthotists and Prosthetists,4,0.2097,0.1111,0.1467,1
29-1129.02,29-1213.00,Music Therapists,Dermatologists,4,0.2097,0.1111,0.1628,1
29-1129.02,29-1229.04,Music Therapists,Physical Medicine and Rehabilitation Physicians,4,0.2097,0.1111,0.2386,1
29-1129.02,29-1291.00,Music Therapists,Acupuncturists,4,0.2097,0.1111,0.2254,1
29-1181.00,29-1291.00,Audiologists,Acupuncturists,4,0.2097,0.1111,0.2413,1
29-2042.00,29-2061.00,Emergency Medical Technicians,Licensed Practical and Licensed Vocational Nurses,4,0.2097,0.1081,0.0,1
29-1031.00,29-1222.00,Dietitians and Nutritionists,"Physicians, Pathologists",5,0.2094,0.1136,0.1795,1
15-1211.00,15-1231.00,Computer Systems Analysts,Computer Network Support Specialists,5,0.2091,0.1163,0.2254,1
29-1127.00,29-1141.02,Speech-Language Pathologists,Advanced Practice Psychiatric Nurses,5,0.2091,0.1163,0.2424,1
29-1127.00,29-1216.00,Speech-Language Pathologists,General Internal Medicine Physicians,5,0.2091,0.1163,0.2006,1
29-1129.02,29-1216.00,Music Therapists,General Internal Medicine Physicians,5,0.2091,0.1163,0.1938,1
29-1129.02,29-1243.00,Music Therapists,Pediatric Surgeons,5,0.2091,0.1163,0.0,1
15-1299.01,15-1299.02,Web Administrators,Geographic Information Systems Technologists and Technicians,6,0.2089,0.1154,0.1805,1
29-1128.00,29-1141.03,Exercise Physiologists,Critical Care Nurses,6,0.2089,0.1154,0.2347,1
29-1131.00,29-1141.03,Veterinarians,Critical Care Nurses,6,0.2089,0.1154,0.2154,1
29-1141.03,29-2035.00,Critical Care Nurses,Magnetic Resonance Imaging Technologists,6,0.2089,0.1154,0.1907,1
17-2031.00,17-3025.00,Bioengineers and Biomedical Engineers,Environmental Engineering Technologists and Technicians,5,0.2085,0.1163,0.1104,1
17-2072.00,17-2131.00,"Electronics Engineers, Except Computer",Materials Engineers,5,0.2085,0.1163,0.2211,1
17-2131.00,17-3011.00,Materials Engineers,Architectural and Civil Drafters,5,0.2085,0.1163,0.2336,1
17-2171.00,17-3011.00,Petroleum Engineers,Architectural and Civil Drafters,5,0.2085,0.1163,0.206,1
17-3011.00,17-3025.00,Architectural and Civil Drafters,Environmental Engineering Technologists and Technicians,5,0.2085,0.1163,0.1923,1
17-3025.00,17-3029.08,Environmental Engineering Technologists and Technicians,Photonics Technicians,5,0.2085,0.1163,0.2332,1
19-1031.02,19-2041.02,Range Managers,Environmental Restoration Planners,4,0.2085,0.1143,0.2374,1
29-1022.00,29-1221.00,Oral and Maxillofacial Surgeons,"Pediatricians, General",3,0.2085,0.1034,0.192,1
29-1128.00,29-1217.00,Exercise Physiologists,Neurologists,5,0.2085,0.1163,0.2038,1
29-1217.00,29-1229.05,Neurologists,Preventive Medicine Physicians,4,0.2085,0.1143,0.1756,1
19-2012.00,19-2099.01,Physicists,Remote Sensing Scientists and Technologists,5,0.2083,0.1163,0.2365,1
29-1211.00,29-9092.00,Anesthesiologists,Genetic Counselors,5,0.2083,0.1163,0.1828,1
29-1224.00,29-2081.00,Radiologists,"Opticians, Dispensing",5,0.2083,0.1111,0.1562,1
15-2099.01,29-2099.08,Bioinformatics Technicians,Patient Representatives,3,0.208,0.1154,0.1913,0
17-2051.01,17-2141.00,Transportation Engineers,Mechanical Engineers,6,0.208,0.1154,0.2124,1
29-1125.00,29-1229.02,Recreational Therapists,Hospitalists,3,0.208,0.1154,0.1987,1
29-1125.00,29-1229.05,Recreational Therapists,Preventive Medicine Physicians,3,0.208,0.1154,0.2061,1
17-2071.00,17-2072.01,Electrical Engineers,Radio Frequency Identification Device Specialists,5,0.2076,0.1136,0.2186,1
17-2072.01,17-3026.00,Radio Frequency Identification Device Specialists,Industrial Engineering Technologists and Technicians,5,0.2076,0.1136,0.21,1
17-2161.00,17-2199.06,Nuclear Engineers,Microsystems Engineers,5,0.2076,0.1136,0.1265,1
17-2199.08,17-3026.00,Robotics Engineers,Industrial Engineering Technologists and Technicians,5,0.2076,0.1136,0.199,1
19-1029.03,19-2042.00,Geneticists,"Geoscientists, Except Hydrologists and Geographers",5,0.2076,0.1136,0.2406,1
29-1023.00,29-9099.01,Orthodontists,Midwives,4,0.2074,0.1026,0.2144,1
29-2031.00,29-2036.00,Cardiovascular Technologists and Technicians,Medical Dosimetrists,6,0.2074,0.1154,0.2158,1
29-2031.00,29-9099.01,Cardiovascular Technologists and Technicians,Midwives,6,0.2074,0.1154,0.2245,1
15-1212.00,15-1299.05,Information Security Analysts,Information Security Engineers,3,0.207,0.1071,0.2067,1
15-1212.00,15-2051.02,Information Security Analysts,Clinical Data Managers,3,0.207,0.1071,0.1686,1
17-2199.03,17-2199.11,"Energy Engineers, Except Wind and Solar",Solar Energy Systems Engineers,3,0.207,0.1154,0.2045,1
19-3011.00,19-3039.03,Economists,Clinical Neuropsychologists,3,0.207,0.1154,0.2125,1
29-1071.00,29-2043.00,Physician Assistants,Paramedics,3,0.207,0.1154,0.2049,1
29-1071.00,29-2057.00,Physician Assistants,Ophthalmic Medical Technicians,3,0.207,0.1154,0.2368,1
29-1071.00,29-2091.00,Physician Assistants,Orthotists and Prosthetists,3,0.207,0.1154,0.2484,1
29-2072.00,29-2091.00,Medical Records Specialists,Orthotists and Prosthetists,3,0.207,0.1154,0.2071,1
19-3022.00,19-3033.00,Survey Researchers,Clinical and Counseling Psychologists,4,0.2068,0.1143,0.227,1
19-3022.00,19-4012.00,Survey Researchers,Agricultural Technicians,4,0.2068,0.1143,0.1986,1
29-1071.01,29-1122.00,Anesthesiologist Assistants,Occupational Therapists,4,0.2068,0.1143,0.1806,1
29-1071.01,29-1141.02,Anesthesiologist Assistants,Advanced Practice Psychiatric Nurses,4,0.2068,0.1143,0.2044,1
29-1122.01,29-1243.00,"Low Vision Therapists, Orientation and Mobility Specialists, and Vision Rehabilitation Therapists",Pediatric Surgeons,4,0.2068,0.1143,0.0,1
17-2131.00,17-2199.03,Materials Engineers,"Energy Engineers, Except Wind and Solar",4,0.2066,0.1111,0.2111,1
19-4043.00,19-4051.00,"Geological Technicians, Except Hydrologic Technicians",Nuclear Technicians,4,0.2066,0.1111,0.098,1
29-1071.00,29-1128.00,Physician Assistants,Exercise Physiologists,4,0.2066,0.1111,0.2274,1
29-1131.00,29-2072.00,Veterinarians,Medical Records Specialists,4,0.2066,0.1111,0.1691,1
29-1292.00,29-2035.00,Dental Hygienists,Magnetic Resonance Imaging Technologists,4,0.2066,0.1111,0.177,1
29-1299.02,29-2035.00,Orthoptists,Magnetic Resonance Imaging Technologists,4,0.2066,0.1111,0.1905,1
17-2051.02,17-2121.00,Water/Wastewater Engineers,Marine Engineers and Naval Architects,5,0.2062,0.1136,0.2143,1
17-2112.00,17-2141.01,Industrial Engineers,Fuel Cell Engineers,5,0.2062,0.1136,0.1998,1
17-2112.00,17-3023.00,Industrial Engineers,Electrical and Electronic Engineering Technologists and Technicians,5,0.2062,0.1136,0.2251,1
17-2112.03,17-2199.07,Manufacturing Engineers,Photonics Engineers,5,0.2062,0.1136,0.1802,1
17-2112.03,17-2199.09,Manufacturing Engineers,Nanosystems Engineers,5,0.2062,0.1136,0.2078,1
17-2121.00,17-2199.07,Marine Engineers and Naval Architects,Photonics Engineers,5,0.2062,0.1136,0.1972,1
17-2141.01,17-2199.07,Fuel Cell Engineers,Photonics Engineers,5,0.2062,0.1136,0.2152,1
29-1218.00,29-2034.00,Obstetricians and Gynecologists,Radiologic Technologists and Technicians,5,0.2062,0.1136,0.2193,1
29-2052.00,29-2061.00,Pharmacy Technicians,Licensed Practical and Licensed Vocational Nurses,5,0.2062,0.1136,0.2006,1
29-2061.00,29-2099.05,Licensed Practical and Licensed Vocational Nurses,Ophthalmic Medical Technologists,5,0.2062,0.1136,0.2292,1
19-2032.00,19-2042.00,Materials Scientists,"Geoscientists, Except Hydrologists and Geographers",4,0.206,0.1053,0.2553,1
29-1214.00,29-2032.00,Emergency Medicine Physicians,Diagnostic Medical Sonographers,5,0.206,0.1111,0.2074,1
29-1241.00,29-2036.00,"Ophthalmologists, Except Pediatric",Medical Dosimetrists,5,0.206,0.1111,0.15,1
29-2036.00,29-2051.00,Medical Dosimetrists,Dietetic Technicians,5,0.206,0.1111,0.1763,1
15-1299.05,15-1299.09,Information Security Engineers,Information Technology Project Managers,4,0.2057,0.1143,0.2394,1
17-2199.11,17-3027.00,Solar Energy Systems Engineers,Mechanical Engineering Technologists and Technicians,4,0.2057,0.1081,0.1913,1
29-1126.00,29-1229.04,Respiratory Therapists,Physical Medicine and Rehabilitation Physicians,4,0.2057,0.1081,0.2053,1
29-1126.00,29-2057.00,Respiratory Therapists,Ophthalmic Medical Technicians,4,0.2057,0.1081,0.2111,1
29-1141.04,29-2043.00,Clinical Nurse Specialists,Paramedics,4,0.2057,0.1081,0.217,1
29-1171.00,29-2043.00,Nurse Practitioners,Paramedics,4,0.2057,0.1081,0.2187,1
29-1171.00,29-2091.00,Nurse Practitioners,Orthotists and Prosthetists,4,0.2057,0.1081,0.2063,1
29-1215.00,29-2033.00,Family Medicine Physicians,Nuclear Medicine Technologists,4,0.2057,0.1143,0.1834,1
29-1215.00,29-2053.00,Family Medicine Physicians,Psychiatric Technicians,4,0.2057,0.1143,0.184,1
29-1229.01,29-2053.00,Allergists and Immunologists,Psychiatric Technicians,4,0.2057,0.1143,0.1974,1
29-1229.04,29-9093.00,Physical Medicine and Rehabilitation Physicians,Surgical Assistants,4,0.2057,0.1081,0.2105,1
29-2031.00,29-2043.00,Cardiovascular Technologists and Technicians,Paramedics,4,0.2057,0.1081,0.1994,1
29-2033.00,29-2099.01,Nuclear Medicine Technologists,Neurodiagnostic Technologists,4,0.2057,0.1143,0.2003,1
29-2053.00,29-2081.00,Psychiatric Technicians,"Opticians, Dispensing",4,0.2057,0.1143,0.1837,1
29-2057.00,29-9093.00,Ophthalmic Medical Technicians,Surgical Assistants,4,0.2057,0.1081,0.2229,1
15-1221.00,15-1299.01,Computer and Information Research Scientists,Web Administrators,5,0.2052,0.1087,0.1958,1
15-1252.00,15-1299.01,Software Developers,Web Administrators,5,0.2052,0.1087,0.2045,1
17-2161.00,17-3026.01,Nuclear Engineers,Nanotechnology Engineering Technologists and Technicians,4,0.2052,0.1143,0.192,1
17-2199.08,17-3026.01,Robotics Engineers,Nanotechnology Engineering Technologists and Technicians,4,0.2052,0.1143,0.1999,1
17-2199.08,17-3031.00,Robotics Engineers,Surveying and Mapping Technicians,4,0.2052,0.1143,0.2034,1
19-1029.04,19-4012.00,Biologists,Agricultural Technicians,5,0.2052,0.1136,0.1694,1
29-1011.00,29-2051.00,Chiropractors,Dietetic Technicians,4,0.2052,0.1143,0.2116,1
29-1021.00,29-1242.00,"Dentists, General","Orthopedic Surgeons, Except Pediatric",4,0.2052,0.1143,0.0,1
29-1122.00,29-1126.00,Occupational Therapists,Respiratory Therapists,5,0.2052,0.1136,0.2027,1
29-1122.00,29-2031.00,Occupational Therapists,Cardiovascular Technologists and Technicians,5,0.2052,0.1136,0.1928,1
29-1141.02,29-9093.00,Advanced Practice Psychiatric Nurses,Surgical Assistants,5,0.2052,0.1136,0.1875,1
29-1141.03,29-1223.00,Critical Care Nurses,Psychiatrists,5,0.2052,0.1087,0.2328,1
29-1151.00,29-1243.00,Nurse Anesthetists,Pediatric Surgeons,5,0.2052,0.1136,0.0,1
29-1216.00,29-2031.00,General Internal Medicine Physicians,Cardiovascular Technologists and Technicians,5,0.2052,0.1136,0.2168,1
29-1222.00,29-1242.00,"Physicians, Pathologists","Orthopedic Surgeons, Except Pediatric",4,0.2052,0.1143,0.0,1
17-2051.01,17-3011.00,Transportation Engineers,Architectural and Civil Drafters,5,0.2045,0.1136,0.2432,1
29-1127.00,29-1161.00,Speech-Language Pathologists,Nurse Midwives,5,0.2045,0.1136,0.1821,1
29-1129.02,29-1221.00,Music Therapists,"Pediatricians, General",5,0.2045,0.1136,0.1913,1
29-1161.00,29-9091.00,Nurse Midwives,Athletic Trainers,5,0.2045,0.1136,0.1836,1
15-1299.09,15-2051.01,Information Technology Project Managers,Business Intelligence Analysts,3,0.2041,0.1111,0.2209,1
17-2131.00,17-2141.02,Materials Engineers,Automotive Engineers,5,0.2041,0.1136,0.2239,1
17-2131.00,17-2199.05,Materials Engineers,Mechatronics Engineers,5,0.2041,0.1136,0.189,1
17-2141.00,17-3027.00,Mechanical Engineers,Mechanical Engineering Technologists and Technicians,6,0.2041,0.1132,0.2271,1
17-3024.01,17-3029.01,Robotics Technicians,Non-Destructive Testing Specialists,3,0.2041,0.1111,0.2015,1
19-1029.02,19-2012.00,Molecular and Cellular Biologists,Physicists,5,0.2041,0.1136,0.28,1
19-1029.02,19-2099.01,Molecular and Cellular Biologists,Remote Sensing Scientists and Technologists,5,0.2041,0.1136,0.2001,1
19-1031.00,19-1031.02,Conservation Scientists,Range Managers,4,0.2041,0.1111,0.2391,1
19-2099.01,19-4051.02,Remote Sensing Scientists and Technologists,Nuclear Monitoring Technicians,4,0.2041,0.1111,0.2129,1
19-3034.00,19-3091.00,School Psychologists,Anthropologists and Archeologists,5,0.2041,0.1111,0.2141,1
19-3091.00,19-4071.00,Anthropologists and Archeologists,Forest and Conservation Technicians,5,0.2041,0.1111,0.2217,1
19-3091.00,19-4092.00,Anthropologists and Archeologists,Forensic Science Technicians,5,0.2041,0.1111,0.2457,1
29-1023.00,29-1215.00,Orthodontists,Family Medicine Physicians,3,0.2041,0.1111,0.1776,1
29-1023.00,29-1223.00,Orthodontists,Psychiatrists,3,0.2041,0.1111,0.2165,1
29-1023.00,29-1224.00,Orthodontists,Radiologists,4,0.2041,0.1,0.2535,1
29-1023.00,29-1229.01,Orthodontists,Allergists and Immunologists,3,0.2041,0.1111,0.1966,1
29-1023.00,29-2081.00,Orthodontists,"Opticians, Dispensing",3,0.2041,0.1111,0.2004,1
29-1081.00,29-1211.00,Podiatrists,Anesthesiologists,4,0.2041,0.1111,0.199,1
29-1128.00,29-1211.00,Exercise Physiologists,Anesthesiologists,5,0.2041,0.1136,0.1828,1
29-1128.00,29-9092.00,Exercise Physiologists,Genetic Counselors,5,0.2041,0.1136,0.2113,1
29-1131.00,29-1211.00,Veterinarians,Anesthesiologists,5,0.2041,0.1136,0.1921,1
29-1131.00,29-9092.00,Veterinarians,Genetic Counselors,5,0.2041,0.1136,0.1843,1
29-1229.01,29-2092.00,Allergists and Immunologists,Hearing Aid Specialists,3,0.2041,0.1111,0.1924,1
29-1229.05,29-9092.00,Preventive Medicine Physicians,Genetic Counselors,4,0.2041,0.1111,0.1916,1
29-2081.00,29-2092.00,"Opticians, Dispensing",Hearing Aid Specialists,3,0.2041,0.1111,0.2177,1
29-2092.00,29-2099.01,Hearing Aid Specialists,Neurodiagnostic Technologists,3,0.2041,0.1111,0.1848,1
11-9121.00,11-9121.01,Natural Sciences Managers,Clinical Research Coordinators,6,0.2037,0.1132,0.2182,1
29-2034.00,29-2036.00,Radiologic Technologists and Technicians,Medical Dosimetrists,6,0.2037,0.1132,0.2125,1
29-1031.00,29-1051.00,Dietitians and Nutritionists,Pharmacists,6,0.2034,0.1132,0.1914,1
17-2112.01,17-2141.00,Human Factors Engineers and Ergonomists,Mechanical Engineers,5,0.2028,0.1087,0.1866,1
17-2141.00,17-3012.00,Mechanical Engineers,Electrical and Electronics Drafters,5,0.2028,0.1087,0.2334,1
29-1021.00,29-1224.00,"Dentists, General",Radiologists,5,0.2028,0.1087,0.1561,1
17-2051.02,17-2199.06,Water/Wastewater Engineers,Microsystems Engineers,5,0.2026,0.1111,0.1667,1
17-2112.00,17-3024.00,Industrial Engineers,Electro-Mechanical and Mechatronics Technologists and Technicians,5,0.2026,0.1111,0.1594,1
17-2199.07,17-3024.00,Photonics Engineers,Electro-Mechanical and Mechatronics Technologists and Technicians,5,0.2026,0.1111,0.1897,1
19-2042.00,19-3011.01,"Geoscientists, Except Hydrologists and Geographers",Environmental Economists,5,0.2026,0.1111,0.2031,1
19-3011.01,19-4042.00,Environmental Economists,"Environmental Science and Protection Technicians, Including Health",5,0.2026,0.1111,0.2183,1
19-4021.00,19-4042.00,Biological Technicians,"Environmental Science and Protection Technicians, Including Health",5,0.2026,0.1111,0.2001,1
29-1051.00,29-2052.00,Pharmacists,Pharmacy Technicians,5,0.2026,0.1111,0.1964,1
29-1129.01,29-1218.00,Art Therapists,Obstetricians and Gynecologists,5,0.2026,0.1111,0.2299,1
29-1129.01,29-1299.01,Art Therapists,Naturopathic Physicians,5,0.2026,0.1111,0.2234,1
29-1129.01,29-2053.00,Art Therapists,Psychiatric Technicians,5,0.2026,0.1111,0.2405,1
19-3039.02,19-3091.00,Neuropsychologists,Anthropologists and Archeologists,4,0.2025,0.1026,0.2387,1
29-1071.00,29-1129.02,Physician Assistants,Music Therapists,4,0.2025,0.1081,0.1995,1
29-1127.00,29-2072.00,Speech-Language Pathologists,Medical Records Specialists,4,0.2025,0.1081,0.1939,1
29-1299.02,29-9091.00,Orthoptists,Athletic Trainers,4,0.2025,0.1081,0.1572,1
15-1212.00,15-1232.00,Information Security Analysts,Computer User Support Specialists,3,0.2023,0.1034,0.192,1
17-1011.00,17-2031.00,"Architects, Except Landscape and Naval",Bioengineers and Biomedical Engineers,4,0.2023,0.1111,0.2141,1
17-2051.00,17-2072.00,Civil Engineers,"Electronics Engineers, Except Computer",4,0.2023,0.1111,0.168,1
17-2072.00,17-3027.01,"Electronics Engineers, Except Computer",Automotive Engineering Technicians,4,0.2023,0.1111,0.1959,1
19-1029.01,19-4071.00,Bioinformatics Scientists,Forest and Conservation Technicians,3,0.2023,0.1071,0.1968,1
19-1029.01,19-4092.00,Bioinformatics Scientists,Forensic Science Technicians,3,0.2023,0.1071,0.2029,1
19-2041.02,19-3022.00,Environmental Restoration Planners,Survey Researchers,4,0.2023,0.1111,0.1821,1
19-3022.00,19-3051.00,Survey Researchers,Urban and Regional Planners,4,0.2023,0.1111,0.1267,1
29-1071.01,29-1161.00,Anesthesiologist Assistants,Nurse Midwives,4,0.2023,0.1111,0.1851,1
29-1122.01,29-1161.00,"Low Vision Therapists, Orientation and Mobility Specialists, and Vision Rehabilitation Therapists",Nurse Midwives,4,0.2023,0.1111,0.1795,1
29-1122.01,29-1217.00,"Low Vision Therapists, Orientation and Mobility Specialists, and Vision Rehabilitation Therapists",Neurologists,4,0.2023,0.1111,0.1745,1
15-1241.01,15-1299.07,Telecommunications Engineering Specialists,Blockchain Engineers,4,0.202,0.1053,0.2009,1
17-2112.03,17-2199.11,Manufacturing Engineers,Solar Energy Systems Engineers,4,0.202,0.1053,0.2021,1
29-1124.00,29-2043.00,Radiation Therapists,Paramedics,4,0.202,0.1053,0.1976,1
29-1229.04,29-2034.00,Physical Medicine and Rehabilitation Physicians,Radiologic Technologists and Technicians,4,0.202,0.1053,0.2022,1
29-2034.00,29-2091.00,Radiologic Technologists and Technicians,Orthotists and Prosthetists,4,0.202,0.1053,0.1964,1
29-2043.00,29-2061.00,Paramedics,Licensed Practical and Licensed Vocational Nurses,4,0.202,0.1053,0.2162,1
19-2011.00,19-2032.00,Astronomers,Materials Scientists,3,0.2018,0.1111,0.2079,1
19-2032.00,19-3022.00,Materials Scientists,Survey Researchers,3,0.2018,0.1111,0.2184,1
29-1041.00,29-1122.01,Optometrists,"Low Vision Therapists, Orientation and Mobility Specialists, and Vision Rehabilitation Therapists",3,0.2018,0.1111,0.181,1
29-1071.01,29-1125.00,Anesthesiologist Assistants,Recreational Therapists,3,0.2018,0.1111,0.2023,1
29-1071.01,29-2011.02,Anesthesiologist Assistants,Cytotechnologists,3,0.2018,0.1111,0.1824,1
29-1122.00,29-2061.00,Occupational Therapists,Licensed Practical and Licensed Vocational Nurses,5,0.2015,0.1111,0.2067,1
29-1124.00,29-1141.02,Radiation Therapists,Advanced Practice Psychiatric Nurses,5,0.2015,0.1111,0.1961,1
29-1124.00,29-1243.00,Radiation Therapists,Pediatric Surgeons,5,0.2015,0.1111,0.0,1
15-1221.00,15-1231.00,Computer and Information Research Scientists,Computer Network Support Specialists,4,0.201,0.1111,0.213,1
15-1231.00,15-1251.00,Computer Network Support Specialists,Computer Programmers,4,0.201,0.1111,0.1809,1
15-1231.00,15-2031.00,Computer Network Support Specialists,Operations Research Analysts,4,0.201,0.1111,0.197,1
15-1232.00,15-1299.09,Computer User Support Specialists,Information Technology Project Managers,4,0.201,0.1111,0.1899,1
15-1255.01,15-1299.01,Video Game Designers,Web Administrators,4,0.201,0.0976,0.1651,1
19-1041.00,19-4012.00,Epidemiologists,Agricultural Technicians,4,0.201,0.1111,0.2085,1
29-1122.00,29-1223.00,Occupational Therapists,Psychiatrists,4,0.201,0.1111,0.2022,1
29-1122.00,29-1229.01,Occupational Therapists,Allergists and Immunologists,4,0.201,0.1111,0.1861,1
29-1122.00,29-2099.01,Occupational Therapists,Neurodiagnostic Technologists,4,0.201,0.1111,0.1817,1
29-2011.01,29-2032.00,Cytogenetic Technologists,Diagnostic Medical Sonographers,5,0.2008,0.1087,0.1993,1
17-2072.00,17-2081.00,"Electronics Engineers, Except Computer",Environmental Engineers,5,0.2006,0.1111,0.1848,1
19-1029.04,19-3051.00,Biologists,Urban and Regional Planners,5,0.2006,0.1111,0.1782,1
19-2021.00,19-2041.02,Atmospheric and Space Scientists,Environmental Restoration Planners,5,0.2006,0.1111,0.1828,1
19-1021.00,19-3041.00,Biochemists and Biophysicists,Sociologists,3,0.2004,0.1111,0.2079,1
29-1081.00,29-1291.00,Podiatrists,Acupuncturists,3,0.2004,0.1111,0.1982,1
29-1213.00,29-1229.05,Dermatologists,Preventive Medicine Physicians,3,0.2004,0.1111,0.1789,1
29-1229.02,29-1229.04,Hospitalists,Physical Medicine and Rehabilitation Physicians,3,0.2004,0.1111,0.1881,1
29-1229.02,29-2043.00,Hospitalists,Paramedics,3,0.2004,0.1111,0.1743,1
29-1229.03,29-2057.00,Urologists,Ophthalmic Medical Technicians,3,0.2004,0.1111,0.225,1
29-1229.04,29-1229.05,Physical Medicine and Rehabilitation Physicians,Preventive Medicine Physicians,3,0.2004,0.1111,0.1871,1
15-1211.01,15-2041.01,Health Informatics Specialists,Biostatisticians,4,0.2003,0.1111,0.1959,1
17-2051.02,17-2112.01,Water/Wastewater Engineers,Human Factors Engineers and Ergonomists,4,0.2003,0.1111,0.1867,1
17-2051.02,17-3012.00,Water/Wastewater Engineers,Electrical and Electronics Drafters,4,0.2003,0.1111,0.1906,1
17-2112.01,17-2199.07,Human Factors Engineers and Ergonomists,Photonics Engineers,4,0.2003,0.1111,0.2198,1
17-2112.01,17-2199.09,Human Factors Engineers and Ergonomists,Nanosystems Engineers,4,0.2003,0.1111,0.1921,1
17-2199.07,17-3012.00,Photonics Engineers,Electrical and Electronics Drafters,4,0.2003,0.1111,0.1625,1
19-1013.00,19-1023.00,Soil and Plant Scientists,Zoologists and Wildlife Biologists,4,0.2003,0.1111,0.1866,1
19-1013.00,19-2041.00,Soil and Plant Scientists,"Environmental Scientists and Specialists, Including Health",4,0.2003,0.1111,0.1654,1
19-2041.00,19-3099.01,"Environmental Scientists and Specialists, Including Health",Transportation Planners,4,0.2003,0.1111,0.1809,1
29-1241.00,29-2053.00,"Ophthalmologists, Except Pediatric",Psychiatric Technicians,4,0.2003,0.1111,0.1878,1
29-1299.01,29-2051.00,Naturopathic Physicians,Dietetic Technicians,4,0.2003,0.1111,0.2137,1
29-2033.00,29-2055.00,Nuclear Medicine Technologists,Surgical Technologists,4,0.2003,0.1111,0.1929,1
29-2051.00,29-2053.00,Dietetic Technicians,Psychiatric Technicians,4,0.2003,0.1111,0.1862,1
29-2052.00,29-2055.00,Pharmacy Technicians,Surgical Technologists,4,0.2003,0.1111,0.2049,1
17-2051.01,17-2141.02,Transportation Engineers,Automotive Engineers,5,0.2002,0.1111,0.192,1
29-1127.00,29-1211.00,Speech-Language Pathologists,Anesthesiologists,5,0.2002,0.1111,0.1981,1
29-1129.02,29-1211.00,Music Therapists,Anesthesiologists,5,0.2002,0.1111,0.1937,1
17-2072.01,17-2199.08,Radio Frequency Identification Device Specialists,Robotics Engineers,4,0.2,0.1111,0.1998,1
17-2111.00,17-2171.00,"Health and Safety Engineers, Except Mining Safety Engineers and Inspectors",Petroleum Engineers,5,0.2,0.1111,0.1623,1
17-2111.00,17-3025.00,"Health and Safety Engineers, Except Mining Safety Engineers and Inspectors",Environmental Engineering Technologists and Technicians,5,0.2,0.1111,0.203,1
19-1029.03,19-4071.00,Geneticists,Forest and Conservation Technicians,4,0.2,0.1111,0.2157,1
19-3039.03,19-3094.00,Clinical Neuropsychologists,Political Scientists,3,0.2,0.1111,0.2548,1
29-1071.00,29-1299.02,Physician Assistants,Orthoptists,3,0.2,0.1111,0.2485,1
29-1081.00,29-1212.00,Podiatrists,Cardiologists,4,0.2,0.1081,0.0,1
29-1128.00,29-1229.05,Exercise Physiologists,Preventive Medicine Physicians,4,0.2,0.1081,0.1707,1
29-1131.00,29-1229.05,Veterinarians,Preventive Medicine Physicians,4,0.2,0.1081,0.2028,1
29-1212.00,29-1229.05,Cardiologists,Preventive Medicine Physicians,4,0.2,0.1081,0.0,1
29-1292.00,29-2072.00,Dental Hygienists,Medical Records Specialists,3,0.2,0.1111,0.1867,1
29-1141.03,29-1222.00,Critical Care Nurses,"Physicians, Pathologists",5,0.1997,0.1064,0.1996,1
29-1141.03,29-2051.00,Critical Care Nurses,Dietetic Technicians,5,0.1997,0.1064,0.1968,1
29-1122.01,29-1141.00,"Low Vision Therapists, Orientation and Mobility Specialists, and Vision Rehabilitation Therapists",Registered Nurses,5,0.1994,0.102,0.1778,1
29-1041.00,29-9099.01,Optometrists,Midwives,4,0.1993,0.1,0.218,1
19-1013.00,19-2043.00,Soil and Plant Scientists,Hydrologists,5,0.1992,0.1087,0.2343,1
29-2056.00,29-2081.00,Veterinary Technologists and Technicians,"Opticians, Dispensing",5,0.1992,0.1042,0.1635,1
17-1012.00,17-2081.00,Landscape Architects,Environmental Engineers,4,0.1988,0.1053,0.1942,1
17-2081.00,17-2199.03,Environmental Engineers,"Energy Engineers, Except Wind and Solar",4,0.1988,0.1053,0.2066,1
19-2021.00,19-3094.00,Atmospheric and Space Scientists,Political Scientists,4,0.1988,0.1053,0.2428,1
29-1123.00,29-1292.00,Physical Therapists,Dental Hygienists,4,0.1988,0.1053,0.1546,1
29-1151.00,29-1292.00,Nurse Anesthetists,Dental Hygienists,4,0.1988,0.1053,0.2054,1
29-1151.00,29-2072.00,Nurse Anesthetists,Medical Records Specialists,4,0.1988,0.1053,0.1952,1
29-1292.00,29-2031.00,Dental Hygienists,Cardiovascular Technologists and Technicians,4,0.1988,0.1053,0.2062,1
29-1299.02,29-2031.00,Orthoptists,Cardiovascular Technologists and Technicians,4,0.1988,0.1053,0.1995,1
29-2031.00,29-2072.00,Cardiovascular Technologists and Technicians,Medical Records Specialists,4,0.1988,0.1053,0.1931,1
17-2112.01,17-3029.01,Human Factors Engineers and Ergonomists,Non-Destructive Testing Specialists,3,0.1987,0.1071,0.1729,1
29-1021.00,29-2092.00,"Dentists, General",Hearing Aid Specialists,3,0.1987,0.1071,0.2089,1
29-1023.00,29-1214.00,Orthodontists,Emergency Medicine Physicians,3,0.1987,0.1071,0.2009,1
29-1023.00,29-1241.00,Orthodontists,"Ophthalmologists, Except Pediatric",3,0.1987,0.1071,0.1766,1
29-1023.00,29-2051.00,Orthodontists,Dietetic Technicians,3,0.1987,0.1071,0.1862,1
17-2199.11,17-3024.00,Solar Energy Systems Engineers,Electro-Mechanical and Mechatronics Technologists and Technicians,4,0.1985,0.1026,0.166,1
17-2199.11,17-3026.00,Solar Energy Systems Engineers,Industrial Engineering Technologists and Technicians,4,0.1985,0.1026,0.1829,1
19-1022.00,19-4042.00,Microbiologists,"Environmental Science and Protection Technicians, Including Health",4,0.1985,0.1026,0.1895,1
19-4013.00,19-4042.00,Food Science Technicians,"Environmental Science and Protection Technicians, Including Health",4,0.1985,0.1026,0.2074,1
29-1051.00,29-1229.04,Pharmacists,Physical Medicine and Rehabilitation Physicians,4,0.1985,0.1026,0.2153,1
29-1051.00,29-2091.00,Pharmacists,Orthotists and Prosthetists,4,0.1985,0.1026,0.1586,1
29-1129.01,29-1229.04,Art Therapists,Physical Medicine and Rehabilitation Physicians,4,0.1985,0.1026,0.2465,1
29-1129.01,29-1291.00,Art Therapists,Acupuncturists,4,0.1985,0.1026,0.2461,1
29-1129.01,29-2091.00,Art Therapists,Orthotists and Prosthetists,4,0.1985,0.1026,0.2109,1
17-2011.00,17-2199.05,Aerospace Engineers,Mechatronics Engineers,4,0.198,0.1081,0.2171,1
17-2051.00,17-2141.02,Civil Engineers,Automotive Engineers,4,0.198,0.1081,0.1736,1
17-2061.00,17-2141.02,Computer Hardware Engineers,Automotive Engineers,4,0.198,0.1081,0.2022,1
17-2141.02,17-3028.00,Automotive Engineers,Calibration Technologists and Technicians,4,0.198,0.1081,0.1932,1
19-1031.00,19-4012.01,Conservation Scientists,Precision Agriculture Technicians,4,0.198,0.1081,0.2274,1
19-4012.00,19-4042.00,Agricultural Technicians,"Environmental Science and Protection Technicians, Including Health",5,0.198,0.1087,0.2145,1
29-1051.00,29-1216.00,Pharmacists,General Internal Medicine Physicians,5,0.198,0.1087,0.2455,1
29-1071.01,29-9092.00,Anesthesiologist Assistants,Genetic Counselors,4,0.198,0.1081,0.1857,1
29-1122.01,29-1211.00,"Low Vision Therapists, Orientation and Mobility Specialists, and Vision Rehabilitation Therapists",Anesthesiologists,4,0.198,0.1081,0.1818,1
29-1129.01,29-1243.00,Art Therapists,Pediatric Surgeons,5,0.198,0.1087,0.0,1
17-1021.00,17-3011.00,Cartographers and Photogrammetrists,Architectural and Civil Drafters,3,0.1978,0.1,0.1837,1
17-2072.01,17-2141.00,Radio Frequency Identification Device Specialists,Mechanical Engineers,5,0.1976,0.1064,0.1802,1
19-1013.00,19-1029.01,Soil and Plant Scientists,Bioinformatics Scientists,3,0.1974,0.1034,0.2157,1
17-2031.00,17-3023.00,Bioengineers and Biomedical Engineers,Electrical and Electronic Engineering Technologists and Technicians,5,0.197,0.1087,0.1701,1
17-2112.03,17-3029.08,Manufacturing Engineers,Photonics Technicians,5,0.197,0.1087,0.1935,1
29-1161.00,29-2061.00,Nurse Midwives,Licensed Practical and Licensed Vocational Nurses,5,0.197,0.1087,0.219,1
17-2021.00,17-2031.00,Agricultural Engineers,Bioengineers and Biomedical Engineers,4,0.1966,0.1081,0.1513,1
17-2031.00,17-3024.01,Bioengineers and Biomedical Engineers,Robotics Technicians,4,0.1966,0.1081,0.2053,1
19-2041.02,19-4044.00,Environmental Restoration Planners,Hydrologic Technicians,4,0.1966,0.1081,0.0,1
19-1029.04,19-2012.00,Biologists,Physicists,5,0.1964,0.1087,0.1768,1
19-2012.00,19-2021.00,Physicists,Atmospheric and Space Scientists,5,0.1964,0.1087,0.2406,1
17-2051.01,17-2111.00,Transportation Engineers,"Health and Safety Engineers, Except Mining Safety Engineers and Inspectors",5,0.1961,0.1087,0.2156,1
19-1041.00,19-2032.00,Epidemiologists,Materials Scientists,3,0.1961,0.1071,0.179,1
29-1022.00,29-9091.00,Oral and Maxillofacial Surgeons,Athletic Trainers,3,0.1961,0.0938,0.2169,1
29-1125.00,29-1229.01,Recreational Therapists,Allergists and Immunologists,3,0.1961,0.1071,0.1999,1
29-1127.00,29-1128.00,Speech-Language Pathologists,Exercise Physiologists,5,0.1961,0.1087,0.1707,1
29-1127.00,29-1212.00,Speech-Language Pathologists,Cardiologists,5,0.1961,0.1087,0.0,1
29-1127.00,29-1229.03,Speech-Language Pathologists,Urologists,4,0.1961,0.1053,0.1993,1
29-1128.00,29-1181.00,Exercise Physiologists,Audiologists,5,0.1961,0.1087,0.1741,1
29-1215.00,29-2042.00,Family Medicine Physicians,Emergency Medical Technicians,3,0.1961,0.1071,0.0,1
29-1223.00,29-2042.00,Psychiatrists,Emergency Medical Technicians,3,0.1961,0.1071,0.0,1
29-1224.00,29-2011.02,Radiologists,Cytotechnologists,4,0.1961,0.0976,0.1747,1
29-1224.00,29-2042.00,Radiologists,Emergency Medical Technicians,4,0.1961,0.0976,0.0,1
29-1229.01,29-2042.00,Allergists and Immunologists,Emergency Medical Technicians,3,0.1961,0.1071,0.0,1
29-1299.01,29-2032.00,Naturopathic Physicians,Diagnostic Medical Sonographers,5,0.196,0.1064,0.2012,1
29-2053.00,29-9099.01,Psychiatric Technicians,Midwives,5,0.196,0.1064,0.2028,1
29-2099.05,29-9099.01,Ophthalmic Medical Technologists,Midwives,5,0.196,0.1064,0.2309,1
29-1021.00,29-1141.02,"Dentists, General",Advanced Practice Psychiatric Nurses,4,0.1956,0.1081,0.2045,1
29-1021.00,29-1243.00,"Dentists, General",Pediatric Surgeons,4,0.1956,0.1081,0.0,1
29-1122.00,29-1222.00,Occupational Therapists,"Physicians, Pathologists",4,0.1956,0.1081,0.1847,1
29-1141.02,29-1222.00,Advanced Practice Psychiatric Nurses,"Physicians, Pathologists",4,0.1956,0.1081,0.2245,1
29-1222.00,29-1243.00,"Physicians, Pathologists",Pediatric Surgeons,4,0.1956,0.1081,0.0,1
29-1243.00,29-2051.00,Pediatric Surgeons,Dietetic Technicians,4,0.1956,0.1081,0.0,1
17-1012.00,17-2121.00,Landscape Architects,Marine Engineers and Naval Architects,4,0.1952,0.1026,0.1875,1
17-2112.00,17-2199.08,Industrial Engineers,Robotics Engineers,4,0.1952,0.1081,0.1904,1
17-2161.00,17-2199.07,Nuclear Engineers,Photonics Engineers,4,0.1952,0.1081,0.2011,1
19-3011.00,19-3091.00,Economists,Anthropologists and Archeologists,4,0.1952,0.1,0.2051,1
19-3011.01,19-4099.03,Environmental Economists,Remote Sensing Technicians,4,0.1952,0.1081,0.0856,1
29-1011.00,29-2033.00,Chiropractors,Nuclear Medicine Technologists,4,0.1952,0.1081,0.2058,1
29-1011.00,29-2053.00,Chiropractors,Psychiatric Technicians,4,0.1952,0.1081,0.2067,1
29-1011.00,29-2099.05,Chiropractors,Ophthalmic Medical Technologists,4,0.1952,0.1081,0.2301,1
29-1071.00,29-2061.00,Physician Assistants,Licensed Practical and Licensed Vocational Nurses,4,0.1952,0.1026,0.1729,1
29-1242.00,29-2099.05,"Orthopedic Surgeons, Except Pediatric",Ophthalmic Medical Technologists,4,0.1952,0.1081,0.0,1
29-1292.00,29-2061.00,Dental Hygienists,Licensed Practical and Licensed Vocational Nurses,4,0.1952,0.1026,0.2175,1
29-2061.00,29-2072.00,Licensed Practical and Licensed Vocational Nurses,Medical Records Specialists,4,0.1952,0.1026,0.1958,1
19-2043.00,19-4012.00,Hydrologists,Agricultural Technicians,5,0.1946,0.1064,0.2055,1
29-1031.00,29-1216.00,Dietitians and Nutritionists,General Internal Medicine Physicians,5,0.1946,0.1064,0.1797,1
29-1031.00,29-9021.00,Dietitians and Nutritionists,Health Information Technologists and Medical Registrars,5,0.1946,0.1064,0.0,1
15-2021.00,19-2011.00,Mathematicians,Astronomers,3,0.1945,0.1071,0.1873,0
17-2011.00,17-2199.11,Aerospace Engineers,Solar Energy Systems Engineers,3,0.1945,0.1071,0.1976,1
17-2199.11,17-3027.01,Solar Energy Systems Engineers,Automotive Engineering Technicians,3,0.1945,0.1071,0.1538,1
19-1021.00,19-3022.00,Biochemists and Biophysicists,Survey Researchers,3,0.1945,0.1071,0.2253,1
19-1022.00,19-3022.00,Microbiologists,Survey Researchers,3,0.1945,0.1071,0.2013,1
19-2011.00,19-2031.00,Astronomers,Chemists,3,0.1945,0.1071,0.2251,1
19-2031.00,19-3022.00,Chemists,Survey Researchers,3,0.1945,0.1071,0.2005,1
29-1071.01,29-1213.00,Anesthesiologist Assistants,Dermatologists,3,0.1945,0.1071,0.166,1
29-1071.01,29-2091.00,Anesthesiologist Assistants,Orthotists and Prosthetists,3,0.1945,0.1071,0.1614,1
29-1122.01,29-2057.00,"Low Vision Therapists, Orientation and Mobility Specialists, and Vision Rehabilitation Therapists",Ophthalmic Medical Technicians,3,0.1945,0.1071,0.1682,1
29-1122.01,29-2091.00,"Low Vision Therapists, Orientation and Mobility Specialists, and Vision Rehabilitation Therapists",Orthotists and Prosthetists,3,0.1945,0.1071,0.185,1
17-1011.00,17-2131.00,"Architects, Except Landscape and Naval",Materials Engineers,4,0.194,0.1053,0.2167,1
17-1011.00,17-2151.00,"Architects, Except Landscape and Naval","Mining and Geological Engineers, Including Mining Safety Engineers",4,0.194,0.1053,0.217,1
17-1011.00,17-2171.00,"Architects, Except Landscape and Naval",Petroleum Engineers,4,0.194,0.1053,0.189,1
17-1011.00,17-3025.00,"Architects, Except Landscape and Naval",Environmental Engineering Technologists and Technicians,4,0.194,0.1053,0.1277,1
17-2011.00,17-2131.00,Aerospace Engineers,Materials Engineers,4,0.194,0.1053,0.2029,1
17-2011.00,17-3025.00,Aerospace Engineers,Environmental Engineering Technologists and Technicians,4,0.194,0.1053,0.2314,1
17-2051.00,17-2131.00,Civil Engineers,Materials Engineers,4,0.194,0.1053,0.2386,1
17-2061.00,17-2131.00,Computer Hardware Engineers,Materials Engineers,4,0.194,0.1053,0.2009,1
17-2061.00,17-3025.00,Computer Hardware Engineers,Environmental Engineering Technologists and Technicians,4,0.194,0.1053,0.1476,1
17-3025.00,17-3027.01,Environmental Engineering Technologists and Technicians,Automotive Engineering Technicians,4,0.194,0.1053,0.2103,1
19-1029.02,19-2011.00,Molecular and Cellular Biologists,Astronomers,4,0.194,0.1053,0.2333,1
19-3022.00,19-4043.00,Survey Researchers,"Geological Technicians, Except Hydrologic Technicians",4,0.194,0.1053,0.2031,1
29-1071.01,29-2035.00,Anesthesiologist Assistants,Magnetic Resonance Imaging Technologists,4,0.194,0.1053,0.1777,1
29-1122.01,29-1128.00,"Low Vision Therapists, Orientation and Mobility Specialists, and Vision Rehabilitation Therapists",Exercise Physiologists,4,0.194,0.1053,0.1824,1
15-1211.01,15-1241.00,Health Informatics Specialists,Computer Network Architects,5,0.1939,0.102,0.1824,1
15-1255.01,15-1299.03,Video Game Designers,Document Management Specialists,3,0.1936,0.1034,0.17,1
17-2031.00,17-3026.00,Bioengineers and Biomedical Engineers,Industrial Engineering Technologists and Technicians,5,0.1936,0.1064,0.1629,1
17-2071.00,17-3011.00,Electrical Engineers,Architectural and Civil Drafters,5,0.1936,0.1064,0.1695,1
17-2072.00,17-3026.00,"Electronics Engineers, Except Computer",Industrial Engineering Technologists and Technicians,5,0.1936,0.1064,0.1917,1
19-1012.00,19-2012.00,Food Scientists and Technologists,Physicists,3,0.1936,0.0968,0.1462,1
19-1012.00,19-2099.01,Food Scientists and Technologists,Remote Sensing Scientists and Technologists,3,0.1936,0.0968,0.1649,1
19-2041.02,19-2042.00,Environmental Restoration Planners,"Geoscientists, Except Hydrologists and Geographers",5,0.1936,0.1064,0.2022,1
19-3051.00,19-4042.00,Urban and Regional Planners,"Environmental Science and Protection Technicians, Including Health",5,0.1936,0.1064,0.1777,1
29-1011.00,29-1023.00,Chiropractors,Orthodontists,3,0.1936,0.1034,0.2018,1
29-1051.00,29-1221.00,Pharmacists,"Pediatricians, General",5,0.1936,0.1064,0.2305,1
29-1129.01,29-1217.00,Art Therapists,Neurologists,5,0.1936,0.1064,0.1909,1
29-1129.01,29-1221.00,Art Therapists,"Pediatricians, General",5,0.1936,0.1064,0.2032,1
29-1141.00,29-9091.00,Registered Nurses,Athletic Trainers,6,0.1934,0.1053,0.1918,1
29-1125.00,29-1141.03,Recreational Therapists,Critical Care Nurses,4,0.1931,0.0952,0.2202,1
17-2121.00,17-2199.05,Marine Engineers and Naval Architects,Mechatronics Engineers,5,0.1929,0.1064,0.1945,1
17-2141.01,17-2199.05,Fuel Cell Engineers,Mechatronics Engineers,5,0.1929,0.1064,0.1933,1
17-2141.02,17-3023.00,Automotive Engineers,Electrical and Electronic Engineering Technologists and Technicians,5,0.1929,0.1064,0.1863,1
29-1124.00,29-9092.00,Radiation Therapists,Genetic Counselors,5,0.1929,0.1064,0.1977,1
29-1224.00,29-2053.00,Radiologists,Psychiatric Technicians,5,0.1929,0.1042,0.2339,1
19-1029.01,19-4012.00,Bioinformatics Scientists,Agricultural Technicians,3,0.1928,0.1,0.176,1
15-1243.00,15-1255.00,Database Architects,Web and Digital Interface Designers,5,0.1925,0.1064,0.2047,1
17-2021.00,17-2199.05,Agricultural Engineers,Mechatronics Engineers,4,0.1925,0.1053,0.2116,1
17-2081.00,17-2151.00,Environmental Engineers,"Mining and Geological Engineers, Including Mining Safety Engineers",5,0.1925,0.1064,0.1969,1
17-2081.00,17-2171.00,Environmental Engineers,Petroleum Engineers,5,0.1925,0.1064,0.2132,1
17-2111.00,17-3027.00,"Health and Safety Engineers, Except Mining Safety Engineers and Inspectors",Mechanical Engineering Technologists and Technicians,5,0.1925,0.1064,0.19,1
17-2151.00,17-3027.00,"Mining and Geological Engineers, Including Mining Safety Engineers",Mechanical Engineering Technologists and Technicians,5,0.1925,0.1064,0.1965,1
17-2171.00,17-3027.00,Petroleum Engineers,Mechanical Engineering Technologists and Technicians,5,0.1925,0.1064,0.1951,1
17-3022.00,17-3027.00,Civil Engineering Technologists and Technicians,Mechanical Engineering Technologists and Technicians,4,0.1925,0.1026,0.2284,1
19-1041.00,19-2012.00,Epidemiologists,Physicists,4,0.1925,0.1053,0.2132,1
19-4031.00,19-4099.01,Chemical Technicians,Quality Control Analysts,4,0.1925,0.1053,0.2206,1
29-1022.00,29-1126.00,Oral and Maxillofacial Surgeons,Respiratory Therapists,3,0.1925,0.0909,0.1831,1
29-1081.00,29-1123.00,Podiatrists,Physical Therapists,4,0.1925,0.1026,0.1653,1
29-1123.00,29-1229.02,Physical Therapists,Hospitalists,4,0.1925,0.1026,0.1953,1
29-1126.00,29-1229.02,Respiratory Therapists,Hospitalists,4,0.1925,0.1026,0.1848,1
29-1128.00,29-1151.00,Exercise Physiologists,Nurse Anesthetists,5,0.1925,0.1064,0.2137,1
29-1131.00,29-2031.00,Veterinarians,Cardiovascular Technologists and Technicians,5,0.1925,0.1064,0.1742,1
29-1141.04,29-1229.05,Clinical Nurse Specialists,Preventive Medicine Physicians,4,0.1925,0.1026,0.1888,1
29-1141.04,29-2035.00,Clinical Nurse Specialists,Magnetic Resonance Imaging Technologists,5,0.1925,0.1064,0.2021,1
29-1151.00,29-2011.00,Nurse Anesthetists,Medical and Clinical Laboratory Technologists,4,0.1925,0.1026,0.1711,1
29-1211.00,29-2099.01,Anesthesiologists,Neurodiagnostic Technologists,4,0.1925,0.1053,0.1778,1
29-1181.00,29-9091.00,Audiologists,Athletic Trainers,5,0.1923,0.1064,0.1706,1
29-1229.04,29-2032.00,Physical Medicine and Rehabilitation Physicians,Diagnostic Medical Sonographers,4,0.192,0.0976,0.1971,1
29-2036.00,29-2091.00,Medical Dosimetrists,Orthotists and Prosthetists,4,0.192,0.0976,0.1667,1
29-2043.00,29-9099.01,Paramedics,Midwives,4,0.192,0.0976,0.2114,1
17-2041.00,17-2199.06,Chemical Engineers,Microsystems Engineers,4,0.1918,0.1,0.1989,1
17-2071.00,17-3021.00,Electrical Engineers,Aerospace Engineering and Operations Technologists and Technicians,4,0.1918,0.1,0.2074,1
29-1141.02,29-2032.00,Advanced Practice Psychiatric Nurses,Diagnostic Medical Sonographers,5,0.1915,0.1042,0.2014,1
29-1216.00,29-2032.00,General Internal Medicine Physicians,Diagnostic Medical Sonographers,5,0.1915,0.1042,0.1906,1
17-2072.00,17-2112.01,"Electronics Engineers, Except Computer",Human Factors Engineers and Ergonomists,4,0.1913,0.1053,0.1949,1
17-2112.01,17-3011.00,Human Factors Engineers and Ergonomists,Architectural and Civil Drafters,4,0.1913,0.1053,0.1533,1
17-3011.00,17-3026.01,Architectural and Civil Drafters,Nanotechnology Engineering Technologists and Technicians,4,0.1913,0.1053,0.1776,1
17-1022.01,17-2112.02,Geodetic Surveyors,Validation Engineers,3,0.1909,0.1034,0.1691,1
17-1022.01,17-3012.00,Geodetic Surveyors,Electrical and Electronics Drafters,3,0.1909,0.1034,0.1716,1
19-1042.00,19-2032.00,"Medical Scientists, Except Epidemiologists",Materials Scientists,3,0.1909,0.1034,0.1941,1
19-1042.00,19-3039.02,"Medical Scientists, Except Epidemiologists",Neuropsychologists,3,0.1909,0.1034,0.1994,1
19-2032.00,19-3032.00,Materials Scientists,Industrial-Organizational Psychologists,3,0.1909,0.1034,0.1813,1
29-1041.00,29-1214.00,Optometrists,Emergency Medicine Physicians,3,0.1909,0.1034,0.1886,1
29-1125.00,29-1214.00,Recreational Therapists,Emergency Medicine Physicians,3,0.1909,0.1034,0.1806,1
15-1231.00,15-1299.03,Computer Network Support Specialists,Document Management Specialists,4,0.1907,0.1053,0.1612,1
29-1122.00,29-1242.00,Occupational Therapists,"Orthopedic Surgeons, Except Pediatric",4,0.1907,0.1053,0.0,1
17-2051.02,17-2112.00,Water/Wastewater Engineers,Industrial Engineers,4,0.1905,0.1053,0.2195,1
17-2199.07,17-2199.09,Photonics Engineers,Nanosystems Engineers,4,0.1905,0.1053,0.2225,1
19-1013.00,19-3011.01,Soil and Plant Scientists,Environmental Economists,4,0.1905,0.1053,0.1894,1
19-3011.01,19-3099.01,Environmental Economists,Transportation Planners,4,0.1905,0.1053,0.1825,1
29-1218.00,29-2053.00,Obstetricians and Gynecologists,Psychiatric Technicians,4,0.1905,0.1053,0.2069,1
29-2012.00,29-2033.00,Medical and Clinical Laboratory Technicians,Nuclear Medicine Technologists,4,0.1905,0.1053,0.1738,1
29-2052.00,29-2099.05,Pharmacy Technicians,Ophthalmic Medical Technologists,4,0.1905,0.1053,0.1938,1
19-2041.02,19-3091.00,Environmental Restoration Planners,Anthropologists and Archeologists,5,0.1903,0.1042,0.2004,1
19-3051.00,19-3091.00,Urban and Regional Planners,Anthropologists and Archeologists,5,0.1903,0.1042,0.1309,1
29-1031.00,29-1161.00,Dietitians and Nutritionists,Nurse Midwives,5,0.1903,0.1042,0.1781,1
29-1031.00,29-1221.00,Dietitians and Nutritionists,"Pediatricians, General",5,0.1903,0.1042,0.1907,1
29-1141.03,29-2033.00,Critical Care Nurses,Nuclear Medicine Technologists,5,0.1899,0.102,0.177,1
17-2141.02,17-3026.00,Automotive Engineers,Industrial Engineering Technologists and Technicians,5,0.1895,0.1042,0.1918,1
19-2099.01,19-4042.00,Remote Sensing Scientists and Technologists,"Environmental Science and Protection Technicians, Including Health",5,0.1895,0.1042,0.2173,1
29-1051.00,29-1211.00,Pharmacists,Anesthesiologists,5,0.1895,0.1042,0.1943,1
29-1051.00,29-9092.00,Pharmacists,Genetic Counselors,5,0.1895,0.1042,0.199,1
15-1241.00,15-1299.03,Computer Network Architects,Document Management Specialists,5,0.189,0.1,0.1558,1
15-1299.04,15-2021.00,Penetration Testers,Mathematicians,3,0.189,0.1034,0.1572,1
15-1299.09,15-2021.00,Information Technology Project Managers,Mathematicians,3,0.189,0.1034,0.1713,1
15-2011.00,15-2041.01,Actuaries,Biostatisticians,3,0.189,0.1,0.2077,1
17-2111.00,17-3023.00,"Health and Safety Engineers, Except Mining Safety Engineers and Inspectors",Electrical and Electronic Engineering Technologists and Technicians,5,0.189,0.1042,0.1781,1
17-2112.03,17-2171.00,Manufacturing Engineers,Petroleum Engineers,5,0.189,0.1042,0.2057,1
17-2112.03,17-3022.00,Manufacturing Engineers,Civil Engineering Technologists and Technicians,4,0.189,0.1,0.193,1
17-2121.00,17-3022.00,Marine Engineers and Naval Architects,Civil Engineering Technologists and Technicians,4,0.189,0.1,0.1692,1
17-2131.00,17-3023.00,Materials Engineers,Electrical and Electronic Engineering Technologists and Technicians,5,0.189,0.1042,0.1875,1
17-2141.00,17-2199.11,Mechanical Engineers,Solar Energy Systems Engineers,4,0.189,0.0952,0.1752,1
17-2141.01,17-2171.00,Fuel Cell Engineers,Petroleum Engineers,5,0.189,0.1042,0.1785,1
17-2151.00,17-3023.00,"Mining and Geological Engineers, Including Mining Safety Engineers",Electrical and Electronic Engineering Technologists and Technicians,5,0.189,0.1042,0.1932,1
17-2199.07,17-3029.01,Photonics Engineers,Non-Destructive Testing Specialists,3,0.189,0.1,0.1307,1
17-3023.00,17-3025.00,Electrical and Electronic Engineering Technologists and Technicians,Environmental Engineering Technologists and Technicians,5,0.189,0.1042,0.1794,1
19-1041.00,19-2031.00,Epidemiologists,Chemists,3,0.189,0.1034,0.1889,1
29-1011.00,29-2056.00,Chiropractors,Veterinary Technologists and Technicians,5,0.189,0.1,0.1646,1
29-1023.00,29-2053.00,Orthodontists,Psychiatric Technicians,3,0.189,0.1,0.1771,1
29-1023.00,29-2099.05,Orthodontists,Ophthalmic Medical Technologists,3,0.189,0.1,0.1985,1
29-1024.00,29-1141.01,Prosthodontists,Acute Care Nurses,3,0.189,0.0882,0.1883,1
29-1124.00,29-1229.02,Radiation Therapists,Hospitalists,4,0.189,0.1,0.1709,1
29-1128.00,29-1141.01,Exercise Physiologists,Acute Care Nurses,5,0.189,0.1042,0.1953,1
29-1141.01,29-2011.00,Acute Care Nurses,Medical and Clinical Laboratory Technologists,4,0.189,0.1,0.1945,1
29-1213.00,29-2099.01,Dermatologists,Neurodiagnostic Technologists,3,0.189,0.1034,0.1296,1
29-1223.00,29-2043.00,Psychiatrists,Paramedics,3,0.189,0.1034,0.1939,1
29-1229.03,29-2034.00,Urologists,Radiologic Technologists and Technicians,4,0.189,0.1,0.1821,1
29-1229.04,29-2099.01,Physical Medicine and Rehabilitation Physicians,Neurodiagnostic Technologists,3,0.189,0.1034,0.1821,1
29-1229.05,29-2034.00,Preventive Medicine Physicians,Radiologic Technologists and Technicians,4,0.189,0.1,0.178,1
29-2043.00,29-2081.00,Paramedics,"Opticians, Dispensing",3,0.189,0.1034,0.1786,1
29-2043.00,29-2099.01,Paramedics,Neurodiagnostic Technologists,3,0.189,0.1034,0.162,1
29-1126.00,29-1127.00,Respiratory Therapists,Speech-Language Pathologists,5,0.1887,0.1042,0.2135,1
29-1127.00,29-1151.00,Speech-Language Pathologists,Nurse Anesthetists,5,0.1887,0.1042,0.1937,1
29-1129.02,29-2031.00,Music Therapists,Cardiovascular Technologists and Technicians,5,0.1887,0.1042,0.1851,1
29-1151.00,29-9091.00,Nurse Anesthetists,Athletic Trainers,5,0.1887,0.1042,0.172,1
29-1181.00,29-2031.00,Audiologists,Cardiovascular Technologists and Technicians,5,0.1887,0.1042,0.2021,1
17-2021.00,17-2151.00,Agricultural Engineers,"Mining and Geological Engineers, Including Mining Safety Engineers",4,0.1886,0.1026,0.1828,1
17-2111.00,17-3024.01,"Health and Safety Engineers, Except Mining Safety Engineers and Inspectors",Robotics Technicians,4,0.1886,0.1026,0.2008,1
17-3024.01,17-3025.00,Robotics Technicians,Environmental Engineering Technologists and Technicians,4,0.1886,0.1026,0.2022,1
19-3039.03,19-3091.00,Clinical Neuropsychologists,Anthropologists and Archeologists,4,0.1886,0.0976,0.2233,1
29-1021.00,29-1141.00,"Dentists, General",Registered Nurses,5,0.1886,0.098,0.1813,1
29-1031.00,29-1299.02,Dietitians and Nutritionists,Orthoptists,4,0.1886,0.0976,0.1461,1
29-1128.00,29-1229.01,Exercise Physiologists,Allergists and Immunologists,4,0.1886,0.1026,0.1588,1
29-1131.00,29-2099.01,Veterinarians,Neurodiagnostic Technologists,4,0.1886,0.1026,0.1586,1
29-1215.00,29-2035.00,Family Medicine Physicians,Magnetic Resonance Imaging Technologists,4,0.1886,0.1026,0.1776,1
29-1223.00,29-2035.00,Psychiatrists,Magnetic Resonance Imaging Technologists,4,0.1886,0.1026,0.187,1
29-1122.00,29-1224.00,Occupational Therapists,Radiologists,5,0.1884,0.102,0.1984,1
17-1012.00,17-2051.00,Landscape Architects,Civil Engineers,3,0.1879,0.1034,0.1882,1
17-2011.00,17-2199.03,Aerospace Engineers,"Energy Engineers, Except Wind and Solar",3,0.1879,0.1034,0.186,1
17-2061.00,17-3021.00,Computer Hardware Engineers,Aerospace Engineering and Operations Technologists and Technicians,3,0.1879,0.1034,0.1898,1
17-3021.00,17-3027.01,Aerospace Engineering and Operations Technologists and Technicians,Automotive Engineering Technicians,3,0.1879,0.1034,0.2145,1
17-3021.00,17-3028.00,Aerospace Engineering and Operations Technologists and Technicians,Calibration Technologists and Technicians,3,0.1879,0.1034,0.2041,1
19-3022.00,19-3094.00,Survey Researchers,Political Scientists,3,0.1879,0.1034,0.2191,1
29-1071.00,29-1071.01,Physician Assistants,Anesthesiologist Assistants,3,0.1879,0.1034,0.1572,1
29-1071.01,29-1292.00,Anesthesiologist Assistants,Dental Hygienists,3,0.1879,0.1034,0.2032,1
29-1229.02,29-1229.05,Hospitalists,Preventive Medicine Physicians,3,0.1875,0.1034,0.168,1
17-2199.05,17-3012.00,Mechatronics Engineers,Electrical and Electronics Drafters,4,0.1873,0.1026,0.0973,1
29-1021.00,29-1211.00,"Dentists, General",Anesthesiologists,4,0.1873,0.1026,0.1871,1
29-1211.00,29-1222.00,Anesthesiologists,"Physicians, Pathologists",4,0.1873,0.1026,0.1737,1
29-1217.00,29-2036.00,Neurologists,Medical Dosimetrists,5,0.1873,0.102,0.1475,1
29-1221.00,29-2036.00,"Pediatricians, General",Medical Dosimetrists,5,0.1873,0.102,0.1391,1
15-1255.00,15-2041.00,Web and Digital Interface Designers,Statisticians,4,0.1867,0.1,0.1583,1
17-1011.00,17-3027.00,"Architects, Except Landscape and Naval",Mechanical Engineering Technologists and Technicians,4,0.1867,0.1,0.1773,1
17-2051.00,17-3027.00,Civil Engineers,Mechanical Engineering Technologists and Technicians,4,0.1867,0.1,0.2143,1
17-2061.00,17-2081.00,Computer Hardware Engineers,Environmental Engineers,4,0.1867,0.1,0.1832,1
17-2061.00,17-3027.00,Computer Hardware Engineers,Mechanical Engineering Technologists and Technicians,4,0.1867,0.1,0.1852,1
19-1029.04,19-3022.00,Biologists,Survey Researchers,4,0.1867,0.1,0.1848,1
29-1071.01,29-1141.04,Anesthesiologist Assistants,Clinical Nurse Specialists,4,0.1867,0.1,0.1665,1
29-1122.01,29-1151.00,"Low Vision Therapists, Orientation and Mobility Specialists, and Vision Rehabilitation Therapists",Nurse Anesthetists,4,0.1867,0.1,0.1631,1
17-2072.00,17-2199.08,"Electronics Engineers, Except Computer",Robotics Engineers,4,0.1865,0.1026,0.1876,1
17-2072.01,17-3011.00,Radio Frequency Identification Device Specialists,Architectural and Civil Drafters,4,0.1865,0.1026,0.1667,1
17-2161.00,17-3029.08,Nuclear Engineers,Photonics Technicians,4,0.1865,0.1026,0.2115,1
19-2041.02,19-4099.03,Environmental Restoration Planners,Remote Sensing Technicians,4,0.1865,0.1026,0.0868,1
19-3051.00,19-4099.03,Urban and Regional Planners,Remote Sensing Technicians,4,0.1865,0.1026,0.1041,1
29-1124.00,29-1141.00,Radiation Therapists,Registered Nurses,6,0.1864,0.1017,0.1872,1
19-1031.00,19-3091.00,Conservation Scientists,Anthropologists and Archeologists,5,0.1863,0.102,0.2072,1
29-1031.00,29-1211.00,Dietitians and Nutritionists,Anesthesiologists,5,0.1863,0.102,0.1915,1
15-1212.00,15-1253.00,Information Security Analysts,Software Quality Assurance Analysts and Testers,3,0.1861,0.0909,0.1968,1
15-1231.00,15-1242.00,Computer Network Support Specialists,Database Administrators,4,0.1861,0.1026,0.2153,1
15-1231.00,15-2051.02,Computer Network Support Specialists,Clinical Data Managers,4,0.1861,0.1026,0.1551,1
17-1022.01,17-2072.01,Geodetic Surveyors,Radio Frequency Identification Device Specialists,3,0.1861,0.1,0.1666,1
17-1022.01,17-2199.08,Geodetic Surveyors,Robotics Engineers,3,0.1861,0.1,0.1826,1
29-1011.00,29-1041.00,Chiropractors,Optometrists,3,0.1861,0.1,0.186,1
29-1122.00,29-2053.00,Occupational Therapists,Psychiatric Technicians,4,0.1861,0.1026,0.1629,1
29-1141.03,29-2057.00,Critical Care Nurses,Ophthalmic Medical Technicians,4,0.1861,0.093,0.2092,1
29-1141.03,29-2091.00,Critical Care Nurses,Orthotists and Prosthetists,4,0.1861,0.093,0.1689,1
29-1242.00,29-2042.00,"Orthopedic Surgeons, Except Pediatric",Emergency Medical Technicians,3,0.1861,0.1,0.0,1
29-1243.00,29-2033.00,Pediatric Surgeons,Nuclear Medicine Technologists,4,0.1861,0.1026,0.0,1
29-1243.00,29-2099.05,Pediatric Surgeons,Ophthalmic Medical Technologists,4,0.1861,0.1026,0.0,1
17-2151.00,17-2199.06,"Mining and Geological Engineers, Including Mining Safety Engineers",Microsystems Engineers,5,0.1857,0.102,0.1874,1
17-2151.00,17-3024.00,"Mining and Geological Engineers, Including Mining Safety Engineers",Electro-Mechanical and Mechatronics Technologists and Technicians,5,0.1857,0.102,0.1939,1
17-2199.06,17-3025.00,Microsystems Engineers,Environmental Engineering Technologists and Technicians,5,0.1857,0.102,0.1804,1
19-2042.00,19-3092.00,"Geoscientists, Except Hydrologists and Geographers",Geographers,3,0.1857,0.0857,0.204,1
19-2042.00,19-4043.00,"Geoscientists, Except Hydrologists and Geographers","Geological Technicians, Except Hydrologic Technicians",5,0.1857,0.102,0.2313,1
29-1051.00,29-1131.00,Pharmacists,Veterinarians,5,0.1857,0.102,0.1836,1
29-1051.00,29-1229.05,Pharmacists,Preventive Medicine Physicians,4,0.1857,0.0976,0.1708,1
29-1051.00,29-2011.00,Pharmacists,Medical and Clinical Laboratory Technologists,4,0.1857,0.0976,0.1702,1
29-1141.03,29-1216.00,Critical Care Nurses,General Internal Medicine Physicians,5,0.1856,0.1,0.2248,1
29-1299.02,29-2032.00,Orthoptists,Diagnostic Medical Sonographers,4,0.1855,0.0952,0.1932,1
17-2051.01,17-2121.00,Transportation Engineers,Marine Engineers and Naval Architects,5,0.1853,0.102,0.178,1
29-1141.01,29-9091.00,Acute Care Nurses,Athletic Trainers,5,0.1853,0.102,0.1957,1
19-1029.04,19-2041.03,Biologists,Industrial Ecologists,5,0.1852,0.102,0.2022,1
19-2021.00,19-2041.03,Atmospheric and Space Scientists,Industrial Ecologists,5,0.1852,0.102,0.1857,1
29-1123.00,29-2031.00,Physical Therapists,Cardiovascular Technologists and Technicians,5,0.1852,0.102,0.1914,1
29-1141.04,29-2031.00,Clinical Nurse Specialists,Cardiovascular Technologists and Technicians,5,0.1852,0.102,0.1645,1
15-1211.00,15-2031.00,Computer Systems Analysts,Operations Research Analysts,4,0.1849,0.1,0.2014,1
15-1244.00,15-1251.00,Network and Computer Systems Administrators,Computer Programmers,4,0.1849,0.1,0.2188,1
15-1244.00,15-1299.09,Network and Computer Systems Administrators,Information Technology Project Managers,4,0.1849,0.1,0.1694,1
15-1253.00,15-1299.09,Software Quality Assurance Analysts and Testers,Information Technology Project Managers,4,0.1849,0.1,0.1635,1
29-1127.00,29-1215.00,Speech-Language Pathologists,Family Medicine Physicians,4,0.1849,0.1,0.2002,1
29-1127.00,29-2099.01,Speech-Language Pathologists,Neurodiagnostic Technologists,4,0.1849,0.1,0.1653,1
29-1181.00,29-2099.01,Audiologists,Neurodiagnostic Technologists,4,0.1849,0.1,0.1611,1
29-2081.00,29-9091.00,"Opticians, Dispensing",Athletic Trainers,4,0.1849,0.1,0.1765,1
19-1029.01,19-4099.01,Bioinformatics Scientists,Quality Control Analysts,3,0.1846,0.0938,0.1413,1
29-1023.00,29-1141.02,Orthodontists,Advanced Practice Psychiatric Nurses,3,0.1846,0.0968,0.2126,1
15-1241.00,15-1242.00,Computer Network Architects,Database Administrators,5,0.1844,0.098,0.2153,1
17-2112.02,17-2199.11,Validation Engineers,Solar Energy Systems Engineers,3,0.1839,0.1,0.1992,1
19-1042.00,19-2031.00,"Medical Scientists, Except Epidemiologists",Chemists,3,0.1839,0.1,0.1799,1
29-1021.00,29-2091.00,"Dentists, General",Orthotists and Prosthetists,3,0.1839,0.1,0.2066,1
29-1222.00,29-1229.04,"Physicians, Pathologists",Physical Medicine and Rehabilitation Physicians,3,0.1839,0.1,0.1782,1
29-1222.00,29-2043.00,"Physicians, Pathologists",Paramedics,3,0.1839,0.1,0.1757,1
29-1229.04,29-2051.00,Physical Medicine and Rehabilitation Physicians,Dietetic Technicians,3,0.1839,0.1,0.1691,1
29-1241.00,29-1291.00,"Ophthalmologists, Except Pediatric",Acupuncturists,3,0.1839,0.1,0.1886,1
17-2111.00,17-3012.00,"Health and Safety Engineers, Except Mining Safety Engineers and Inspectors",Electrical and Electronics Drafters,4,0.1835,0.1,0.2137,1
17-2112.01,17-3025.00,Human Factors Engineers and Ergonomists,Environmental Engineering Technologists and Technicians,4,0.1835,0.1,0.1987,1
17-2112.02,17-2151.00,Validation Engineers,"Mining and Geological Engineers, Including Mining Safety Engineers",4,0.1835,0.1,0.1931,1
17-2112.02,17-3025.00,Validation Engineers,Environmental Engineering Technologists and Technicians,4,0.1835,0.1,0.1471,1
17-2131.00,17-3012.00,Materials Engineers,Electrical and Electronics Drafters,4,0.1835,0.1,0.1624,1
19-2041.00,19-4043.00,"Environmental Scientists and Specialists, Including Health","Geological Technicians, Except Hydrologic Technicians",4,0.1835,0.1,0.1433,1
29-1021.00,29-1131.00,"Dentists, General",Veterinarians,4,0.1835,0.1,0.1922,1
29-1128.00,29-1241.00,Exercise Physiologists,"Ophthalmologists, Except Pediatric",4,0.1835,0.1,0.1531,1
29-2035.00,29-2055.00,Magnetic Resonance Imaging Technologists,Surgical Technologists,4,0.1835,0.1,0.1582,1
15-1241.01,15-1243.01,Telecommunications Engineering Specialists,Data Warehousing Specialists,4,0.1833,0.0976,0.1912,1
15-1241.01,15-2041.00,Telecommunications Engineering Specialists,Statisticians,4,0.1833,0.0976,0.157,1
17-2011.00,17-3023.00,Aerospace Engineers,Electrical and Electronic Engineering Technologists and Technicians,4,0.1833,0.0976,0.2095,1
17-2061.00,17-2121.00,Computer Hardware Engineers,Marine Engineers and Naval Architects,4,0.1833,0.0976,0.1907,1
17-2121.00,17-3027.01,Marine Engineers and Naval Architects,Automotive Engineering Technicians,4,0.1833,0.0976,0.1873,1
17-3023.00,17-3027.01,Electrical and Electronic Engineering Technologists and Technicians,Automotive Engineering Technicians,4,0.1833,0.0976,0.2112,1
19-2011.00,25-1067.00,Astronomers,"Sociology Teachers, Postsecondary",4,0.1833,0.0976,0.1672,0
29-2032.00,29-9092.00,Diagnostic Medical Sonographers,Genetic Counselors,5,0.1833,0.1,0.1987,1
29-2036.00,29-9092.00,Medical Dosimetrists,Genetic Counselors,5,0.1833,0.1,0.1443,1
15-1212.00,15-1255.00,Information Security Analysts,Web and Digital Interface Designers,3,0.1826,0.0882,0.2072,1
17-1012.00,17-2111.02,Landscape Architects,Fire-Prevention and Protection Engineers,3,0.1826,0.1,0.1741,1
17-2141.00,17-3021.00,Mechanical Engineers,Aerospace Engineering and Operations Technologists and Technicians,4,0.1826,0.093,0.1764,1
19-1031.00,19-4099.03,Conservation Scientists,Remote Sensing Technicians,4,0.1826,0.1,0.1991,1
19-3094.00,19-4031.00,Political Scientists,Chemical Technicians,3,0.1826,0.1,0.1888,1
19-4031.00,19-4051.00,Chemical Technicians,Nuclear Technicians,3,0.1826,0.1,0.1349,1
29-1031.00,29-1131.00,Dietitians and Nutritionists,Veterinarians,5,0.1826,0.1,0.1814,1
29-1215.00,29-1292.00,Family Medicine Physicians,Dental Hygienists,3,0.1826,0.1,0.1735,1
29-1215.00,29-2072.00,Family Medicine Physicians,Medical Records Specialists,3,0.1826,0.1,0.1772,1
29-1292.00,29-2081.00,Dental Hygienists,"Opticians, Dispensing",3,0.1826,0.1,0.1761,1
29-1125.00,29-1141.00,Recreational Therapists,Registered Nurses,4,0.1824,0.087,0.1969,1
17-2051.01,17-2071.00,Transportation Engineers,Electrical Engineers,5,0.1821,0.1,0.1731,1
29-1051.00,29-1127.00,Pharmacists,Speech-Language Pathologists,5,0.1821,0.1,0.1992,1
29-1051.00,29-9091.00,Pharmacists,Athletic Trainers,5,0.1821,0.1,0.159,1
17-2199.09,17-3011.00,Nanosystems Engineers,Architectural and Civil Drafters,4,0.182,0.1,0.1958,1
19-1013.00,19-3051.00,Soil and Plant Scientists,Urban and Regional Planners,4,0.182,0.1,0.204,1
19-3011.01,19-3051.00,Environmental Economists,Urban and Regional Planners,4,0.182,0.1,0.2303,1
19-3051.00,19-3099.01,Urban and Regional Planners,Transportation Planners,4,0.182,0.1,0.2354,1
19-3051.00,19-4061.00,Urban and Regional Planners,Social Science Research Assistants,4,0.182,0.1,0.1015,1
29-1221.00,29-2053.00,"Pediatricians, General",Psychiatric Technicians,4,0.182,0.1,0.205,1
29-1221.00,29-2099.05,"Pediatricians, General",Ophthalmic Medical Technologists,4,0.182,0.1,0.2106,1
17-1011.00,17-3022.00,"Architects, Except Landscape and Naval",Civil Engineering Technologists and Technicians,3,0.1819,0.1,0.2003,1
19-3022.00,19-4051.02,Survey Researchers,Nuclear Monitoring Technicians,3,0.1819,0.1,0.1554,1
29-1071.01,29-1229.02,Anesthesiologist Assistants,Hospitalists,3,0.1819,0.1,0.127,1
17-2081.00,17-2121.00,Environmental Engineers,Marine Engineers and Naval Architects,5,0.1818,0.1,0.161,1
29-1124.00,29-1141.04,Radiation Therapists,Clinical Nurse Specialists,5,0.1818,0.1,0.1705,1
17-1022.01,17-2051.02,Geodetic Surveyors,Water/Wastewater Engineers,3,0.1816,0.0968,0.1745,1
19-2032.00,19-4061.00,Materials Scientists,Social Science Research Assistants,3,0.1816,0.0968,0.1741,1
19-3039.02,19-4061.00,Neuropsychologists,Social Science Research Assistants,3,0.1816,0.0968,0.231,1
29-1041.00,29-2099.05,Optometrists,Ophthalmic Medical Technologists,3,0.1816,0.0968,0.1647,1
29-1218.00,29-2042.00,Obstetricians and Gynecologists,Emergency Medical Technicians,3,0.1816,0.0968,0.0,1
29-1299.01,29-2042.00,Naturopathic Physicians,Emergency Medical Technicians,3,0.1816,0.0968,0.0,1
29-2042.00,29-2099.05,Emergency Medical Technicians,Ophthalmic Medical Technologists,3,0.1816,0.0968,0.0,1
15-1252.00,15-1255.00,Software Developers,Web and Digital Interface Designers,4,0.1814,0.0976,0.1824,1
15-1255.00,15-2031.00,Web and Digital Interface Designers,Operations Research Analysts,4,0.1814,0.0976,0.1949,1
17-2081.00,17-2111.02,Environmental Engineers,Fire-Prevention and Protection Engineers,4,0.1814,0.0976,0.1768,1
17-2081.00,17-3024.01,Environmental Engineers,Robotics Technicians,4,0.1814,0.0976,0.1736,1
17-3024.01,17-3027.00,Robotics Technicians,Mechanical Engineering Technologists and Technicians,4,0.1814,0.0976,0.1887,1
19-2041.03,19-4044.00,Industrial Ecologists,Hydrologic Technicians,4,0.1814,0.0976,0.0,1
29-1123.00,29-2081.00,Physical Therapists,"Opticians, Dispensing",4,0.1814,0.0976,0.1693,1
29-1123.00,29-2099.01,Physical Therapists,Neurodiagnostic Technologists,4,0.1814,0.0976,0.1498,1
29-1126.00,29-1215.00,Respiratory Therapists,Family Medicine Physicians,4,0.1814,0.0976,0.1631,1
29-1126.00,29-1229.01,Respiratory Therapists,Allergists and Immunologists,4,0.1814,0.0976,0.1841,1
29-1229.01,29-2031.00,Allergists and Immunologists,Cardiovascular Technologists and Technicians,4,0.1814,0.0976,0.1919,1
17-2072.00,17-2199.10,"Electronics Engineers, Except Computer",Wind Energy Engineers,3,0.1806,0.0938,0.1871,1
17-2199.10,17-3011.00,Wind Energy Engineers,Architectural and Civil Drafters,3,0.1806,0.0938,0.2026,1
17-2199.10,17-3029.08,Wind Energy Engineers,Photonics Technicians,3,0.1806,0.0938,0.1693,1
29-1023.00,29-1161.00,Orthodontists,Nurse Midwives,3,0.1806,0.0938,0.1738,1
17-2141.00,17-2141.02,Mechanical Engineers,Automotive Engineers,5,0.1804,0.098,0.1946,1
29-1211.00,29-1224.00,Anesthesiologists,Radiologists,5,0.1804,0.098,0.1425,1
17-2051.00,17-2071.00,Civil Engineers,Electrical Engineers,4,0.1802,0.0952,0.1851,1
17-2051.00,17-2199.06,Civil Engineers,Microsystems Engineers,4,0.1802,0.0952,0.0925,1
17-2051.00,17-3026.00,Civil Engineers,Industrial Engineering Technologists and Technicians,4,0.1802,0.0952,0.1676,1
17-3024.00,17-3028.00,Electro-Mechanical and Mechatronics Technologists and Technicians,Calibration Technologists and Technicians,4,0.1802,0.0952,0.2,1
19-3022.00,19-4042.00,Survey Researchers,"Environmental Science and Protection Technicians, Including Health",4,0.1802,0.0952,0.1952,1
29-1051.00,29-1122.01,Pharmacists,"Low Vision Therapists, Orientation and Mobility Specialists, and Vision Rehabilitation Therapists",4,0.1802,0.0952,0.1623,1
29-1122.00,29-2056.00,Occupational Therapists,Veterinary Technologists and Technicians,5,0.1802,0.0962,0.1649,1
29-1021.00,29-1127.00,"Dentists, General",Speech-Language Pathologists,4,0.18,0.0976,0.1866,1
29-1021.00,29-1181.00,"Dentists, General",Audiologists,4,0.18,0.0976,0.198,1
29-1127.00,29-1214.00,Speech-Language Pathologists,Emergency Medicine Physicians,4,0.18,0.0976,0.1864,1
29-1127.00,29-1241.00,Speech-Language Pathologists,"Ophthalmologists, Except Pediatric",4,0.18,0.0976,0.152,1
29-1129.02,29-1241.00,Music Therapists,"Ophthalmologists, Except Pediatric",4,0.18,0.0976,0.1618,1
29-1222.00,29-9091.00,"Physicians, Pathologists",Athletic Trainers,4,0.18,0.0976,0.1601,1
29-1229.02,29-9099.01,Hospitalists,Midwives,4,0.1796,0.093,0.2084,1
29-1229.05,29-2032.00,Preventive Medicine Physicians,Diagnostic Medical Sonographers,4,0.1796,0.093,0.1812,1
29-1229.05,29-9099.01,Preventive Medicine Physicians,Midwives,4,0.1796,0.093,0.1511,1
29-2011.00,29-2032.00,Medical and Clinical Laboratory Technologists,Diagnostic Medical Sonographers,4,0.1796,0.093,0.1725,1
15-1299.06,15-1299.07,Digital Forensics Analysts,Blockchain Engineers,3,0.1793,0.0968,0.1369,1
19-1021.00,19-4092.00,Biochemists and Biophysicists,Forensic Science Technicians,3,0.1793,0.0968,0.1747,1
19-1022.00,19-4092.00,Microbiologists,Forensic Science Technicians,3,0.1793,0.0968,0.1789,1
19-1029.03,19-2031.00,Geneticists,Chemists,3,0.1793,0.0968,0.1903,1
29-1011.00,29-2057.00,Chiropractors,Ophthalmic Medical Technicians,3,0.1793,0.0968,0.1746,1
29-1224.00,29-2056.00,Radiologists,Veterinary Technologists and Technicians,6,0.1793,0.0984,0.155,1
29-1242.00,29-2057.00,"Orthopedic Surgeons, Except Pediatric",Ophthalmic Medical Technicians,3,0.1793,0.0968,0.0,1
29-1242.00,29-2091.00,"Orthopedic Surgeons, Except Pediatric",Orthotists and Prosthetists,3,0.1793,0.0968,0.0,1
29-1031.00,29-9091.00,Dietitians and Nutritionists,Athletic Trainers,5,0.179,0.098,0.1693,1
11-9041.00,11-9121.02,Architectural and Engineering Managers,Water Resource Specialists,4,0.1789,0.0976,0.1712,1
15-1243.00,15-1299.03,Database Architects,Document Management Specialists,4,0.1789,0.0976,0.1954,1
17-2072.01,17-2151.00,Radio Frequency Identification Device Specialists,"Mining and Geological Engineers, Including Mining Safety Engineers",4,0.1789,0.0976,0.1821,1
17-2072.01,17-2171.00,Radio Frequency Identification Device Specialists,Petroleum Engineers,4,0.1789,0.0976,0.1924,1
17-2151.00,17-2199.08,"Mining and Geological Engineers, Including Mining Safety Engineers",Robotics Engineers,4,0.1789,0.0976,0.1766,1
19-1029.02,19-4092.00,Molecular and Cellular Biologists,Forensic Science Technicians,4,0.1789,0.0976,0.2108,1
19-1029.03,19-4043.00,Geneticists,"Geological Technicians, Except Hydrologic Technicians",4,0.1789,0.0976,0.1763,1
29-1131.00,29-2011.01,Veterinarians,Cytogenetic Technologists,4,0.1789,0.0976,0.1596,1
19-1029.04,19-2042.00,Biologists,"Geoscientists, Except Hydrologists and Geographers",5,0.1787,0.098,0.1967,1
19-1029.04,19-4042.00,Biologists,"Environmental Science and Protection Technicians, Including Health",5,0.1787,0.098,0.1675,1
19-2021.00,19-2042.00,Atmospheric and Space Scientists,"Geoscientists, Except Hydrologists and Geographers",5,0.1787,0.098,0.2103,1
19-2021.00,19-4042.00,Atmospheric and Space Scientists,"Environmental Science and Protection Technicians, Including Health",5,0.1787,0.098,0.1854,1
29-1051.00,29-1123.00,Pharmacists,Physical Therapists,5,0.1787,0.098,0.1868,1
29-1051.00,29-1126.00,Pharmacists,Respiratory Therapists,5,0.1787,0.098,0.1943,1
29-1126.00,29-1129.01,Respiratory Therapists,Art Therapists,5,0.1787,0.098,0.1954,1
15-1241.01,15-1252.00,Telecommunications Engineering Specialists,Software Developers,4,0.1782,0.0952,0.1699,1
15-1241.01,15-2031.00,Telecommunications Engineering Specialists,Operations Research Analysts,4,0.1782,0.0952,0.1845,1
17-2021.00,17-2112.03,Agricultural Engineers,Manufacturing Engineers,4,0.1782,0.0952,0.1454,1
17-2111.02,17-2121.00,Fire-Prevention and Protection Engineers,Marine Engineers and Naval Architects,4,0.1782,0.0952,0.1539,1
17-2121.00,17-3024.01,Marine Engineers and Naval Architects,Robotics Technicians,4,0.1782,0.0952,0.1899,1
17-2141.02,17-2199.07,Automotive Engineers,Photonics Engineers,4,0.1782,0.0976,0.1896,1
17-3023.00,17-3024.01,Electrical and Electronic Engineering Technologists and Technicians,Robotics Technicians,4,0.1782,0.0952,0.2003,1
19-2099.01,19-4061.00,Remote Sensing Scientists and Technologists,Social Science Research Assistants,4,0.1782,0.0976,0.1939,1
29-1124.00,29-1229.01,Radiation Therapists,Allergists and Immunologists,4,0.1782,0.0952,0.1777,1
29-1124.00,29-2081.00,Radiation Therapists,"Opticians, Dispensing",4,0.1782,0.0952,0.1797,1
29-1141.01,29-2081.00,Acute Care Nurses,"Opticians, Dispensing",4,0.1782,0.0952,0.1734,1
29-1211.00,29-2033.00,Anesthesiologists,Nuclear Medicine Technologists,4,0.1782,0.0976,0.1722,1
29-1215.00,29-2061.00,Family Medicine Physicians,Licensed Practical and Licensed Vocational Nurses,4,0.1782,0.0952,0.191,1
29-1223.00,29-2061.00,Psychiatrists,Licensed Practical and Licensed Vocational Nurses,4,0.1782,0.0952,0.1847,1
29-1229.01,29-2034.00,Allergists and Immunologists,Radiologic Technologists and Technicians,4,0.1782,0.0952,0.1815,1
29-1229.06,29-2099.01,Sports Medicine Physicians,Neurodiagnostic Technologists,4,0.1782,0.0952,0.1358,1
29-2033.00,29-9092.00,Nuclear Medicine Technologists,Genetic Counselors,4,0.1782,0.0976,0.182,1
29-2099.05,29-9092.00,Ophthalmic Medical Technologists,Genetic Counselors,4,0.1782,0.0976,0.202,1
19-3033.00,19-3051.00,Clinical and Counseling Psychologists,Urban and Regional Planners,4,0.1778,0.0976,0.1202,1
19-3051.00,19-4012.00,Urban and Regional Planners,Agricultural Technicians,4,0.1778,0.0976,0.104,1
17-1012.00,17-3012.00,Landscape Architects,Electrical and Electronics Drafters,3,0.1777,0.0968,0.1687,1
17-1022.00,17-3012.00,Surveyors,Electrical and Electronics Drafters,3,0.1777,0.0968,0.1847,1
17-2112.01,17-2199.03,Human Factors Engineers and Ergonomists,"Energy Engineers, Except Wind and Solar",3,0.1777,0.0968,0.1557,1
17-2112.02,17-2199.03,Validation Engineers,"Energy Engineers, Except Wind and Solar",3,0.1777,0.0968,0.1447,1
17-2112.02,17-3021.00,Validation Engineers,Aerospace Engineering and Operations Technologists and Technicians,3,0.1777,0.0968,0.1795,1
19-1042.00,19-3039.03,"Medical Scientists, Except Epidemiologists",Clinical Neuropsychologists,3,0.1777,0.0968,0.1774,1
19-2041.00,19-3094.00,"Environmental Scientists and Specialists, Including Health",Political Scientists,3,0.1777,0.0968,0.1178,1
29-1071.00,29-2051.00,Physician Assistants,Dietetic Technicians,3,0.1777,0.0968,0.1924,1
29-1071.00,29-2055.00,Physician Assistants,Surgical Technologists,3,0.1777,0.0968,0.1515,1
29-1214.00,29-1299.02,Emergency Medicine Physicians,Orthoptists,3,0.1777,0.0968,0.1925,1
29-2055.00,29-2072.00,Surgical Technologists,Medical Records Specialists,3,0.1777,0.0968,0.1536,1
15-1243.01,15-1299.08,Data Warehousing Specialists,Computer Systems Engineers/Architects,4,0.1771,0.093,0.1457,1
29-1031.00,29-1122.01,Dietitians and Nutritionists,"Low Vision Therapists, Orientation and Mobility Specialists, and Vision Rehabilitation Therapists",4,0.1771,0.093,0.1888,1
11-3021.00,15-2011.00,Computer and Information Systems Managers,Actuaries,3,0.1768,0.0909,0.1994,0
17-2141.00,17-3022.00,Mechanical Engineers,Civil Engineering Technologists and Technicians,4,0.1768,0.0909,0.2024,1
17-2141.02,17-3029.01,Automotive Engineers,Non-Destructive Testing Specialists,3,0.1768,0.0909,0.1771,1
17-2199.05,17-2199.10,Mechatronics Engineers,Wind Energy Engineers,3,0.1768,0.0909,0.174,1
19-3041.00,19-4031.00,Sociologists,Chemical Technicians,3,0.1768,0.0968,0.1788,1
19-4044.00,19-4051.02,Hydrologic Technicians,Nuclear Monitoring Technicians,3,0.1768,0.0968,0.0,1
29-1023.00,29-1211.00,Orthodontists,Anesthesiologists,3,0.1768,0.0909,0.1865,1
29-1081.00,29-1223.00,Podiatrists,Psychiatrists,3,0.1768,0.0968,0.2283,1
29-1081.00,29-1224.00,Podiatrists,Radiologists,4,0.1768,0.0909,0.1303,1
29-1223.00,29-1229.03,Psychiatrists,Urologists,3,0.1768,0.0968,0.1987,1
29-1229.02,29-2099.01,Hospitalists,Neurodiagnostic Technologists,3,0.1768,0.0968,0.1447,1
29-1229.03,29-2099.01,Urologists,Neurodiagnostic Technologists,3,0.1768,0.0968,0.1661,1
29-1229.05,29-2081.00,Preventive Medicine Physicians,"Opticians, Dispensing",3,0.1768,0.0968,0.1739,1
29-2011.00,29-2099.01,Medical and Clinical Laboratory Technologists,Neurodiagnostic Technologists,3,0.1768,0.0968,0.1693,1
17-2081.00,17-3012.00,Environmental Engineers,Electrical and Electronics Drafters,4,0.1766,0.0952,0.1708,1
17-2081.00,17-3026.01,Environmental Engineers,Nanotechnology Engineering Technologists and Technicians,4,0.1766,0.0952,0.1963,1
17-2112.01,17-3027.00,Human Factors Engineers and Ergonomists,Mechanical Engineering Technologists and Technicians,4,0.1766,0.0952,0.1709,1
17-2112.02,17-3027.00,Validation Engineers,Mechanical Engineering Technologists and Technicians,4,0.1766,0.0952,0.2166,1
17-3026.01,17-3027.00,Nanotechnology Engineering Technologists and Technicians,Mechanical Engineering Technologists and Technicians,4,0.1766,0.0952,0.1554,1
19-1023.00,19-2021.00,Zoologists and Wildlife Biologists,Atmospheric and Space Scientists,4,0.1766,0.0952,0.1893,1
29-1021.00,29-1141.04,"Dentists, General",Clinical Nurse Specialists,4,0.1766,0.0952,0.1624,1
29-1021.00,29-1171.00,"Dentists, General",Nurse Practitioners,4,0.1766,0.0952,0.1784,1
29-1021.00,29-9093.00,"Dentists, General",Surgical Assistants,4,0.1766,0.0952,0.1913,1
29-1151.00,29-2051.00,Nurse Anesthetists,Dietetic Technicians,4,0.1766,0.0952,0.1639,1
29-1151.00,29-2055.00,Nurse Anesthetists,Surgical Technologists,4,0.1766,0.0952,0.1622,1
29-1171.00,29-1222.00,Nurse Practitioners,"Physicians, Pathologists",4,0.1766,0.0952,0.1978,1
29-1171.00,29-2055.00,Nurse Practitioners,Surgical Technologists,4,0.1766,0.0952,0.1742,1
17-3027.01,17-3028.00,Automotive Engineering Technicians,Calibration Technologists and Technicians,3,0.1765,0.0968,0.204,1
29-1071.01,29-1122.01,Anesthesiologist Assistants,"Low Vision Therapists, Orientation and Mobility Specialists, and Vision Rehabilitation Therapists",3,0.1765,0.0968,0.1465,1
17-1021.00,17-3024.00,Cartographers and Photogrammetrists,Electro-Mechanical and Mechatronics Technologists and Technicians,3,0.1762,0.0833,0.166,1
17-2071.00,17-3013.00,Electrical Engineers,Mechanical Drafters,3,0.1762,0.0833,0.1473,1
17-2199.06,17-3013.00,Microsystems Engineers,Mechanical Drafters,3,0.1762,0.0833,0.1965,1
29-1217.00,29-2056.00,Neurologists,Veterinary Technologists and Technicians,5,0.1762,0.0943,0.1716,1
29-1181.00,29-2032.00,Audiologists,Diagnostic Medical Sonographers,5,0.1761,0.0962,0.1881,1
29-2032.00,29-9091.00,Diagnostic Medical Sonographers,Athletic Trainers,5,0.1761,0.0962,0.1576,1
29-9091.00,29-9099.01,Athletic Trainers,Midwives,5,0.1761,0.0962,0.165,1
15-1255.00,15-1299.08,Web and Digital Interface Designers,Computer Systems Engineers/Architects,5,0.1757,0.0962,0.1723,1
19-1029.04,19-2043.00,Biologists,Hydrologists,5,0.1757,0.0962,0.179,1
29-1141.00,29-1291.00,Registered Nurses,Acupuncturists,4,0.1757,0.0851,0.1807,1
29-1141.00,29-2091.00,Registered Nurses,Orthotists and Prosthetists,4,0.1757,0.0851,0.1661,1
17-2141.01,17-3024.00,Fuel Cell Engineers,Electro-Mechanical and Mechatronics Technologists and Technicians,5,0.1755,0.0962,0.1165,1
17-2199.06,17-3023.00,Microsystems Engineers,Electrical and Electronic Engineering Technologists and Technicians,5,0.1755,0.0962,0.1884,1
29-1051.00,29-1141.01,Pharmacists,Acute Care Nurses,5,0.1755,0.0962,0.1934,1
29-1051.00,29-2034.00,Pharmacists,Radiologic Technologists and Technicians,5,0.1755,0.0962,0.1684,1
15-1211.00,15-1299.03,Computer Systems Analysts,Document Management Specialists,4,0.1754,0.0952,0.1509,1
15-1254.00,15-1299.03,Web Developers,Document Management Specialists,4,0.1754,0.0952,0.1238,1
15-1254.00,15-1299.06,Web Developers,Digital Forensics Analysts,4,0.1754,0.0952,0.1545,1
29-1011.00,29-1129.02,Chiropractors,Music Therapists,4,0.1754,0.0952,0.1963,1
29-1011.00,29-9091.00,Chiropractors,Athletic Trainers,4,0.1754,0.0952,0.1746,1
29-1127.00,29-2011.01,Speech-Language Pathologists,Cytogenetic Technologists,4,0.1754,0.0952,0.1604,1
29-1129.02,29-1242.00,Music Therapists,"Orthopedic Surgeons, Except Pediatric",4,0.1754,0.0952,0.0,1
29-2011.01,29-9091.00,Cytogenetic Technologists,Athletic Trainers,4,0.1754,0.0952,0.1781,1
17-2199.06,17-3024.01,Microsystems Engineers,Robotics Technicians,4,0.1751,0.093,0.1767,1
19-2042.00,19-4044.00,"Geoscientists, Except Hydrologists and Geographers",Hydrologic Technicians,4,0.1751,0.093,0.0,1
19-1013.00,19-1021.00,Soil and Plant Scientists,Biochemists and Biophysicists,3,0.175,0.0938,0.1815,1
19-2031.00,19-4021.00,Chemists,Biological Technicians,3,0.175,0.0938,0.1688,1
19-2031.00,19-4061.00,Chemists,Social Science Research Assistants,3,0.175,0.0938,0.1533,1
29-1213.00,29-2053.00,Dermatologists,Psychiatric Technicians,3,0.175,0.0938,0.1757,1
29-1213.00,29-2099.05,Dermatologists,Ophthalmic Medical Technologists,3,0.175,0.0938,0.1927,1
29-1218.00,29-2057.00,Obstetricians and Gynecologists,Ophthalmic Medical Technicians,3,0.175,0.0938,0.2157,1
29-1291.00,29-2033.00,Acupuncturists,Nuclear Medicine Technologists,3,0.175,0.0938,0.1816,1
29-1291.00,29-2053.00,Acupuncturists,Psychiatric Technicians,3,0.175,0.0938,0.1754,1
29-1299.01,29-2057.00,Naturopathic Physicians,Ophthalmic Medical Technicians,3,0.175,0.0938,0.2276,1
17-2112.00,17-2171.00,Industrial Engineers,Petroleum Engineers,4,0.1746,0.0952,0.1927,1
17-2171.00,17-2199.07,Petroleum Engineers,Photonics Engineers,4,0.1746,0.0952,0.1933,1
17-2171.00,17-2199.09,Petroleum Engineers,Nanosystems Engineers,4,0.1746,0.0952,0.2005,1
17-2199.07,17-3025.00,Photonics Engineers,Environmental Engineering Technologists and Technicians,4,0.1746,0.0952,0.1222,1
19-4043.00,19-4061.00,"Geological Technicians, Except Hydrologic Technicians",Social Science Research Assistants,4,0.1746,0.0952,0.1943,1
29-1071.00,29-2056.00,Physician Assistants,Veterinary Technologists and Technicians,4,0.1746,0.087,0.1407,1
29-1128.00,29-2099.05,Exercise Physiologists,Ophthalmic Medical Technologists,4,0.1746,0.0952,0.1844,1
29-1131.00,29-2053.00,Veterinarians,Psychiatric Technicians,4,0.1746,0.0952,0.1494,1
29-1131.00,29-2099.05,Veterinarians,Ophthalmic Medical Technologists,4,0.1746,0.0952,0.1636,1
29-1212.00,29-2053.00,Cardiologists,Psychiatric Technicians,4,0.1746,0.0952,0.0,1
29-1071.01,29-9099.01,Anesthesiologist Assistants,Midwives,4,0.1742,0.0909,0.1863,1
19-2099.01,19-4012.00,Remote Sensing Scientists and Technologists,Agricultural Technicians,4,0.1741,0.0952,0.1906,1
19-4012.00,19-4099.01,Agricultural Technicians,Quality Control Analysts,4,0.1741,0.0952,0.2027,1
29-1022.00,29-1141.03,Oral and Maxillofacial Surgeons,Critical Care Nurses,3,0.1741,0.0769,0.1767,1
17-2031.00,17-3029.08,Bioengineers and Biomedical Engineers,Photonics Technicians,4,0.1739,0.0952,0.1571,1
17-2072.00,17-3011.00,"Electronics Engineers, Except Computer",Architectural and Civil Drafters,4,0.1739,0.0952,0.1641,1
19-2041.02,19-3051.00,Environmental Restoration Planners,Urban and Regional Planners,4,0.1739,0.0952,0.1894,1
19-3039.02,19-3051.00,Neuropsychologists,Urban and Regional Planners,3,0.1735,0.0909,0.1526,1
17-2112.01,17-3023.00,Human Factors Engineers and Ergonomists,Electrical and Electronic Engineering Technologists and Technicians,4,0.1734,0.093,0.1558,1
17-2112.03,17-3012.00,Manufacturing Engineers,Electrical and Electronics Drafters,4,0.1734,0.093,0.1308,1
17-2112.03,17-3026.01,Manufacturing Engineers,Nanotechnology Engineering Technologists and Technicians,4,0.1734,0.093,0.1481,1
17-2141.01,17-3026.01,Fuel Cell Engineers,Nanotechnology Engineering Technologists and Technicians,4,0.1734,0.093,0.149,1
17-3023.00,17-3026.01,Electrical and Electronic Engineering Technologists and Technicians,Nanotechnology Engineering Technologists and Technicians,4,0.1734,0.093,0.1635,1
29-1222.00,29-2034.00,"Physicians, Pathologists",Radiologic Technologists and Technicians,4,0.1734,0.093,0.1606,1
29-1127.00,29-1224.00,Speech-Language Pathologists,Radiologists,5,0.1733,0.0943,0.1342,1
15-1212.00,15-1299.08,Information Security Analysts,Computer Systems Engineers/Architects,3,0.1732,0.0811,0.1614,1
17-1012.00,17-2072.01,Landscape Architects,Radio Frequency Identification Device Specialists,3,0.1732,0.0938,0.1378,1
17-1012.00,17-2161.00,Landscape Architects,Nuclear Engineers,3,0.1732,0.0938,0.1444,1
17-1022.00,19-4099.03,Surveyors,Remote Sensing Technicians,3,0.1732,0.0938,0.1934,0
17-2041.00,17-2072.01,Chemical Engineers,Radio Frequency Identification Device Specialists,3,0.1732,0.0938,0.1561,1
17-2041.00,17-2199.08,Chemical Engineers,Robotics Engineers,3,0.1732,0.0938,0.1751,1
17-2161.00,17-2199.03,Nuclear Engineers,"Energy Engineers, Except Wind and Solar",3,0.1732,0.0938,0.1886,1
17-2161.00,17-3021.00,Nuclear Engineers,Aerospace Engineering and Operations Technologists and Technicians,3,0.1732,0.0938,0.1749,1
17-2199.10,17-3025.00,Wind Energy Engineers,Environmental Engineering Technologists and Technicians,3,0.1732,0.0882,0.1643,1
19-1029.03,19-3094.00,Geneticists,Political Scientists,3,0.1732,0.0938,0.2403,1
19-3034.00,19-3094.00,School Psychologists,Political Scientists,3,0.1732,0.0938,0.2143,1
29-1011.00,29-2072.00,Chiropractors,Medical Records Specialists,3,0.1732,0.0938,0.1725,1
29-1023.00,29-1212.00,Orthodontists,Cardiologists,3,0.1732,0.0882,0.0,1
29-1242.00,29-1292.00,"Orthopedic Surgeons, Except Pediatric",Dental Hygienists,3,0.1732,0.0938,0.0,1
29-9093.00,29-9099.01,Surgical Assistants,Midwives,5,0.1728,0.0943,0.1842,1
17-2071.00,17-2199.06,Electrical Engineers,Microsystems Engineers,5,0.1724,0.0943,0.1346,1
17-2199.06,17-3026.00,Microsystems Engineers,Industrial Engineering Technologists and Technicians,5,0.1724,0.0943,0.1734,1
11-9111.00,11-9121.02,Medical and Health Services Managers,Water Resource Specialists,4,0.1721,0.093,0.154,1
17-2112.01,17-3022.00,Human Factors Engineers and Ergonomists,Civil Engineering Technologists and Technicians,3,0.1721,0.0938,0.1909,1
17-2199.08,17-3027.00,Robotics Engineers,Mechanical Engineering Technologists and Technicians,4,0.1721,0.093,0.1786,1
19-1029.03,19-2021.00,Geneticists,Atmospheric and Space Scientists,4,0.1721,0.093,0.1912,1
19-1041.00,19-3091.00,Epidemiologists,Anthropologists and Archeologists,4,0.1721,0.0909,0.1964,1
19-3032.00,19-3041.00,Industrial-Organizational Psychologists,Sociologists,3,0.1721,0.0938,0.2068,1
29-1011.00,29-1141.04,Chiropractors,Clinical Nurse Specialists,4,0.1721,0.093,0.1985,1
29-1021.00,29-1229.02,"Dentists, General",Hospitalists,3,0.1721,0.0938,0.1817,1
29-1021.00,29-1229.05,"Dentists, General",Preventive Medicine Physicians,3,0.1721,0.0938,0.1606,1
29-1031.00,29-1229.01,Dietitians and Nutritionists,Allergists and Immunologists,4,0.1721,0.0909,0.138,1
29-1081.00,29-1222.00,Podiatrists,"Physicians, Pathologists",3,0.1721,0.0938,0.1907,1
29-1141.04,29-2011.01,Clinical Nurse Specialists,Cytogenetic Technologists,4,0.1721,0.093,0.1405,1
29-1222.00,29-1229.03,"Physicians, Pathologists",Urologists,3,0.1721,0.0938,0.1747,1
29-1229.02,29-2051.00,Hospitalists,Dietetic Technicians,3,0.1721,0.0938,0.1578,1
29-1229.05,29-1241.00,Preventive Medicine Physicians,"Ophthalmologists, Except Pediatric",3,0.1721,0.0938,0.1271,1
29-1229.05,29-2051.00,Preventive Medicine Physicians,Dietetic Technicians,3,0.1721,0.0938,0.1462,1
15-1299.09,15-2041.00,Information Technology Project Managers,Statisticians,3,0.1715,0.0938,0.1629,1
17-2021.00,17-2051.00,Agricultural Engineers,Civil Engineers,3,0.1715,0.0938,0.1841,1
17-2021.00,17-2061.00,Agricultural Engineers,Computer Hardware Engineers,3,0.1715,0.0938,0.1729,1
17-2141.00,17-3027.01,Mechanical Engineers,Automotive Engineering Technicians,4,0.1715,0.0889,0.1746,1
19-1041.00,19-2011.00,Epidemiologists,Astronomers,3,0.1715,0.0938,0.1703,1
19-2011.00,19-4031.00,Astronomers,Chemical Technicians,3,0.1715,0.0938,0.1701,1
29-1071.01,29-1229.01,Anesthesiologist Assistants,Allergists and Immunologists,3,0.1715,0.0938,0.1436,1
29-1071.01,29-2081.00,Anesthesiologist Assistants,"Opticians, Dispensing",3,0.1715,0.0938,0.1613,1
29-1122.01,29-1215.00,"Low Vision Therapists, Orientation and Mobility Specialists, and Vision Rehabilitation Therapists",Family Medicine Physicians,3,0.1715,0.0938,0.155,1
29-1122.01,29-1223.00,"Low Vision Therapists, Orientation and Mobility Specialists, and Vision Rehabilitation Therapists",Psychiatrists,3,0.1715,0.0938,0.1524,1
29-1122.01,29-1229.01,"Low Vision Therapists, Orientation and Mobility Specialists, and Vision Rehabilitation Therapists",Allergists and Immunologists,3,0.1715,0.0938,0.159,1
29-1122.01,29-2099.01,"Low Vision Therapists, Orientation and Mobility Specialists, and Vision Rehabilitation Therapists",Neurodiagnostic Technologists,3,0.1715,0.0938,0.1533,1
15-1244.00,15-2051.02,Network and Computer Systems Administrators,Clinical Data Managers,4,0.1712,0.093,0.1328,1
15-1254.00,15-2051.02,Web Developers,Clinical Data Managers,4,0.1712,0.093,0.1732,1
17-2051.01,17-2112.00,Transportation Engineers,Industrial Engineers,4,0.1712,0.093,0.1919,1
29-2052.00,29-9091.00,Pharmacy Technicians,Athletic Trainers,4,0.1712,0.093,0.1423,1
19-3011.00,19-3033.00,Economists,Clinical and Counseling Psychologists,3,0.1709,0.0909,0.1864,1
29-1141.02,29-1291.00,Advanced Practice Psychiatric Nurses,Acupuncturists,3,0.1709,0.0909,0.1659,1
29-1216.00,29-2043.00,General Internal Medicine Physicians,Paramedics,3,0.1709,0.0909,0.1784,1
29-1216.00,29-2057.00,General Internal Medicine Physicians,Ophthalmic Medical Technicians,3,0.1709,0.0909,0.2022,1
29-1216.00,29-2091.00,General Internal Medicine Physicians,Orthotists and Prosthetists,3,0.1709,0.0909,0.17,1
29-1243.00,29-2043.00,Pediatric Surgeons,Paramedics,3,0.1709,0.0909,0.0,1
29-1243.00,29-2057.00,Pediatric Surgeons,Ophthalmic Medical Technicians,3,0.1709,0.0909,0.0,1
29-1243.00,29-2091.00,Pediatric Surgeons,Orthotists and Prosthetists,3,0.1709,0.0909,0.0,1
29-2091.00,29-9021.00,Orthotists and Prosthetists,Health Information Technologists and Medical Registrars,3,0.1709,0.0909,0.0,1
29-1127.00,29-1141.03,Speech-Language Pathologists,Critical Care Nurses,5,0.1707,0.0926,0.1941,1
29-1141.03,29-9091.00,Critical Care Nurses,Athletic Trainers,5,0.1707,0.0926,0.1519,1
29-1122.00,29-1128.00,Occupational Therapists,Exercise Physiologists,4,0.1706,0.093,0.1597,1
29-1131.00,29-9021.00,Veterinarians,Health Information Technologists and Medical Registrars,4,0.1706,0.093,0.0,1
17-2071.00,17-2112.01,Electrical Engineers,Human Factors Engineers and Ergonomists,4,0.1704,0.0909,0.1606,1
17-2071.00,17-2112.02,Electrical Engineers,Validation Engineers,4,0.1704,0.0909,0.1489,1
17-2071.00,17-3031.00,Electrical Engineers,Surveying and Mapping Technicians,4,0.1704,0.0909,0.1585,1
17-2112.01,17-3024.00,Human Factors Engineers and Ergonomists,Electro-Mechanical and Mechatronics Technologists and Technicians,4,0.1704,0.0909,0.1746,1
17-2199.06,17-3012.00,Microsystems Engineers,Electrical and Electronics Drafters,4,0.1704,0.0909,0.1649,1
17-3026.00,17-3026.01,Industrial Engineering Technologists and Technicians,Nanotechnology Engineering Technologists and Technicians,4,0.1704,0.0909,0.1896,1
19-1023.00,19-2042.00,Zoologists and Wildlife Biologists,"Geoscientists, Except Hydrologists and Geographers",4,0.1704,0.0909,0.2201,1
19-1023.00,19-4042.00,Zoologists and Wildlife Biologists,"Environmental Science and Protection Technicians, Including Health",4,0.1704,0.0909,0.1716,1
19-2041.00,19-2042.00,"Environmental Scientists and Specialists, Including Health","Geoscientists, Except Hydrologists and Geographers",4,0.1704,0.0909,0.1282,1
29-1051.00,29-1222.00,Pharmacists,"Physicians, Pathologists",4,0.1704,0.0909,0.1467,1
29-1129.01,29-1222.00,Art Therapists,"Physicians, Pathologists",4,0.1704,0.0909,0.2085,1
17-2072.00,17-2199.05,"Electronics Engineers, Except Computer",Mechatronics Engineers,4,0.1703,0.093,0.1583,1
17-2141.02,17-3011.00,Automotive Engineers,Architectural and Civil Drafters,4,0.1703,0.093,0.1792,1
17-2141.02,17-3029.08,Automotive Engineers,Photonics Technicians,4,0.1703,0.093,0.1949,1
29-1224.00,29-9093.00,Radiologists,Surgical Assistants,5,0.1701,0.0926,0.1285,1
15-1254.00,15-1255.01,Web Developers,Video Game Designers,3,0.1698,0.0857,0.1907,1
15-1254.00,15-2051.01,Web Developers,Business Intelligence Analysts,3,0.1698,0.0857,0.158,1
17-1022.01,17-2141.02,Geodetic Surveyors,Automotive Engineers,3,0.1698,0.0882,0.1488,1
19-2012.00,19-2032.00,Physicists,Materials Scientists,3,0.1698,0.0882,0.2087,1
19-2032.00,19-4099.01,Materials Scientists,Quality Control Analysts,3,0.1698,0.0882,0.1729,1
19-2099.01,19-3039.02,Remote Sensing Scientists and Technologists,Neuropsychologists,3,0.1698,0.0882,0.1767,1
29-1023.00,29-1129.02,Orthodontists,Music Therapists,3,0.1698,0.0857,0.1651,1
29-1023.00,29-1181.00,Orthodontists,Audiologists,3,0.1698,0.0857,0.1748,1
29-1023.00,29-9091.00,Orthodontists,Athletic Trainers,3,0.1698,0.0857,0.1699,1
29-1041.00,29-9092.00,Optometrists,Genetic Counselors,3,0.1698,0.0882,0.1868,1
29-1127.00,29-2092.00,Speech-Language Pathologists,Hearing Aid Specialists,3,0.1698,0.0857,0.1771,1
29-1229.06,29-2032.00,Sports Medicine Physicians,Diagnostic Medical Sonographers,5,0.1697,0.0926,0.1764,1
15-1241.01,15-1299.03,Telecommunications Engineering Specialists,Document Management Specialists,4,0.169,0.0909,0.1813,1
17-1012.00,17-2051.02,Landscape Architects,Water/Wastewater Engineers,3,0.169,0.0909,0.174,1
17-1012.00,17-2112.00,Landscape Architects,Industrial Engineers,3,0.169,0.0909,0.1959,1
17-2041.00,17-2051.02,Chemical Engineers,Water/Wastewater Engineers,3,0.169,0.0909,0.1709,1
17-2041.00,17-2199.09,Chemical Engineers,Nanosystems Engineers,3,0.169,0.0909,0.1571,1
17-2199.07,17-3021.00,Photonics Engineers,Aerospace Engineering and Operations Technologists and Technicians,3,0.169,0.0909,0.1705,1
19-3039.03,19-4061.00,Clinical Neuropsychologists,Social Science Research Assistants,3,0.169,0.0909,0.2235,1
19-4021.00,19-4051.00,Biological Technicians,Nuclear Technicians,3,0.169,0.0909,0.1232,1
29-1011.00,29-1124.00,Chiropractors,Radiation Therapists,4,0.169,0.0909,0.1543,1
29-1022.00,29-2056.00,Oral and Maxillofacial Surgeons,Veterinary Technologists and Technicians,3,0.169,0.0732,0.1944,1
29-1124.00,29-1242.00,Radiation Therapists,"Orthopedic Surgeons, Except Pediatric",4,0.169,0.0909,0.0,1
29-1124.00,29-2011.01,Radiation Therapists,Cytogenetic Technologists,4,0.169,0.0909,0.1622,1
29-1128.00,29-2056.00,Exercise Physiologists,Veterinary Technologists and Technicians,5,0.169,0.0909,0.1801,1
29-1212.00,29-2056.00,Cardiologists,Veterinary Technologists and Technicians,5,0.169,0.0909,0.0,1
29-1218.00,29-1292.00,Obstetricians and Gynecologists,Dental Hygienists,3,0.169,0.0909,0.1502,1
29-1218.00,29-2072.00,Obstetricians and Gynecologists,Medical Records Specialists,3,0.169,0.0909,0.1633,1
29-1229.03,29-2056.00,Urologists,Veterinary Technologists and Technicians,4,0.169,0.0851,0.16,1
29-1292.00,29-2052.00,Dental Hygienists,Pharmacy Technicians,3,0.169,0.0909,0.1785,1
29-2052.00,29-2072.00,Pharmacy Technicians,Medical Records Specialists,3,0.169,0.0909,0.1885,1
15-1255.00,15-2041.01,Web and Digital Interface Designers,Biostatisticians,4,0.168,0.0909,0.1875,1
17-2051.02,17-3027.00,Water/Wastewater Engineers,Mechanical Engineering Technologists and Technicians,4,0.168,0.0909,0.1933,1
17-2081.00,17-2112.00,Environmental Engineers,Industrial Engineers,4,0.168,0.0909,0.1691,1
17-2199.09,17-3027.00,Nanosystems Engineers,Mechanical Engineering Technologists and Technicians,4,0.168,0.0909,0.1904,1
19-1013.00,19-1029.04,Soil and Plant Scientists,Biologists,4,0.168,0.0909,0.1281,1
19-1029.01,19-2042.00,Bioinformatics Scientists,"Geoscientists, Except Hydrologists and Geographers",3,0.168,0.0811,0.1816,1
19-1029.01,19-4042.00,Bioinformatics Scientists,"Environmental Science and Protection Technicians, Including Health",3,0.168,0.0811,0.1447,1
29-1123.00,29-2033.00,Physical Therapists,Nuclear Medicine Technologists,4,0.168,0.0909,0.1722,1
29-1126.00,29-1218.00,Respiratory Therapists,Obstetricians and Gynecologists,4,0.168,0.0909,0.174,1
29-1126.00,29-2012.00,Respiratory Therapists,Medical and Clinical Laboratory Technicians,4,0.168,0.0909,0.1658,1
29-1141.04,29-2053.00,Clinical Nurse Specialists,Psychiatric Technicians,4,0.168,0.0909,0.1725,1
29-1151.00,29-2052.00,Nurse Anesthetists,Pharmacy Technicians,4,0.168,0.0909,0.1577,1
29-1171.00,29-2033.00,Nurse Practitioners,Nuclear Medicine Technologists,4,0.168,0.0909,0.1633,1
29-2012.00,29-2031.00,Medical and Clinical Laboratory Technicians,Cardiovascular Technologists and Technicians,4,0.168,0.0909,0.148,1
17-2141.00,17-3013.00,Mechanical Engineers,Mechanical Drafters,3,0.1677,0.0769,0.18,1
19-1029.03,19-3041.00,Geneticists,Sociologists,3,0.1677,0.0909,0.2084,1
19-4051.02,19-4092.00,Nuclear Monitoring Technicians,Forensic Science Technicians,3,0.1677,0.0909,0.1739,1
19-4051.02,19-4099.03,Nuclear Monitoring Technicians,Remote Sensing Technicians,3,0.1677,0.0909,0.1118,1
29-1011.00,29-1081.00,Chiropractors,Podiatrists,3,0.1677,0.0909,0.1906,1
29-1011.00,29-1229.02,Chiropractors,Hospitalists,3,0.1677,0.0909,0.1836,1
29-1229.02,29-2011.01,Hospitalists,Cytogenetic Technologists,3,0.1677,0.0909,0.1552,1
19-3032.00,19-3091.00,Industrial-Organizational Psychologists,Anthropologists and Archeologists,4,0.1675,0.0889,0.2014,1
29-1021.00,29-1031.00,"Dentists, General",Dietitians and Nutritionists,4,0.1675,0.0889,0.1565,1
29-1031.00,29-1241.00,Dietitians and Nutritionists,"Ophthalmologists, Except Pediatric",4,0.1675,0.0889,0.1548,1
17-2031.00,17-2199.11,Bioengineers and Biomedical Engineers,Solar Energy Systems Engineers,3,0.1672,0.0882,0.1699,1
17-2072.00,17-2199.11,"Electronics Engineers, Except Computer",Solar Energy Systems Engineers,3,0.1672,0.0882,0.1738,1
19-3011.00,19-3051.00,Economists,Urban and Regional Planners,3,0.1672,0.0882,0.2213,1
29-1127.00,29-9021.00,Speech-Language Pathologists,Health Information Technologists and Medical Registrars,4,0.1672,0.0909,0.0,1
29-1141.02,29-9091.00,Advanced Practice Psychiatric Nurses,Athletic Trainers,4,0.1672,0.0909,0.1854,1
29-1161.00,29-1291.00,Nurse Midwives,Acupuncturists,3,0.1672,0.0882,0.1799,1
29-1217.00,29-2057.00,Neurologists,Ophthalmic Medical Technicians,3,0.1672,0.0882,0.2004,1
29-1221.00,29-2057.00,"Pediatricians, General",Ophthalmic Medical Technicians,3,0.1672,0.0882,0.2077,1
17-2141.00,17-2141.01,Mechanical Engineers,Fuel Cell Engineers,5,0.167,0.0909,0.179,1
17-1011.00,17-3012.00,"Architects, Except Landscape and Naval",Electrical and Electronics Drafters,3,0.1669,0.0909,0.1669,1
17-1011.00,17-3031.00,"Architects, Except Landscape and Naval",Surveying and Mapping Technicians,3,0.1669,0.0909,0.185,1
17-2011.00,17-2112.01,Aerospace Engineers,Human Factors Engineers and Ergonomists,3,0.1669,0.0909,0.145,1
17-2011.00,17-3026.01,Aerospace Engineers,Nanotechnology Engineering Technologists and Technicians,3,0.1669,0.0909,0.1727,1
17-2061.00,17-3012.00,Computer Hardware Engineers,Electrical and Electronics Drafters,3,0.1669,0.0909,0.1432,1
17-3026.01,17-3028.00,Nanotechnology Engineering Technologists and Technicians,Calibration Technologists and Technicians,3,0.1669,0.0909,0.1823,1
19-1023.00,19-2011.00,Zoologists and Wildlife Biologists,Astronomers,3,0.1669,0.0909,0.1955,1
19-1042.00,19-2011.00,"Medical Scientists, Except Epidemiologists",Astronomers,3,0.1669,0.0909,0.1656,1
19-1042.00,19-3022.00,"Medical Scientists, Except Epidemiologists",Survey Researchers,3,0.1669,0.0909,0.1577,1
29-1071.01,29-1222.00,Anesthesiologist Assistants,"Physicians, Pathologists",3,0.1669,0.0909,0.1234,1
29-1122.01,29-1241.00,"Low Vision Therapists, Orientation and Mobility Specialists, and Vision Rehabilitation Therapists","Ophthalmologists, Except Pediatric",3,0.1669,0.0909,0.1503,1
17-2031.00,17-2111.00,Bioengineers and Biomedical Engineers,"Health and Safety Engineers, Except Mining Safety Engineers and Inspectors",4,0.1668,0.0909,0.2021,1
29-1051.00,29-2032.00,Pharmacists,Diagnostic Medical Sonographers,5,0.1668,0.0909,0.1555,1
29-1051.00,29-2036.00,Pharmacists,Medical Dosimetrists,5,0.1668,0.0909,0.1608,1
29-1161.00,29-2035.00,Nurse Midwives,Magnetic Resonance Imaging Technologists,4,0.1668,0.0909,0.1571,1
15-1252.00,15-2031.00,Software Developers,Operations Research Analysts,3,0.1667,0.0909,0.1793,1
17-2141.02,19-4099.01,Automotive Engineers,Quality Control Analysts,4,0.1667,0.0909,0.1744,0
17-3027.00,17-3029.01,Mechanical Engineering Technologists and Technicians,Non-Destructive Testing Specialists,3,0.1667,0.0833,0.1794,1
19-1029.04,19-2041.01,Biologists,Climate Change Policy Analysts,3,0.1667,0.0833,0.1676,1
19-1031.00,19-2099.01,Conservation Scientists,Remote Sensing Scientists and Technologists,4,0.1667,0.0909,0.1754,1
19-1031.00,19-4099.01,Conservation Scientists,Quality Control Analysts,4,0.1667,0.0909,0.1757,1
19-1041.00,19-4031.00,Epidemiologists,Chemical Technicians,3,0.1667,0.0909,0.1594,1
19-2021.00,19-2041.01,Atmospheric and Space Scientists,Climate Change Policy Analysts,3,0.1667,0.0833,0.196,1
19-2099.01,19-4099.01,Remote Sensing Scientists and Technologists,Quality Control Analysts,4,0.1667,0.0909,0.1515,1
29-1123.00,29-2092.00,Physical Therapists,Hearing Aid Specialists,3,0.1667,0.0833,0.1429,1
29-1151.00,29-2011.04,Nurse Anesthetists,Histotechnologists,3,0.1667,0.0833,0.1502,1
29-1215.00,29-2099.01,Family Medicine Physicians,Neurodiagnostic Technologists,3,0.1667,0.0909,0.1594,1
29-1229.01,29-2081.00,Allergists and Immunologists,"Opticians, Dispensing",3,0.1667,0.0909,0.1669,1
29-2081.00,29-2099.01,"Opticians, Dispensing",Neurodiagnostic Technologists,3,0.1667,0.0909,0.1655,1
17-1022.01,17-2111.00,Geodetic Surveyors,"Health and Safety Engineers, Except Mining Safety Engineers and Inspectors",3,0.1664,0.0857,0.1977,1
19-1029.02,19-2032.00,Molecular and Cellular Biologists,Materials Scientists,3,0.1664,0.0857,0.1667,1
19-1029.02,19-3039.02,Molecular and Cellular Biologists,Neuropsychologists,3,0.1664,0.0857,0.175,1
29-1125.00,29-1128.00,Recreational Therapists,Exercise Physiologists,3,0.1664,0.0857,0.1816,1
29-1125.00,29-2035.00,Recreational Therapists,Magnetic Resonance Imaging Technologists,3,0.1664,0.0857,0.1669,1
29-1212.00,29-2042.00,Cardiologists,Emergency Medical Technicians,3,0.1664,0.0857,0.0,1
17-2071.00,17-2199.08,Electrical Engineers,Robotics Engineers,4,0.1661,0.0889,0.1543,1
17-2199.06,17-2199.08,Microsystems Engineers,Robotics Engineers,4,0.1661,0.0889,0.1735,1
19-1029.03,19-4042.00,Geneticists,"Environmental Science and Protection Technicians, Including Health",4,0.1661,0.0889,0.1844,1
19-2042.00,19-4099.03,"Geoscientists, Except Hydrologists and Geographers",Remote Sensing Technicians,4,0.1661,0.0889,0.1331,1
19-4042.00,19-4071.00,"Environmental Science and Protection Technicians, Including Health",Forest and Conservation Technicians,4,0.1661,0.0889,0.1593,1
19-4042.00,19-4099.03,"Environmental Science and Protection Technicians, Including Health",Remote Sensing Technicians,4,0.1661,0.0889,0.1355,1
29-1011.00,29-1051.00,Chiropractors,Pharmacists,4,0.1661,0.0889,0.1679,1
29-1011.00,29-1129.01,Chiropractors,Art Therapists,4,0.1661,0.0889,0.1945,1
29-1051.00,29-2011.01,Pharmacists,Cytogenetic Technologists,4,0.1661,0.0889,0.1576,1
29-1129.01,29-1242.00,Art Therapists,"Orthopedic Surgeons, Except Pediatric",4,0.1661,0.0889,0.0,1
19-1029.01,19-3091.00,Bioinformatics Scientists,Anthropologists and Archeologists,3,0.1651,0.0789,0.1632,1
29-1216.00,29-1292.00,General Internal Medicine Physicians,Dental Hygienists,3,0.1651,0.0882,0.1523,1
29-1216.00,29-2072.00,General Internal Medicine Physicians,Medical Records Specialists,3,0.1651,0.0882,0.1494,1
29-1243.00,29-1292.00,Pediatric Surgeons,Dental Hygienists,3,0.1651,0.0882,0.0,1
15-1241.01,15-1242.00,Telecommunications Engineering Specialists,Database Administrators,4,0.165,0.0889,0.182,1
15-1241.01,15-1299.05,Telecommunications Engineering Specialists,Information Security Engineers,4,0.165,0.0889,0.1737,1
17-2121.00,17-2199.09,Marine Engineers and Naval Architects,Nanosystems Engineers,4,0.165,0.0889,0.1678,1
29-1124.00,29-2052.00,Radiation Therapists,Pharmacy Technicians,4,0.165,0.0889,0.1623,1
29-1141.01,29-2012.00,Acute Care Nurses,Medical and Clinical Laboratory Technicians,4,0.165,0.0889,0.1587,1
29-1141.01,29-2053.00,Acute Care Nurses,Psychiatric Technicians,4,0.165,0.0889,0.16,1
29-1218.00,29-2061.00,Obstetricians and Gynecologists,Licensed Practical and Licensed Vocational Nurses,4,0.165,0.0889,0.1778,1
29-1299.01,29-2061.00,Naturopathic Physicians,Licensed Practical and Licensed Vocational Nurses,4,0.165,0.0889,0.1598,1
29-2012.00,29-2034.00,Medical and Clinical Laboratory Technicians,Radiologic Technologists and Technicians,4,0.165,0.0889,0.1514,1
29-2012.00,29-2061.00,Medical and Clinical Laboratory Technicians,Licensed Practical and Licensed Vocational Nurses,4,0.165,0.0889,0.1561,1
29-2034.00,29-2052.00,Radiologic Technologists and Technicians,Pharmacy Technicians,4,0.165,0.0889,0.168,1
29-1222.00,29-2032.00,"Physicians, Pathologists",Diagnostic Medical Sonographers,4,0.1648,0.087,0.1723,1
29-1241.00,29-2032.00,"Ophthalmologists, Except Pediatric",Diagnostic Medical Sonographers,4,0.1648,0.087,0.1584,1
15-1299.01,15-1299.09,Web Administrators,Information Technology Project Managers,4,0.1641,0.0851,0.1614,1
15-1299.01,15-2031.00,Web Administrators,Operations Research Analysts,4,0.1641,0.0851,0.173,1
17-2141.00,17-3024.00,Mechanical Engineers,Electro-Mechanical and Mechatronics Technologists and Technicians,5,0.1641,0.0893,0.1516,1
29-1122.00,29-1171.00,Occupational Therapists,Nurse Practitioners,4,0.1641,0.0889,0.1615,1
29-1151.00,29-1216.00,Nurse Anesthetists,General Internal Medicine Physicians,4,0.1641,0.0889,0.178,1
29-1243.00,29-9093.00,Pediatric Surgeons,Surgical Assistants,4,0.1641,0.0889,0.0,1
15-1241.00,15-1243.01,Computer Network Architects,Data Warehousing Specialists,4,0.164,0.0833,0.1716,1
15-1241.00,15-2041.00,Computer Network Architects,Statisticians,4,0.164,0.0833,0.1257,1
11-9121.00,15-2011.00,Natural Sciences Managers,Actuaries,3,0.1637,0.0811,0.1624,0
15-2041.01,19-3041.00,Biostatisticians,Sociologists,3,0.1637,0.0882,0.1494,0
15-2051.00,15-2051.02,Data Scientists,Clinical Data Managers,3,0.1637,0.0882,0.1973,1
17-2141.02,17-2199.11,Automotive Engineers,Solar Energy Systems Engineers,3,0.1637,0.0857,0.1783,1
17-3023.00,17-3029.01,Electrical and Electronic Engineering Technologists and Technicians,Non-Destructive Testing Specialists,3,0.1637,0.0811,0.16,1
19-1031.02,19-4021.00,Range Managers,Biological Technicians,3,0.1637,0.0882,0.1563,1
19-2012.00,19-2031.00,Physicists,Chemists,3,0.1637,0.0857,0.1871,1
19-4021.00,19-4051.02,Biological Technicians,Nuclear Monitoring Technicians,3,0.1637,0.0882,0.1503,1
29-1124.00,29-2092.00,Radiation Therapists,Hearing Aid Specialists,3,0.1637,0.0811,0.1603,1
29-1211.00,29-1291.00,Anesthesiologists,Acupuncturists,3,0.1637,0.0857,0.1732,1
29-1229.02,29-2033.00,Hospitalists,Nuclear Medicine Technologists,3,0.1637,0.0882,0.1377,1
29-2011.00,29-2099.05,Medical and Clinical Laboratory Technologists,Ophthalmic Medical Technologists,3,0.1637,0.0882,0.161,1
29-1217.00,29-9091.00,Neurologists,Athletic Trainers,4,0.1636,0.0889,0.1371,1
15-1299.03,15-1299.08,Document Management Specialists,Computer Systems Engineers/Architects,4,0.1633,0.087,0.1521,1
17-2141.02,17-2151.00,Automotive Engineers,"Mining and Geological Engineers, Including Mining Safety Engineers",4,0.1633,0.0889,0.1668,1
17-2199.05,17-3025.00,Mechatronics Engineers,Environmental Engineering Technologists and Technicians,4,0.1633,0.0889,0.1712,1
19-1029.03,19-3091.00,Geneticists,Anthropologists and Archeologists,4,0.1633,0.087,0.1758,1
19-2012.00,19-4043.00,Physicists,"Geological Technicians, Except Hydrologic Technicians",4,0.1633,0.0889,0.1881,1
29-1031.00,29-1242.00,Dietitians and Nutritionists,"Orthopedic Surgeons, Except Pediatric",4,0.1633,0.087,0.0,1
29-1211.00,29-2035.00,Anesthesiologists,Magnetic Resonance Imaging Technologists,4,0.1633,0.0889,0.1752,1
29-2035.00,29-9092.00,Magnetic Resonance Imaging Technologists,Genetic Counselors,4,0.1633,0.0889,0.166,1
17-1022.01,17-2051.01,Geodetic Surveyors,Transportation Engineers,3,0.1632,0.0833,0.157,1
29-1041.00,29-1127.00,Optometrists,Speech-Language Pathologists,3,0.1632,0.0833,0.1665,1
29-1125.00,29-9091.00,Recreational Therapists,Athletic Trainers,3,0.1632,0.0833,0.1748,1
15-1299.03,15-2041.00,Document Management Specialists,Statisticians,3,0.1627,0.0882,0.1492,1
17-1011.00,17-2161.00,"Architects, Except Landscape and Naval",Nuclear Engineers,3,0.1627,0.0882,0.1373,1
17-2061.00,17-2199.08,Computer Hardware Engineers,Robotics Engineers,3,0.1627,0.0882,0.1696,1
17-2072.01,17-3028.00,Radio Frequency Identification Device Specialists,Calibration Technologists and Technicians,3,0.1627,0.0882,0.1494,1
17-2161.00,17-3027.01,Nuclear Engineers,Automotive Engineering Technicians,3,0.1627,0.0882,0.1809,1
17-2161.00,17-3028.00,Nuclear Engineers,Calibration Technologists and Technicians,3,0.1627,0.0882,0.1393,1
17-2199.08,17-3027.01,Robotics Engineers,Automotive Engineering Technicians,3,0.1627,0.0882,0.1677,1
17-2199.08,19-4012.01,Robotics Engineers,Precision Agriculture Technicians,3,0.1627,0.0882,0.1565,0
19-3022.00,19-4071.00,Survey Researchers,Forest and Conservation Technicians,3,0.1627,0.0882,0.1605,1
19-4012.01,19-4071.00,Precision Agriculture Technicians,Forest and Conservation Technicians,3,0.1627,0.0882,0.1748,1
29-1122.01,29-1242.00,"Low Vision Therapists, Orientation and Mobility Specialists, and Vision Rehabilitation Therapists","Orthopedic Surgeons, Except Pediatric",3,0.1627,0.0882,0.0,1
17-2021.00,17-2112.01,Agricultural Engineers,Human Factors Engineers and Ergonomists,3,0.1622,0.0882,0.1543,1
17-2021.00,17-3026.01,Agricultural Engineers,Nanotechnology Engineering Technologists and Technicians,3,0.1622,0.0882,0.1487,1
17-2112.02,17-2141.00,Validation Engineers,Mechanical Engineers,4,0.1622,0.0851,0.1681,1
19-1041.00,19-3032.00,Epidemiologists,Industrial-Organizational Psychologists,3,0.1622,0.0882,0.1961,1
29-1215.00,29-1222.00,Family Medicine Physicians,"Physicians, Pathologists",3,0.1622,0.0882,0.1409,1
29-1223.00,29-2051.00,Psychiatrists,Dietetic Technicians,3,0.1622,0.0882,0.1592,1
29-1224.00,29-2051.00,Radiologists,Dietetic Technicians,4,0.1622,0.0851,0.1976,1
29-1229.01,29-2051.00,Allergists and Immunologists,Dietetic Technicians,3,0.1622,0.0882,0.1236,1
29-2051.00,29-2099.01,Dietetic Technicians,Neurodiagnostic Technologists,3,0.1622,0.0882,0.1386,1
29-2055.00,29-2081.00,Surgical Technologists,"Opticians, Dispensing",3,0.1622,0.0882,0.149,1
29-2055.00,29-2099.01,Surgical Technologists,Neurodiagnostic Technologists,3,0.1622,0.0882,0.1647,1
17-2071.00,17-2199.09,Electrical Engineers,Nanosystems Engineers,4,0.1621,0.087,0.1601,1
17-2199.09,17-3026.00,Nanosystems Engineers,Industrial Engineering Technologists and Technicians,4,0.1621,0.087,0.168,1
19-1013.00,19-4042.00,Soil and Plant Scientists,"Environmental Science and Protection Technicians, Including Health",4,0.1621,0.087,0.1689,1
19-4042.00,19-4061.00,"Environmental Science and Protection Technicians, Including Health",Social Science Research Assistants,4,0.1621,0.087,0.1585,1
29-1051.00,29-2053.00,Pharmacists,Psychiatric Technicians,4,0.1621,0.087,0.1616,1
17-1022.00,17-3011.00,Surveyors,Architectural and Civil Drafters,3,0.1615,0.0857,0.1647,1
17-2031.00,17-2199.03,Bioengineers and Biomedical Engineers,"Energy Engineers, Except Wind and Solar",3,0.1615,0.0857,0.1421,1
17-2072.00,17-2199.03,"Electronics Engineers, Except Computer","Energy Engineers, Except Wind and Solar",3,0.1615,0.0857,0.1227,1
19-3039.03,19-3051.00,Clinical Neuropsychologists,Urban and Regional Planners,3,0.1615,0.0857,0.1462,1
29-1217.00,29-2072.00,Neurologists,Medical Records Specialists,3,0.1615,0.0857,0.1592,1
29-1221.00,29-1292.00,"Pediatricians, General",Dental Hygienists,3,0.1615,0.0857,0.1642,1
29-1221.00,29-2072.00,"Pediatricians, General",Medical Records Specialists,3,0.1615,0.0857,0.1451,1
29-2032.00,29-2036.00,Diagnostic Medical Sonographers,Medical Dosimetrists,5,0.1613,0.0877,0.1828,1
29-1141.02,29-2034.00,Advanced Practice Psychiatric Nurses,Radiologic Technologists and Technicians,4,0.1612,0.087,0.1973,1
29-1216.00,29-2034.00,General Internal Medicine Physicians,Radiologic Technologists and Technicians,4,0.1612,0.087,0.1688,1
29-2034.00,29-9021.00,Radiologic Technologists and Technicians,Health Information Technologists and Medical Registrars,4,0.1612,0.087,0.0,1
17-2199.06,17-3029.01,Microsystems Engineers,Non-Destructive Testing Specialists,3,0.1608,0.0789,0.1584,1
29-1023.00,29-1129.01,Orthodontists,Art Therapists,3,0.1608,0.0789,0.1879,1
29-1051.00,29-2011.04,Pharmacists,Histotechnologists,3,0.1608,0.0789,0.134,1
29-1051.00,29-2092.00,Pharmacists,Hearing Aid Specialists,3,0.1608,0.0789,0.1689,1
29-2011.01,29-9099.01,Cytogenetic Technologists,Midwives,4,0.1606,0.0851,0.1621,1
17-2081.00,17-3029.08,Environmental Engineers,Photonics Technicians,4,0.1605,0.087,0.151,1
19-2041.03,19-3051.00,Industrial Ecologists,Urban and Regional Planners,4,0.1605,0.087,0.1887,1
29-1151.00,29-1221.00,Nurse Anesthetists,"Pediatricians, General",4,0.1605,0.087,0.1837,1
29-1221.00,29-2031.00,"Pediatricians, General",Cardiovascular Technologists and Technicians,4,0.1605,0.087,0.173,1
19-2031.00,19-4043.00,Chemists,"Geological Technicians, Except Hydrologic Technicians",3,0.1604,0.0833,0.147,1
29-1128.00,29-1291.00,Exercise Physiologists,Acupuncturists,3,0.1604,0.0833,0.1822,1
29-1131.00,29-1229.04,Veterinarians,Physical Medicine and Rehabilitation Physicians,3,0.1604,0.0833,0.1669,1
29-1212.00,29-1291.00,Cardiologists,Acupuncturists,3,0.1604,0.0833,0.0,1
29-1212.00,29-2057.00,Cardiologists,Ophthalmic Medical Technicians,3,0.1604,0.0833,0.0,1
29-2035.00,29-2043.00,Magnetic Resonance Imaging Technologists,Paramedics,3,0.1604,0.0833,0.1479,1
29-2035.00,29-2057.00,Magnetic Resonance Imaging Technologists,Ophthalmic Medical Technicians,3,0.1604,0.0833,0.1724,1
29-2035.00,29-2091.00,Magnetic Resonance Imaging Technologists,Orthotists and Prosthetists,3,0.1604,0.0833,0.158,1
19-2021.00,19-2032.00,Atmospheric and Space Scientists,Materials Scientists,3,0.1601,0.0811,0.172,1
29-1041.00,29-1126.00,Optometrists,Respiratory Therapists,3,0.1601,0.0811,0.1506,1
29-1041.00,29-9093.00,Optometrists,Surgical Assistants,3,0.1601,0.0811,0.1552,1
29-1141.04,29-2042.00,Clinical Nurse Specialists,Emergency Medical Technicians,3,0.1601,0.0811,0.0,1
17-2111.00,17-2151.00,"Health and Safety Engineers, Except Mining Safety Engineers and Inspectors","Mining and Geological Engineers, Including Mining Safety Engineers",4,0.16,0.087,0.1892,1
17-2171.00,17-3025.00,Petroleum Engineers,Environmental Engineering Technologists and Technicians,4,0.16,0.087,0.1329,1
19-1029.02,19-4043.00,Molecular and Cellular Biologists,"Geological Technicians, Except Hydrologic Technicians",4,0.16,0.087,0.1802,1
29-1128.00,29-2035.00,Exercise Physiologists,Magnetic Resonance Imaging Technologists,4,0.16,0.087,0.1693,1
19-1031.02,19-4012.00,Range Managers,Agricultural Technicians,3,0.1599,0.0857,0.1231,1
29-1122.00,29-1229.02,Occupational Therapists,Hospitalists,3,0.1599,0.0857,0.1447,1
29-1122.00,29-1229.03,Occupational Therapists,Urologists,3,0.1599,0.0857,0.1521,1
29-1122.00,29-2011.00,Occupational Therapists,Medical and Clinical Laboratory Technologists,3,0.1599,0.0857,0.1599,1
29-1229.05,29-9021.00,Preventive Medicine Physicians,Health Information Technologists and Medical Registrars,3,0.1599,0.0857,0.0,1
29-1021.00,29-1141.03,"Dentists, General",Critical Care Nurses,4,0.1597,0.0833,0.1781,1
15-1241.00,15-1299.09,Computer Network Architects,Information Technology Project Managers,4,0.1594,0.0816,0.145,1
15-1241.00,15-2031.00,Computer Network Architects,Operations Research Analysts,4,0.1594,0.0816,0.1664,1
15-1299.08,15-2041.01,Computer Systems Engineers/Architects,Biostatisticians,4,0.1594,0.0851,0.1244,1
19-3091.00,19-3099.01,Anthropologists and Archeologists,Transportation Planners,4,0.1594,0.0851,0.1633,1
29-1215.00,29-2056.00,Family Medicine Physicians,Veterinary Technologists and Technicians,4,0.1594,0.0816,0.1415,1
15-1243.01,15-2041.01,Data Warehousing Specialists,Biostatisticians,3,0.1588,0.0857,0.1683,1
15-1299.05,15-2041.00,Information Security Engineers,Statisticians,3,0.1588,0.0857,0.1122,1
17-2051.00,17-2051.02,Civil Engineers,Water/Wastewater Engineers,3,0.1588,0.0857,0.1668,1
17-2051.02,17-2061.00,Water/Wastewater Engineers,Computer Hardware Engineers,3,0.1588,0.0857,0.1893,1
17-2051.02,17-3027.01,Water/Wastewater Engineers,Automotive Engineering Technicians,3,0.1588,0.0857,0.1433,1
19-2011.00,19-3099.01,Astronomers,Transportation Planners,3,0.1588,0.0857,0.1697,1
29-1071.01,29-1218.00,Anesthesiologist Assistants,Obstetricians and Gynecologists,3,0.1588,0.0857,0.1454,1
29-1071.01,29-2052.00,Anesthesiologist Assistants,Pharmacy Technicians,3,0.1588,0.0857,0.1684,1
29-1122.01,29-1218.00,"Low Vision Therapists, Orientation and Mobility Specialists, and Vision Rehabilitation Therapists",Obstetricians and Gynecologists,3,0.1588,0.0857,0.1456,1
29-1122.01,29-2099.05,"Low Vision Therapists, Orientation and Mobility Specialists, and Vision Rehabilitation Therapists",Ophthalmic Medical Technologists,3,0.1588,0.0857,0.1435,1
29-1051.00,29-1141.02,Pharmacists,Advanced Practice Psychiatric Nurses,4,0.1584,0.0851,0.1735,1
29-1129.01,29-1216.00,Art Therapists,General Internal Medicine Physicians,4,0.1584,0.0851,0.1708,1
15-1299.04,17-2199.08,Penetration Testers,Robotics Engineers,3,0.1581,0.0857,0.1584,0
17-1022.00,17-2141.02,Surveyors,Automotive Engineers,3,0.1581,0.0833,0.1446,1
17-2141.00,17-2161.00,Mechanical Engineers,Nuclear Engineers,4,0.1581,0.0833,0.1498,1
17-2161.00,17-3024.01,Nuclear Engineers,Robotics Technicians,3,0.1581,0.0857,0.149,1
19-1041.00,19-3034.00,Epidemiologists,School Psychologists,3,0.1581,0.0857,0.14,1
19-1041.00,19-4092.00,Epidemiologists,Forensic Science Technicians,3,0.1581,0.0857,0.1593,1
19-2041.01,19-2043.00,Climate Change Policy Analysts,Hydrologists,3,0.1581,0.0769,0.1655,1
19-2099.01,19-3039.03,Remote Sensing Scientists and Technologists,Clinical Neuropsychologists,3,0.1581,0.0833,0.169,1
19-4044.00,19-4071.00,Hydrologic Technicians,Forest and Conservation Technicians,3,0.1581,0.0857,0.0,1
29-1011.00,29-2081.00,Chiropractors,"Opticians, Dispensing",3,0.1581,0.0857,0.1632,1
29-1023.00,29-1031.00,Orthodontists,Dietitians and Nutritionists,3,0.1581,0.0769,0.1894,1
29-2011.01,29-2099.01,Cytogenetic Technologists,Neurodiagnostic Technologists,3,0.1581,0.0857,0.1447,1
29-2072.00,29-9092.00,Medical Records Specialists,Genetic Counselors,3,0.1581,0.0833,0.173,1
17-2112.01,17-2112.02,Human Factors Engineers and Ergonomists,Validation Engineers,3,0.1579,0.0857,0.1395,1
17-2112.01,17-3012.00,Human Factors Engineers and Ergonomists,Electrical and Electronics Drafters,3,0.1579,0.0857,0.1032,1
17-2112.01,17-3026.01,Human Factors Engineers and Ergonomists,Nanotechnology Engineering Technologists and Technicians,3,0.1579,0.0857,0.1185,1
19-1023.00,19-2041.00,Zoologists and Wildlife Biologists,"Environmental Scientists and Specialists, Including Health",3,0.1579,0.0857,0.1901,1
29-1021.00,29-1241.00,"Dentists, General","Ophthalmologists, Except Pediatric",3,0.1579,0.0857,0.1676,1
29-1222.00,29-2051.00,"Physicians, Pathologists",Dietetic Technicians,3,0.1579,0.0857,0.1236,1
17-2072.00,17-2121.00,"Electronics Engineers, Except Computer",Marine Engineers and Naval Architects,4,0.1576,0.0851,0.1708,1
17-2141.01,17-3011.00,Fuel Cell Engineers,Architectural and Civil Drafters,4,0.1576,0.0851,0.1716,1
17-3011.00,17-3023.00,Architectural and Civil Drafters,Electrical and Electronic Engineering Technologists and Technicians,4,0.1576,0.0851,0.1525,1
29-1217.00,29-2061.00,Neurologists,Licensed Practical and Licensed Vocational Nurses,4,0.1576,0.0851,0.1637,1
29-1221.00,29-2034.00,"Pediatricians, General",Radiologic Technologists and Technicians,4,0.1576,0.0851,0.1747,1
15-1211.00,15-1299.07,Computer Systems Analysts,Blockchain Engineers,3,0.1572,0.0811,0.1607,1
15-1244.00,15-1299.07,Network and Computer Systems Administrators,Blockchain Engineers,3,0.1572,0.0811,0.2077,1
17-2051.01,17-2199.11,Transportation Engineers,Solar Energy Systems Engineers,3,0.1572,0.0811,0.1642,1
29-1124.00,29-2011.02,Radiation Therapists,Cytotechnologists,3,0.1572,0.0789,0.1614,1
29-1125.00,29-1141.01,Recreational Therapists,Acute Care Nurses,3,0.1572,0.0789,0.1659,1
29-1125.00,29-2061.00,Recreational Therapists,Licensed Practical and Licensed Vocational Nurses,3,0.1572,0.0789,0.174,1
29-1127.00,29-1229.04,Speech-Language Pathologists,Physical Medicine and Rehabilitation Physicians,3,0.1572,0.0811,0.1836,1
29-1181.00,29-2057.00,Audiologists,Ophthalmic Medical Technicians,3,0.1572,0.0811,0.1645,1
29-1213.00,29-9091.00,Dermatologists,Athletic Trainers,3,0.1572,0.0811,0.0976,1
29-1291.00,29-9091.00,Acupuncturists,Athletic Trainers,3,0.1572,0.0811,0.1627,1
29-2011.02,29-2034.00,Cytotechnologists,Radiologic Technologists and Technicians,3,0.1572,0.0789,0.1598,1
29-2091.00,29-9091.00,Orthotists and Prosthetists,Athletic Trainers,3,0.1572,0.0811,0.1122,1
17-2081.00,17-2141.02,Environmental Engineers,Automotive Engineers,4,0.1571,0.0851,0.1676,1
17-2081.00,17-2199.05,Environmental Engineers,Mechatronics Engineers,4,0.1571,0.0851,0.16,1
17-2141.02,17-3027.00,Automotive Engineers,Mechanical Engineering Technologists and Technicians,4,0.1571,0.0851,0.1777,1
29-1126.00,29-9092.00,Respiratory Therapists,Genetic Counselors,4,0.1571,0.0851,0.1663,1
17-2051.01,17-2171.00,Transportation Engineers,Petroleum Engineers,4,0.1569,0.0851,0.1543,1
29-1127.00,29-1131.00,Speech-Language Pathologists,Veterinarians,4,0.1569,0.0851,0.1308,1
29-1127.00,29-2035.00,Speech-Language Pathologists,Magnetic Resonance Imaging Technologists,4,0.1569,0.0851,0.1477,1
29-1129.02,29-1131.00,Music Therapists,Veterinarians,4,0.1569,0.0851,0.1336,1
29-1131.00,29-9091.00,Veterinarians,Athletic Trainers,4,0.1569,0.0851,0.1233,1
29-1218.00,29-2036.00,Obstetricians and Gynecologists,Medical Dosimetrists,4,0.1568,0.0833,0.1333,1
29-2012.00,29-2032.00,Medical and Clinical Laboratory Technicians,Diagnostic Medical Sonographers,4,0.1568,0.0833,0.144,1
29-2012.00,29-9099.01,Medical and Clinical Laboratory Technicians,Midwives,4,0.1568,0.0833,0.1551,1
29-2032.00,29-2052.00,Diagnostic Medical Sonographers,Pharmacy Technicians,4,0.1568,0.0833,0.157,1
17-2031.00,17-3022.00,Bioengineers and Biomedical Engineers,Civil Engineering Technologists and Technicians,3,0.1564,0.0833,0.1452,1
19-1031.02,19-3051.00,Range Managers,Urban and Regional Planners,3,0.1564,0.0833,0.1894,1
19-2041.02,19-3041.00,Environmental Restoration Planners,Sociologists,3,0.1564,0.0833,0.1236,1
19-2041.02,19-4051.02,Environmental Restoration Planners,Nuclear Monitoring Technicians,3,0.1564,0.0833,0.1813,1
19-3041.00,19-3051.00,Sociologists,Urban and Regional Planners,3,0.1564,0.0833,0.1209,1
29-1081.00,29-1161.00,Podiatrists,Nurse Midwives,3,0.1564,0.0833,0.1765,1
29-1161.00,29-1229.05,Nurse Midwives,Preventive Medicine Physicians,3,0.1564,0.0833,0.1394,1
15-1299.01,15-1299.06,Web Administrators,Digital Forensics Analysts,4,0.1557,0.0816,0.1393,1
19-3091.00,19-4012.00,Anthropologists and Archeologists,Agricultural Technicians,4,0.1557,0.0833,0.1795,1
29-1011.00,29-1141.03,Chiropractors,Critical Care Nurses,4,0.1557,0.0816,0.1754,1
29-1031.00,29-1243.00,Dietitians and Nutritionists,Pediatric Surgeons,4,0.1557,0.0833,0.0,1
29-1023.00,29-2032.00,Orthodontists,Diagnostic Medical Sonographers,3,0.1555,0.075,0.1556,1
29-1023.00,29-2036.00,Orthodontists,Medical Dosimetrists,3,0.1555,0.075,0.1213,1
15-1231.00,15-2041.00,Computer Network Support Specialists,Statisticians,3,0.1551,0.0833,0.1191,1
15-1232.00,15-2041.00,Computer User Support Specialists,Statisticians,3,0.1551,0.0833,0.0982,1
15-1243.01,29-9021.00,Data Warehousing Specialists,Health Information Technologists and Medical Registrars,3,0.1551,0.0833,0.0,0
19-4012.00,19-4012.01,Agricultural Technicians,Precision Agriculture Technicians,3,0.1551,0.0833,0.1739,1
29-1021.00,29-2056.00,"Dentists, General",Veterinary Technologists and Technicians,4,0.1551,0.08,0.1649,1
29-1071.01,29-1216.00,Anesthesiologist Assistants,General Internal Medicine Physicians,3,0.1551,0.0833,0.1368,1
29-1071.01,29-1243.00,Anesthesiologist Assistants,Pediatric Surgeons,3,0.1551,0.0833,0.0,1
29-1122.01,29-1216.00,"Low Vision Therapists, Orientation and Mobility Specialists, and Vision Rehabilitation Therapists",General Internal Medicine Physicians,3,0.1551,0.0833,0.1517,1
29-1241.00,29-2056.00,"Ophthalmologists, Except Pediatric",Veterinary Technologists and Technicians,4,0.1551,0.08,0.1527,1
29-1141.00,29-2099.01,Registered Nurses,Neurodiagnostic Technologists,4,0.155,0.0784,0.1456,1
17-1012.00,17-2111.00,Landscape Architects,"Health and Safety Engineers, Except Mining Safety Engineers and Inspectors",3,0.1549,0.0811,0.1572,1
17-1012.00,17-2131.00,Landscape Architects,Materials Engineers,3,0.1549,0.0811,0.1652,1
17-1012.00,17-2151.00,Landscape Architects,"Mining and Geological Engineers, Including Mining Safety Engineers",3,0.1549,0.0811,0.1672,1
17-1012.00,17-2171.00,Landscape Architects,Petroleum Engineers,3,0.1549,0.0811,0.1694,1
17-1012.00,17-3025.00,Landscape Architects,Environmental Engineering Technologists and Technicians,3,0.1549,0.0811,0.0647,1
17-2041.00,17-2171.00,Chemical Engineers,Petroleum Engineers,3,0.1549,0.0811,0.1568,1
17-2072.00,17-2199.06,"Electronics Engineers, Except Computer",Microsystems Engineers,4,0.1549,0.0833,0.1267,1
17-2072.00,17-3024.00,"Electronics Engineers, Except Computer",Electro-Mechanical and Mechatronics Technologists and Technicians,4,0.1549,0.0833,0.1503,1
17-2111.00,17-3021.00,"Health and Safety Engineers, Except Mining Safety Engineers and Inspectors",Aerospace Engineering and Operations Technologists and Technicians,3,0.1549,0.0811,0.1666,1
17-2171.00,17-2199.03,Petroleum Engineers,"Energy Engineers, Except Wind and Solar",3,0.1549,0.0811,0.1656,1
17-2171.00,17-3021.00,Petroleum Engineers,Aerospace Engineering and Operations Technologists and Technicians,3,0.1549,0.0811,0.1636,1
19-1029.02,19-3039.03,Molecular and Cellular Biologists,Clinical Neuropsychologists,3,0.1549,0.0811,0.1572,1
29-1051.00,29-1161.00,Pharmacists,Nurse Midwives,4,0.1549,0.0833,0.1601,1
29-1128.00,29-1292.00,Exercise Physiologists,Dental Hygienists,3,0.1549,0.0811,0.1694,1
29-1128.00,29-1299.02,Exercise Physiologists,Orthoptists,3,0.1549,0.0811,0.1206,1
29-1129.01,29-1161.00,Art Therapists,Nurse Midwives,4,0.1549,0.0833,0.1747,1
29-1212.00,29-1292.00,Cardiologists,Dental Hygienists,3,0.1549,0.0811,0.0,1
17-1022.01,17-2071.00,Geodetic Surveyors,Electrical Engineers,3,0.1545,0.0769,0.13,1
15-1221.00,15-1242.00,Computer and Information Research Scientists,Database Administrators,3,0.1543,0.0833,0.1256,1
15-1221.00,15-2041.01,Computer and Information Research Scientists,Biostatisticians,3,0.1543,0.0833,0.1407,1
15-1221.00,15-2051.02,Computer and Information Research Scientists,Clinical Data Managers,3,0.1543,0.0833,0.1593,1
15-1242.00,15-1299.09,Database Administrators,Information Technology Project Managers,3,0.1543,0.0833,0.1326,1
15-1251.00,15-1299.05,Computer Programmers,Information Security Engineers,3,0.1543,0.0833,0.1438,1
15-1251.00,15-2041.01,Computer Programmers,Biostatisticians,3,0.1543,0.0833,0.1452,1
15-1251.00,15-2051.02,Computer Programmers,Clinical Data Managers,3,0.1543,0.0833,0.1163,1
15-1252.00,15-1299.05,Software Developers,Information Security Engineers,3,0.1543,0.0833,0.1648,1
15-1299.04,15-1299.05,Penetration Testers,Information Security Engineers,3,0.1543,0.0833,0.1852,1
15-1299.09,15-2051.02,Information Technology Project Managers,Clinical Data Managers,3,0.1543,0.0833,0.1489,1
15-2041.01,19-1041.00,Biostatisticians,Epidemiologists,3,0.1543,0.0833,0.1566,0
17-2021.00,17-2112.00,Agricultural Engineers,Industrial Engineers,3,0.1543,0.0833,0.173,1
17-2021.00,17-2199.09,Agricultural Engineers,Nanosystems Engineers,3,0.1543,0.0833,0.1467,1
17-2141.00,17-2199.09,Mechanical Engineers,Nanosystems Engineers,4,0.1543,0.0816,0.1406,1
17-2199.07,17-3024.01,Photonics Engineers,Robotics Technicians,3,0.1543,0.0833,0.1664,1
19-1013.00,19-1041.00,Soil and Plant Scientists,Epidemiologists,3,0.1543,0.0833,0.1482,1
19-1013.00,19-4044.00,Soil and Plant Scientists,Hydrologic Technicians,3,0.1543,0.0833,0.0,1
19-1029.04,19-2031.00,Biologists,Chemists,3,0.1543,0.0789,0.146,1
19-1041.00,19-4061.00,Epidemiologists,Social Science Research Assistants,3,0.1543,0.0833,0.1475,1
19-3011.01,19-4044.00,Environmental Economists,Hydrologic Technicians,3,0.1543,0.0833,0.0,1
19-4031.00,19-4061.00,Chemical Technicians,Social Science Research Assistants,3,0.1543,0.0833,0.1279,1
29-1141.04,29-1291.00,Clinical Nurse Specialists,Acupuncturists,3,0.1543,0.0789,0.1745,1
29-1215.00,29-2099.05,Family Medicine Physicians,Ophthalmic Medical Technologists,3,0.1543,0.0833,0.1622,1
29-1218.00,29-2099.01,Obstetricians and Gynecologists,Neurodiagnostic Technologists,3,0.1543,0.0833,0.151,1
29-1229.01,29-2033.00,Allergists and Immunologists,Nuclear Medicine Technologists,3,0.1543,0.0833,0.1546,1
29-1229.01,29-2099.05,Allergists and Immunologists,Ophthalmic Medical Technologists,3,0.1543,0.0833,0.1683,1
29-1229.04,29-2031.00,Physical Medicine and Rehabilitation Physicians,Cardiovascular Technologists and Technicians,3,0.1543,0.0789,0.1507,1
29-1291.00,29-2031.00,Acupuncturists,Cardiovascular Technologists and Technicians,3,0.1543,0.0789,0.1682,1
29-2031.00,29-2091.00,Cardiovascular Technologists and Technicians,Orthotists and Prosthetists,3,0.1543,0.0789,0.1571,1
29-2033.00,29-2081.00,Nuclear Medicine Technologists,"Opticians, Dispensing",3,0.1543,0.0833,0.1443,1
29-2053.00,29-2099.01,Psychiatric Technicians,Neurodiagnostic Technologists,3,0.1543,0.0833,0.1473,1
17-2131.00,17-3027.00,Materials Engineers,Mechanical Engineering Technologists and Technicians,4,0.154,0.0833,0.1829,1
19-2021.00,19-4043.00,Atmospheric and Space Scientists,"Geological Technicians, Except Hydrologic Technicians",4,0.154,0.0833,0.1007,1
29-1123.00,29-2035.00,Physical Therapists,Magnetic Resonance Imaging Technologists,4,0.154,0.0833,0.1389,1
29-1128.00,29-1141.04,Exercise Physiologists,Clinical Nurse Specialists,4,0.154,0.0833,0.1572,1
29-1171.00,29-2035.00,Nurse Practitioners,Magnetic Resonance Imaging Technologists,4,0.154,0.0833,0.1436,1
15-1211.01,15-1299.03,Health Informatics Specialists,Document Management Specialists,3,0.1539,0.0833,0.1346,1
17-2199.08,17-3012.00,Robotics Engineers,Electrical and Electronics Drafters,3,0.1539,0.0833,0.1526,1
17-3031.00,19-4071.00,Surveying and Mapping Technicians,Forest and Conservation Technicians,3,0.1539,0.0833,0.1464,0
19-1029.03,19-3032.00,Geneticists,Industrial-Organizational Psychologists,3,0.1539,0.0833,0.1553,1
19-1042.00,19-3034.00,"Medical Scientists, Except Epidemiologists",School Psychologists,3,0.1539,0.0833,0.1183,1
19-1042.00,19-4092.00,"Medical Scientists, Except Epidemiologists",Forensic Science Technicians,3,0.1539,0.0833,0.1473,1
19-3032.00,19-4092.00,Industrial-Organizational Psychologists,Forensic Science Technicians,3,0.1539,0.0833,0.1616,1
29-1011.00,29-1222.00,Chiropractors,"Physicians, Pathologists",3,0.1539,0.0833,0.1737,1
29-1011.00,29-2055.00,Chiropractors,Surgical Technologists,3,0.1539,0.0833,0.1406,1
29-1242.00,29-2051.00,"Orthopedic Surgeons, Except Pediatric",Dietetic Technicians,3,0.1539,0.0833,0.0,1
29-1122.00,29-2036.00,Occupational Therapists,Medical Dosimetrists,4,0.1532,0.0816,0.1276,1
29-1216.00,29-2036.00,General Internal Medicine Physicians,Medical Dosimetrists,4,0.1532,0.0816,0.1341,1
19-1031.00,19-4051.02,Conservation Scientists,Nuclear Monitoring Technicians,3,0.1531,0.0811,0.1539,1
29-2011.00,29-9092.00,Medical and Clinical Laboratory Technologists,Genetic Counselors,3,0.1531,0.0811,0.1342,1
17-2051.01,17-2199.03,Transportation Engineers,"Energy Engineers, Except Wind and Solar",3,0.1519,0.0789,0.1545,1
29-1129.02,29-2072.00,Music Therapists,Medical Records Specialists,3,0.1519,0.0789,0.1535,1
29-1141.03,29-2012.00,Critical Care Nurses,Medical and Clinical Laboratory Technicians,4,0.1519,0.08,0.1522,1
29-1181.00,29-2072.00,Audiologists,Medical Records Specialists,3,0.1519,0.0789,0.1572,1
29-2036.00,29-2056.00,Medical Dosimetrists,Veterinary Technologists and Technicians,5,0.1518,0.082,0.1352,1
17-2011.00,17-2031.00,Aerospace Engineers,Bioengineers and Biomedical Engineers,3,0.1517,0.0811,0.1669,1
17-2031.00,17-2051.00,Bioengineers and Biomedical Engineers,Civil Engineers,3,0.1517,0.0811,0.1326,1
17-2031.00,17-3028.00,Bioengineers and Biomedical Engineers,Calibration Technologists and Technicians,3,0.1517,0.0811,0.1313,1
17-3011.00,17-3027.01,Architectural and Civil Drafters,Automotive Engineering Technicians,3,0.1517,0.0811,0.1304,1
17-3028.00,17-3029.08,Calibration Technologists and Technicians,Photonics Technicians,3,0.1517,0.0811,0.1591,1
19-2011.00,19-3051.00,Astronomers,Urban and Regional Planners,3,0.1517,0.0811,0.1312,1
19-3051.00,19-4012.01,Urban and Regional Planners,Precision Agriculture Technicians,3,0.1517,0.0811,0.0,1
29-1071.01,29-1221.00,Anesthesiologist Assistants,"Pediatricians, General",3,0.1517,0.0811,0.1424,1
17-2071.00,17-2141.02,Electrical Engineers,Automotive Engineers,4,0.1516,0.0816,0.1363,1
19-1031.00,19-2042.00,Conservation Scientists,"Geoscientists, Except Hydrologists and Geographers",4,0.1516,0.0816,0.1511,1
19-1031.00,19-4042.00,Conservation Scientists,"Environmental Science and Protection Technicians, Including Health",4,0.1516,0.0816,0.1428,1
19-1032.00,19-2042.00,Foresters,"Geoscientists, Except Hydrologists and Geographers",4,0.1516,0.0816,0.1559,1
19-2012.00,19-2042.00,Physicists,"Geoscientists, Except Hydrologists and Geographers",4,0.1516,0.0816,0.2135,1
19-2042.00,19-2099.01,"Geoscientists, Except Hydrologists and Geographers",Remote Sensing Scientists and Technologists,4,0.1516,0.0816,0.1698,1
19-4042.00,19-4099.01,"Environmental Science and Protection Technicians, Including Health",Quality Control Analysts,4,0.1516,0.0816,0.1709,1
29-1129.01,29-1211.00,Art Therapists,Anesthesiologists,4,0.1516,0.0816,0.1821,1
29-1124.00,29-1229.04,Radiation Therapists,Physical Medicine and Rehabilitation Physicians,3,0.1515,0.0769,0.1449,1
29-1124.00,29-2091.00,Radiation Therapists,Orthotists and Prosthetists,3,0.1515,0.0769,0.1486,1
29-1141.01,29-1291.00,Acute Care Nurses,Acupuncturists,3,0.1515,0.0769,0.1461,1
29-1141.01,29-2057.00,Acute Care Nurses,Ophthalmic Medical Technicians,3,0.1515,0.0769,0.1647,1
29-1213.00,29-2034.00,Dermatologists,Radiologic Technologists and Technicians,3,0.1515,0.0769,0.1282,1
29-1229.04,29-2061.00,Physical Medicine and Rehabilitation Physicians,Licensed Practical and Licensed Vocational Nurses,3,0.1515,0.0769,0.1747,1
29-1291.00,29-2034.00,Acupuncturists,Radiologic Technologists and Technicians,3,0.1515,0.0769,0.1527,1
29-1291.00,29-2061.00,Acupuncturists,Licensed Practical and Licensed Vocational Nurses,3,0.1515,0.0769,0.1494,1
29-2061.00,29-2091.00,Licensed Practical and Licensed Vocational Nurses,Orthotists and Prosthetists,3,0.1515,0.0769,0.1717,1
17-2111.00,17-2121.00,"Health and Safety Engineers, Except Mining Safety Engineers and Inspectors",Marine Engineers and Naval Architects,4,0.1512,0.0816,0.1035,1
17-2141.01,17-3025.00,Fuel Cell Engineers,Environmental Engineering Technologists and Technicians,4,0.1512,0.0816,0.0786,1
29-1131.00,29-2061.00,Veterinarians,Licensed Practical and Licensed Vocational Nurses,4,0.1512,0.0816,0.1308,1
29-1212.00,29-2061.00,Cardiologists,Licensed Practical and Licensed Vocational Nurses,4,0.1512,0.0816,0.0,1
29-1242.00,29-2056.00,"Orthopedic Surgeons, Except Pediatric",Veterinary Technologists and Technicians,4,0.1512,0.0784,0.0,1
17-2051.01,17-3027.00,Transportation Engineers,Mechanical Engineering Technologists and Technicians,4,0.151,0.0816,0.1595,1
29-1127.00,29-2031.00,Speech-Language Pathologists,Cardiovascular Technologists and Technicians,4,0.151,0.0816,0.1536,1
29-1181.00,29-9093.00,Audiologists,Surgical Assistants,4,0.151,0.0816,0.16,1
29-9091.00,29-9093.00,Athletic Trainers,Surgical Assistants,4,0.151,0.0816,0.1507,1
15-1232.00,15-2031.00,Computer User Support Specialists,Operations Research Analysts,3,0.1508,0.0811,0.1635,1
15-1299.01,15-2051.01,Web Administrators,Business Intelligence Analysts,3,0.1508,0.0714,0.1428,1
19-1041.00,19-3033.00,Epidemiologists,Clinical and Counseling Psychologists,3,0.1508,0.0811,0.1714,1
29-1023.00,29-1141.03,Orthodontists,Critical Care Nurses,3,0.1508,0.0714,0.148,1
29-1122.00,29-2081.00,Occupational Therapists,"Opticians, Dispensing",3,0.1508,0.0811,0.1552,1
29-1141.03,29-2092.00,Critical Care Nurses,Hearing Aid Specialists,3,0.1508,0.0714,0.1402,1
29-1216.00,29-2099.01,General Internal Medicine Physicians,Neurodiagnostic Technologists,3,0.1508,0.0811,0.1463,1
15-2041.01,19-1042.00,Biostatisticians,"Medical Scientists, Except Epidemiologists",3,0.1502,0.0811,0.1543,0
17-2112.00,17-3031.00,Industrial Engineers,Surveying and Mapping Technicians,3,0.1502,0.0811,0.1549,1
17-2199.07,17-3026.01,Photonics Engineers,Nanotechnology Engineering Technologists and Technicians,3,0.1502,0.0811,0.1442,1
19-1013.00,19-1042.00,Soil and Plant Scientists,"Medical Scientists, Except Epidemiologists",3,0.1502,0.0811,0.1518,1
19-1023.00,19-3011.01,Zoologists and Wildlife Biologists,Environmental Economists,3,0.1502,0.0811,0.1813,1
19-1023.00,19-4021.00,Zoologists and Wildlife Biologists,Biological Technicians,3,0.1502,0.0811,0.1322,1
29-1214.00,29-2099.05,Emergency Medicine Physicians,Ophthalmic Medical Technologists,3,0.1502,0.0811,0.1659,1
29-1218.00,29-1222.00,Obstetricians and Gynecologists,"Physicians, Pathologists",3,0.1502,0.0811,0.1425,1
29-2051.00,29-2099.05,Dietetic Technicians,Ophthalmic Medical Technologists,3,0.1502,0.0811,0.1503,1
17-2111.00,17-3022.00,"Health and Safety Engineers, Except Mining Safety Engineers and Inspectors",Civil Engineering Technologists and Technicians,3,0.15,0.0789,0.1299,1
19-1029.03,19-3034.00,Geneticists,School Psychologists,3,0.15,0.0811,0.1818,1
19-4092.00,19-4099.03,Forensic Science Technicians,Remote Sensing Technicians,3,0.15,0.0811,0.1623,1
29-1131.00,29-2011.00,Veterinarians,Medical and Clinical Laboratory Technologists,3,0.15,0.0789,0.1446,1
29-1229.03,29-2035.00,Urologists,Magnetic Resonance Imaging Technologists,3,0.15,0.0789,0.1421,1
29-1161.00,29-2036.00,Nurse Midwives,Medical Dosimetrists,4,0.1498,0.08,0.1167,1
29-1221.00,29-2032.00,"Pediatricians, General",Diagnostic Medical Sonographers,4,0.1498,0.08,0.1433,1
29-1125.00,29-2032.00,Recreational Therapists,Diagnostic Medical Sonographers,3,0.1494,0.0732,0.1583,1
29-2011.02,29-2032.00,Cytotechnologists,Diagnostic Medical Sonographers,3,0.1494,0.0732,0.15,1
19-2041.03,19-3094.00,Industrial Ecologists,Political Scientists,3,0.1491,0.0769,0.1423,1
19-2099.01,19-3091.00,Remote Sensing Scientists and Technologists,Anthropologists and Archeologists,4,0.1491,0.08,0.1699,1
29-1071.00,29-1123.00,Physician Assistants,Physical Therapists,3,0.1491,0.0769,0.1763,1
29-1071.00,29-9093.00,Physician Assistants,Surgical Assistants,3,0.1491,0.0769,0.1412,1
29-1123.00,29-2072.00,Physical Therapists,Medical Records Specialists,3,0.1491,0.0769,0.1747,1
29-1141.04,29-2072.00,Clinical Nurse Specialists,Medical Records Specialists,3,0.1491,0.0769,0.1527,1
29-1171.00,29-1292.00,Nurse Practitioners,Dental Hygienists,3,0.1491,0.0769,0.1643,1
29-1171.00,29-2072.00,Nurse Practitioners,Medical Records Specialists,3,0.1491,0.0769,0.1377,1
29-1292.00,29-9093.00,Dental Hygienists,Surgical Assistants,3,0.1491,0.0769,0.1543,1
19-1021.00,19-2042.00,Biochemists and Biophysicists,"Geoscientists, Except Hydrologists and Geographers",3,0.1489,0.075,0.2016,1
19-1021.00,19-4042.00,Biochemists and Biophysicists,"Environmental Science and Protection Technicians, Including Health",3,0.1489,0.075,0.16,1
19-2031.00,19-4042.00,Chemists,"Environmental Science and Protection Technicians, Including Health",3,0.1489,0.075,0.1356,1
19-2042.00,19-3011.00,"Geoscientists, Except Hydrologists and Geographers",Economists,3,0.1489,0.075,0.1767,1
19-3011.00,19-4042.00,Economists,"Environmental Science and Protection Technicians, Including Health",3,0.1489,0.075,0.1523,1
29-1051.00,29-1291.00,Pharmacists,Acupuncturists,3,0.1489,0.075,0.1555,1
29-1129.01,29-1213.00,Art Therapists,Dermatologists,3,0.1489,0.075,0.1444,1
17-2071.00,17-2171.00,Electrical Engineers,Petroleum Engineers,4,0.1486,0.08,0.1473,1
17-2171.00,17-2199.06,Petroleum Engineers,Microsystems Engineers,4,0.1486,0.08,0.1828,1
17-3025.00,17-3026.00,Environmental Engineering Technologists and Technicians,Industrial Engineering Technologists and Technicians,4,0.1486,0.08,0.1094,1
19-1029.02,19-2042.00,Molecular and Cellular Biologists,"Geoscientists, Except Hydrologists and Geographers",4,0.1486,0.08,0.1607,1
19-1029.02,19-4042.00,Molecular and Cellular Biologists,"Environmental Science and Protection Technicians, Including Health",4,0.1486,0.08,0.1603,1
29-1128.00,29-1129.01,Exercise Physiologists,Art Therapists,4,0.1486,0.08,0.1265,1
29-1129.01,29-1212.00,Art Therapists,Cardiologists,4,0.1486,0.08,0.0,1
29-1129.01,29-2035.00,Art Therapists,Magnetic Resonance Imaging Technologists,4,0.1486,0.08,0.1708,1
17-2199.05,17-3028.00,Mechatronics Engineers,Calibration Technologists and Technicians,3,0.1485,0.0789,0.1464,1
19-2011.00,19-2099.01,Astronomers,Remote Sensing Scientists and Technologists,3,0.1485,0.0789,0.1459,1
19-2012.00,19-3022.00,Physicists,Survey Researchers,3,0.1485,0.0789,0.2104,1
19-2099.01,19-3022.00,Remote Sensing Scientists and Technologists,Survey Researchers,3,0.1485,0.0789,0.1495,1
19-3022.00,19-4099.01,Survey Researchers,Quality Control Analysts,3,0.1485,0.0789,0.1371,1
15-1241.01,15-1253.00,Telecommunications Engineering Specialists,Software Quality Assurance Analysts and Testers,4,0.1482,0.08,0.1757,1
17-2051.01,17-2112.03,Transportation Engineers,Manufacturing Engineers,4,0.1482,0.08,0.1515,1
17-2051.01,17-2141.01,Transportation Engineers,Fuel Cell Engineers,4,0.1482,0.08,0.1518,1
17-2051.01,17-3023.00,Transportation Engineers,Electrical and Electronic Engineering Technologists and Technicians,4,0.1482,0.08,0.1596,1
29-1124.00,29-1127.00,Radiation Therapists,Speech-Language Pathologists,4,0.1482,0.08,0.1566,1
29-1124.00,29-1129.02,Radiation Therapists,Music Therapists,4,0.1482,0.08,0.1424,1
29-1124.00,29-9091.00,Radiation Therapists,Athletic Trainers,4,0.1482,0.08,0.1602,1
29-1129.02,29-2061.00,Music Therapists,Licensed Practical and Licensed Vocational Nurses,4,0.1482,0.08,0.1454,1
29-1126.00,29-1141.04,Respiratory Therapists,Clinical Nurse Specialists,4,0.1481,0.08,0.1556,1
29-1171.00,29-9093.00,Nurse Practitioners,Surgical Assistants,4,0.1481,0.08,0.1489,1
29-1299.01,29-2056.00,Naturopathic Physicians,Veterinary Technologists and Technicians,4,0.1475,0.0769,0.1502,1
17-2141.00,17-3011.00,Mechanical Engineers,Architectural and Civil Drafters,4,0.1474,0.0784,0.1448,1
19-1041.00,19-3051.00,Epidemiologists,Urban and Regional Planners,3,0.1474,0.0789,0.1911,1
29-1161.00,29-2081.00,Nurse Midwives,"Opticians, Dispensing",3,0.1474,0.0789,0.1546,1
29-1221.00,29-2099.01,"Pediatricians, General",Neurodiagnostic Technologists,3,0.1474,0.0789,0.1361,1
15-1253.00,15-2051.00,Software Quality Assurance Analysts and Testers,Data Scientists,3,0.1471,0.0769,0.0987,1
29-1129.02,29-1229.03,Music Therapists,Urologists,3,0.1471,0.0769,0.1445,1
29-1229.02,29-9091.00,Hospitalists,Athletic Trainers,3,0.1471,0.0769,0.1463,1
19-1042.00,19-3033.00,"Medical Scientists, Except Epidemiologists",Clinical and Counseling Psychologists,3,0.1467,0.0789,0.1453,1
19-1042.00,19-4012.00,"Medical Scientists, Except Epidemiologists",Agricultural Technicians,3,0.1467,0.0789,0.1439,1
19-2041.00,19-4012.00,"Environmental Scientists and Specialists, Including Health",Agricultural Technicians,3,0.1467,0.0789,0.122,1
29-1216.00,29-1222.00,General Internal Medicine Physicians,"Physicians, Pathologists",3,0.1467,0.0789,0.154,1
29-1211.00,29-2036.00,Anesthesiologists,Medical Dosimetrists,4,0.1466,0.0784,0.1155,1
15-1241.00,15-2051.01,Computer Network Architects,Business Intelligence Analysts,3,0.1464,0.0682,0.1048,1
15-1242.00,15-1299.03,Database Administrators,Document Management Specialists,3,0.1464,0.0789,0.1553,1
15-1299.03,15-1299.05,Document Management Specialists,Information Security Engineers,3,0.1464,0.0789,0.1424,1
15-1299.03,15-2041.01,Document Management Specialists,Biostatisticians,3,0.1464,0.0789,0.1371,1
15-1299.05,15-1299.06,Information Security Engineers,Digital Forensics Analysts,3,0.1464,0.0789,0.1273,1
15-1299.08,15-2021.00,Computer Systems Engineers/Architects,Mathematicians,3,0.1464,0.0732,0.1127,1
17-1012.00,17-2141.01,Landscape Architects,Fuel Cell Engineers,3,0.1464,0.075,0.1526,1
17-1022.00,17-3023.00,Surveyors,Electrical and Electronic Engineering Technologists and Technicians,3,0.1464,0.075,0.1421,1
17-2051.02,17-2161.00,Water/Wastewater Engineers,Nuclear Engineers,3,0.1464,0.0789,0.1267,1
17-2072.01,17-2112.00,Radio Frequency Identification Device Specialists,Industrial Engineers,3,0.1464,0.0789,0.1488,1
17-2072.01,17-2199.09,Radio Frequency Identification Device Specialists,Nanosystems Engineers,3,0.1464,0.0789,0.1476,1
17-2112.00,17-2161.00,Industrial Engineers,Nuclear Engineers,3,0.1464,0.0789,0.138,1
17-2112.03,17-2199.03,Manufacturing Engineers,"Energy Engineers, Except Wind and Solar",3,0.1464,0.075,0.1144,1
17-2112.03,17-3021.00,Manufacturing Engineers,Aerospace Engineering and Operations Technologists and Technicians,3,0.1464,0.075,0.1451,1
17-2121.00,17-3021.00,Marine Engineers and Naval Architects,Aerospace Engineering and Operations Technologists and Technicians,3,0.1464,0.075,0.1474,1
17-2141.01,17-2199.03,Fuel Cell Engineers,"Energy Engineers, Except Wind and Solar",3,0.1464,0.075,0.1561,1
17-2199.03,17-3023.00,"Energy Engineers, Except Wind and Solar",Electrical and Electronic Engineering Technologists and Technicians,3,0.1464,0.075,0.1166,1
19-1013.00,19-4071.00,Soil and Plant Scientists,Forest and Conservation Technicians,3,0.1464,0.0789,0.1014,1
19-1029.03,19-3011.01,Geneticists,Environmental Economists,3,0.1464,0.0789,0.1403,1
19-1029.03,19-3099.01,Geneticists,Transportation Planners,3,0.1464,0.0789,0.1652,1
19-1029.03,19-4021.00,Geneticists,Biological Technicians,3,0.1464,0.0789,0.1539,1
19-2031.00,19-2043.00,Chemists,Hydrologists,3,0.1464,0.0732,0.154,1
19-3034.00,19-4061.00,School Psychologists,Social Science Research Assistants,3,0.1464,0.0789,0.1724,1
19-3091.00,19-4013.00,Anthropologists and Archeologists,Food Science Technicians,3,0.1464,0.0732,0.1494,1
19-3099.01,19-4092.00,Transportation Planners,Forensic Science Technicians,3,0.1464,0.0789,0.1564,1
19-4021.00,19-4071.00,Biological Technicians,Forest and Conservation Technicians,3,0.1464,0.0789,0.1686,1
19-4021.00,19-4092.00,Biological Technicians,Forensic Science Technicians,3,0.1464,0.0789,0.1419,1
19-4061.00,19-4071.00,Social Science Research Assistants,Forest and Conservation Technicians,3,0.1464,0.0789,0.1487,1
19-4061.00,19-4092.00,Social Science Research Assistants,Forensic Science Technicians,3,0.1464,0.0789,0.1644,1
29-1031.00,29-1213.00,Dietitians and Nutritionists,Dermatologists,3,0.1464,0.0732,0.1081,1
29-1031.00,29-2043.00,Dietitians and Nutritionists,Paramedics,3,0.1464,0.0732,0.1759,1
29-1071.00,29-2034.00,Physician Assistants,Radiologic Technologists and Technicians,3,0.1464,0.075,0.1417,1
29-1124.00,29-2072.00,Radiation Therapists,Medical Records Specialists,3,0.1464,0.075,0.1393,1
29-1141.01,29-1292.00,Acute Care Nurses,Dental Hygienists,3,0.1464,0.075,0.1598,1
29-1141.01,29-2072.00,Acute Care Nurses,Medical Records Specialists,3,0.1464,0.075,0.1452,1
29-1242.00,29-2033.00,"Orthopedic Surgeons, Except Pediatric",Nuclear Medicine Technologists,3,0.1464,0.0789,0.0,1
29-1292.00,29-2034.00,Dental Hygienists,Radiologic Technologists and Technicians,3,0.1464,0.075,0.1551,1
29-2011.01,29-2053.00,Cytogenetic Technologists,Psychiatric Technicians,3,0.1464,0.0789,0.1321,1
29-2011.01,29-2099.05,Cytogenetic Technologists,Ophthalmic Medical Technologists,3,0.1464,0.0789,0.1286,1
19-1029.02,19-3091.00,Molecular and Cellular Biologists,Anthropologists and Archeologists,4,0.1461,0.0784,0.1879,1
19-3091.00,19-4043.00,Anthropologists and Archeologists,"Geological Technicians, Except Hydrologic Technicians",4,0.1461,0.0784,0.1797,1
29-1031.00,29-1128.00,Dietitians and Nutritionists,Exercise Physiologists,4,0.1461,0.0784,0.1299,1
29-1031.00,29-1212.00,Dietitians and Nutritionists,Cardiologists,4,0.1461,0.0784,0.0,1
17-2051.01,17-2199.06,Transportation Engineers,Microsystems Engineers,4,0.1457,0.0784,0.1173,1
29-1129.01,29-9091.00,Art Therapists,Athletic Trainers,4,0.1457,0.0784,0.1966,1
15-1243.00,15-2041.00,Database Architects,Statisticians,3,0.1455,0.0769,0.1185,1
17-1011.00,17-2111.00,"Architects, Except Landscape and Naval","Health and Safety Engineers, Except Mining Safety Engineers and Inspectors",3,0.1455,0.0769,0.1169,1
17-2011.00,17-2111.00,Aerospace Engineers,"Health and Safety Engineers, Except Mining Safety Engineers and Inspectors",3,0.1455,0.0769,0.1812,1
17-2061.00,17-2111.00,Computer Hardware Engineers,"Health and Safety Engineers, Except Mining Safety Engineers and Inspectors",3,0.1455,0.0769,0.1895,1
17-2081.00,17-2141.01,Environmental Engineers,Fuel Cell Engineers,4,0.1455,0.0784,0.1358,1
17-2121.00,17-3027.00,Marine Engineers and Naval Architects,Mechanical Engineering Technologists and Technicians,4,0.1455,0.0784,0.1503,1
17-2171.00,17-3027.01,Petroleum Engineers,Automotive Engineering Technicians,3,0.1455,0.0769,0.1483,1
17-2171.00,17-3028.00,Petroleum Engineers,Calibration Technologists and Technicians,3,0.1455,0.0769,0.1569,1
19-1029.02,19-4012.01,Molecular and Cellular Biologists,Precision Agriculture Technicians,3,0.1455,0.0769,0.138,1
19-2011.00,25-1031.00,Astronomers,"Architecture Teachers, Postsecondary",3,0.1455,0.0769,0.136,0
19-2011.00,25-1063.00,Astronomers,"Economics Teachers, Postsecondary",3,0.1455,0.0769,0.1265,0
19-2011.00,25-1065.00,Astronomers,"Political Science Teachers, Postsecondary",3,0.1455,0.0769,0.1371,0
19-2011.00,25-1071.00,Astronomers,"Health Specialties Teachers, Postsecondary",3,0.1455,0.0769,0.1329,0
29-1071.01,29-1128.00,Anesthesiologist Assistants,Exercise Physiologists,3,0.1455,0.0769,0.1664,1
29-1071.01,29-1131.00,Anesthesiologist Assistants,Veterinarians,3,0.1455,0.0769,0.1191,1
29-1122.01,29-2035.00,"Low Vision Therapists, Orientation and Mobility Specialists, and Vision Rehabilitation Therapists",Magnetic Resonance Imaging Technologists,3,0.1455,0.0769,0.132,1
29-1126.00,29-1229.06,Respiratory Therapists,Sports Medicine Physicians,4,0.1455,0.0784,0.1482,1
29-1229.06,29-2031.00,Sports Medicine Physicians,Cardiovascular Technologists and Technicians,4,0.1455,0.0784,0.1551,1
29-1229.06,29-9093.00,Sports Medicine Physicians,Surgical Assistants,4,0.1455,0.0784,0.1391,1
29-1141.03,29-1221.00,Critical Care Nurses,"Pediatricians, General",4,0.1452,0.0769,0.1776,1
29-1041.00,29-1141.03,Optometrists,Critical Care Nurses,3,0.1448,0.0698,0.179,1
19-1029.04,19-3041.00,Biologists,Sociologists,3,0.1443,0.075,0.1258,1
19-1031.02,19-2041.03,Range Managers,Industrial Ecologists,3,0.1443,0.075,0.1259,1
19-2012.00,19-4031.00,Physicists,Chemical Technicians,3,0.1443,0.0769,0.1847,1
19-2021.00,19-3041.00,Atmospheric and Space Scientists,Sociologists,3,0.1443,0.075,0.1785,1
19-2099.01,19-4031.00,Remote Sensing Scientists and Technologists,Chemical Technicians,3,0.1443,0.0769,0.1441,1
29-1081.00,29-1141.04,Podiatrists,Clinical Nurse Specialists,3,0.1443,0.075,0.1451,1
29-1123.00,29-2011.00,Physical Therapists,Medical and Clinical Laboratory Technologists,3,0.1443,0.075,0.1397,1
29-1126.00,29-1229.05,Respiratory Therapists,Preventive Medicine Physicians,3,0.1443,0.075,0.142,1
29-1229.05,29-2031.00,Preventive Medicine Physicians,Cardiovascular Technologists and Technicians,3,0.1443,0.075,0.1281,1
29-2081.00,29-9092.00,"Opticians, Dispensing",Genetic Counselors,3,0.1443,0.0769,0.1411,1
29-1216.00,29-2056.00,General Internal Medicine Physicians,Veterinary Technologists and Technicians,4,0.1441,0.0755,0.1454,1
29-1243.00,29-2056.00,Pediatric Surgeons,Veterinary Technologists and Technicians,4,0.1441,0.0755,0.0,1
29-1213.00,29-2036.00,Dermatologists,Medical Dosimetrists,3,0.144,0.0714,0.1194,1
29-2032.00,29-2057.00,Diagnostic Medical Sonographers,Ophthalmic Medical Technicians,3,0.144,0.0714,0.1583,1
29-2032.00,29-2091.00,Diagnostic Medical Sonographers,Orthotists and Prosthetists,3,0.144,0.0714,0.1411,1
29-2036.00,29-2057.00,Medical Dosimetrists,Ophthalmic Medical Technicians,3,0.144,0.0714,0.0957,1
29-2057.00,29-9099.01,Ophthalmic Medical Technicians,Midwives,3,0.144,0.0714,0.1735,1
17-1012.00,17-2071.00,Landscape Architects,Electrical Engineers,3,0.1438,0.0732,0.1541,1
17-2041.00,17-3024.00,Chemical Engineers,Electro-Mechanical and Mechatronics Technologists and Technicians,3,0.1438,0.0732,0.1345,1
17-2199.03,17-2199.06,"Energy Engineers, Except Wind and Solar",Microsystems Engineers,3,0.1438,0.0732,0.1417,1
17-2199.03,17-3026.00,"Energy Engineers, Except Wind and Solar",Industrial Engineering Technologists and Technicians,3,0.1438,0.0732,0.1168,1
17-2199.06,17-3021.00,Microsystems Engineers,Aerospace Engineering and Operations Technologists and Technicians,3,0.1438,0.0732,0.161,1
19-2042.00,19-3094.00,"Geoscientists, Except Hydrologists and Geographers",Political Scientists,3,0.1438,0.0732,0.2049,1
19-4042.00,19-4051.00,"Environmental Science and Protection Technicians, Including Health",Nuclear Technicians,3,0.1438,0.0732,0.0988,1
29-1051.00,29-1071.00,Pharmacists,Physician Assistants,3,0.1438,0.0732,0.1554,1
29-1129.01,29-2072.00,Art Therapists,Medical Records Specialists,3,0.1438,0.0732,0.1489,1
29-1131.00,29-2036.00,Veterinarians,Medical Dosimetrists,4,0.1437,0.0769,0.1357,1
17-2072.00,17-3031.00,"Electronics Engineers, Except Computer",Surveying and Mapping Technicians,3,0.1435,0.0769,0.1309,1
17-2112.02,17-3011.00,Validation Engineers,Architectural and Civil Drafters,3,0.1435,0.0769,0.1497,1
17-2112.02,17-3029.08,Validation Engineers,Photonics Technicians,3,0.1435,0.0769,0.1459,1
19-1023.00,19-2041.02,Zoologists and Wildlife Biologists,Environmental Restoration Planners,3,0.1435,0.0769,0.1595,1
19-1023.00,19-3051.00,Zoologists and Wildlife Biologists,Urban and Regional Planners,3,0.1435,0.0769,0.1956,1
29-1021.00,29-1217.00,"Dentists, General",Neurologists,3,0.1435,0.0769,0.1381,1
29-1141.00,29-2012.00,Registered Nurses,Medical and Clinical Laboratory Technicians,4,0.1435,0.0741,0.1404,1
15-1232.00,15-1299.03,Computer User Support Specialists,Document Management Specialists,3,0.143,0.0769,0.1234,1
19-1029.03,19-3033.00,Geneticists,Clinical and Counseling Psychologists,3,0.143,0.0769,0.1899,1
29-1011.00,29-1122.00,Chiropractors,Occupational Therapists,3,0.143,0.0769,0.1567,1
15-1242.00,15-2051.02,Database Administrators,Clinical Data Managers,3,0.1429,0.0769,0.1471,1
15-1299.05,15-2051.02,Information Security Engineers,Clinical Data Managers,3,0.1429,0.0769,0.1397,1
17-2051.02,17-2199.09,Water/Wastewater Engineers,Nanosystems Engineers,3,0.1429,0.0769,0.1911,1
17-2071.00,17-2081.00,Electrical Engineers,Environmental Engineers,4,0.1429,0.0769,0.1355,1
17-2071.00,17-3027.00,Electrical Engineers,Mechanical Engineering Technologists and Technicians,4,0.1429,0.0769,0.1549,1
17-2121.00,17-2141.01,Marine Engineers and Naval Architects,Fuel Cell Engineers,4,0.1429,0.0769,0.1367,1
19-1031.03,19-2021.00,Park Naturalists,Atmospheric and Space Scientists,4,0.1429,0.0769,0.1303,1
19-3099.01,19-4061.00,Transportation Planners,Social Science Research Assistants,3,0.1429,0.0769,0.1357,1
29-1051.00,29-1151.00,Pharmacists,Nurse Anesthetists,4,0.1429,0.0769,0.1555,1
29-1129.01,29-1171.00,Art Therapists,Nurse Practitioners,4,0.1429,0.0769,0.1456,1
29-1218.00,29-2033.00,Obstetricians and Gynecologists,Nuclear Medicine Technologists,3,0.1429,0.0769,0.1447,1
29-1218.00,29-2099.05,Obstetricians and Gynecologists,Ophthalmic Medical Technologists,3,0.1429,0.0769,0.1812,1
29-1229.06,29-2061.00,Sports Medicine Physicians,Licensed Practical and Licensed Vocational Nurses,4,0.1429,0.0769,0.1439,1
29-2033.00,29-2053.00,Nuclear Medicine Technologists,Psychiatric Technicians,3,0.1429,0.0769,0.1325,1
29-2052.00,29-2053.00,Pharmacy Technicians,Psychiatric Technicians,3,0.1429,0.0769,0.1397,1
15-1253.00,15-2041.00,Software Quality Assurance Analysts and Testers,Statisticians,3,0.1427,0.075,0.0826,1
15-1254.00,15-2041.00,Web Developers,Statisticians,3,0.1427,0.075,0.0888,1
17-2011.00,17-2051.01,Aerospace Engineers,Transportation Engineers,3,0.1427,0.075,0.1417,1
19-2011.00,25-1041.00,Astronomers,"Agricultural Sciences Teachers, Postsecondary",3,0.1427,0.075,0.1414,0
19-2011.00,25-1062.00,Astronomers,"Area, Ethnic, and Cultural Studies Teachers, Postsecondary",3,0.1427,0.075,0.1302,0
29-1071.01,29-1127.00,Anesthesiologist Assistants,Speech-Language Pathologists,3,0.1427,0.075,0.1184,1
29-1071.01,29-9091.00,Anesthesiologist Assistants,Athletic Trainers,3,0.1427,0.075,0.0861,1
29-1224.00,29-1229.04,Radiologists,Physical Medicine and Rehabilitation Physicians,3,0.1417,0.0698,0.1711,1
29-1224.00,29-2057.00,Radiologists,Ophthalmic Medical Technicians,3,0.1417,0.0698,0.1952,1
29-1229.03,29-2061.00,Urologists,Licensed Practical and Licensed Vocational Nurses,3,0.1417,0.0732,0.149,1
29-1229.05,29-2061.00,Preventive Medicine Physicians,Licensed Practical and Licensed Vocational Nurses,3,0.1417,0.0732,0.1537,1
29-2011.00,29-2034.00,Medical and Clinical Laboratory Technologists,Radiologic Technologists and Technicians,3,0.1417,0.0732,0.1388,1
29-2011.00,29-2061.00,Medical and Clinical Laboratory Technologists,Licensed Practical and Licensed Vocational Nurses,3,0.1417,0.0732,0.1347,1
15-1243.00,15-1299.09,Database Architects,Information Technology Project Managers,3,0.1414,0.075,0.1396,1
15-1299.02,15-1299.09,Geographic Information Systems Technologists and Technicians,Information Technology Project Managers,3,0.1414,0.075,0.1544,1
17-2021.00,17-2171.00,Agricultural Engineers,Petroleum Engineers,3,0.1414,0.075,0.152,1
17-2021.00,17-3025.00,Agricultural Engineers,Environmental Engineering Technologists and Technicians,3,0.1414,0.075,0.0532,1
17-2111.00,17-2141.00,"Health and Safety Engineers, Except Mining Safety Engineers and Inspectors",Mechanical Engineers,4,0.1414,0.0755,0.116,1
17-2111.02,17-2171.00,Fire-Prevention and Protection Engineers,Petroleum Engineers,3,0.1414,0.075,0.1207,1
17-2111.02,17-3025.00,Fire-Prevention and Protection Engineers,Environmental Engineering Technologists and Technicians,3,0.1414,0.075,0.1072,1
17-2141.00,17-3025.00,Mechanical Engineers,Environmental Engineering Technologists and Technicians,4,0.1414,0.0755,0.1112,1
19-1041.00,25-1031.00,Epidemiologists,"Architecture Teachers, Postsecondary",3,0.1414,0.075,0.1356,0
19-1041.00,25-1063.00,Epidemiologists,"Economics Teachers, Postsecondary",3,0.1414,0.075,0.1423,0
19-1041.00,25-1065.00,Epidemiologists,"Political Science Teachers, Postsecondary",3,0.1414,0.075,0.1333,0
19-1041.00,25-1071.00,Epidemiologists,"Health Specialties Teachers, Postsecondary",3,0.1414,0.075,0.1252,0
29-1212.00,29-2081.00,Cardiologists,"Opticians, Dispensing",3,0.1414,0.075,0.0,1
29-1229.01,29-2035.00,Allergists and Immunologists,Magnetic Resonance Imaging Technologists,3,0.1414,0.075,0.1331,1
29-1161.00,29-2056.00,Nurse Midwives,Veterinary Technologists and Technicians,4,0.141,0.0741,0.1406,1
29-1127.00,29-2032.00,Speech-Language Pathologists,Diagnostic Medical Sonographers,4,0.1409,0.0755,0.151,1
29-1127.00,29-9099.01,Speech-Language Pathologists,Midwives,4,0.1409,0.0755,0.1377,1
29-1181.00,29-2036.00,Audiologists,Medical Dosimetrists,4,0.1409,0.0755,0.1318,1
29-2011.02,29-2056.00,Cytotechnologists,Veterinary Technologists and Technicians,3,0.1406,0.0667,0.1587,1
17-2112.02,17-2141.02,Validation Engineers,Automotive Engineers,3,0.1405,0.075,0.1228,1
17-2112.02,17-2199.05,Validation Engineers,Mechatronics Engineers,3,0.1405,0.075,0.1345,1
19-1023.00,19-1031.00,Zoologists and Wildlife Biologists,Conservation Scientists,3,0.1405,0.075,0.1395,1
19-1023.00,19-1032.00,Zoologists and Wildlife Biologists,Foresters,3,0.1405,0.075,0.168,1
19-2099.01,19-3032.00,Remote Sensing Scientists and Technologists,Industrial-Organizational Psychologists,3,0.1405,0.075,0.1353,1
29-1021.00,29-9092.00,"Dentists, General",Genetic Counselors,3,0.1405,0.075,0.1311,1
29-1211.00,29-2055.00,Anesthesiologists,Surgical Technologists,3,0.1405,0.075,0.1524,1
17-2121.00,17-3026.00,Marine Engineers and Naval Architects,Industrial Engineering Technologists and Technicians,4,0.1404,0.0755,0.1353,1
29-1051.00,29-1124.00,Pharmacists,Radiation Therapists,4,0.1404,0.0755,0.1446,1
29-1051.00,29-2061.00,Pharmacists,Licensed Practical and Licensed Vocational Nurses,4,0.1404,0.0755,0.1302,1
17-2081.00,17-3028.00,Environmental Engineers,Calibration Technologists and Technicians,3,0.14,0.0732,0.1223,1
19-1029.04,19-2011.00,Biologists,Astronomers,3,0.14,0.0732,0.121,1
19-2021.00,19-3022.00,Atmospheric and Space Scientists,Survey Researchers,3,0.14,0.0732,0.14,1
19-2021.00,19-4012.01,Atmospheric and Space Scientists,Precision Agriculture Technicians,3,0.14,0.0732,0.1429,1
29-1071.01,29-1123.00,Anesthesiologist Assistants,Physical Therapists,3,0.14,0.0732,0.1286,1
29-1122.01,29-1126.00,"Low Vision Therapists, Orientation and Mobility Specialists, and Vision Rehabilitation Therapists",Respiratory Therapists,3,0.14,0.0732,0.1349,1
17-2161.00,17-3011.00,Nuclear Engineers,Architectural and Civil Drafters,3,0.1399,0.075,0.1417,1
17-2199.08,17-3029.08,Robotics Engineers,Photonics Technicians,3,0.1399,0.075,0.1438,1
19-1029.03,19-2041.02,Geneticists,Environmental Restoration Planners,3,0.1399,0.075,0.1379,1
19-3051.00,19-4071.00,Urban and Regional Planners,Forest and Conservation Technicians,3,0.1399,0.075,0.0532,1
29-1161.00,29-2011.01,Nurse Midwives,Cytogenetic Technologists,3,0.1399,0.075,0.1318,1
29-1217.00,29-2011.01,Neurologists,Cytogenetic Technologists,3,0.1399,0.075,0.1278,1
15-2051.02,29-9021.00,Clinical Data Managers,Health Information Technologists and Medical Registrars,3,0.1396,0.075,0.0,0
19-4012.00,19-4061.00,Agricultural Technicians,Social Science Research Assistants,3,0.1396,0.075,0.1419,1
29-1122.00,29-1299.01,Occupational Therapists,Naturopathic Physicians,3,0.1396,0.075,0.1626,1
29-1122.00,29-2012.00,Occupational Therapists,Medical and Clinical Laboratory Technicians,3,0.1396,0.075,0.1333,1
29-1122.00,29-2033.00,Occupational Therapists,Nuclear Medicine Technologists,3,0.1396,0.075,0.1228,1
29-1122.00,29-2099.05,Occupational Therapists,Ophthalmic Medical Technologists,3,0.1396,0.075,0.1521,1
29-1141.03,29-1213.00,Critical Care Nurses,Dermatologists,3,0.1396,0.0682,0.1258,1
29-1216.00,29-2033.00,General Internal Medicine Physicians,Nuclear Medicine Technologists,3,0.1396,0.075,0.1373,1
29-1216.00,29-2053.00,General Internal Medicine Physicians,Psychiatric Technicians,3,0.1396,0.075,0.1492,1
29-2053.00,29-9021.00,Psychiatric Technicians,Health Information Technologists and Medical Registrars,3,0.1396,0.075,0.0,1
17-3022.00,17-3026.00,Civil Engineering Technologists and Technicians,Industrial Engineering Technologists and Technicians,3,0.1393,0.0714,0.1283,1
19-2042.00,19-3041.00,"Geoscientists, Except Hydrologists and Geographers",Sociologists,3,0.1393,0.0714,0.1547,1
19-3041.00,19-4042.00,Sociologists,"Environmental Science and Protection Technicians, Including Health",3,0.1393,0.0714,0.1327,1
29-1129.01,29-1229.02,Art Therapists,Hospitalists,3,0.1393,0.0714,0.143,1
29-1129.01,29-1229.03,Art Therapists,Urologists,3,0.1393,0.0714,0.1438,1
29-1292.00,29-2032.00,Dental Hygienists,Diagnostic Medical Sonographers,3,0.1391,0.0698,0.1541,1
29-1292.00,29-2036.00,Dental Hygienists,Medical Dosimetrists,3,0.1391,0.0698,0.1088,1
29-2072.00,29-9099.01,Medical Records Specialists,Midwives,3,0.1391,0.0698,0.1383,1
15-1254.00,15-2031.00,Web Developers,Operations Research Analysts,3,0.1387,0.0732,0.1378,1
19-1041.00,25-1041.00,Epidemiologists,"Agricultural Sciences Teachers, Postsecondary",3,0.1387,0.0732,0.1374,0
19-1041.00,25-1062.00,Epidemiologists,"Area, Ethnic, and Cultural Studies Teachers, Postsecondary",3,0.1387,0.0732,0.1305,0
29-1129.02,29-2081.00,Music Therapists,"Opticians, Dispensing",3,0.1387,0.0732,0.1391,1
29-1223.00,29-9091.00,Psychiatrists,Athletic Trainers,3,0.1387,0.0732,0.1225,1
29-1224.00,29-9091.00,Radiologists,Athletic Trainers,4,0.1387,0.0741,0.1795,1
29-1229.01,29-9091.00,Allergists and Immunologists,Athletic Trainers,3,0.1387,0.0732,0.1002,1
29-1123.00,29-2032.00,Physical Therapists,Diagnostic Medical Sonographers,4,0.1383,0.0741,0.145,1
29-1123.00,29-2036.00,Physical Therapists,Medical Dosimetrists,4,0.1383,0.0741,0.108,1
29-1126.00,29-9099.01,Respiratory Therapists,Midwives,4,0.1383,0.0741,0.159,1
29-1141.04,29-2032.00,Clinical Nurse Specialists,Diagnostic Medical Sonographers,4,0.1383,0.0741,0.1466,1
29-1141.04,29-2036.00,Clinical Nurse Specialists,Medical Dosimetrists,4,0.1383,0.0741,0.1283,1
29-1031.00,29-1229.06,Dietitians and Nutritionists,Sports Medicine Physicians,4,0.138,0.0741,0.1702,1
29-1031.00,29-2034.00,Dietitians and Nutritionists,Radiologic Technologists and Technicians,4,0.138,0.0741,0.1459,1
17-2199.06,17-3024.00,Microsystems Engineers,Electro-Mechanical and Mechatronics Technologists and Technicians,4,0.1379,0.0741,0.1582,1
19-2042.00,19-4042.00,"Geoscientists, Except Hydrologists and Geographers","Environmental Science and Protection Technicians, Including Health",4,0.1379,0.0741,0.1251,1
17-2111.00,17-3026.01,"Health and Safety Engineers, Except Mining Safety Engineers and Inspectors",Nanotechnology Engineering Technologists and Technicians,3,0.1376,0.0732,0.1557,1
17-2112.01,17-2171.00,Human Factors Engineers and Ergonomists,Petroleum Engineers,3,0.1376,0.0732,0.1283,1
17-2171.00,17-3026.01,Petroleum Engineers,Nanotechnology Engineering Technologists and Technicians,3,0.1376,0.0732,0.1428,1
19-1023.00,19-1029.02,Zoologists and Wildlife Biologists,Molecular and Cellular Biologists,3,0.1376,0.0732,0.1535,1
29-1128.00,29-1222.00,Exercise Physiologists,"Physicians, Pathologists",3,0.1376,0.0732,0.093,1
29-1131.00,29-1214.00,Veterinarians,Emergency Medicine Physicians,3,0.1376,0.0732,0.1588,1
29-1212.00,29-1222.00,Cardiologists,"Physicians, Pathologists",3,0.1376,0.0732,0.0,1
29-1222.00,29-2035.00,"Physicians, Pathologists",Magnetic Resonance Imaging Technologists,3,0.1376,0.0732,0.1351,1
29-2035.00,29-2051.00,Magnetic Resonance Imaging Technologists,Dietetic Technicians,3,0.1376,0.0732,0.1318,1
17-1011.00,17-2112.03,"Architects, Except Landscape and Naval",Manufacturing Engineers,3,0.1375,0.0714,0.0883,1
17-1011.00,17-2141.01,"Architects, Except Landscape and Naval",Fuel Cell Engineers,3,0.1375,0.0714,0.1169,1
17-2112.03,17-3027.01,Manufacturing Engineers,Automotive Engineering Technicians,3,0.1375,0.0714,0.1289,1
17-2141.01,17-3028.00,Fuel Cell Engineers,Calibration Technologists and Technicians,3,0.1375,0.0714,0.1184,1
19-2011.00,25-1021.00,Astronomers,"Computer Science Teachers, Postsecondary",3,0.1375,0.0714,0.1313,0
19-2011.00,25-1043.00,Astronomers,"Forestry and Conservation Science Teachers, Postsecondary",3,0.1375,0.0714,0.1369,0
19-2011.00,25-1053.00,Astronomers,"Environmental Science Teachers, Postsecondary",3,0.1375,0.0714,0.1405,0
19-2011.00,25-1054.00,Astronomers,"Physics Teachers, Postsecondary",3,0.1375,0.0714,0.1359,0
29-1071.01,29-1229.06,Anesthesiologist Assistants,Sports Medicine Physicians,3,0.1375,0.0714,0.1224,1
29-1122.01,29-2034.00,"Low Vision Therapists, Orientation and Mobility Specialists, and Vision Rehabilitation Therapists",Radiologic Technologists and Technicians,3,0.1375,0.0714,0.1323,1
17-1012.00,17-2141.00,Landscape Architects,Mechanical Engineers,3,0.1369,0.0682,0.116,1
17-2072.01,17-2141.02,Radio Frequency Identification Device Specialists,Automotive Engineers,3,0.1369,0.0732,0.1328,1
19-1029.03,19-1031.00,Geneticists,Conservation Scientists,3,0.1369,0.0732,0.1251,1
19-1029.03,19-2012.00,Geneticists,Physicists,3,0.1369,0.0732,0.1812,1
19-1029.03,19-4099.01,Geneticists,Quality Control Analysts,3,0.1369,0.0732,0.1577,1
19-2012.00,19-4092.00,Physicists,Forensic Science Technicians,3,0.1369,0.0732,0.188,1
19-2099.01,19-4092.00,Remote Sensing Scientists and Technologists,Forensic Science Technicians,3,0.1369,0.0732,0.167,1
19-3091.00,19-4051.02,Anthropologists and Archeologists,Nuclear Monitoring Technicians,3,0.1369,0.0698,0.1364,1
19-4099.01,19-4099.03,Quality Control Analysts,Remote Sensing Technicians,3,0.1369,0.0732,0.1578,1
29-1224.00,29-2072.00,Radiologists,Medical Records Specialists,3,0.1369,0.0682,0.1676,1
17-2051.02,17-2072.00,Water/Wastewater Engineers,"Electronics Engineers, Except Computer",3,0.1365,0.0732,0.1784,1
17-2051.02,17-3029.08,Water/Wastewater Engineers,Photonics Technicians,3,0.1365,0.0732,0.1322,1
17-2072.00,17-2199.07,"Electronics Engineers, Except Computer",Photonics Engineers,3,0.1365,0.0732,0.1634,1
17-2072.00,17-2199.09,"Electronics Engineers, Except Computer",Nanosystems Engineers,3,0.1365,0.0732,0.156,1
17-2112.00,17-3029.08,Industrial Engineers,Photonics Technicians,3,0.1365,0.0732,0.1339,1
17-2199.09,17-3029.08,Nanosystems Engineers,Photonics Technicians,3,0.1365,0.0732,0.1416,1
29-1161.00,29-2012.00,Nurse Midwives,Medical and Clinical Laboratory Technicians,3,0.1365,0.0732,0.1201,1
29-1161.00,29-2033.00,Nurse Midwives,Nuclear Medicine Technologists,3,0.1365,0.0732,0.1352,1
29-1161.00,29-2099.05,Nurse Midwives,Ophthalmic Medical Technologists,3,0.1365,0.0732,0.1533,1
29-1217.00,29-2012.00,Neurologists,Medical and Clinical Laboratory Technicians,3,0.1365,0.0732,0.121,1
29-1217.00,29-2033.00,Neurologists,Nuclear Medicine Technologists,3,0.1365,0.0732,0.1076,1
29-1221.00,29-2033.00,"Pediatricians, General",Nuclear Medicine Technologists,3,0.1365,0.0732,0.142,1
15-1232.00,29-9021.00,Computer User Support Specialists,Health Information Technologists and Medical Registrars,3,0.1364,0.0732,0.0,0
11-9111.00,15-1299.04,Medical and Health Services Managers,Penetration Testers,3,0.1361,0.0714,0.1141,0
15-1255.00,15-1299.09,Web and Digital Interface Designers,Information Technology Project Managers,3,0.1361,0.0714,0.1452,1
17-2021.00,17-3027.00,Agricultural Engineers,Mechanical Engineering Technologists and Technicians,3,0.1361,0.0714,0.1565,1
19-1029.04,19-4031.00,Biologists,Chemical Technicians,3,0.1361,0.0714,0.1239,1
19-2021.00,19-4031.00,Atmospheric and Space Scientists,Chemical Technicians,3,0.1361,0.0714,0.1491,1
29-1126.00,29-2081.00,Respiratory Therapists,"Opticians, Dispensing",3,0.1361,0.0714,0.139,1
29-1151.00,29-2081.00,Nurse Anesthetists,"Opticians, Dispensing",3,0.1361,0.0714,0.122,1
29-1171.00,29-2099.01,Nurse Practitioners,Neurodiagnostic Technologists,3,0.1361,0.0714,0.1301,1
29-1124.00,29-9099.01,Radiation Therapists,Midwives,4,0.1358,0.0727,0.1501,1
19-1031.03,19-2043.00,Park Naturalists,Hydrologists,4,0.1356,0.0727,0.1273,1
29-1031.00,29-1129.01,Dietitians and Nutritionists,Art Therapists,4,0.1356,0.0727,0.1608,1
15-1241.00,15-1299.07,Computer Network Architects,Blockchain Engineers,3,0.1355,0.0652,0.1496,1
29-2043.00,29-2056.00,Paramedics,Veterinary Technologists and Technicians,3,0.1355,0.0652,0.1377,1
17-1011.00,17-2071.00,"Architects, Except Landscape and Naval",Electrical Engineers,3,0.1351,0.0698,0.1504,1
17-1011.00,17-3026.00,"Architects, Except Landscape and Naval",Industrial Engineering Technologists and Technicians,3,0.1351,0.0698,0.1133,1
17-2061.00,17-2071.00,Computer Hardware Engineers,Electrical Engineers,3,0.1351,0.0698,0.1284,1
17-2199.06,17-3027.01,Microsystems Engineers,Automotive Engineering Technicians,3,0.1351,0.0698,0.0982,1
17-3026.00,17-3028.00,Industrial Engineering Technologists and Technicians,Calibration Technologists and Technicians,3,0.1351,0.0698,0.1311,1
19-2011.00,25-1022.00,Astronomers,"Mathematical Science Teachers, Postsecondary",3,0.1351,0.0698,0.1228,0
19-2011.00,25-1032.00,Astronomers,"Engineering Teachers, Postsecondary",3,0.1351,0.0698,0.131,0
19-2011.00,25-1051.00,Astronomers,"Atmospheric, Earth, Marine, and Space Sciences Teachers, Postsecondary",3,0.1351,0.0698,0.1326,0
19-2011.00,25-1064.00,Astronomers,"Geography Teachers, Postsecondary",3,0.1351,0.0698,0.1336,0
19-2042.00,19-4012.01,"Geoscientists, Except Hydrologists and Geographers",Precision Agriculture Technicians,3,0.1351,0.0698,0.1649,1
19-4012.01,19-4042.00,Precision Agriculture Technicians,"Environmental Science and Protection Technicians, Including Health",3,0.1351,0.0698,0.1542,1
17-2051.01,17-3012.00,Transportation Engineers,Electrical and Electronics Drafters,3,0.135,0.0714,0.1711,1
17-2051.01,17-3031.00,Transportation Engineers,Surveying and Mapping Technicians,3,0.135,0.0714,0.1346,1
29-1021.00,29-1129.02,"Dentists, General",Music Therapists,3,0.135,0.0714,0.1267,1
29-1214.00,29-9091.00,Emergency Medicine Physicians,Athletic Trainers,3,0.135,0.0714,0.1656,1
29-1241.00,29-9091.00,"Ophthalmologists, Except Pediatric",Athletic Trainers,3,0.135,0.0714,0.0829,1
29-2055.00,29-9091.00,Surgical Technologists,Athletic Trainers,3,0.135,0.0714,0.1241,1
29-1141.03,29-1292.00,Critical Care Nurses,Dental Hygienists,3,0.1348,0.0667,0.1447,1
29-1081.00,29-2032.00,Podiatrists,Diagnostic Medical Sonographers,3,0.1347,0.0682,0.1205,1
29-1229.02,29-2032.00,Hospitalists,Diagnostic Medical Sonographers,3,0.1347,0.0682,0.1278,1
29-1229.03,29-2036.00,Urologists,Medical Dosimetrists,3,0.1347,0.0682,0.1275,1
29-2011.00,29-9099.01,Medical and Clinical Laboratory Technologists,Midwives,3,0.1347,0.0682,0.1316,1
17-2072.01,17-3025.00,Radio Frequency Identification Device Specialists,Environmental Engineering Technologists and Technicians,3,0.1342,0.0714,0.0943,1
17-2111.00,17-2199.08,"Health and Safety Engineers, Except Mining Safety Engineers and Inspectors",Robotics Engineers,3,0.1342,0.0714,0.1581,1
17-2131.00,17-2161.00,Materials Engineers,Nuclear Engineers,3,0.1342,0.0714,0.1503,1
17-2131.00,17-2199.08,Materials Engineers,Robotics Engineers,3,0.1342,0.0714,0.1163,1
19-1029.02,19-4071.00,Molecular and Cellular Biologists,Forest and Conservation Technicians,3,0.1342,0.0714,0.1417,1
19-1029.02,19-4099.03,Molecular and Cellular Biologists,Remote Sensing Technicians,3,0.1342,0.0714,0.1227,1
29-1011.00,29-1128.00,Chiropractors,Exercise Physiologists,3,0.1342,0.0714,0.154,1
29-1128.00,29-1242.00,Exercise Physiologists,"Orthopedic Surgeons, Except Pediatric",3,0.1342,0.0714,0.0,1
29-2011.01,29-2035.00,Cytogenetic Technologists,Magnetic Resonance Imaging Technologists,3,0.1342,0.0714,0.1259,1
15-1241.01,15-1251.00,Telecommunications Engineering Specialists,Computer Programmers,3,0.1336,0.0698,0.1114,1
17-2021.00,17-2141.01,Agricultural Engineers,Fuel Cell Engineers,3,0.1336,0.0698,0.1382,1
19-1041.00,25-1021.00,Epidemiologists,"Computer Science Teachers, Postsecondary",3,0.1336,0.0698,0.13,0
19-1041.00,25-1043.00,Epidemiologists,"Forestry and Conservation Science Teachers, Postsecondary",3,0.1336,0.0698,0.1365,0
19-1041.00,25-1053.00,Epidemiologists,"Environmental Science Teachers, Postsecondary",3,0.1336,0.0698,0.1322,0
19-1041.00,25-1054.00,Epidemiologists,"Physics Teachers, Postsecondary",3,0.1336,0.0698,0.129,0
19-1041.00,25-1067.00,Epidemiologists,"Sociology Teachers, Postsecondary",3,0.1336,0.0698,0.131,0
19-2099.01,19-3011.01,Remote Sensing Scientists and Technologists,Environmental Economists,3,0.1336,0.0714,0.1488,1
19-4021.00,19-4099.01,Biological Technicians,Quality Control Analysts,3,0.1336,0.0714,0.1543,1
19-4061.00,19-4099.01,Social Science Research Assistants,Quality Control Analysts,3,0.1336,0.0714,0.1308,1
29-1124.00,29-1215.00,Radiation Therapists,Family Medicine Physicians,3,0.1336,0.0698,0.1101,1
29-1124.00,29-1223.00,Radiation Therapists,Psychiatrists,3,0.1336,0.0698,0.1319,1
29-1211.00,29-2099.05,Anesthesiologists,Ophthalmic Medical Technologists,3,0.1336,0.0714,0.1458,1
29-1224.00,29-2061.00,Radiologists,Licensed Practical and Licensed Vocational Nurses,4,0.1336,0.0714,0.1281,1
29-1229.01,29-2061.00,Allergists and Immunologists,Licensed Practical and Licensed Vocational Nurses,3,0.1336,0.0698,0.1459,1
29-2012.00,29-9092.00,Medical and Clinical Laboratory Technicians,Genetic Counselors,3,0.1336,0.0714,0.1173,1
29-2034.00,29-2081.00,Radiologic Technologists and Technicians,"Opticians, Dispensing",3,0.1336,0.0698,0.1204,1
15-1299.08,15-2041.00,Computer Systems Engineers/Architects,Statisticians,3,0.1328,0.0682,0.107,1
19-2011.00,19-2043.00,Astronomers,Hydrologists,3,0.1328,0.0682,0.1358,1
19-2043.00,19-3022.00,Hydrologists,Survey Researchers,3,0.1328,0.0682,0.152,1
29-1181.00,29-2056.00,Audiologists,Veterinary Technologists and Technicians,4,0.1326,0.0702,0.1131,1
15-1211.01,15-1255.00,Health Informatics Specialists,Web and Digital Interface Designers,3,0.1325,0.0698,0.1095,1
17-2081.00,17-2112.02,Environmental Engineers,Validation Engineers,3,0.1325,0.0698,0.1266,1
17-3027.00,17-3031.00,Mechanical Engineering Technologists and Technicians,Surveying and Mapping Technicians,3,0.1325,0.0698,0.1329,1
19-1023.00,19-2041.03,Zoologists and Wildlife Biologists,Industrial Ecologists,3,0.1325,0.0698,0.177,1
29-1021.00,29-2031.00,"Dentists, General",Cardiovascular Technologists and Technicians,3,0.1325,0.0698,0.137,1
29-1123.00,29-1222.00,Physical Therapists,"Physicians, Pathologists",3,0.1325,0.0698,0.1075,1
29-1126.00,29-1214.00,Respiratory Therapists,Emergency Medicine Physicians,3,0.1325,0.0698,0.1355,1
29-1126.00,29-1222.00,Respiratory Therapists,"Physicians, Pathologists",3,0.1325,0.0698,0.1375,1
29-1126.00,29-1241.00,Respiratory Therapists,"Ophthalmologists, Except Pediatric",3,0.1325,0.0698,0.1213,1
29-1126.00,29-2051.00,Respiratory Therapists,Dietetic Technicians,3,0.1325,0.0698,0.1293,1
29-1171.00,29-2051.00,Nurse Practitioners,Dietetic Technicians,3,0.1325,0.0698,0.1258,1
29-1214.00,29-9093.00,Emergency Medicine Physicians,Surgical Assistants,3,0.1325,0.0698,0.1322,1
29-1222.00,29-2031.00,"Physicians, Pathologists",Cardiovascular Technologists and Technicians,3,0.1325,0.0698,0.1326,1
29-1241.00,29-2031.00,"Ophthalmologists, Except Pediatric",Cardiovascular Technologists and Technicians,3,0.1325,0.0698,0.1223,1
29-1241.00,29-9093.00,"Ophthalmologists, Except Pediatric",Surgical Assistants,3,0.1325,0.0698,0.1389,1
29-2031.00,29-2051.00,Cardiovascular Technologists and Technicians,Dietetic Technicians,3,0.1325,0.0698,0.129,1
29-1141.00,29-2057.00,Registered Nurses,Ophthalmic Medical Technicians,3,0.1318,0.0625,0.1492,1
15-1211.00,15-1299.06,Computer Systems Analysts,Digital Forensics Analysts,3,0.1316,0.0698,0.083,1
15-1253.00,15-1299.06,Software Quality Assurance Analysts and Testers,Digital Forensics Analysts,3,0.1316,0.0698,0.1027,1
17-2051.01,17-2199.08,Transportation Engineers,Robotics Engineers,3,0.1316,0.0698,0.1347,1
29-1011.00,29-1127.00,Chiropractors,Speech-Language Pathologists,3,0.1316,0.0698,0.1317,1
29-1129.02,29-2011.01,Music Therapists,Cytogenetic Technologists,3,0.1316,0.0698,0.1357,1
15-1299.04,17-3024.00,Penetration Testers,Electro-Mechanical and Mechatronics Technologists and Technicians,3,0.1313,0.0682,0.0883,0
17-2021.00,17-3024.00,Agricultural Engineers,Electro-Mechanical and Mechatronics Technologists and Technicians,3,0.1313,0.0682,0.1189,1
17-3024.01,17-3026.00,Robotics Technicians,Industrial Engineering Technologists and Technicians,3,0.1313,0.0682,0.1207,1
19-1041.00,25-1022.00,Epidemiologists,"Mathematical Science Teachers, Postsecondary",3,0.1313,0.0682,0.1171,0
19-1041.00,25-1032.00,Epidemiologists,"Engineering Teachers, Postsecondary",3,0.1313,0.0682,0.1584,0
19-1041.00,25-1051.00,Epidemiologists,"Atmospheric, Earth, Marine, and Space Sciences Teachers, Postsecondary",3,0.1313,0.0682,0.1258,0
19-1041.00,25-1064.00,Epidemiologists,"Geography Teachers, Postsecondary",3,0.1313,0.0682,0.1366,0
29-1129.01,29-1229.01,Art Therapists,Allergists and Immunologists,3,0.1313,0.0682,0.1436,1
29-1129.01,29-2081.00,Art Therapists,"Opticians, Dispensing",3,0.1313,0.0682,0.1394,1
29-1031.00,29-9099.01,Dietitians and Nutritionists,Midwives,4,0.1312,0.0702,0.1578,1
15-1243.00,15-1299.05,Database Architects,Information Security Engineers,3,0.1309,0.0698,0.1312,1
17-2111.00,17-2112.00,"Health and Safety Engineers, Except Mining Safety Engineers and Inspectors",Industrial Engineers,3,0.1309,0.0698,0.1458,1
17-2111.00,17-2199.07,"Health and Safety Engineers, Except Mining Safety Engineers and Inspectors",Photonics Engineers,3,0.1309,0.0698,0.1512,1
17-2112.00,17-3025.00,Industrial Engineers,Environmental Engineering Technologists and Technicians,3,0.1309,0.0698,0.1467,1
17-2131.00,17-2199.09,Materials Engineers,Nanosystems Engineers,3,0.1309,0.0698,0.1446,1
17-2151.00,17-2199.07,"Mining and Geological Engineers, Including Mining Safety Engineers",Photonics Engineers,3,0.1309,0.0698,0.1183,1
17-2151.00,17-2199.09,"Mining and Geological Engineers, Including Mining Safety Engineers",Nanosystems Engineers,3,0.1309,0.0698,0.1421,1
19-1013.00,19-1029.02,Soil and Plant Scientists,Molecular and Cellular Biologists,3,0.1309,0.0698,0.1555,1
19-4021.00,19-4043.00,Biological Technicians,"Geological Technicians, Except Hydrologic Technicians",3,0.1309,0.0698,0.1275,1
29-1128.00,29-1299.01,Exercise Physiologists,Naturopathic Physicians,3,0.1309,0.0698,0.1451,1
29-1128.00,29-2053.00,Exercise Physiologists,Psychiatric Technicians,3,0.1309,0.0698,0.1335,1
29-1131.00,29-2012.00,Veterinarians,Medical and Clinical Laboratory Technicians,3,0.1309,0.0698,0.1282,1
29-1131.00,29-2033.00,Veterinarians,Nuclear Medicine Technologists,3,0.1309,0.0698,0.1107,1
29-1218.00,29-2035.00,Obstetricians and Gynecologists,Magnetic Resonance Imaging Technologists,3,0.1309,0.0698,0.1445,1
29-2056.00,29-2072.00,Veterinary Technologists and Technicians,Medical Records Specialists,3,0.1309,0.0638,0.1218,1
19-2011.00,25-1042.00,Astronomers,"Biological Science Teachers, Postsecondary",3,0.1307,0.0667,0.1303,0
19-2011.00,25-1061.00,Astronomers,"Anthropology and Archeology Teachers, Postsecondary",3,0.1307,0.0667,0.135,0
19-2011.00,25-1072.00,Astronomers,"Nursing Instructors and Teachers, Postsecondary",3,0.1307,0.0667,0.132,0
19-1031.00,19-4012.00,Conservation Scientists,Agricultural Technicians,3,0.1306,0.0698,0.1382,1
19-1032.00,19-4012.00,Foresters,Agricultural Technicians,3,0.1306,0.0698,0.1297,1
19-2099.01,19-3033.00,Remote Sensing Scientists and Technologists,Clinical and Counseling Psychologists,3,0.1306,0.0698,0.1611,1
29-1141.03,29-1229.05,Critical Care Nurses,Preventive Medicine Physicians,3,0.1306,0.0652,0.1246,1
29-1141.03,29-2011.00,Critical Care Nurses,Medical and Clinical Laboratory Technologists,3,0.1306,0.0652,0.1301,1
29-9021.00,29-9092.00,Health Information Technologists and Medical Registrars,Genetic Counselors,3,0.1306,0.0698,0.0,1
17-2072.00,17-3029.08,"Electronics Engineers, Except Computer",Photonics Technicians,3,0.1304,0.0698,0.1254,1
17-3011.00,17-3029.08,Architectural and Civil Drafters,Photonics Technicians,3,0.1304,0.0698,0.1134,1
17-2112.01,17-2121.00,Human Factors Engineers and Ergonomists,Marine Engineers and Naval Architects,3,0.1301,0.0682,0.1101,1
17-2121.00,17-3031.00,Marine Engineers and Naval Architects,Surveying and Mapping Technicians,3,0.1301,0.0682,0.1463,1
17-2141.01,17-3012.00,Fuel Cell Engineers,Electrical and Electronics Drafters,3,0.1301,0.0682,0.1326,1
17-3023.00,17-3031.00,Electrical and Electronic Engineering Technologists and Technicians,Surveying and Mapping Technicians,3,0.1301,0.0682,0.1331,1
29-1021.00,29-2034.00,"Dentists, General",Radiologic Technologists and Technicians,3,0.1301,0.0682,0.1339,1
29-1141.01,29-2055.00,Acute Care Nurses,Surgical Technologists,3,0.1301,0.0682,0.1295,1
29-1141.04,29-2056.00,Clinical Nurse Specialists,Veterinary Technologists and Technicians,4,0.1301,0.069,0.1243,1
29-1214.00,29-2061.00,Emergency Medicine Physicians,Licensed Practical and Licensed Vocational Nurses,3,0.1301,0.0682,0.1397,1
29-1222.00,29-2061.00,"Physicians, Pathologists",Licensed Practical and Licensed Vocational Nurses,3,0.1301,0.0682,0.1245,1
29-1241.00,29-2034.00,"Ophthalmologists, Except Pediatric",Radiologic Technologists and Technicians,3,0.1301,0.0682,0.1129,1
15-1299.04,15-1299.08,Penetration Testers,Computer Systems Engineers/Architects,3,0.1291,0.0667,0.1365,1
15-1299.08,15-2031.00,Computer Systems Engineers/Architects,Operations Research Analysts,3,0.1291,0.0667,0.1125,1
17-2072.01,17-3027.00,Radio Frequency Identification Device Specialists,Mechanical Engineering Technologists and Technicians,3,0.1291,0.0682,0.1453,1
17-2161.00,17-3027.00,Nuclear Engineers,Mechanical Engineering Technologists and Technicians,3,0.1291,0.0682,0.1343,1
19-1029.03,19-2041.03,Geneticists,Industrial Ecologists,3,0.1291,0.0682,0.1073,1
19-1029.04,19-4071.00,Biologists,Forest and Conservation Technicians,3,0.1291,0.0682,0.1215,1
19-1029.04,19-4099.03,Biologists,Remote Sensing Technicians,3,0.1291,0.0682,0.0284,1
19-2021.00,19-4092.00,Atmospheric and Space Scientists,Forensic Science Technicians,3,0.1291,0.0682,0.1402,1
19-2021.00,19-4099.03,Atmospheric and Space Scientists,Remote Sensing Technicians,3,0.1291,0.0682,0.0768,1
19-2041.03,19-4071.00,Industrial Ecologists,Forest and Conservation Technicians,3,0.1291,0.0682,0.1009,1
19-2041.03,19-4099.03,Industrial Ecologists,Remote Sensing Technicians,3,0.1291,0.0682,0.0955,1
19-2043.00,19-4031.00,Hydrologists,Chemical Technicians,3,0.1291,0.0667,0.1315,1
19-3091.00,19-4031.00,Anthropologists and Archeologists,Chemical Technicians,3,0.1291,0.0667,0.1333,1
29-1031.00,29-1223.00,Dietitians and Nutritionists,Psychiatrists,3,0.1291,0.0667,0.1239,1
29-1123.00,29-2011.01,Physical Therapists,Cytogenetic Technologists,3,0.1291,0.0682,0.1191,1
29-1126.00,29-1242.00,Respiratory Therapists,"Orthopedic Surgeons, Except Pediatric",3,0.1291,0.0682,0.0,1
29-1242.00,29-9093.00,"Orthopedic Surgeons, Except Pediatric",Surgical Assistants,3,0.1291,0.0682,0.0,1
29-2011.01,29-2031.00,Cytogenetic Technologists,Cardiovascular Technologists and Technicians,3,0.1291,0.0682,0.1204,1
17-1011.00,17-2141.00,"Architects, Except Landscape and Naval",Mechanical Engineers,3,0.1286,0.0652,0.1047,1
29-1122.01,29-1224.00,"Low Vision Therapists, Orientation and Mobility Specialists, and Vision Rehabilitation Therapists",Radiologists,3,0.1286,0.0652,0.1515,1
15-1211.00,15-2041.01,Computer Systems Analysts,Biostatisticians,3,0.1284,0.0682,0.1142,1
15-1242.00,15-1244.00,Database Administrators,Network and Computer Systems Administrators,3,0.1284,0.0682,0.172,1
15-1244.00,15-1299.05,Network and Computer Systems Administrators,Information Security Engineers,3,0.1284,0.0682,0.137,1
15-1244.00,15-2041.01,Network and Computer Systems Administrators,Biostatisticians,3,0.1284,0.0682,0.0941,1
15-1253.00,15-2041.01,Software Quality Assurance Analysts and Testers,Biostatisticians,3,0.1284,0.0682,0.1267,1
15-1254.00,15-1299.05,Web Developers,Information Security Engineers,3,0.1284,0.0682,0.078,1
15-1254.00,15-2041.01,Web Developers,Biostatisticians,3,0.1284,0.0682,0.1613,1
29-1127.00,29-1299.01,Speech-Language Pathologists,Naturopathic Physicians,3,0.1284,0.0682,0.1243,1
29-1127.00,29-2053.00,Speech-Language Pathologists,Psychiatric Technicians,3,0.1284,0.0682,0.1443,1
29-1129.02,29-2033.00,Music Therapists,Nuclear Medicine Technologists,3,0.1284,0.0682,0.121,1
29-1181.00,29-2012.00,Audiologists,Medical and Clinical Laboratory Technicians,3,0.1284,0.0682,0.1257,1
29-1181.00,29-2033.00,Audiologists,Nuclear Medicine Technologists,3,0.1284,0.0682,0.119,1
29-1181.00,29-2052.00,Audiologists,Pharmacy Technicians,3,0.1284,0.0682,0.1247,1
29-1181.00,29-2099.05,Audiologists,Ophthalmic Medical Technologists,3,0.1284,0.0682,0.1527,1
29-1299.01,29-9091.00,Naturopathic Physicians,Athletic Trainers,3,0.1284,0.0682,0.1169,1
29-2099.05,29-9091.00,Ophthalmic Medical Technologists,Athletic Trainers,3,0.1284,0.0682,0.1078,1
15-1231.00,15-1243.00,Computer Network Support Specialists,Database Architects,3,0.1279,0.0682,0.1098,1
15-1299.02,29-9021.00,Geographic Information Systems Technologists and Technicians,Health Information Technologists and Medical Registrars,3,0.1279,0.0682,0.0,0
19-1029.02,19-3033.00,Molecular and Cellular Biologists,Clinical and Counseling Psychologists,3,0.1279,0.0682,0.1703,1
19-3033.00,19-4043.00,Clinical and Counseling Psychologists,"Geological Technicians, Except Hydrologic Technicians",3,0.1279,0.0682,0.1618,1
29-1122.00,29-1131.00,Occupational Therapists,Veterinarians,3,0.1279,0.0682,0.1114,1
29-1122.00,29-2035.00,Occupational Therapists,Magnetic Resonance Imaging Technologists,3,0.1279,0.0682,0.1225,1
29-1128.00,29-1141.02,Exercise Physiologists,Advanced Practice Psychiatric Nurses,3,0.1279,0.0682,0.1387,1
29-1128.00,29-1243.00,Exercise Physiologists,Pediatric Surgeons,3,0.1279,0.0682,0.0,1
29-1128.00,29-9021.00,Exercise Physiologists,Health Information Technologists and Medical Registrars,3,0.1279,0.0682,0.0,1
29-1141.02,29-2035.00,Advanced Practice Psychiatric Nurses,Magnetic Resonance Imaging Technologists,3,0.1279,0.0682,0.1214,1
29-1243.00,29-2035.00,Pediatric Surgeons,Magnetic Resonance Imaging Technologists,3,0.1279,0.0682,0.0,1
17-3012.00,17-3024.00,Electrical and Electronics Drafters,Electro-Mechanical and Mechatronics Technologists and Technicians,3,0.1278,0.0667,0.1314,1
17-3012.00,17-3026.00,Electrical and Electronics Drafters,Industrial Engineering Technologists and Technicians,3,0.1278,0.0667,0.107,1
19-3032.00,19-4042.00,Industrial-Organizational Psychologists,"Environmental Science and Protection Technicians, Including Health",3,0.1278,0.0667,0.1393,1
29-1051.00,29-1214.00,Pharmacists,Emergency Medicine Physicians,3,0.1278,0.0667,0.1351,1
29-1051.00,29-2051.00,Pharmacists,Dietetic Technicians,3,0.1278,0.0667,0.1155,1
19-2041.02,19-2099.01,Environmental Restoration Planners,Remote Sensing Scientists and Technologists,3,0.1277,0.0682,0.1299,1
29-1141.00,29-1292.00,Registered Nurses,Dental Hygienists,3,0.1273,0.0612,0.1156,1
29-1031.00,29-1141.03,Dietitians and Nutritionists,Critical Care Nurses,4,0.1271,0.0678,0.1279,1
19-1041.00,25-1042.00,Epidemiologists,"Biological Science Teachers, Postsecondary",3,0.127,0.0652,0.116,0
19-1041.00,25-1061.00,Epidemiologists,"Anthropology and Archeology Teachers, Postsecondary",3,0.127,0.0652,0.1349,0
19-1041.00,25-1072.00,Epidemiologists,"Nursing Instructors and Teachers, Postsecondary",3,0.127,0.0652,0.1126,0
29-1215.00,29-2036.00,Family Medicine Physicians,Medical Dosimetrists,3,0.127,0.0652,0.086,1
29-1223.00,29-2036.00,Psychiatrists,Medical Dosimetrists,3,0.127,0.0652,0.1118,1
29-1229.01,29-2036.00,Allergists and Immunologists,Medical Dosimetrists,3,0.127,0.0652,0.1017,1
29-2036.00,29-2081.00,Medical Dosimetrists,"Opticians, Dispensing",3,0.127,0.0652,0.1149,1
17-2072.01,17-2121.00,Radio Frequency Identification Device Specialists,Marine Engineers and Naval Architects,3,0.1268,0.0667,0.1322,1
17-2072.01,17-2141.01,Radio Frequency Identification Device Specialists,Fuel Cell Engineers,3,0.1268,0.0667,0.1152,1
17-2161.00,17-3023.00,Nuclear Engineers,Electrical and Electronic Engineering Technologists and Technicians,3,0.1268,0.0667,0.119,1
29-1141.01,29-2011.01,Acute Care Nurses,Cytogenetic Technologists,3,0.1268,0.0667,0.1224,1
29-2011.01,29-2061.00,Cytogenetic Technologists,Licensed Practical and Licensed Vocational Nurses,3,0.1268,0.0667,0.128,1
15-1299.01,15-2041.00,Web Administrators,Statisticians,3,0.1267,0.0638,0.0919,1
15-1242.00,15-1255.00,Database Administrators,Web and Digital Interface Designers,3,0.126,0.0667,0.1164,1
15-1255.00,15-1299.05,Web and Digital Interface Designers,Information Security Engineers,3,0.126,0.0667,0.1197,1
15-1255.00,15-2051.02,Web and Digital Interface Designers,Clinical Data Managers,3,0.126,0.0667,0.1138,1
15-2041.01,19-1029.04,Biostatisticians,Biologists,3,0.126,0.0667,0.1454,0
17-2199.07,17-3027.00,Photonics Engineers,Mechanical Engineering Technologists and Technicians,3,0.126,0.0667,0.0921,1
19-1013.00,19-2021.00,Soil and Plant Scientists,Atmospheric and Space Scientists,3,0.126,0.0667,0.1671,1
19-1029.04,19-3099.01,Biologists,Transportation Planners,3,0.126,0.0667,0.1284,1
19-1029.04,19-4021.00,Biologists,Biological Technicians,3,0.126,0.0667,0.1332,1
19-2041.03,19-3099.01,Industrial Ecologists,Transportation Planners,3,0.126,0.0667,0.1091,1
19-2041.03,19-4061.00,Industrial Ecologists,Social Science Research Assistants,3,0.126,0.0667,0.1151,1
29-1141.04,29-2033.00,Clinical Nurse Specialists,Nuclear Medicine Technologists,3,0.126,0.0667,0.1169,1
29-1171.00,29-2053.00,Nurse Practitioners,Psychiatric Technicians,3,0.126,0.0667,0.1259,1
29-1218.00,29-9093.00,Obstetricians and Gynecologists,Surgical Assistants,3,0.126,0.0667,0.1368,1
29-1299.01,29-2031.00,Naturopathic Physicians,Cardiovascular Technologists and Technicians,3,0.126,0.0667,0.1537,1
29-1299.01,29-9093.00,Naturopathic Physicians,Surgical Assistants,3,0.126,0.0667,0.1007,1
29-2031.00,29-2052.00,Cardiovascular Technologists and Technicians,Pharmacy Technicians,3,0.126,0.0667,0.1305,1
29-2033.00,29-9093.00,Nuclear Medicine Technologists,Surgical Assistants,3,0.126,0.0667,0.1281,1
29-2052.00,29-9093.00,Pharmacy Technicians,Surgical Assistants,3,0.126,0.0667,0.1362,1
19-1023.00,19-2043.00,Zoologists and Wildlife Biologists,Hydrologists,3,0.1257,0.0652,0.1507,1
19-1023.00,19-3091.00,Zoologists and Wildlife Biologists,Anthropologists and Archeologists,3,0.1257,0.0652,0.1441,1
15-1244.00,29-9021.00,Network and Computer Systems Administrators,Health Information Technologists and Medical Registrars,3,0.1254,0.0667,0.0,0
15-1253.00,29-9021.00,Software Quality Assurance Analysts and Testers,Health Information Technologists and Medical Registrars,3,0.1254,0.0667,0.0,0
15-1254.00,29-9021.00,Web Developers,Health Information Technologists and Medical Registrars,3,0.1254,0.0667,0.0,0
17-2072.00,17-2151.00,"Electronics Engineers, Except Computer","Mining and Geological Engineers, Including Mining Safety Engineers",3,0.1251,0.0667,0.112,1
17-2072.00,17-3025.00,"Electronics Engineers, Except Computer",Environmental Engineering Technologists and Technicians,3,0.1251,0.0667,0.0811,1
17-2111.00,17-3011.00,"Health and Safety Engineers, Except Mining Safety Engineers and Inspectors",Architectural and Civil Drafters,3,0.1251,0.0667,0.1448,1
17-2111.00,17-3029.08,"Health and Safety Engineers, Except Mining Safety Engineers and Inspectors",Photonics Technicians,3,0.1251,0.0667,0.1428,1
17-2131.00,17-3029.08,Materials Engineers,Photonics Technicians,3,0.1251,0.0667,0.1264,1
19-1029.02,19-2041.02,Molecular and Cellular Biologists,Environmental Restoration Planners,3,0.1251,0.0667,0.141,1
19-1029.02,19-3051.00,Molecular and Cellular Biologists,Urban and Regional Planners,3,0.1251,0.0667,0.1075,1
19-2041.02,19-4043.00,Environmental Restoration Planners,"Geological Technicians, Except Hydrologic Technicians",3,0.1251,0.0667,0.0849,1
29-1217.00,29-2035.00,Neurologists,Magnetic Resonance Imaging Technologists,3,0.1251,0.0667,0.1249,1
17-2111.02,17-2141.00,Fire-Prevention and Protection Engineers,Mechanical Engineers,3,0.125,0.0638,0.1067,1
17-2141.00,17-3024.01,Mechanical Engineers,Robotics Technicians,3,0.125,0.0638,0.1254,1
19-2012.00,19-4099.01,Physicists,Quality Control Analysts,3,0.125,0.0667,0.1245,1
19-2011.00,25-1052.00,Astronomers,"Chemistry Teachers, Postsecondary",3,0.1248,0.0625,0.1249,0
17-2161.00,17-3024.00,Nuclear Engineers,Electro-Mechanical and Mechatronics Technologists and Technicians,3,0.1246,0.0652,0.1265,1
19-2042.00,19-3034.00,"Geoscientists, Except Hydrologists and Geographers",School Psychologists,3,0.1246,0.0652,0.1396,1
19-2042.00,19-4071.00,"Geoscientists, Except Hydrologists and Geographers",Forest and Conservation Technicians,3,0.1246,0.0652,0.1256,1
15-1241.01,15-2051.02,Telecommunications Engineering Specialists,Clinical Data Managers,3,0.1237,0.0652,0.1105,1
17-2051.02,17-3023.00,Water/Wastewater Engineers,Electrical and Electronic Engineering Technologists and Technicians,3,0.1237,0.0652,0.1174,1
29-1124.00,29-2012.00,Radiation Therapists,Medical and Clinical Laboratory Technicians,3,0.1237,0.0652,0.1138,1
29-1141.01,29-2033.00,Acute Care Nurses,Nuclear Medicine Technologists,3,0.1237,0.0652,0.1194,1
29-1229.06,29-2033.00,Sports Medicine Physicians,Nuclear Medicine Technologists,3,0.1237,0.0652,0.1264,1
29-1229.06,29-2053.00,Sports Medicine Physicians,Psychiatric Technicians,3,0.1237,0.0652,0.137,1
29-1229.06,29-2099.05,Sports Medicine Physicians,Ophthalmic Medical Technologists,3,0.1237,0.0652,0.1411,1
29-1299.01,29-2034.00,Naturopathic Physicians,Radiologic Technologists and Technicians,3,0.1237,0.0652,0.1374,1
29-2033.00,29-2061.00,Nuclear Medicine Technologists,Licensed Practical and Licensed Vocational Nurses,3,0.1237,0.0652,0.1232,1
29-1021.00,29-2036.00,"Dentists, General",Medical Dosimetrists,3,0.1236,0.0638,0.1424,1
29-1021.00,29-9099.01,"Dentists, General",Midwives,3,0.1236,0.0638,0.1297,1
29-1222.00,29-2036.00,"Physicians, Pathologists",Medical Dosimetrists,3,0.1236,0.0638,0.1022,1
29-2055.00,29-9099.01,Surgical Technologists,Midwives,3,0.1236,0.0638,0.1274,1
15-1299.01,15-1299.04,Web Administrators,Penetration Testers,3,0.1231,0.0625,0.1204,1
29-1122.00,29-9093.00,Occupational Therapists,Surgical Assistants,3,0.1231,0.0652,0.1289,1
29-1126.00,29-1141.02,Respiratory Therapists,Advanced Practice Psychiatric Nurses,3,0.1231,0.0652,0.118,1
29-1126.00,29-1216.00,Respiratory Therapists,General Internal Medicine Physicians,3,0.1231,0.0652,0.1237,1
29-1126.00,29-1243.00,Respiratory Therapists,Pediatric Surgeons,3,0.1231,0.0652,0.0,1
29-1141.02,29-2031.00,Advanced Practice Psychiatric Nurses,Cardiovascular Technologists and Technicians,3,0.1231,0.0652,0.1457,1
29-1141.03,29-2081.00,Critical Care Nurses,"Opticians, Dispensing",3,0.1231,0.0625,0.1205,1
29-1216.00,29-9093.00,General Internal Medicine Physicians,Surgical Assistants,3,0.1231,0.0652,0.1242,1
19-2011.00,25-1066.00,Astronomers,"Psychology Teachers, Postsecondary",3,0.123,0.0612,0.1183,0
15-1299.06,15-1299.08,Digital Forensics Analysts,Computer Systems Engineers/Architects,3,0.1225,0.0638,0.0939,1
17-2141.02,17-3025.00,Automotive Engineers,Environmental Engineering Technologists and Technicians,3,0.1225,0.0652,0.1358,1
19-1029.03,19-2043.00,Geneticists,Hydrologists,3,0.1225,0.0638,0.1629,1
19-1031.00,19-4043.00,Conservation Scientists,"Geological Technicians, Except Hydrologic Technicians",3,0.1225,0.0652,0.0526,1
19-2043.00,19-4071.00,Hydrologists,Forest and Conservation Technicians,3,0.1225,0.0638,0.1379,1
19-2043.00,19-4092.00,Hydrologists,Forensic Science Technicians,3,0.1225,0.0638,0.15,1
19-3091.00,19-4099.03,Anthropologists and Archeologists,Remote Sensing Technicians,3,0.1225,0.0638,0.1252,1
19-4043.00,19-4099.01,"Geological Technicians, Except Hydrologic Technicians",Quality Control Analysts,3,0.1225,0.0652,0.1593,1
29-1031.00,29-2011.01,Dietitians and Nutritionists,Cytogenetic Technologists,3,0.1225,0.0638,0.0925,1
17-2141.00,17-3026.01,Mechanical Engineers,Nanotechnology Engineering Technologists and Technicians,3,0.1217,0.0625,0.1036,1
17-2051.02,17-3024.00,Water/Wastewater Engineers,Electro-Mechanical and Mechatronics Technologists and Technicians,3,0.1216,0.0638,0.1091,1
17-2199.09,17-3024.00,Nanosystems Engineers,Electro-Mechanical and Mechatronics Technologists and Technicians,3,0.1216,0.0638,0.113,1
19-3099.01,19-4042.00,Transportation Planners,"Environmental Science and Protection Technicians, Including Health",3,0.1216,0.0638,0.1267,1
29-1051.00,29-1299.01,Pharmacists,Naturopathic Physicians,3,0.1216,0.0638,0.145,1
29-1051.00,29-2012.00,Pharmacists,Medical and Clinical Laboratory Technicians,3,0.1216,0.0638,0.0968,1
29-1051.00,29-2033.00,Pharmacists,Nuclear Medicine Technologists,3,0.1216,0.0638,0.0996,1
29-1051.00,29-2099.05,Pharmacists,Ophthalmic Medical Technologists,3,0.1216,0.0638,0.1055,1
29-1129.01,29-2033.00,Art Therapists,Nuclear Medicine Technologists,3,0.1216,0.0638,0.1203,1
19-1041.00,25-1052.00,Epidemiologists,"Chemistry Teachers, Postsecondary",3,0.1213,0.0612,0.1175,0
19-3033.00,29-1229.06,Clinical and Counseling Psychologists,Sports Medicine Physicians,3,0.1209,0.0638,0.1291,0
29-1122.00,29-1124.00,Occupational Therapists,Radiation Therapists,3,0.1209,0.0638,0.1018,1
29-1216.00,29-2061.00,General Internal Medicine Physicians,Licensed Practical and Licensed Vocational Nurses,3,0.1209,0.0638,0.1257,1
19-3034.00,25-1072.00,School Psychologists,"Nursing Instructors and Teachers, Postsecondary",3,0.1205,0.0625,0.1204,0
29-2011.01,29-2036.00,Cytogenetic Technologists,Medical Dosimetrists,3,0.1205,0.0625,0.1028,1
17-2031.00,17-3027.00,Bioengineers and Biomedical Engineers,Mechanical Engineering Technologists and Technicians,3,0.1204,0.0638,0.1172,1
19-2021.00,19-3051.00,Atmospheric and Space Scientists,Urban and Regional Planners,3,0.1204,0.0638,0.1017,1
29-1126.00,29-1221.00,Respiratory Therapists,"Pediatricians, General",3,0.1204,0.0638,0.127,1
29-1221.00,29-9093.00,"Pediatricians, General",Surgical Assistants,3,0.1204,0.0638,0.1157,1
17-2051.01,17-2199.05,Transportation Engineers,Mechatronics Engineers,3,0.1201,0.0638,0.1037,1
29-1211.00,29-9091.00,Anesthesiologists,Athletic Trainers,3,0.1201,0.0638,0.0948,1
17-2151.00,17-3025.00,"Mining and Geological Engineers, Including Mining Safety Engineers",Environmental Engineering Technologists and Technicians,3,0.12,0.0638,0.095,1
29-1128.00,29-1131.00,Exercise Physiologists,Veterinarians,3,0.12,0.0638,0.1045,1
29-1131.00,29-2035.00,Veterinarians,Magnetic Resonance Imaging Technologists,3,0.12,0.0638,0.105,1
29-1141.03,29-2055.00,Critical Care Nurses,Surgical Technologists,3,0.1198,0.0612,0.1311,1
19-1013.00,19-3091.00,Soil and Plant Scientists,Anthropologists and Archeologists,3,0.1195,0.0625,0.1225,1
19-1041.00,25-1066.00,Epidemiologists,"Psychology Teachers, Postsecondary",3,0.1195,0.06,0.1166,0
19-2043.00,19-4061.00,Hydrologists,Social Science Research Assistants,3,0.1195,0.0625,0.1309,1
19-3091.00,19-4021.00,Anthropologists and Archeologists,Biological Technicians,3,0.1195,0.0625,0.127,1
29-1031.00,29-2012.00,Dietitians and Nutritionists,Medical and Clinical Laboratory Technicians,3,0.1195,0.0625,0.1217,1
19-1031.03,19-3033.00,Park Naturalists,Clinical and Counseling Psychologists,3,0.1188,0.0625,0.102,1
29-1051.00,29-9021.00,Pharmacists,Health Information Technologists and Medical Registrars,3,0.1188,0.0625,0.0,1
29-1129.01,29-9021.00,Art Therapists,Health Information Technologists and Medical Registrars,3,0.1188,0.0625,0.0,1
17-2072.00,17-2141.01,"Electronics Engineers, Except Computer",Fuel Cell Engineers,3,0.1182,0.0625,0.1441,1
17-2121.00,17-3029.08,Marine Engineers and Naval Architects,Photonics Technicians,3,0.1182,0.0625,0.1191,1
29-1124.00,29-1221.00,Radiation Therapists,"Pediatricians, General",3,0.1182,0.0625,0.1242,1
29-1221.00,29-2061.00,"Pediatricians, General",Licensed Practical and Licensed Vocational Nurses,3,0.1182,0.0625,0.1311,1
19-1029.04,19-1031.00,Biologists,Conservation Scientists,3,0.1179,0.0625,0.1252,1
19-1031.00,19-2021.00,Conservation Scientists,Atmospheric and Space Scientists,3,0.1179,0.0625,0.1117,1
19-2041.03,19-2099.01,Industrial Ecologists,Remote Sensing Scientists and Technologists,3,0.1179,0.0625,0.1237,1
15-1243.00,15-1244.00,Database Architects,Network and Computer Systems Administrators,3,0.1177,0.0625,0.1051,1
29-1129.02,29-2035.00,Music Therapists,Magnetic Resonance Imaging Technologists,3,0.1177,0.0625,0.1227,1
29-1181.00,29-2035.00,Audiologists,Magnetic Resonance Imaging Technologists,3,0.1177,0.0625,0.112,1
29-1212.00,29-9091.00,Cardiologists,Athletic Trainers,3,0.1177,0.0625,0.0,1
15-1299.08,29-9021.00,Computer Systems Engineers/Architects,Health Information Technologists and Medical Registrars,3,0.1168,0.0612,0.0,0
29-1031.00,29-1141.02,Dietitians and Nutritionists,Advanced Practice Psychiatric Nurses,3,0.1168,0.0612,0.1414,1
29-1141.03,29-1242.00,Critical Care Nurses,"Orthopedic Surgeons, Except Pediatric",3,0.1168,0.06,0.0,1
29-1214.00,29-2056.00,Emergency Medicine Physicians,Veterinary Technologists and Technicians,3,0.1163,0.0588,0.1219,1
29-1222.00,29-2056.00,"Physicians, Pathologists",Veterinary Technologists and Technicians,3,0.1163,0.0588,0.1049,1
19-1031.03,19-3051.00,Park Naturalists,Urban and Regional Planners,3,0.1162,0.0612,0.0,1
29-1224.00,29-2012.00,Radiologists,Medical and Clinical Laboratory Technicians,3,0.1157,0.06,0.1313,1
29-1224.00,29-2052.00,Radiologists,Pharmacy Technicians,3,0.1157,0.06,0.0541,1
19-1029.04,19-4043.00,Biologists,"Geological Technicians, Except Hydrologic Technicians",3,0.1155,0.0612,0.0908,1
29-1126.00,29-1131.00,Respiratory Therapists,Veterinarians,3,0.1155,0.0612,0.1035,1
29-1212.00,29-9093.00,Cardiologists,Surgical Assistants,3,0.1155,0.0612,0.0,1
29-2032.00,29-9021.00,Diagnostic Medical Sonographers,Health Information Technologists and Medical Registrars,3,0.1149,0.06,0.0,1
29-1031.00,29-1217.00,Dietitians and Nutritionists,Neurologists,3,0.1142,0.06,0.099,1
19-1032.00,19-4042.00,Foresters,"Environmental Science and Protection Technicians, Including Health",3,0.1137,0.06,0.1143,1
17-2111.00,17-2141.01,"Health and Safety Engineers, Except Mining Safety Engineers and Inspectors",Fuel Cell Engineers,3,0.1134,0.06,0.122,1
17-2121.00,17-2131.00,Marine Engineers and Naval Architects,Materials Engineers,3,0.1134,0.06,0.1131,1
17-2141.01,17-2151.00,Fuel Cell Engineers,"Mining and Geological Engineers, Including Mining Safety Engineers",3,0.1134,0.06,0.1168,1
29-1124.00,29-1128.00,Radiation Therapists,Exercise Physiologists,3,0.1134,0.06,0.1369,1
29-1128.00,29-2034.00,Exercise Physiologists,Radiologic Technologists and Technicians,3,0.1134,0.06,0.1446,1
29-1141.01,29-2035.00,Acute Care Nurses,Magnetic Resonance Imaging Technologists,3,0.1134,0.06,0.1054,1
29-1229.06,29-2035.00,Sports Medicine Physicians,Magnetic Resonance Imaging Technologists,3,0.1134,0.06,0.1031,1
29-1127.00,29-9093.00,Speech-Language Pathologists,Surgical Assistants,3,0.1132,0.06,0.1321,1
29-1141.00,29-2055.00,Registered Nurses,Surgical Technologists,3,0.1131,0.0566,0.1228,1
29-1224.00,29-9021.00,Radiologists,Health Information Technologists and Medical Registrars,3,0.1131,0.0588,0.0,1
19-1032.00,19-2043.00,Foresters,Hydrologists,3,0.1118,0.0588,0.1283,1
19-2043.00,19-4099.01,Hydrologists,Quality Control Analysts,3,0.1118,0.0588,0.1348,1
17-2111.00,17-2199.06,"Health and Safety Engineers, Except Mining Safety Engineers and Inspectors",Microsystems Engineers,3,0.1114,0.0588,0.0788,1
17-2111.00,17-3024.00,"Health and Safety Engineers, Except Mining Safety Engineers and Inspectors",Electro-Mechanical and Mechatronics Technologists and Technicians,3,0.1114,0.0588,0.1344,1
17-2111.00,17-3026.00,"Health and Safety Engineers, Except Mining Safety Engineers and Inspectors",Industrial Engineering Technologists and Technicians,3,0.1114,0.0588,0.1155,1
17-2131.00,17-3024.00,Materials Engineers,Electro-Mechanical and Mechatronics Technologists and Technicians,3,0.1114,0.0588,0.0992,1
17-3024.00,17-3025.00,Electro-Mechanical and Mechatronics Technologists and Technicians,Environmental Engineering Technologists and Technicians,3,0.1114,0.0588,0.1359,1
19-1031.03,19-4043.00,Park Naturalists,"Geological Technicians, Except Hydrologic Technicians",3,0.1114,0.0588,0.0771,1
29-1051.00,29-1212.00,Pharmacists,Cardiologists,3,0.1114,0.0588,0.0,1
29-1051.00,29-2035.00,Pharmacists,Magnetic Resonance Imaging Technologists,3,0.1114,0.0588,0.1022,1
29-1123.00,29-9093.00,Physical Therapists,Surgical Assistants,3,0.1111,0.0588,0.1187,1
29-1141.04,29-9093.00,Clinical Nurse Specialists,Surgical Assistants,3,0.1111,0.0588,0.1258,1
15-1241.00,15-1299.05,Computer Network Architects,Information Security Engineers,3,0.1107,0.0566,0.1227,1
29-1218.00,29-2056.00,Obstetricians and Gynecologists,Veterinary Technologists and Technicians,3,0.1107,0.0566,0.1031,1
17-2141.00,17-3029.08,Mechanical Engineers,Photonics Technicians,3,0.1106,0.0577,0.1019,1
29-1141.00,29-2011.01,Registered Nurses,Cytogenetic Technologists,3,0.1103,0.0556,0.1203,1
19-1029.02,19-2043.00,Molecular and Cellular Biologists,Hydrologists,3,0.1095,0.0577,0.1437,1
29-1141.04,29-2061.00,Clinical Nurse Specialists,Licensed Practical and Licensed Vocational Nurses,3,0.1091,0.0577,0.1201,1
29-1128.00,29-2032.00,Exercise Physiologists,Diagnostic Medical Sonographers,3,0.1078,0.0566,0.127,1
29-1128.00,29-2036.00,Exercise Physiologists,Medical Dosimetrists,3,0.1078,0.0566,0.0903,1
29-2035.00,29-9099.01,Magnetic Resonance Imaging Technologists,Midwives,3,0.1078,0.0566,0.1156,1
29-1031.00,29-1129.02,Dietitians and Nutritionists,Music Therapists,3,0.1074,0.0566,0.1092,1
17-2081.00,17-3024.00,Environmental Engineers,Electro-Mechanical and Mechatronics Technologists and Technicians,3,0.1072,0.0566,0.1002,1
19-2041.03,19-4042.00,Industrial Ecologists,"Environmental Science and Protection Technicians, Including Health",3,0.1072,0.0566,0.0985,1
29-1051.00,29-9093.00,Pharmacists,Surgical Assistants,3,0.1072,0.0566,0.1268,1
29-1129.01,29-9093.00,Art Therapists,Surgical Assistants,3,0.1072,0.0566,0.1247,1
17-2112.03,17-2121.00,Manufacturing Engineers,Marine Engineers and Naval Architects,3,0.1071,0.0566,0.0846,1
29-1124.00,29-1141.01,Radiation Therapists,Acute Care Nurses,3,0.1071,0.0566,0.1071,1
29-1124.00,29-1229.06,Radiation Therapists,Sports Medicine Physicians,3,0.1071,0.0566,0.1002,1
29-1127.00,29-2036.00,Speech-Language Pathologists,Medical Dosimetrists,3,0.1057,0.0556,0.0974,1
29-1221.00,29-2056.00,"Pediatricians, General",Veterinary Technologists and Technicians,3,0.1057,0.0545,0.1119,1
19-1029.04,19-3091.00,Biologists,Anthropologists and Archeologists,3,0.1054,0.0556,0.0907,1
19-2041.03,19-3091.00,Industrial Ecologists,Anthropologists and Archeologists,3,0.1054,0.0556,0.1118,1
29-1031.00,29-1151.00,Dietitians and Nutritionists,Nurse Anesthetists,3,0.1054,0.0556,0.1203,1
11-9121.00,19-1031.03,Natural Sciences Managers,Park Naturalists,3,0.1053,0.0556,0.1173,0
17-2071.00,17-2141.01,Electrical Engineers,Fuel Cell Engineers,3,0.1053,0.0556,0.1112,1
29-1141.00,29-9021.00,Registered Nurses,Health Information Technologists and Medical Registrars,3,0.1051,0.0536,0.0,1
29-1151.00,29-2036.00,Nurse Anesthetists,Medical Dosimetrists,3,0.1037,0.0545,0.0862,1
29-1171.00,29-2036.00,Nurse Practitioners,Medical Dosimetrists,3,0.1037,0.0545,0.0893,1
29-2036.00,29-9093.00,Medical Dosimetrists,Surgical Assistants,3,0.1037,0.0545,0.1056,1
29-1031.00,29-1141.01,Dietitians and Nutritionists,Acute Care Nurses,3,0.1035,0.0545,0.1269,1
29-1031.00,29-2061.00,Dietitians and Nutritionists,Licensed Practical and Licensed Vocational Nurses,3,0.1035,0.0545,0.1002,1
17-2071.00,17-3024.00,Electrical Engineers,Electro-Mechanical and Mechatronics Technologists and Technicians,3,0.1034,0.0545,0.1155,1
17-2081.00,17-2141.00,Environmental Engineers,Mechanical Engineers,3,0.1021,0.0536,0.12,1
29-1229.06,29-2036.00,Sports Medicine Physicians,Medical Dosimetrists,3,0.1018,0.0536,0.075,1
19-1031.03,19-3091.00,Park Naturalists,Anthropologists and Archeologists,3,0.1017,0.0536,0.0752,1
19-3091.00,19-4042.00,Anthropologists and Archeologists,"Environmental Science and Protection Technicians, Including Health",3,0.1017,0.0536,0.1222,1
29-1051.00,29-9099.01,Pharmacists,Midwives,3,0.1001,0.0526,0.1153,1
19-2043.00,19-3091.00,Hydrologists,Anthropologists and Archeologists,3,0.1,0.0526,0.1276,1
29-1127.00,29-2056.00,Speech-Language Pathologists,Veterinary Technologists and Technicians,3,0.0994,0.0517,0.1043,1
29-1141.00,29-2035.00,Registered Nurses,Magnetic Resonance Imaging Technologists,3,0.0986,0.0508,0.0933,1
19-3091.00,25-1061.00,Anthropologists and Archeologists,"Anthropology and Archeology Teachers, Postsecondary",3,0.0984,0.0517,0.089,0
29-1031.00,29-2032.00,Dietitians and Nutritionists,Diagnostic Medical Sonographers,3,0.0984,0.0517,0.0969,1
29-1031.00,29-2036.00,Dietitians and Nutritionists,Medical Dosimetrists,3,0.0984,0.0517,0.089,1
29-1031.00,29-1224.00,Dietitians and Nutritionists,Radiologists,3,0.0968,0.0508,0.0826,1
29-2036.00,29-9099.01,Medical Dosimetrists,Midwives,3,0.0968,0.0508,0.0754,1
29-1229.06,29-2056.00,Sports Medicine Physicians,Veterinary Technologists and Technicians,3,0.0958,0.05,0.0852,1
29-1129.01,29-2056.00,Art Therapists,Veterinary Technologists and Technicians,3,0.0942,0.0492,0.09,1
29-1031.00,29-2056.00,Dietitians and Nutritionists,Veterinary Technologists and Technicians,3,0.0926,0.0484,0.0868,1
29-1141.00,29-2036.00,Registered Nurses,Medical Dosimetrists,3,0.0886,0.0462,0.0779,1
