source,target,source_title,target_title,co_occurring_occupations,cosine
4.A.3.b.6.k.4,4.A.4.a.2.d.5,Record patient medical histories.,Collaborate with healthcare professionals to plan or provide treatment.,34,0.6362
4.A.2.a.4.f.3,4.A.3.b.6.k.4,Analyze test data or images to inform diagnosis or treatment.,Record patient medical histories.,30,0.6591
4.A.3.b.6.k.4,4.A.4.b.3.f.8,Record patient medical histories.,Train medical providers.,30,0.5727
4.A.4.a.2.d.5,4.A.4.b.3.f.8,Collaborate with healthcare professionals to plan or provide treatment.,Train medical providers.,29,0.5801
4.A.3.b.6.k.4,4.A.4.b.4.a.14,Record patient medical histories.,Supervise patient care personnel.,27,0.6188
4.A.1.a.1.l.2,4.A.3.b.6.k.4,"Collect medical information from patients, family members, or other medical professionals.",Record patient medical histories.,26,0.6048
4.A.2.a.4.f.3,4.A.4.c.3.f.3,Analyze test data or images to inform diagnosis or treatment.,Prescribe medications.,26,0.7556
4.A.2.a.4.f.3,4.A.4.a.5.a.2,Analyze test data or images to inform diagnosis or treatment.,Refer patients to other healthcare practitioners or health resources.,25,0.7155
4.A.3.b.6.k.4,4.A.4.a.5.a.2,Record patient medical histories.,Refer patients to other healthcare practitioners or health resources.,25,0.5816
4.A.3.b.6.k.4,4.A.4.c.3.f.3,Record patient medical histories.,Prescribe medications.,25,0.5906
4.A.1.a.2.e.1,4.A.3.b.6.k.4,Monitor patient progress or responses to treatments.,Record patient medical histories.,24,0.6061
4.A.1.b.2.i.3,4.A.3.b.6.k.4,Examine patients to assess general physical condition.,Record patient medical histories.,24,0.6061
4.A.4.a.5.a.2,4.A.4.c.3.f.3,Refer patients to other healthcare practitioners or health resources.,Prescribe medications.,24,0.7385
4.A.1.a.1.s.1,4.A.3.b.6.k.4,Conduct research to increase knowledge about medical issues.,Record patient medical histories.,23,0.5195
4.A.1.a.1.s.1,4.A.4.a.2.d.5,Conduct research to increase knowledge about medical issues.,Collaborate with healthcare professionals to plan or provide treatment.,23,0.5444
4.A.2.a.4.f.3,4.A.4.a.2.d.5,Analyze test data or images to inform diagnosis or treatment.,Collaborate with healthcare professionals to plan or provide treatment.,23,0.5295
4.A.2.b.3.a.10,4.A.3.b.6.g.2,Research topics in area of expertise.,Write grant proposals.,23,0.7825
4.A.1.a.1.s.1,4.A.4.b.3.f.8,Conduct research to increase knowledge about medical issues.,Train medical providers.,22,0.5312
4.A.2.b.3.a.12,4.A.3.b.6.k.4,Maintain medical or professional knowledge.,Record patient medical histories.,22,0.528
4.A.2.b.3.a.12,4.A.4.a.2.d.5,Maintain medical or professional knowledge.,Collaborate with healthcare professionals to plan or provide treatment.,22,0.5533
4.A.4.a.2.d.5,4.A.4.a.5.a.2,Collaborate with healthcare professionals to plan or provide treatment.,Refer patients to other healthcare practitioners or health resources.,22,0.5363
4.A.4.b.4.b.1,4.A.4.b.6.g.2,Serve on institutional or departmental committees.,Advise students on academic or career matters.,22,0.9574
4.A.1.a.2.e.1,4.A.4.a.2.d.5,Monitor patient progress or responses to treatments.,Collaborate with healthcare professionals to plan or provide treatment.,21,0.5557
4.A.2.a.4.f.3,4.A.2.b.1.f.2,Analyze test data or images to inform diagnosis or treatment.,Diagnose medical conditions.,21,0.6524
4.A.2.b.1.f.2,4.A.3.b.6.k.4,Diagnose medical conditions.,Record patient medical histories.,21,0.5303
4.A.2.b.1.f.2,4.A.4.a.5.a.2,Diagnose medical conditions.,Refer patients to other healthcare practitioners or health resources.,21,0.6908
4.A.2.b.3.a.10,4.A.3.b.6.p.1,Research topics in area of expertise.,"Write articles, books or other original materials in area of expertise.",21,0.825
4.A.2.b.6.a.4,4.A.3.b.6.g.2,Plan community programs or activities for the general public.,Write grant proposals.,21,0.8101
4.A.3.b.6.g.2,4.A.3.b.6.p.1,Write grant proposals.,"Write articles, books or other original materials in area of expertise.",21,0.7578
4.A.4.b.4.a.18,4.A.4.b.4.b.1,Supervise student research or internship work.,Serve on institutional or departmental committees.,21,0.9139
4.A.4.b.4.a.18,4.A.4.b.6.g.2,Supervise student research or internship work.,Advise students on academic or career matters.,21,0.9545
4.A.1.a.1.s.1,4.A.4.a.5.a.2,Conduct research to increase knowledge about medical issues.,Refer patients to other healthcare practitioners or health resources.,20,0.5885
4.A.1.b.2.i.3,4.A.4.a.2.d.5,Examine patients to assess general physical condition.,Collaborate with healthcare professionals to plan or provide treatment.,20,0.5293
4.A.2.a.1.b.5,4.A.2.a.1.c.2,Evaluate effectiveness of educational programs.,Administer tests to assess educational needs or progress.,20,1.0
4.A.2.a.1.b.5,4.A.2.a.1.c.3,Evaluate effectiveness of educational programs.,Prepare tests.,20,1.0
4.A.2.a.1.b.5,4.A.2.a.1.c.4,Evaluate effectiveness of educational programs.,Evaluate student work.,20,1.0
4.A.2.a.1.b.5,4.A.2.a.2.c.4,Evaluate effectiveness of educational programs.,Compile specialized bibliographies or lists of materials.,20,1.0
4.A.2.a.1.b.5,4.A.2.b.1.j.10,Evaluate effectiveness of educational programs.,Select educational materials or equipment.,20,1.0
4.A.2.a.1.b.5,4.A.2.b.2.l.3,Evaluate effectiveness of educational programs.,Develop instructional objectives.,20,1.0
4.A.2.a.1.b.5,4.A.2.b.3.a.10,Evaluate effectiveness of educational programs.,Research topics in area of expertise.,20,0.8607
4.A.2.a.1.b.5,4.A.2.b.3.a.18,Evaluate effectiveness of educational programs.,Attend training sessions or professional meetings to develop or maintain professional knowledge.,20,0.9759
4.A.2.a.1.b.5,4.A.2.b.3.a.3,Evaluate effectiveness of educational programs.,Stay informed about current developments in field of specialization.,20,0.9759
4.A.2.a.1.b.5,4.A.2.b.6.a.4,Evaluate effectiveness of educational programs.,Plan community programs or activities for the general public.,20,0.9759
4.A.2.a.1.b.5,4.A.3.b.6.g.2,Evaluate effectiveness of educational programs.,Write grant proposals.,20,0.7906
4.A.2.a.1.b.5,4.A.3.b.6.l.9,Evaluate effectiveness of educational programs.,Develop instructional materials.,20,1.0
4.A.2.a.1.b.5,4.A.3.b.6.p.1,Evaluate effectiveness of educational programs.,"Write articles, books or other original materials in area of expertise.",20,0.9129
4.A.2.a.1.b.5,4.A.4.a.6.c.6,Evaluate effectiveness of educational programs.,Promote educational institutions or programs.,20,0.9759
4.A.2.a.1.b.5,4.A.4.b.3.b.5,Evaluate effectiveness of educational programs.,Guide class discussions.,20,1.0
4.A.2.a.1.b.5,4.A.4.b.4.a.18,Evaluate effectiveness of educational programs.,Supervise student research or internship work.,20,0.9535
4.A.2.a.1.b.5,4.A.4.b.4.b.1,Evaluate effectiveness of educational programs.,Serve on institutional or departmental committees.,20,0.9129
4.A.2.a.1.b.5,4.A.4.b.4.j.33,Evaluate effectiveness of educational programs.,Direct department activities.,20,1.0
4.A.2.a.1.b.5,4.A.4.b.6.g.2,Evaluate effectiveness of educational programs.,Advise students on academic or career matters.,20,0.9535
4.A.2.a.1.b.5,4.A.4.c.1.a.5,Evaluate effectiveness of educational programs.,Perform student enrollment or registration activities.,20,1.0
4.A.2.a.1.b.5,4.A.4.c.3.e.2,Evaluate effectiveness of educational programs.,Order instructional or library materials or equipment.,20,1.0
4.A.2.a.1.c.2,4.A.2.a.1.c.3,Administer tests to assess educational needs or progress.,Prepare tests.,20,1.0
4.A.2.a.1.c.2,4.A.2.a.1.c.4,Administer tests to assess educational needs or progress.,Evaluate student work.,20,1.0
4.A.2.a.1.c.2,4.A.2.a.2.c.4,Administer tests to assess educational needs or progress.,Compile specialized bibliographies or lists of materials.,20,1.0
4.A.2.a.1.c.2,4.A.2.b.1.j.10,Administer tests to assess educational needs or progress.,Select educational materials or equipment.,20,1.0
4.A.2.a.1.c.2,4.A.2.b.2.l.3,Administer tests to assess educational needs or progress.,Develop instructional objectives.,20,1.0
4.A.2.a.1.c.2,4.A.2.b.3.a.10,Administer tests to assess educational needs or progress.,Research topics in area of expertise.,20,0.8607
4.A.2.a.1.c.2,4.A.2.b.3.a.18,Administer tests to assess educational needs or progress.,Attend training sessions or professional meetings to develop or maintain professional knowledge.,20,0.9759
4.A.2.a.1.c.2,4.A.2.b.3.a.3,Administer tests to assess educational needs or progress.,Stay informed about current developments in field of specialization.,20,0.9759
4.A.2.a.1.c.2,4.A.2.b.6.a.4,Administer tests to assess educational needs or progress.,Plan community programs or activities for the general public.,20,0.9759
4.A.2.a.1.c.2,4.A.3.b.6.g.2,Administer tests to assess educational needs or progress.,Write grant proposals.,20,0.7906
4.A.2.a.1.c.2,4.A.3.b.6.l.9,Administer tests to assess educational needs or progress.,Develop instructional materials.,20,1.0
4.A.2.a.1.c.2,4.A.3.b.6.p.1,Administer tests to assess educational needs or progress.,"Write articles, books or other original materials in area of expertise.",20,0.9129
4.A.2.a.1.c.2,4.A.4.a.6.c.6,Administer tests to assess educational needs or progress.,Promote educational institutions or programs.,20,0.9759
4.A.2.a.1.c.2,4.A.4.b.3.b.5,Administer tests to assess educational needs or progress.,Guide class discussions.,20,1.0
4.A.2.a.1.c.2,4.A.4.b.4.a.18,Administer tests to assess educational needs or progress.,Supervise student research or internship work.,20,0.9535
4.A.2.a.1.c.2,4.A.4.b.4.b.1,Administer tests to assess educational needs or progress.,Serve on institutional or departmental committees.,20,0.9129
4.A.2.a.1.c.2,4.A.4.b.4.j.33,Administer tests to assess educational needs or progress.,Direct department activities.,20,1.0
4.A.2.a.1.c.2,4.A.4.b.6.g.2,Administer tests to assess educational needs or progress.,Advise students on academic or career matters.,20,0.9535
4.A.2.a.1.c.2,4.A.4.c.1.a.5,Administer tests to assess educational needs or progress.,Perform student enrollment or registration activities.,20,1.0
4.A.2.a.1.c.2,4.A.4.c.3.e.2,Administer tests to assess educational needs or progress.,Order instructional or library materials or equipment.,20,1.0
4.A.2.a.1.c.3,4.A.2.a.1.c.4,Prepare tests.,Evaluate student work.,20,1.0
4.A.2.a.1.c.3,4.A.2.a.2.c.4,Prepare tests.,Compile specialized bibliographies or lists of materials.,20,1.0
4.A.2.a.1.c.3,4.A.2.b.1.j.10,Prepare tests.,Select educational materials or equipment.,20,1.0
4.A.2.a.1.c.3,4.A.2.b.2.l.3,Prepare tests.,Develop instructional objectives.,20,1.0
4.A.2.a.1.c.3,4.A.2.b.3.a.10,Prepare tests.,Research topics in area of expertise.,20,0.8607
4.A.2.a.1.c.3,4.A.2.b.3.a.18,Prepare tests.,Attend training sessions or professional meetings to develop or maintain professional knowledge.,20,0.9759
4.A.2.a.1.c.3,4.A.2.b.3.a.3,Prepare tests.,Stay informed about current developments in field of specialization.,20,0.9759
4.A.2.a.1.c.3,4.A.2.b.6.a.4,Prepare tests.,Plan community programs or activities for the general public.,20,0.9759
4.A.2.a.1.c.3,4.A.3.b.6.g.2,Prepare tests.,Write grant proposals.,20,0.7906
4.A.2.a.1.c.3,4.A.3.b.6.l.9,Prepare tests.,Develop instructional materials.,20,1.0
4.A.2.a.1.c.3,4.A.3.b.6.p.1,Prepare tests.,"Write articles, books or other original materials in area of expertise.",20,0.9129
4.A.2.a.1.c.3,4.A.4.a.6.c.6,Prepare tests.,Promote educational institutions or programs.,20,0.9759
4.A.2.a.1.c.3,4.A.4.b.3.b.5,Prepare tests.,Guide class discussions.,20,1.0
4.A.2.a.1.c.3,4.A.4.b.4.a.18,Prepare tests.,Supervise student research or internship work.,20,0.9535
4.A.2.a.1.c.3,4.A.4.b.4.b.1,Prepare tests.,Serve on institutional or departmental committees.,20,0.9129
4.A.2.a.1.c.3,4.A.4.b.4.j.33,Prepare tests.,Direct department activities.,20,1.0
4.A.2.a.1.c.3,4.A.4.b.6.g.2,Prepare tests.,Advise students on academic or career matters.,20,0.9535
4.A.2.a.1.c.3,4.A.4.c.1.a.5,Prepare tests.,Perform student enrollment or registration activities.,20,1.0
4.A.2.a.1.c.3,4.A.4.c.3.e.2,Prepare tests.,Order instructional or library materials or equipment.,20,1.0
4.A.2.a.1.c.4,4.A.2.a.2.c.4,Evaluate student work.,Compile specialized bibliographies or lists of materials.,20,1.0
4.A.2.a.1.c.4,4.A.2.b.1.j.10,Evaluate student work.,Select educational materials or equipment.,20,1.0
4.A.2.a.1.c.4,4.A.2.b.2.l.3,Evaluate student work.,Develop instructional objectives.,20,1.0
4.A.2.a.1.c.4,4.A.2.b.3.a.10,Evaluate student work.,Research topics in area of expertise.,20,0.8607
4.A.2.a.1.c.4,4.A.2.b.3.a.18,Evaluate student work.,Attend training sessions or professional meetings to develop or maintain professional knowledge.,20,0.9759
4.A.2.a.1.c.4,4.A.2.b.3.a.3,Evaluate student work.,Stay informed about current developments in field of specialization.,20,0.9759
4.A.2.a.1.c.4,4.A.2.b.6.a.4,Evaluate student work.,Plan community programs or activities for the general public.,20,0.9759
4.A.2.a.1.c.4,4.A.3.b.6.g.2,Evaluate student work.,Write grant proposals.,20,0.7906
4.A.2.a.1.c.4,4.A.3.b.6.l.9,Evaluate student work.,Develop instructional materials.,20,1.0
4.A.2.a.1.c.4,4.A.3.b.6.p.1,Evaluate student work.,"Write articles, books or other original materials in area of expertise.",20,0.9129
4.A.2.a.1.c.4,4.A.4.a.6.c.6,Evaluate student work.,Promote educational institutions or programs.,20,0.9759
4.A.2.a.1.c.4,4.A.4.b.3.b.5,Evaluate student work.,Guide class discussions.,20,1.0
4.A.2.a.1.c.4,4.A.4.b.4.a.18,Evaluate student work.,Supervise student research or internship work.,20,0.9535
4.A.2.a.1.c.4,4.A.4.b.4.b.1,Evaluate student work.,Serve on institutional or departmental committees.,20,0.9129
4.A.2.a.1.c.4,4.A.4.b.4.j.33,Evaluate student work.,Direct department activities.,20,1.0
4.A.2.a.1.c.4,4.A.4.b.6.g.2,Evaluate student work.,Advise students on academic or career matters.,20,0.9535
4.A.2.a.1.c.4,4.A.4.c.1.a.5,Evaluate student work.,Perform student enrollment or registration activities.,20,1.0
4.A.2.a.1.c.4,4.A.4.c.3.e.2,Evaluate student work.,Order instructional or library materials or equipment.,20,1.0
4.A.2.a.2.c.4,4.A.2.b.1.j.10,Compile specialized bibliographies or lists of materials.,Select educational materials or equipment.,20,1.0
4.A.2.a.2.c.4,4.A.2.b.2.l.3,Compile specialized bibliographies or lists of materials.,Develop instructional objectives.,20,1.0
4.A.2.a.2.c.4,4.A.2.b.3.a.10,Compile specialized bibliographies or lists of materials.,Research topics in area of expertise.,20,0.8607
4.A.2.a.2.c.4,4.A.2.b.3.a.18,Compile specialized bibliographies or lists of materials.,Attend training sessions or professional meetings to develop or maintain professional knowledge.,20,0.9759
4.A.2.a.2.c.4,4.A.2.b.3.a.3,Compile specialized bibliographies or lists of materials.,Stay informed about current developments in field of specialization.,20,0.9759
4.A.2.a.2.c.4,4.A.2.b.6.a.4,Compile specialized bibliographies or lists of materials.,Plan community programs or activities for the general public.,20,0.9759
4.A.2.a.2.c.4,4.A.3.b.6.g.2,Compile specialized bibliographies or lists of materials.,Write grant proposals.,20,0.7906
4.A.2.a.2.c.4,4.A.3.b.6.l.9,Compile specialized bibliographies or lists of materials.,Develop instructional materials.,20,1.0
4.A.2.a.2.c.4,4.A.3.b.6.p.1,Compile specialized bibliographies or lists of materials.,"Write articles, books or other original materials in area of expertise.",20,0.9129
4.A.2.a.2.c.4,4.A.4.a.6.c.6,Compile specialized bibliographies or lists of materials.,Promote educational institutions or programs.,20,0.9759
4.A.2.a.2.c.4,4.A.4.b.3.b.5,Compile specialized bibliographies or lists of materials.,Guide class discussions.,20,1.0
4.A.2.a.2.c.4,4.A.4.b.4.a.18,Compile specialized bibliographies or lists of materials.,Supervise student research or internship work.,20,0.9535
4.A.2.a.2.c.4,4.A.4.b.4.b.1,Compile specialized bibliographies or lists of materials.,Serve on institutional or departmental committees.,20,0.9129
4.A.2.a.2.c.4,4.A.4.b.4.j.33,Compile specialized bibliographies or lists of materials.,Direct department activities.,20,1.0
4.A.2.a.2.c.4,4.A.4.b.6.g.2,Compile specialized bibliographies or lists of materials.,Advise students on academic or career matters.,20,0.9535
4.A.2.a.2.c.4,4.A.4.c.1.a.5,Compile specialized bibliographies or lists of materials.,Perform student enrollment or registration activities.,20,1.0
4.A.2.a.2.c.4,4.A.4.c.3.e.2,Compile specialized bibliographies or lists of materials.,Order instructional or library materials or equipment.,20,1.0
4.A.2.a.4.f.2,4.A.4.a.2.d.5,Analyze patient data to determine patient needs or treatment goals.,Collaborate with healthcare professionals to plan or provide treatment.,20,0.5492
4.A.2.a.4.f.3,4.A.4.b.3.f.8,Analyze test data or images to inform diagnosis or treatment.,Train medical providers.,20,0.4697
4.A.2.b.1.f.2,4.A.4.c.3.f.3,Diagnose medical conditions.,Prescribe medications.,20,0.6682
4.A.2.b.1.j.10,4.A.2.b.2.l.3,Select educational materials or equipment.,Develop instructional objectives.,20,1.0
4.A.2.b.1.j.10,4.A.2.b.3.a.10,Select educational materials or equipment.,Research topics in area of expertise.,20,0.8607
4.A.2.b.1.j.10,4.A.2.b.3.a.18,Select educational materials or equipment.,Attend training sessions or professional meetings to develop or maintain professional knowledge.,20,0.9759
4.A.2.b.1.j.10,4.A.2.b.3.a.3,Select educational materials or equipment.,Stay informed about current developments in field of specialization.,20,0.9759
4.A.2.b.1.j.10,4.A.2.b.6.a.4,Select educational materials or equipment.,Plan community programs or activities for the general public.,20,0.9759
4.A.2.b.1.j.10,4.A.3.b.6.g.2,Select educational materials or equipment.,Write grant proposals.,20,0.7906
4.A.2.b.1.j.10,4.A.3.b.6.l.9,Select educational materials or equipment.,Develop instructional materials.,20,1.0
4.A.2.b.1.j.10,4.A.3.b.6.p.1,Select educational materials or equipment.,"Write articles, books or other original materials in area of expertise.",20,0.9129
4.A.2.b.1.j.10,4.A.4.a.6.c.6,Select educational materials or equipment.,Promote educational institutions or programs.,20,0.9759
4.A.2.b.1.j.10,4.A.4.b.3.b.5,Select educational materials or equipment.,Guide class discussions.,20,1.0
4.A.2.b.1.j.10,4.A.4.b.4.a.18,Select educational materials or equipment.,Supervise student research or internship work.,20,0.9535
4.A.2.b.1.j.10,4.A.4.b.4.b.1,Select educational materials or equipment.,Serve on institutional or departmental committees.,20,0.9129
4.A.2.b.1.j.10,4.A.4.b.4.j.33,Select educational materials or equipment.,Direct department activities.,20,1.0
4.A.2.b.1.j.10,4.A.4.b.6.g.2,Select educational materials or equipment.,Advise students on academic or career matters.,20,0.9535
4.A.2.b.1.j.10,4.A.4.c.1.a.5,Select educational materials or equipment.,Perform student enrollment or registration activities.,20,1.0
4.A.2.b.1.j.10,4.A.4.c.3.e.2,Select educational materials or equipment.,Order instructional or library materials or equipment.,20,1.0
4.A.2.b.2.l.3,4.A.2.b.3.a.10,Develop instructional objectives.,Research topics in area of expertise.,20,0.8607
4.A.2.b.2.l.3,4.A.2.b.3.a.18,Develop instructional objectives.,Attend training sessions or professional meetings to develop or maintain professional knowledge.,20,0.9759
4.A.2.b.2.l.3,4.A.2.b.3.a.3,Develop instructional objectives.,Stay informed about current developments in field of specialization.,20,0.9759
4.A.2.b.2.l.3,4.A.2.b.6.a.4,Develop instructional objectives.,Plan community programs or activities for the general public.,20,0.9759
4.A.2.b.2.l.3,4.A.3.b.6.g.2,Develop instructional objectives.,Write grant proposals.,20,0.7906
4.A.2.b.2.l.3,4.A.3.b.6.l.9,Develop instructional objectives.,Develop instructional materials.,20,1.0
4.A.2.b.2.l.3,4.A.3.b.6.p.1,Develop instructional objectives.,"Write articles, books or other original materials in area of expertise.",20,0.9129
4.A.2.b.2.l.3,4.A.4.a.6.c.6,Develop instructional objectives.,Promote educational institutions or programs.,20,0.9759
4.A.2.b.2.l.3,4.A.4.b.3.b.5,Develop instructional objectives.,Guide class discussions.,20,1.0
4.A.2.b.2.l.3,4.A.4.b.4.a.18,Develop instructional objectives.,Supervise student research or internship work.,20,0.9535
4.A.2.b.2.l.3,4.A.4.b.4.b.1,Develop instructional objectives.,Serve on institutional or departmental committees.,20,0.9129
4.A.2.b.2.l.3,4.A.4.b.4.j.33,Develop instructional objectives.,Direct department activities.,20,1.0
4.A.2.b.2.l.3,4.A.4.b.6.g.2,Develop instructional objectives.,Advise students on academic or career matters.,20,0.9535
4.A.2.b.2.l.3,4.A.4.c.1.a.5,Develop instructional objectives.,Perform student enrollment or registration activities.,20,1.0
4.A.2.b.2.l.3,4.A.4.c.3.e.2,Develop instructional objectives.,Order instructional or library materials or equipment.,20,1.0
4.A.2.b.3.a.10,4.A.2.b.3.a.18,Research topics in area of expertise.,Attend training sessions or professional meetings to develop or maintain professional knowledge.,20,0.8399
4.A.2.b.3.a.10,4.A.2.b.3.a.3,Research topics in area of expertise.,Stay informed about current developments in field of specialization.,20,0.8399
4.A.2.b.3.a.10,4.A.2.b.6.a.4,Research topics in area of expertise.,Plan community programs or activities for the general public.,20,0.8399
4.A.2.b.3.a.10,4.A.3.b.6.h.12,Research topics in area of expertise.,Maintain student records.,20,0.8607
4.A.2.b.3.a.10,4.A.3.b.6.l.9,Research topics in area of expertise.,Develop instructional materials.,20,0.8607
4.A.2.b.3.a.10,4.A.4.a.6.c.6,Research topics in area of expertise.,Promote educational institutions or programs.,20,0.8399
4.A.2.b.3.a.10,4.A.4.b.3.b.5,Research topics in area of expertise.,Guide class discussions.,20,0.8607
4.A.2.b.3.a.10,4.A.4.b.4.a.18,Research topics in area of expertise.,Supervise student research or internship work.,20,0.8206
4.A.2.b.3.a.10,4.A.4.b.4.b.1,Research topics in area of expertise.,Serve on institutional or departmental committees.,20,0.7857
4.A.2.b.3.a.10,4.A.4.b.4.j.33,Research topics in area of expertise.,Direct department activities.,20,0.8607
4.A.2.b.3.a.10,4.A.4.b.6.g.2,Research topics in area of expertise.,Advise students on academic or career matters.,20,0.8206
4.A.2.b.3.a.10,4.A.4.c.1.a.5,Research topics in area of expertise.,Perform student enrollment or registration activities.,20,0.8607
4.A.2.b.3.a.10,4.A.4.c.3.e.2,Research topics in area of expertise.,Order instructional or library materials or equipment.,20,0.8607
4.A.2.b.3.a.18,4.A.2.b.3.a.3,Attend training sessions or professional meetings to develop or maintain professional knowledge.,Stay informed about current developments in field of specialization.,20,0.9524
4.A.2.b.3.a.18,4.A.2.b.6.a.4,Attend training sessions or professional meetings to develop or maintain professional knowledge.,Plan community programs or activities for the general public.,20,0.9524
4.A.2.b.3.a.18,4.A.3.b.6.g.2,Attend training sessions or professional meetings to develop or maintain professional knowledge.,Write grant proposals.,20,0.7715
4.A.2.b.3.a.18,4.A.3.b.6.l.9,Attend training sessions or professional meetings to develop or maintain professional knowledge.,Develop instructional materials.,20,0.9759
4.A.2.b.3.a.18,4.A.3.b.6.p.1,Attend training sessions or professional meetings to develop or maintain professional knowledge.,"Write articles, books or other original materials in area of expertise.",20,0.8909
4.A.2.b.3.a.18,4.A.4.a.6.c.6,Attend training sessions or professional meetings to develop or maintain professional knowledge.,Promote educational institutions or programs.,20,0.9524
4.A.2.b.3.a.18,4.A.4.b.3.b.5,Attend training sessions or professional meetings to develop or maintain professional knowledge.,Guide class discussions.,20,0.9759
4.A.2.b.3.a.18,4.A.4.b.4.a.18,Attend training sessions or professional meetings to develop or maintain professional knowledge.,Supervise student research or internship work.,20,0.9305
4.A.2.b.3.a.18,4.A.4.b.4.b.1,Attend training sessions or professional meetings to develop or maintain professional knowledge.,Serve on institutional or departmental committees.,20,0.8909
4.A.2.b.3.a.18,4.A.4.b.4.j.33,Attend training sessions or professional meetings to develop or maintain professional knowledge.,Direct department activities.,20,0.9759
4.A.2.b.3.a.18,4.A.4.b.6.g.2,Attend training sessions or professional meetings to develop or maintain professional knowledge.,Advise students on academic or career matters.,20,0.9305
4.A.2.b.3.a.18,4.A.4.c.1.a.5,Attend training sessions or professional meetings to develop or maintain professional knowledge.,Perform student enrollment or registration activities.,20,0.9759
4.A.2.b.3.a.18,4.A.4.c.3.e.2,Attend training sessions or professional meetings to develop or maintain professional knowledge.,Order instructional or library materials or equipment.,20,0.9759
4.A.2.b.3.a.3,4.A.2.b.6.a.4,Stay informed about current developments in field of specialization.,Plan community programs or activities for the general public.,20,0.9524
4.A.2.b.3.a.3,4.A.3.b.6.g.2,Stay informed about current developments in field of specialization.,Write grant proposals.,20,0.7715
4.A.2.b.3.a.3,4.A.3.b.6.l.9,Stay informed about current developments in field of specialization.,Develop instructional materials.,20,0.9759
4.A.2.b.3.a.3,4.A.3.b.6.p.1,Stay informed about current developments in field of specialization.,"Write articles, books or other original materials in area of expertise.",20,0.8909
4.A.2.b.3.a.3,4.A.4.a.6.c.6,Stay informed about current developments in field of specialization.,Promote educational institutions or programs.,20,0.9524
4.A.2.b.3.a.3,4.A.4.b.3.b.5,Stay informed about current developments in field of specialization.,Guide class discussions.,20,0.9759
4.A.2.b.3.a.3,4.A.4.b.4.a.18,Stay informed about current developments in field of specialization.,Supervise student research or internship work.,20,0.9305
4.A.2.b.3.a.3,4.A.4.b.4.b.1,Stay informed about current developments in field of specialization.,Serve on institutional or departmental committees.,20,0.8909
4.A.2.b.3.a.3,4.A.4.b.4.j.33,Stay informed about current developments in field of specialization.,Direct department activities.,20,0.9759
4.A.2.b.3.a.3,4.A.4.b.6.g.2,Stay informed about current developments in field of specialization.,Advise students on academic or career matters.,20,0.9305
4.A.2.b.3.a.3,4.A.4.c.1.a.5,Stay informed about current developments in field of specialization.,Perform student enrollment or registration activities.,20,0.9759
4.A.2.b.3.a.3,4.A.4.c.3.e.2,Stay informed about current developments in field of specialization.,Order instructional or library materials or equipment.,20,0.9759
4.A.2.b.6.a.4,4.A.3.b.6.l.9,Plan community programs or activities for the general public.,Develop instructional materials.,20,0.9759
4.A.2.b.6.a.4,4.A.3.b.6.p.1,Plan community programs or activities for the general public.,"Write articles, books or other original materials in area of expertise.",20,0.8909
4.A.2.b.6.a.4,4.A.4.a.6.c.6,Plan community programs or activities for the general public.,Promote educational institutions or programs.,20,0.9524
4.A.2.b.6.a.4,4.A.4.b.3.b.5,Plan community programs or activities for the general public.,Guide class discussions.,20,0.9759
4.A.2.b.6.a.4,4.A.4.b.4.a.18,Plan community programs or activities for the general public.,Supervise student research or internship work.,20,0.9305
4.A.2.b.6.a.4,4.A.4.b.4.b.1,Plan community programs or activities for the general public.,Serve on institutional or departmental committees.,20,0.8909
4.A.2.b.6.a.4,4.A.4.b.4.j.33,Plan community programs or activities for the general public.,Direct department activities.,20,0.9759
4.A.2.b.6.a.4,4.A.4.b.6.g.2,Plan community programs or activities for the general public.,Advise students on academic or career matters.,20,0.9305
4.A.2.b.6.a.4,4.A.4.c.1.a.5,Plan community programs or activities for the general public.,Perform student enrollment or registration activities.,20,0.9759
4.A.2.b.6.a.4,4.A.4.c.3.e.2,Plan community programs or activities for the general public.,Order instructional or library materials or equipment.,20,0.9759
4.A.3.b.6.g.2,4.A.3.b.6.l.9,Write grant proposals.,Develop instructional materials.,20,0.7906
4.A.3.b.6.g.2,4.A.4.a.6.c.6,Write grant proposals.,Promote educational institutions or programs.,20,0.7715
4.A.3.b.6.g.2,4.A.4.b.3.b.5,Write grant proposals.,Guide class discussions.,20,0.7906
4.A.3.b.6.g.2,4.A.4.b.4.a.18,Write grant proposals.,Supervise student research or internship work.,20,0.7538
4.A.3.b.6.g.2,4.A.4.b.4.b.1,Write grant proposals.,Serve on institutional or departmental committees.,20,0.7217
4.A.3.b.6.g.2,4.A.4.b.4.j.33,Write grant proposals.,Direct department activities.,20,0.7906
4.A.3.b.6.g.2,4.A.4.b.6.g.2,Write grant proposals.,Advise students on academic or career matters.,20,0.7538
4.A.3.b.6.g.2,4.A.4.c.1.a.5,Write grant proposals.,Perform student enrollment or registration activities.,20,0.7906
4.A.3.b.6.g.2,4.A.4.c.3.e.2,Write grant proposals.,Order instructional or library materials or equipment.,20,0.7906
4.A.3.b.6.l.9,4.A.3.b.6.p.1,Develop instructional materials.,"Write articles, books or other original materials in area of expertise.",20,0.9129
4.A.3.b.6.l.9,4.A.4.a.6.c.6,Develop instructional materials.,Promote educational institutions or programs.,20,0.9759
4.A.3.b.6.l.9,4.A.4.b.3.b.5,Develop instructional materials.,Guide class discussions.,20,1.0
4.A.3.b.6.l.9,4.A.4.b.4.a.18,Develop instructional materials.,Supervise student research or internship work.,20,0.9535
4.A.3.b.6.l.9,4.A.4.b.4.b.1,Develop instructional materials.,Serve on institutional or departmental committees.,20,0.9129
4.A.3.b.6.l.9,4.A.4.b.4.j.33,Develop instructional materials.,Direct department activities.,20,1.0
4.A.3.b.6.l.9,4.A.4.b.6.g.2,Develop instructional materials.,Advise students on academic or career matters.,20,0.9535
4.A.3.b.6.l.9,4.A.4.c.1.a.5,Develop instructional materials.,Perform student enrollment or registration activities.,20,1.0
4.A.3.b.6.l.9,4.A.4.c.3.e.2,Develop instructional materials.,Order instructional or library materials or equipment.,20,1.0
4.A.3.b.6.p.1,4.A.4.a.6.c.6,"Write articles, books or other original materials in area of expertise.",Promote educational institutions or programs.,20,0.8909
4.A.3.b.6.p.1,4.A.4.b.3.b.5,"Write articles, books or other original materials in area of expertise.",Guide class discussions.,20,0.9129
4.A.3.b.6.p.1,4.A.4.b.4.a.18,"Write articles, books or other original materials in area of expertise.",Supervise student research or internship work.,20,0.8704
4.A.3.b.6.p.1,4.A.4.b.4.b.1,"Write articles, books or other original materials in area of expertise.",Serve on institutional or departmental committees.,20,0.8333
4.A.3.b.6.p.1,4.A.4.b.4.j.33,"Write articles, books or other original materials in area of expertise.",Direct department activities.,20,0.9129
4.A.3.b.6.p.1,4.A.4.b.6.g.2,"Write articles, books or other original materials in area of expertise.",Advise students on academic or career matters.,20,0.8704
4.A.3.b.6.p.1,4.A.4.c.1.a.5,"Write articles, books or other original materials in area of expertise.",Perform student enrollment or registration activities.,20,0.9129
4.A.3.b.6.p.1,4.A.4.c.3.e.2,"Write articles, books or other original materials in area of expertise.",Order instructional or library materials or equipment.,20,0.9129
4.A.4.a.6.c.6,4.A.4.b.3.b.5,Promote educational institutions or programs.,Guide class discussions.,20,0.9759
4.A.4.a.6.c.6,4.A.4.b.4.a.18,Promote educational institutions or programs.,Supervise student research or internship work.,20,0.9305
4.A.4.a.6.c.6,4.A.4.b.4.b.1,Promote educational institutions or programs.,Serve on institutional or departmental committees.,20,0.8909
4.A.4.a.6.c.6,4.A.4.b.4.j.33,Promote educational institutions or programs.,Direct department activities.,20,0.9759
4.A.4.a.6.c.6,4.A.4.b.6.g.2,Promote educational institutions or programs.,Advise students on academic or career matters.,20,0.9305
4.A.4.a.6.c.6,4.A.4.c.1.a.5,Promote educational institutions or programs.,Perform student enrollment or registration activities.,20,0.9759
4.A.4.a.6.c.6,4.A.4.c.3.e.2,Promote educational institutions or programs.,Order instructional or library materials or equipment.,20,0.9759
4.A.4.b.3.b.5,4.A.4.b.4.a.18,Guide class discussions.,Supervise student research or internship work.,20,0.9535
4.A.4.b.3.b.5,4.A.4.b.4.b.1,Guide class discussions.,Serve on institutional or departmental committees.,20,0.9129
4.A.4.b.3.b.5,4.A.4.b.4.j.33,Guide class discussions.,Direct department activities.,20,1.0
4.A.4.b.3.b.5,4.A.4.b.6.g.2,Guide class discussions.,Advise students on academic or career matters.,20,0.9535
4.A.4.b.3.b.5,4.A.4.c.1.a.5,Guide class discussions.,Perform student enrollment or registration activities.,20,1.0
4.A.4.b.3.b.5,4.A.4.c.3.e.2,Guide class discussions.,Order instructional or library materials or equipment.,20,1.0
4.A.4.b.3.f.8,4.A.4.b.4.a.14,Train medical providers.,Supervise patient care personnel.,20,0.49
4.A.4.b.4.a.18,4.A.4.b.4.j.33,Supervise student research or internship work.,Direct department activities.,20,0.9535
4.A.4.b.4.a.18,4.A.4.c.1.a.5,Supervise student research or internship work.,Perform student enrollment or registration activities.,20,0.9535
4.A.4.b.4.a.18,4.A.4.c.3.e.2,Supervise student research or internship work.,Order instructional or library materials or equipment.,20,0.9535
4.A.4.b.4.b.1,4.A.4.b.4.j.33,Serve on institutional or departmental committees.,Direct department activities.,20,0.9129
4.A.4.b.4.b.1,4.A.4.c.1.a.5,Serve on institutional or departmental committees.,Perform student enrollment or registration activities.,20,0.9129
4.A.4.b.4.b.1,4.A.4.c.3.e.2,Serve on institutional or departmental committees.,Order instructional or library materials or equipment.,20,0.9129
4.A.4.b.4.j.33,4.A.4.b.6.g.2,Direct department activities.,Advise students on academic or career matters.,20,0.9535
4.A.4.b.4.j.33,4.A.4.c.1.a.5,Direct department activities.,Perform student enrollment or registration activities.,20,1.0
4.A.4.b.4.j.33,4.A.4.c.3.e.2,Direct department activities.,Order instructional or library materials or equipment.,20,1.0
4.A.4.b.6.g.2,4.A.4.c.1.a.5,Advise students on academic or career matters.,Perform student enrollment or registration activities.,20,0.9535
4.A.4.b.6.g.2,4.A.4.c.3.e.2,Advise students on academic or career matters.,Order instructional or library materials or equipment.,20,0.9535
4.A.4.c.1.a.5,4.A.4.c.3.e.2,Perform student enrollment or registration activities.,Order instructional or library materials or equipment.,20,1.0
4.A.1.b.2.i.3,4.A.2.a.4.f.3,Examine patients to assess general physical condition.,Analyze test data or images to inform diagnosis or treatment.,19,0.5903
4.A.2.a.1.b.5,4.A.3.b.6.h.12,Evaluate effectiveness of educational programs.,Maintain student records.,19,0.95
4.A.2.a.1.c.2,4.A.3.b.6.h.12,Administer tests to assess educational needs or progress.,Maintain student records.,19,0.95
4.A.2.a.1.c.3,4.A.3.b.6.h.12,Prepare tests.,Maintain student records.,19,0.95
4.A.2.a.1.c.4,4.A.3.b.6.h.12,Evaluate student work.,Maintain student records.,19,0.95
4.A.2.a.2.c.4,4.A.3.b.6.h.12,Compile specialized bibliographies or lists of materials.,Maintain student records.,19,0.95
4.A.2.b.1.j.10,4.A.3.b.6.h.12,Select educational materials or equipment.,Maintain student records.,19,0.95
4.A.2.b.2.l.3,4.A.3.b.6.h.12,Develop instructional objectives.,Maintain student records.,19,0.95
4.A.2.b.3.a.18,4.A.3.b.6.h.12,Attend training sessions or professional meetings to develop or maintain professional knowledge.,Maintain student records.,19,0.9271
4.A.2.b.3.a.3,4.A.3.b.6.h.12,Stay informed about current developments in field of specialization.,Maintain student records.,19,0.9271
4.A.2.b.6.a.4,4.A.3.b.6.h.12,Plan community programs or activities for the general public.,Maintain student records.,19,0.9271
4.A.3.b.6.g.2,4.A.3.b.6.h.12,Write grant proposals.,Maintain student records.,19,0.751
4.A.3.b.6.h.12,4.A.3.b.6.l.9,Maintain student records.,Develop instructional materials.,19,0.95
4.A.3.b.6.h.12,4.A.3.b.6.p.1,Maintain student records.,"Write articles, books or other original materials in area of expertise.",19,0.8672
4.A.3.b.6.h.12,4.A.4.a.6.c.6,Maintain student records.,Promote educational institutions or programs.,19,0.9271
4.A.3.b.6.h.12,4.A.4.b.3.b.5,Maintain student records.,Guide class discussions.,19,0.95
4.A.3.b.6.h.12,4.A.4.b.4.a.18,Maintain student records.,Supervise student research or internship work.,19,0.9058
4.A.3.b.6.h.12,4.A.4.b.4.b.1,Maintain student records.,Serve on institutional or departmental committees.,19,0.8672
4.A.3.b.6.h.12,4.A.4.b.4.j.33,Maintain student records.,Direct department activities.,19,0.95
4.A.3.b.6.h.12,4.A.4.b.6.g.2,Maintain student records.,Advise students on academic or career matters.,19,0.9058
4.A.3.b.6.h.12,4.A.4.c.1.a.5,Maintain student records.,Perform student enrollment or registration activities.,19,0.95
4.A.3.b.6.h.12,4.A.4.c.3.e.2,Maintain student records.,Order instructional or library materials or equipment.,19,0.95
4.A.3.b.6.k.4,4.A.4.a.1.e.5,Record patient medical histories.,Explain medical procedures or test results to patients or family members.,19,0.5078
4.A.3.b.6.k.4,4.A.4.c.3.b.1,Record patient medical histories.,Order medical diagnostic or clinical tests.,19,0.5541
4.A.4.a.2.d.5,4.A.4.c.3.f.3,Collaborate with healthcare professionals to plan or provide treatment.,Prescribe medications.,19,0.4703
4.A.4.c.3.b.1,4.A.4.c.3.f.3,Order medical diagnostic or clinical tests.,Prescribe medications.,19,0.7329
4.A.1.a.1.l.2,4.A.4.a.2.d.5,"Collect medical information from patients, family members, or other medical professionals.",Collaborate with healthcare professionals to plan or provide treatment.,18,0.4388
4.A.1.a.1.s.1,4.A.1.b.2.i.3,Conduct research to increase knowledge about medical issues.,Examine patients to assess general physical condition.,18,0.575
4.A.1.a.1.s.1,4.A.2.a.4.f.3,Conduct research to increase knowledge about medical issues.,Analyze test data or images to inform diagnosis or treatment.,18,0.5002
4.A.1.b.2.i.3,4.A.4.c.3.f.3,Examine patients to assess general physical condition.,Prescribe medications.,18,0.6013
4.A.2.a.1.b.5,4.A.4.b.6.g.5,Evaluate effectiveness of educational programs.,"Advise educators on curricula, instructional methods, or policies.",18,0.9487
4.A.2.a.1.c.2,4.A.4.b.6.g.5,Administer tests to assess educational needs or progress.,"Advise educators on curricula, instructional methods, or policies.",18,0.9487
4.A.2.a.1.c.3,4.A.4.b.6.g.5,Prepare tests.,"Advise educators on curricula, instructional methods, or policies.",18,0.9487
4.A.2.a.1.c.4,4.A.4.b.6.g.5,Evaluate student work.,"Advise educators on curricula, instructional methods, or policies.",18,0.9487
4.A.2.a.2.c.4,4.A.4.b.6.g.5,Compile specialized bibliographies or lists of materials.,"Advise educators on curricula, instructional methods, or policies.",18,0.9487
4.A.2.a.4.f.2,4.A.3.b.6.k.4,Analyze patient data to determine patient needs or treatment goals.,Record patient medical histories.,18,0.4717
4.A.2.a.4.f.3,4.A.2.b.2.a.2,Analyze test data or images to inform diagnosis or treatment.,Develop medical treatment plans.,18,0.604
4.A.2.a.4.f.3,4.A.4.b.4.a.14,Analyze test data or images to inform diagnosis or treatment.,Supervise patient care personnel.,18,0.5075
4.A.2.b.1.j.10,4.A.4.b.6.g.5,Select educational materials or equipment.,"Advise educators on curricula, instructional methods, or policies.",18,0.9487
4.A.2.b.2.a.2,4.A.4.a.2.d.5,Develop medical treatment plans.,Collaborate with healthcare professionals to plan or provide treatment.,18,0.5145
4.A.2.b.2.l.3,4.A.4.b.6.g.5,Develop instructional objectives.,"Advise educators on curricula, instructional methods, or policies.",18,0.9487
4.A.2.b.3.a.10,4.A.4.b.6.g.5,Research topics in area of expertise.,"Advise educators on curricula, instructional methods, or policies.",18,0.8165
4.A.2.b.3.a.12,4.A.4.b.3.f.8,Maintain medical or professional knowledge.,Train medical providers.,18,0.4618
4.A.2.b.3.a.18,4.A.4.b.6.g.5,Attend training sessions or professional meetings to develop or maintain professional knowledge.,"Advise educators on curricula, instructional methods, or policies.",18,0.9258
4.A.2.b.3.a.3,4.A.4.b.6.g.5,Stay informed about current developments in field of specialization.,"Advise educators on curricula, instructional methods, or policies.",18,0.9258
4.A.2.b.6.a.4,4.A.4.b.6.g.5,Plan community programs or activities for the general public.,"Advise educators on curricula, instructional methods, or policies.",18,0.9258
4.A.3.b.6.g.2,4.A.4.b.6.g.5,Write grant proposals.,"Advise educators on curricula, instructional methods, or policies.",18,0.75
4.A.3.b.6.l.9,4.A.4.b.6.g.5,Develop instructional materials.,"Advise educators on curricula, instructional methods, or policies.",18,0.9487
4.A.3.b.6.p.1,4.A.4.b.6.g.5,"Write articles, books or other original materials in area of expertise.","Advise educators on curricula, instructional methods, or policies.",18,0.866
4.A.4.a.2.d.5,4.A.4.b.4.a.14,Collaborate with healthcare professionals to plan or provide treatment.,Supervise patient care personnel.,18,0.4323
4.A.4.a.5.a.2,4.A.4.c.3.b.1,Refer patients to other healthcare practitioners or health resources.,Order medical diagnostic or clinical tests.,18,0.6838
4.A.4.a.6.c.6,4.A.4.b.6.g.5,Promote educational institutions or programs.,"Advise educators on curricula, instructional methods, or policies.",18,0.9258
4.A.4.b.3.b.5,4.A.4.b.6.g.5,Guide class discussions.,"Advise educators on curricula, instructional methods, or policies.",18,0.9487
4.A.4.b.4.a.14,4.A.4.c.3.f.3,Supervise patient care personnel.,Prescribe medications.,18,0.5457
4.A.4.b.4.a.18,4.A.4.b.6.g.5,Supervise student research or internship work.,"Advise educators on curricula, instructional methods, or policies.",18,0.9045
4.A.4.b.4.b.1,4.A.4.b.6.g.5,Serve on institutional or departmental committees.,"Advise educators on curricula, instructional methods, or policies.",18,0.866
4.A.4.b.4.j.33,4.A.4.b.6.g.5,Direct department activities.,"Advise educators on curricula, instructional methods, or policies.",18,0.9487
4.A.4.b.6.g.2,4.A.4.b.6.g.5,Advise students on academic or career matters.,"Advise educators on curricula, instructional methods, or policies.",18,0.9045
4.A.4.b.6.g.5,4.A.4.c.1.a.5,"Advise educators on curricula, instructional methods, or policies.",Perform student enrollment or registration activities.,18,0.9487
4.A.4.b.6.g.5,4.A.4.c.3.e.2,"Advise educators on curricula, instructional methods, or policies.",Order instructional or library materials or equipment.,18,0.9487
4.A.1.a.1.s.1,4.A.4.c.3.f.3,Conduct research to increase knowledge about medical issues.,Prescribe medications.,17,0.508
4.A.1.a.2.e.1,4.A.4.a.5.a.2,Monitor patient progress or responses to treatments.,Refer patients to other healthcare practitioners or health resources.,17,0.5593
4.A.1.a.2.e.1,4.A.4.b.4.a.14,Monitor patient progress or responses to treatments.,Supervise patient care personnel.,17,0.551
4.A.1.b.2.i.3,4.A.2.b.1.f.2,Examine patients to assess general physical condition.,Diagnose medical conditions.,17,0.6071
4.A.1.b.2.i.3,4.A.4.a.5.a.2,Examine patients to assess general physical condition.,Refer patients to other healthcare practitioners or health resources.,17,0.5593
4.A.2.a.4.f.3,4.A.2.b.3.a.12,Analyze test data or images to inform diagnosis or treatment.,Maintain medical or professional knowledge.,17,0.502
4.A.2.a.4.f.3,4.A.4.c.3.b.1,Analyze test data or images to inform diagnosis or treatment.,Order medical diagnostic or clinical tests.,17,0.6099
4.A.2.b.1.f.2,4.A.4.a.2.d.5,Diagnose medical conditions.,Collaborate with healthcare professionals to plan or provide treatment.,17,0.4499
4.A.2.b.2.a.2,4.A.3.b.6.k.4,Develop medical treatment plans.,Record patient medical histories.,17,0.4637
4.A.3.a.3.d.3,4.A.4.b.3.f.8,Operate diagnostic or therapeutic medical instruments or equipment.,Train medical providers.,17,0.4763
4.A.3.b.6.h.12,4.A.4.b.6.g.5,Maintain student records.,"Advise educators on curricula, instructional methods, or policies.",17,0.896
4.A.3.b.6.k.4,4.A.4.b.6.a.1,Record patient medical histories.,"Provide health and wellness advice to patients, program participants, or caregivers.",17,0.4737
4.A.1.a.1.l.2,4.A.2.a.4.f.3,"Collect medical information from patients, family members, or other medical professionals.",Analyze test data or images to inform diagnosis or treatment.,16,0.4579
4.A.1.a.1.l.2,4.A.4.b.3.f.8,"Collect medical information from patients, family members, or other medical professionals.",Train medical providers.,16,0.3979
4.A.1.a.1.s.1,4.A.4.b.6.f.1,Conduct research to increase knowledge about medical issues.,Advise medical personnel regarding healthcare issues.,16,0.6205
4.A.1.a.2.e.7,4.A.3.b.6.k.4,"Monitor patient conditions during treatments, procedures, or activities.",Record patient medical histories.,16,0.4458
4.A.2.b.2.a.2,4.A.4.b.3.f.8,Develop medical treatment plans.,Train medical providers.,16,0.4666
4.A.3.a.3.d.3,4.A.3.b.6.k.4,Operate diagnostic or therapeutic medical instruments or equipment.,Record patient medical histories.,16,0.4193
4.A.3.a.3.d.4,4.A.4.b.3.f.8,Operate diagnostic imaging equipment.,Train medical providers.,16,0.5244
4.A.3.b.6.c.4,4.A.4.b.4.a.10,Prepare scientific or technical reports or presentations.,Supervise scientific or technical personnel.,16,0.5657
4.A.4.a.1.e.5,4.A.4.b.3.f.8,Explain medical procedures or test results to patients or family members.,Train medical providers.,16,0.4571
4.A.4.a.5.a.2,4.A.4.b.3.f.8,Refer patients to other healthcare practitioners or health resources.,Train medical providers.,16,0.3979
4.A.4.a.5.a.2,4.A.4.b.4.a.14,Refer patients to other healthcare practitioners or health resources.,Supervise patient care personnel.,16,0.4777
4.A.4.b.3.f.8,4.A.4.c.3.f.3,Train medical providers.,Prescribe medications.,16,0.4041
4.A.4.c.3.f.1,4.A.4.c.3.f.3,Prescribe treatments or therapies.,Prescribe medications.,16,0.6489
4.A.1.a.1.l.2,4.A.1.a.1.s.1,"Collect medical information from patients, family members, or other medical professionals.",Conduct research to increase knowledge about medical issues.,15,0.4414
4.A.1.a.1.s.1,4.A.2.b.3.a.12,Conduct research to increase knowledge about medical issues.,Maintain medical or professional knowledge.,15,0.4554
4.A.1.a.1.s.1,4.A.4.b.4.a.14,Conduct research to increase knowledge about medical issues.,Supervise patient care personnel.,15,0.4348
4.A.1.a.1.s.1,4.A.4.b.6.a.1,Conduct research to increase knowledge about medical issues.,"Provide health and wellness advice to patients, program participants, or caregivers.",15,0.5287
4.A.1.a.2.e.7,4.A.4.a.2.d.5,"Monitor patient conditions during treatments, procedures, or activities.",Collaborate with healthcare professionals to plan or provide treatment.,15,0.438
4.A.1.a.2.e.7,4.A.4.b.3.f.8,"Monitor patient conditions during treatments, procedures, or activities.",Train medical providers.,15,0.4468
4.A.1.a.2.e.7,4.A.4.b.4.a.14,"Monitor patient conditions during treatments, procedures, or activities.",Supervise patient care personnel.,15,0.5364
4.A.1.b.2.i.3,4.A.4.b.3.f.8,Examine patients to assess general physical condition.,Train medical providers.,15,0.405
4.A.2.a.1.b.5,4.A.4.b.4.a.17,Evaluate effectiveness of educational programs.,Supervise laboratory work.,15,0.8385
4.A.2.a.1.c.2,4.A.4.b.4.a.17,Administer tests to assess educational needs or progress.,Supervise laboratory work.,15,0.8385
4.A.2.a.1.c.3,4.A.4.b.4.a.17,Prepare tests.,Supervise laboratory work.,15,0.8385
4.A.2.a.1.c.4,4.A.4.b.4.a.17,Evaluate student work.,Supervise laboratory work.,15,0.8385
4.A.2.a.2.c.4,4.A.4.b.4.a.17,Compile specialized bibliographies or lists of materials.,Supervise laboratory work.,15,0.8385
4.A.2.a.4.f.3,4.A.4.a.1.e.5,Analyze test data or images to inform diagnosis or treatment.,Explain medical procedures or test results to patients or family members.,15,0.4932
4.A.2.b.1.f.2,4.A.4.c.3.b.1,Diagnose medical conditions.,Order medical diagnostic or clinical tests.,15,0.6186
4.A.2.b.1.j.10,4.A.4.b.4.a.17,Select educational materials or equipment.,Supervise laboratory work.,15,0.8385
4.A.2.b.2.a.2,4.A.2.b.3.a.12,Develop medical treatment plans.,Maintain medical or professional knowledge.,15,0.5499
4.A.2.b.2.a.2,4.A.4.c.3.f.3,Develop medical treatment plans.,Prescribe medications.,15,0.5413
4.A.2.b.2.l.3,4.A.4.b.4.a.17,Develop instructional objectives.,Supervise laboratory work.,15,0.8385
4.A.2.b.3.a.10,4.A.4.b.4.a.17,Research topics in area of expertise.,Supervise laboratory work.,15,0.7217
4.A.2.b.3.a.12,4.A.4.c.3.f.3,Maintain medical or professional knowledge.,Prescribe medications.,15,0.4763
4.A.2.b.3.a.18,4.A.4.b.4.a.17,Attend training sessions or professional meetings to develop or maintain professional knowledge.,Supervise laboratory work.,15,0.8183
4.A.2.b.3.a.3,4.A.4.b.4.a.17,Stay informed about current developments in field of specialization.,Supervise laboratory work.,15,0.8183
4.A.2.b.6.a.4,4.A.4.b.4.a.17,Plan community programs or activities for the general public.,Supervise laboratory work.,15,0.8183
4.A.3.b.6.f.4,4.A.4.a.2.d.5,Prepare reports summarizing patient diagnostic or care activities.,Collaborate with healthcare professionals to plan or provide treatment.,15,0.4697
4.A.3.b.6.g.2,4.A.4.b.4.a.17,Write grant proposals.,Supervise laboratory work.,15,0.6629
4.A.3.b.6.k.4,4.A.4.b.6.f.1,Record patient medical histories.,Advise medical personnel regarding healthcare issues.,15,0.4599
4.A.3.b.6.k.4,4.A.4.c.3.f.1,Record patient medical histories.,Prescribe treatments or therapies.,15,0.4599
4.A.3.b.6.l.9,4.A.4.b.4.a.17,Develop instructional materials.,Supervise laboratory work.,15,0.8385
4.A.3.b.6.p.1,4.A.4.b.4.a.17,"Write articles, books or other original materials in area of expertise.",Supervise laboratory work.,15,0.7655
4.A.4.a.1.e.5,4.A.4.a.2.d.5,Explain medical procedures or test results to patients or family members.,Collaborate with healthcare professionals to plan or provide treatment.,15,0.4201
4.A.4.a.2.d.1,4.A.4.b.3.f.8,Inform medical professionals regarding patient conditions and care.,Train medical providers.,15,0.4916
4.A.4.a.5.a.2,4.A.4.a.5.l.7,Refer patients to other healthcare practitioners or health resources.,Treat chronic diseases or disorders.,15,0.5839
4.A.4.a.5.a.2,4.A.4.b.6.f.1,Refer patients to other healthcare practitioners or health resources.,Advise medical personnel regarding healthcare issues.,15,0.599
4.A.4.a.5.l.3,4.A.4.c.3.f.3,Operate on patients to treat conditions.,Prescribe medications.,15,0.625
4.A.4.a.5.l.7,4.A.4.c.3.f.3,Treat chronic diseases or disorders.,Prescribe medications.,15,0.5929
4.A.4.a.6.c.6,4.A.4.b.4.a.17,Promote educational institutions or programs.,Supervise laboratory work.,15,0.8183
4.A.4.b.3.b.5,4.A.4.b.4.a.17,Guide class discussions.,Supervise laboratory work.,15,0.8385
4.A.4.b.4.a.17,4.A.4.b.4.a.18,Supervise laboratory work.,Supervise student research or internship work.,15,0.7995
4.A.4.b.4.a.17,4.A.4.b.4.b.1,Supervise laboratory work.,Serve on institutional or departmental committees.,15,0.7655
4.A.4.b.4.a.17,4.A.4.b.4.j.33,Supervise laboratory work.,Direct department activities.,15,0.8385
4.A.4.b.4.a.17,4.A.4.b.6.g.2,Supervise laboratory work.,Advise students on academic or career matters.,15,0.7995
4.A.4.b.4.a.17,4.A.4.c.1.a.5,Supervise laboratory work.,Perform student enrollment or registration activities.,15,0.8385
4.A.4.b.4.a.17,4.A.4.c.3.e.2,Supervise laboratory work.,Order instructional or library materials or equipment.,15,0.8385
4.A.1.a.1.l.2,4.A.4.b.4.a.14,"Collect medical information from patients, family members, or other medical professionals.",Supervise patient care personnel.,14,0.418
4.A.1.a.1.s.1,4.A.1.a.2.e.1,Conduct research to increase knowledge about medical issues.,Monitor patient progress or responses to treatments.,14,0.4472
4.A.1.a.1.s.1,4.A.2.a.4.f.2,Conduct research to increase knowledge about medical issues.,Analyze patient data to determine patient needs or treatment goals.,14,0.4641
4.A.1.a.1.s.1,4.A.2.b.1.f.2,Conduct research to increase knowledge about medical issues.,Diagnose medical conditions.,14,0.4472
4.A.1.a.1.s.1,4.A.2.b.2.a.2,Conduct research to increase knowledge about medical issues.,Develop medical treatment plans.,14,0.483
4.A.1.a.1.s.1,4.A.4.a.1.e.5,Conduct research to increase knowledge about medical issues.,Explain medical procedures or test results to patients or family members.,14,0.4733
4.A.1.a.2.e.1,4.A.2.a.4.f.2,Monitor patient progress or responses to treatments.,Analyze patient data to determine patient needs or treatment goals.,14,0.5189
4.A.1.b.2.i.3,4.A.2.b.2.a.2,Examine patients to assess general physical condition.,Develop medical treatment plans.,14,0.5401
4.A.1.b.2.i.3,4.A.2.b.3.a.12,Examine patients to assess general physical condition.,Maintain medical or professional knowledge.,14,0.4752
4.A.2.a.4.f.3,4.A.4.c.3.f.1,Analyze test data or images to inform diagnosis or treatment.,Prescribe treatments or therapies.,14,0.528
4.A.2.b.1.f.2,4.A.4.a.5.l.7,Diagnose medical conditions.,Treat chronic diseases or disorders.,14,0.5916
4.A.3.b.6.f.4,4.A.4.b.3.f.8,Prepare reports summarizing patient diagnostic or care activities.,Train medical providers.,14,0.4472
4.A.3.b.6.h.12,4.A.4.b.4.a.17,Maintain student records.,Supervise laboratory work.,14,0.7826
4.A.3.b.6.k.4,4.A.4.a.5.g.3,Record patient medical histories.,Treat medical emergencies.,14,0.441
4.A.4.a.1.e.5,4.A.4.b.4.a.14,Explain medical procedures or test results to patients or family members.,Supervise patient care personnel.,14,0.4802
4.A.4.a.2.d.5,4.A.4.b.6.a.1,Collaborate with healthcare professionals to plan or provide treatment.,"Provide health and wellness advice to patients, program participants, or caregivers.",14,0.4088
4.A.4.a.5.a.2,4.A.4.b.6.a.1,Refer patients to other healthcare practitioners or health resources.,"Provide health and wellness advice to patients, program participants, or caregivers.",14,0.5082
4.A.4.a.5.a.2,4.A.4.c.3.f.1,Refer patients to other healthcare practitioners or health resources.,Prescribe treatments or therapies.,14,0.5591
4.A.4.b.4.a.17,4.A.4.b.6.g.5,Supervise laboratory work.,"Advise educators on curricula, instructional methods, or policies.",14,0.825
4.A.4.b.6.f.1,4.A.4.c.3.f.3,Advise medical personnel regarding healthcare issues.,Prescribe medications.,14,0.5678
4.A.1.a.1.l.1,4.A.3.b.6.k.4,Gather medical information from patient histories.,Record patient medical histories.,13,0.4485
4.A.1.a.1.l.2,4.A.4.a.1.e.5,"Collect medical information from patients, family members, or other medical professionals.",Explain medical procedures or test results to patients or family members.,13,0.4526
4.A.1.a.1.l.2,4.A.4.b.6.a.1,"Collect medical information from patients, family members, or other medical professionals.","Provide health and wellness advice to patients, program participants, or caregivers.",13,0.4719
4.A.1.a.1.l.2,4.A.4.c.3.f.3,"Collect medical information from patients, family members, or other medical professionals.",Prescribe medications.,13,0.4
4.A.1.a.1.s.1,4.A.4.c.3.b.1,Conduct research to increase knowledge about medical issues.,Order medical diagnostic or clinical tests.,13,0.4795
4.A.1.a.2.e.1,4.A.2.a.4.f.3,Monitor patient progress or responses to treatments.,Analyze test data or images to inform diagnosis or treatment.,13,0.4039
4.A.1.a.2.e.1,4.A.4.c.3.f.3,Monitor patient progress or responses to treatments.,Prescribe medications.,13,0.4343
4.A.1.a.2.e.7,4.A.3.a.2.k.1,"Monitor patient conditions during treatments, procedures, or activities.",Prepare medical supplies or equipment for use.,13,0.6389
4.A.2.a.1.b.5,4.A.4.b.3.b.12,Evaluate effectiveness of educational programs.,Teach physical science or mathematics courses at the college level.,13,0.8062
4.A.2.a.1.c.2,4.A.4.b.3.b.12,Administer tests to assess educational needs or progress.,Teach physical science or mathematics courses at the college level.,13,0.8062
4.A.2.a.1.c.3,4.A.4.b.3.b.12,Prepare tests.,Teach physical science or mathematics courses at the college level.,13,0.8062
4.A.2.a.1.c.4,4.A.4.b.3.b.12,Evaluate student work.,Teach physical science or mathematics courses at the college level.,13,0.8062
4.A.2.a.1.f.2,4.A.2.a.4.f.2,"Evaluate patient functioning, capabilities, or health.",Analyze patient data to determine patient needs or treatment goals.,13,0.6183
4.A.2.a.2.c.4,4.A.4.b.3.b.12,Compile specialized bibliographies or lists of materials.,Teach physical science or mathematics courses at the college level.,13,0.8062
4.A.2.a.4.f.2,4.A.2.b.3.a.12,Analyze patient data to determine patient needs or treatment goals.,Maintain medical or professional knowledge.,13,0.4579
4.A.2.a.4.f.2,4.A.4.a.5.a.2,Analyze patient data to determine patient needs or treatment goals.,Refer patients to other healthcare practitioners or health resources.,13,0.4438
4.A.2.a.4.f.2,4.A.4.b.3.f.8,Analyze patient data to determine patient needs or treatment goals.,Train medical providers.,13,0.3642
4.A.2.a.4.f.3,4.A.4.a.5.l.3,Analyze test data or images to inform diagnosis or treatment.,Operate on patients to treat conditions.,13,0.5037
4.A.2.a.4.f.3,4.A.4.a.5.l.7,Analyze test data or images to inform diagnosis or treatment.,Treat chronic diseases or disorders.,13,0.4779
4.A.2.a.4.f.3,4.A.4.b.6.a.1,Analyze test data or images to inform diagnosis or treatment.,"Provide health and wellness advice to patients, program participants, or caregivers.",13,0.4456
4.A.2.b.1.f.2,4.A.2.b.3.a.12,Diagnose medical conditions.,Maintain medical or professional knowledge.,13,0.4412
4.A.2.b.1.f.2,4.A.4.b.3.f.8,Diagnose medical conditions.,Train medical providers.,13,0.351
4.A.2.b.1.j.10,4.A.4.b.3.b.12,Select educational materials or equipment.,Teach physical science or mathematics courses at the college level.,13,0.8062
4.A.2.b.2.a.2,4.A.4.a.5.a.2,Develop medical treatment plans.,Refer patients to other healthcare practitioners or health resources.,13,0.4619
4.A.2.b.2.l.3,4.A.4.b.3.b.12,Develop instructional objectives.,Teach physical science or mathematics courses at the college level.,13,0.8062
4.A.2.b.3.a.1,4.A.3.b.6.c.4,Review professional literature to maintain professional knowledge.,Prepare scientific or technical reports or presentations.,13,0.4985
4.A.2.b.3.a.10,4.A.4.b.3.b.12,Research topics in area of expertise.,Teach physical science or mathematics courses at the college level.,13,0.6939
4.A.2.b.3.a.12,4.A.4.a.5.a.2,Maintain medical or professional knowledge.,Refer patients to other healthcare practitioners or health resources.,13,0.4064
4.A.2.b.3.a.18,4.A.4.b.3.b.12,Attend training sessions or professional meetings to develop or maintain professional knowledge.,Teach physical science or mathematics courses at the college level.,13,0.7868
4.A.2.b.3.a.3,4.A.4.b.3.b.12,Stay informed about current developments in field of specialization.,Teach physical science or mathematics courses at the college level.,13,0.7868
4.A.2.b.6.a.4,4.A.4.b.3.b.12,Plan community programs or activities for the general public.,Teach physical science or mathematics courses at the college level.,13,0.7868
4.A.3.a.2.k.1,4.A.4.a.2.d.5,Prepare medical supplies or equipment for use.,Collaborate with healthcare professionals to plan or provide treatment.,13,0.4291
4.A.3.a.3.d.3,4.A.4.a.2.d.5,Operate diagnostic or therapeutic medical instruments or equipment.,Collaborate with healthcare professionals to plan or provide treatment.,13,0.357
4.A.3.b.6.c.4,4.A.3.b.6.h.18,Prepare scientific or technical reports or presentations.,Record research or operational data.,13,0.4485
4.A.3.b.6.g.2,4.A.4.b.3.b.12,Write grant proposals.,Teach physical science or mathematics courses at the college level.,13,0.6374
4.A.3.b.6.k.4,4.A.4.a.5.c.6,Record patient medical histories.,Administer non-intravenous medications.,13,0.4643
4.A.3.b.6.k.4,4.A.4.a.5.l.3,Record patient medical histories.,Operate on patients to treat conditions.,13,0.4095
4.A.3.b.6.l.9,4.A.4.b.3.b.12,Develop instructional materials.,Teach physical science or mathematics courses at the college level.,13,0.8062
4.A.3.b.6.p.1,4.A.4.b.3.b.12,"Write articles, books or other original materials in area of expertise.",Teach physical science or mathematics courses at the college level.,13,0.736
4.A.4.a.2.d.1,4.A.4.a.2.d.5,Inform medical professionals regarding patient conditions and care.,Collaborate with healthcare professionals to plan or provide treatment.,13,0.4176
4.A.4.a.2.d.5,4.A.4.a.5.g.3,Collaborate with healthcare professionals to plan or provide treatment.,Treat medical emergencies.,13,0.4291
4.A.4.a.5.a.2,4.A.4.a.5.l.3,Refer patients to other healthcare practitioners or health resources.,Operate on patients to treat conditions.,13,0.5334
4.A.4.a.6.c.6,4.A.4.b.3.b.12,Promote educational institutions or programs.,Teach physical science or mathematics courses at the college level.,13,0.7868
4.A.4.b.3.b.12,4.A.4.b.3.b.5,Teach physical science or mathematics courses at the college level.,Guide class discussions.,13,0.8062
4.A.4.b.3.b.12,4.A.4.b.4.a.18,Teach physical science or mathematics courses at the college level.,Supervise student research or internship work.,13,0.7687
4.A.4.b.3.b.12,4.A.4.b.4.b.1,Teach physical science or mathematics courses at the college level.,Serve on institutional or departmental committees.,13,0.736
4.A.4.b.3.b.12,4.A.4.b.4.j.33,Teach physical science or mathematics courses at the college level.,Direct department activities.,13,0.8062
4.A.4.b.3.b.12,4.A.4.b.6.g.2,Teach physical science or mathematics courses at the college level.,Advise students on academic or career matters.,13,0.7687
4.A.4.b.3.b.12,4.A.4.c.1.a.5,Teach physical science or mathematics courses at the college level.,Perform student enrollment or registration activities.,13,0.8062
4.A.4.b.3.b.12,4.A.4.c.3.e.2,Teach physical science or mathematics courses at the college level.,Order instructional or library materials or equipment.,13,0.8062
4.A.4.b.6.a.1,4.A.4.c.3.f.3,"Provide health and wellness advice to patients, program participants, or caregivers.",Prescribe medications.,13,0.4792
4.A.1.a.1.l.2,4.A.1.b.2.i.3,"Collect medical information from patients, family members, or other medical professionals.",Examine patients to assess general physical condition.,12,0.3948
4.A.1.a.1.l.2,4.A.2.b.3.a.12,"Collect medical information from patients, family members, or other medical professionals.",Maintain medical or professional knowledge.,12,0.3752
4.A.1.a.1.l.2,4.A.4.a.5.a.2,"Collect medical information from patients, family members, or other medical professionals.",Refer patients to other healthcare practitioners or health resources.,12,0.3636
4.A.1.a.2.e.1,4.A.2.b.3.a.12,Monitor patient progress or responses to treatments.,Maintain medical or professional knowledge.,12,0.4073
4.A.1.a.2.e.1,4.A.4.b.3.f.8,Monitor patient progress or responses to treatments.,Train medical providers.,12,0.324
4.A.1.a.2.e.7,4.A.4.a.5.g.3,"Monitor patient conditions during treatments, procedures, or activities.",Treat medical emergencies.,12,0.5898
4.A.1.b.2.i.3,4.A.4.c.3.b.1,Examine patients to assess general physical condition.,Order medical diagnostic or clinical tests.,12,0.4949
4.A.1.b.2.l.2,4.A.3.b.6.h.21,"Test performance of electrical, electronic, mechanical, or integrated systems or equipment.",Maintain operational records or records systems.,12,0.5601
4.A.2.a.1.f.2,4.A.4.a.2.d.5,"Evaluate patient functioning, capabilities, or health.",Collaborate with healthcare professionals to plan or provide treatment.,12,0.4075
4.A.2.a.4.f.3,4.A.4.b.6.f.1,Analyze test data or images to inform diagnosis or treatment.,Advise medical personnel regarding healthcare issues.,12,0.4526
4.A.2.b.1.f.2,4.A.4.b.4.a.14,Diagnose medical conditions.,Supervise patient care personnel.,12,0.3889
4.A.2.b.3.a.12,4.A.3.b.6.f.4,Maintain medical or professional knowledge.,Prepare reports summarizing patient diagnostic or care activities.,12,0.4819
4.A.3.a.2.k.1,4.A.3.b.6.k.4,Prepare medical supplies or equipment for use.,Record patient medical histories.,12,0.378
4.A.3.a.2.k.1,4.A.4.b.3.f.8,Prepare medical supplies or equipment for use.,Train medical providers.,12,0.4041
4.A.3.a.3.d.4,4.A.3.b.6.k.4,Operate diagnostic imaging equipment.,Record patient medical histories.,12,0.3679
4.A.3.a.3.d.4,4.A.4.b.4.a.14,Operate diagnostic imaging equipment.,Supervise patient care personnel.,12,0.4721
4.A.3.b.6.h.12,4.A.4.b.3.b.12,Maintain student records.,Teach physical science or mathematics courses at the college level.,12,0.7442
4.A.3.b.6.k.4,4.A.4.a.2.d.1,Record patient medical histories.,Inform medical professionals regarding patient conditions and care.,12,0.3679
4.A.3.b.6.k.4,4.A.4.a.5.l.7,Record patient medical histories.,Treat chronic diseases or disorders.,12,0.3586
4.A.4.a.1.e.1,4.A.4.b.3.f.8,Communicate detailed medical information to patients or family members.,Train medical providers.,12,0.4582
4.A.4.a.1.e.5,4.A.4.a.5.a.2,Explain medical procedures or test results to patients or family members.,Refer patients to other healthcare practitioners or health resources.,12,0.4178
4.A.4.a.1.e.5,4.A.4.c.3.f.3,Explain medical procedures or test results to patients or family members.,Prescribe medications.,12,0.4243
4.A.4.a.2.d.5,4.A.4.a.5.l.7,Collaborate with healthcare professionals to plan or provide treatment.,Treat chronic diseases or disorders.,12,0.3757
4.A.4.a.5.l.7,4.A.4.c.3.f.1,Treat chronic diseases or disorders.,Prescribe treatments or therapies.,12,0.6156
4.A.4.b.3.b.12,4.A.4.b.4.a.17,Teach physical science or mathematics courses at the college level.,Supervise laboratory work.,12,0.8321
4.A.4.b.3.f.8,4.A.4.b.6.f.1,Train medical providers.,Advise medical personnel regarding healthcare issues.,12,0.3933
4.A.4.b.3.f.8,4.A.4.c.3.b.1,Train medical providers.,Order medical diagnostic or clinical tests.,12,0.3741
4.A.4.b.4.a.14,4.A.4.b.6.f.1,Supervise patient care personnel.,Advise medical personnel regarding healthcare issues.,12,0.4721
4.A.4.b.4.a.14,4.A.4.c.3.b.1,Supervise patient care personnel.,Order medical diagnostic or clinical tests.,12,0.4491
4.A.1.a.1.l.2,4.A.1.a.2.e.1,"Collect medical information from patients, family members, or other medical professionals.",Monitor patient progress or responses to treatments.,11,0.3619
4.A.1.a.1.l.2,4.A.3.b.6.f.4,"Collect medical information from patients, family members, or other medical professionals.",Prepare reports summarizing patient diagnostic or care activities.,11,0.4282
4.A.1.a.1.l.3,4.A.3.b.6.c.4,"Collect information from people through observation, interviews, or surveys.",Prepare scientific or technical reports or presentations.,11,0.4648
4.A.1.a.1.s.1,4.A.3.b.6.f.4,Conduct research to increase knowledge about medical issues.,Prepare reports summarizing patient diagnostic or care activities.,11,0.4158
4.A.1.a.1.s.1,4.A.4.c.3.f.1,Conduct research to increase knowledge about medical issues.,Prescribe treatments or therapies.,11,0.4266
4.A.1.a.2.e.1,4.A.2.b.1.f.2,Monitor patient progress or responses to treatments.,Diagnose medical conditions.,11,0.3929
4.A.1.a.2.e.1,4.A.4.b.6.a.1,Monitor patient progress or responses to treatments.,"Provide health and wellness advice to patients, program participants, or caregivers.",11,0.4335
4.A.1.a.2.e.7,4.A.3.a.3.d.3,"Monitor patient conditions during treatments, procedures, or activities.",Operate diagnostic or therapeutic medical instruments or equipment.,11,0.4498
4.A.1.b.2.g.21,4.A.4.b.3.f.8,Examine medical instruments or equipment to ensure proper operation.,Train medical providers.,11,0.4536
4.A.1.b.2.i.3,4.A.4.b.4.a.14,Examine patients to assess general physical condition.,Supervise patient care personnel.,11,0.3565
4.A.1.b.2.i.3,4.A.4.c.3.f.1,Examine patients to assess general physical condition.,Prescribe treatments or therapies.,11,0.4769
4.A.1.b.2.l.2,4.A.3.b.6.i.7,"Test performance of electrical, electronic, mechanical, or integrated systems or equipment.",Document design or operational test results.,11,0.5871
4.A.2.b.1.f.2,4.A.4.c.3.f.1,Diagnose medical conditions.,Prescribe treatments or therapies.,11,0.4769
4.A.2.b.2.a.2,4.A.4.b.4.a.14,Develop medical treatment plans.,Supervise patient care personnel.,11,0.3851
4.A.2.b.3.a.12,4.A.4.b.4.a.14,Maintain medical or professional knowledge.,Supervise patient care personnel.,11,0.3388
4.A.2.b.5.c.2,4.A.3.b.6.k.4,Schedule patient procedures or appointments.,Record patient medical histories.,11,0.3675
4.A.3.a.2.al.1,4.A.4.b.3.f.8,Collect biological specimens from patients.,Train medical providers.,11,0.4057
4.A.3.a.3.d.3,4.A.3.b.4.f.1,Operate diagnostic or therapeutic medical instruments or equipment.,Maintain medical equipment or instruments.,11,0.5393
4.A.3.b.6.c.4,4.A.4.b.3.b.9,Prepare scientific or technical reports or presentations.,Instruct college students in physical or life sciences.,11,0.5244
4.A.3.b.6.h.18,4.A.4.b.3.d.15,Record research or operational data.,Train personnel in technical or scientific procedures.,11,0.5822
4.A.4.a.2.d.5,4.A.4.a.5.l.2,Collaborate with healthcare professionals to plan or provide treatment.,"Treat acute illnesses, infections, or injuries.",11,0.3977
4.A.4.a.2.d.5,4.A.4.b.6.f.1,Collaborate with healthcare professionals to plan or provide treatment.,Advise medical personnel regarding healthcare issues.,11,0.3534
4.A.4.a.2.d.5,4.A.4.c.3.b.1,Collaborate with healthcare professionals to plan or provide treatment.,Order medical diagnostic or clinical tests.,11,0.3361
4.A.4.a.2.d.5,4.A.4.c.3.f.1,Collaborate with healthcare professionals to plan or provide treatment.,Prescribe treatments or therapies.,11,0.3534
4.A.4.b.3.b.12,4.A.4.b.6.g.5,Teach physical science or mathematics courses at the college level.,"Advise educators on curricula, instructional methods, or policies.",11,0.7191
4.A.4.b.3.f.8,4.A.4.b.6.a.1,Train medical providers.,"Provide health and wellness advice to patients, program participants, or caregivers.",11,0.3277
4.A.4.b.6.a.1,4.A.4.c.3.b.1,"Provide health and wellness advice to patients, program participants, or caregivers.",Order medical diagnostic or clinical tests.,11,0.5005
4.A.1.a.1.l.2,4.A.2.b.2.a.2,"Collect medical information from patients, family members, or other medical professionals.",Develop medical treatment plans.,10,0.3553
4.A.1.a.1.l.2,4.A.3.a.3.d.4,"Collect medical information from patients, family members, or other medical professionals.",Operate diagnostic imaging equipment.,10,0.3994
4.A.1.a.1.s.1,4.A.3.b.6.c.10,Conduct research to increase knowledge about medical issues.,Present medical research reports.,10,0.488
4.A.1.a.1.s.1,4.A.4.a.5.l.3,Conduct research to increase knowledge about medical issues.,Operate on patients to treat conditions.,10,0.3984
4.A.1.a.1.s.1,4.A.4.a.5.l.7,Conduct research to increase knowledge about medical issues.,Treat chronic diseases or disorders.,10,0.378
4.A.1.a.2.e.1,4.A.1.b.2.i.3,Monitor patient progress or responses to treatments.,Examine patients to assess general physical condition.,10,0.3571
4.A.1.a.2.e.7,4.A.2.a.4.f.3,"Monitor patient conditions during treatments, procedures, or activities.",Analyze test data or images to inform diagnosis or treatment.,10,0.3428
4.A.1.b.2.i.3,4.A.4.a.1.e.5,Examine patients to assess general physical condition.,Explain medical procedures or test results to patients or family members.,10,0.378
4.A.1.b.2.i.3,4.A.4.b.6.a.1,Examine patients to assess general physical condition.,"Provide health and wellness advice to patients, program participants, or caregivers.",10,0.3941
4.A.1.b.2.i.3,4.A.4.b.6.f.1,Examine patients to assess general physical condition.,Advise medical personnel regarding healthcare issues.,10,0.4336
4.A.1.b.2.l.2,4.A.3.a.2.i.4,"Test performance of electrical, electronic, mechanical, or integrated systems or equipment.",Calibrate scientific or technical equipment.,10,0.4303
4.A.1.b.2.l.2,4.A.3.b.2.f.14,"Test performance of electrical, electronic, mechanical, or integrated systems or equipment.",Develop technical methods or processes.,10,0.42
4.A.1.b.2.l.2,4.A.3.b.6.i.2,"Test performance of electrical, electronic, mechanical, or integrated systems or equipment.",Document technical design details.,10,0.4668
4.A.1.b.2.l.2,4.A.4.b.3.d.2,"Test performance of electrical, electronic, mechanical, or integrated systems or equipment.",Train personnel on proper operational procedures.,10,0.4103
4.A.1.b.3.b.4,4.A.4.b.6.e.9,Estimate operational costs.,"Recommend technical design or process changes to improve efficiency, quality, or performance.",10,0.5143
4.A.2.a.4.f.2,4.A.2.b.1.f.2,Analyze patient data to determine patient needs or treatment goals.,Diagnose medical conditions.,10,0.3706
4.A.2.a.4.f.2,4.A.4.b.4.a.14,Analyze patient data to determine patient needs or treatment goals.,Supervise patient care personnel.,10,0.3363
4.A.2.a.4.f.2,4.A.4.c.3.f.3,Analyze patient data to determine patient needs or treatment goals.,Prescribe medications.,10,0.3467
4.A.2.a.4.f.3,4.A.3.a.3.d.4,Analyze test data or images to inform diagnosis or treatment.,Operate diagnostic imaging equipment.,10,0.3772
4.A.2.a.4.f.3,4.A.4.a.5.g.3,Analyze test data or images to inform diagnosis or treatment.,Treat medical emergencies.,10,0.3875
4.A.2.a.4.g.5,4.A.3.b.6.c.4,Interpret research or operational data.,Prepare scientific or technical reports or presentations.,10,0.4226
4.A.2.a.4.j.5,4.A.3.b.6.c.4,Analyze biological samples.,Prepare scientific or technical reports or presentations.,10,0.5
4.A.2.b.1.f.2,4.A.4.a.5.l.3,Diagnose medical conditions.,Operate on patients to treat conditions.,10,0.4454
4.A.2.b.1.f.2,4.A.4.b.6.f.1,Diagnose medical conditions.,Advise medical personnel regarding healthcare issues.,10,0.4336
4.A.2.b.2.a.2,4.A.4.a.1.e.5,Develop medical treatment plans.,Explain medical procedures or test results to patients or family members.,10,0.4082
4.A.2.b.2.n.3,4.A.4.b.4.j.23,Design public or employee health programs.,Direct healthcare delivery programs.,10,0.8704
4.A.2.b.3.a.12,4.A.4.c.3.b.1,Maintain medical or professional knowledge.,Order medical diagnostic or clinical tests.,10,0.3919
4.A.2.b.5.c.2,4.A.4.b.4.a.14,Schedule patient procedures or appointments.,Supervise patient care personnel.,10,0.4287
4.A.2.b.6.b.7,4.A.4.a.2.h.3,Prepare detailed work plans.,Confer with technical personnel to prepare designs or operational plans.,10,0.4454
4.A.2.b.6.b.7,4.A.4.b.4.a.2,Prepare detailed work plans.,Supervise engineering or other technical personnel.,10,0.4683
4.A.3.a.2.k.1,4.A.4.b.4.a.14,Prepare medical supplies or equipment for use.,Supervise patient care personnel.,10,0.4042
4.A.3.a.3.d.3,4.A.3.a.3.d.4,Operate diagnostic or therapeutic medical instruments or equipment.,Operate diagnostic imaging equipment.,10,0.4499
4.A.3.a.3.d.3,4.A.4.b.4.a.14,Operate diagnostic or therapeutic medical instruments or equipment.,Supervise patient care personnel.,10,0.3363
4.A.3.b.2.f.14,4.A.4.b.3.d.2,Develop technical methods or processes.,Train personnel on proper operational procedures.,10,0.4652
4.A.3.b.2.f.14,4.A.4.b.6.e.9,Develop technical methods or processes.,"Recommend technical design or process changes to improve efficiency, quality, or performance.",10,0.4762
4.A.3.b.4.f.1,4.A.4.b.3.f.8,Maintain medical equipment or instruments.,Train medical providers.,10,0.3571
4.A.3.b.6.c.4,4.A.4.b.3.d.15,Prepare scientific or technical reports or presentations.,Train personnel in technical or scientific procedures.,10,0.3835
4.A.3.b.6.f.4,4.A.3.b.6.k.4,Prepare reports summarizing patient diagnostic or care activities.,Record patient medical histories.,10,0.2988
4.A.3.b.6.f.4,4.A.4.a.2.d.1,Prepare reports summarizing patient diagnostic or care activities.,Inform medical professionals regarding patient conditions and care.,10,0.513
4.A.3.b.6.h.18,4.A.4.b.4.a.10,Record research or operational data.,Supervise scientific or technical personnel.,10,0.488
4.A.3.b.6.k.2,4.A.4.b.3.f.8,Maintain medical facility records.,Train medical providers.,10,0.3571
4.A.3.b.6.k.4,4.A.4.b.4.j.23,Record patient medical histories.,Direct healthcare delivery programs.,10,0.3858
4.A.4.a.2.d.5,4.A.4.c.3.a.2,Collaborate with healthcare professionals to plan or provide treatment.,Maintain inventory of medical supplies or equipment.,10,0.3742
4.A.4.a.5.g.3,4.A.4.b.3.f.8,Treat medical emergencies.,Train medical providers.,10,0.3367
4.A.4.a.5.g.3,4.A.4.b.4.a.14,Treat medical emergencies.,Supervise patient care personnel.,10,0.4042
4.A.4.a.5.l.2,4.A.4.c.3.f.3,"Treat acute illnesses, infections, or injuries.",Prescribe medications.,10,0.4564
4.A.4.a.5.l.3,4.A.4.b.4.a.14,Operate on patients to treat conditions.,Supervise patient care personnel.,10,0.4042
4.A.4.a.5.l.7,4.A.4.b.3.f.8,Treat chronic diseases or disorders.,Train medical providers.,10,0.3194
4.A.4.a.5.l.7,4.A.4.b.6.f.1,Treat chronic diseases or disorders.,Advise medical personnel regarding healthcare issues.,10,0.513
4.A.4.a.5.l.7,4.A.4.c.3.b.1,Treat chronic diseases or disorders.,Order medical diagnostic or clinical tests.,10,0.488
4.A.4.b.3.f.8,4.A.4.b.4.j.38,Train medical providers.,Manage healthcare operations.,10,0.3689
4.A.4.b.4.a.14,4.A.4.b.6.a.1,Supervise patient care personnel.,"Provide health and wellness advice to patients, program participants, or caregivers.",10,0.3576
4.A.4.b.4.a.14,4.A.4.c.3.f.1,Supervise patient care personnel.,Prescribe treatments or therapies.,10,0.3934
4.A.4.b.6.a.1,4.A.4.c.3.f.1,"Provide health and wellness advice to patients, program participants, or caregivers.",Prescribe treatments or therapies.,10,0.4784
4.A.4.b.6.d.1,4.A.4.b.6.e.9,Provide technical guidance to other personnel.,"Recommend technical design or process changes to improve efficiency, quality, or performance.",10,0.5634
4.A.4.c.3.b.1,4.A.4.c.3.f.1,Order medical diagnostic or clinical tests.,Prescribe treatments or therapies.,10,0.5006
4.A.1.a.1.l.1,4.A.4.b.3.f.8,Gather medical information from patient histories.,Train medical providers.,9,0.332
4.A.1.a.1.l.1,4.A.4.b.4.a.14,Gather medical information from patient histories.,Supervise patient care personnel.,9,0.3985
4.A.1.a.1.l.2,4.A.1.a.2.e.7,"Collect medical information from patients, family members, or other medical professionals.","Monitor patient conditions during treatments, procedures, or activities.",9,0.3267
4.A.1.a.1.l.2,4.A.2.a.4.f.2,"Collect medical information from patients, family members, or other medical professionals.",Analyze patient data to determine patient needs or treatment goals.,9,0.3073
4.A.1.a.1.l.2,4.A.2.b.1.f.2,"Collect medical information from patients, family members, or other medical professionals.",Diagnose medical conditions.,9,0.2961
4.A.1.a.1.l.2,4.A.3.a.3.d.3,"Collect medical information from patients, family members, or other medical professionals.",Operate diagnostic or therapeutic medical instruments or equipment.,9,0.3073
4.A.1.a.1.l.2,4.A.4.a.2.d.1,"Collect medical information from patients, family members, or other medical professionals.",Inform medical professionals regarding patient conditions and care.,9,0.3594
4.A.1.a.1.l.2,4.A.4.c.3.b.1,"Collect medical information from patients, family members, or other medical professionals.",Order medical diagnostic or clinical tests.,9,0.3419
4.A.1.a.1.l.2,4.A.4.c.3.f.1,"Collect medical information from patients, family members, or other medical professionals.",Prescribe treatments or therapies.,9,0.3594
4.A.1.a.1.p.2,4.A.3.b.6.c.4,Research diseases or parasites.,Prepare scientific or technical reports or presentations.,9,0.45
4.A.1.a.1.s.1,4.A.2.a.1.f.2,Conduct research to increase knowledge about medical issues.,"Evaluate patient functioning, capabilities, or health.",9,0.369
4.A.1.a.1.s.1,4.A.4.a.3.b.1,Conduct research to increase knowledge about medical issues.,Communicate health and wellness information to the public.,9,0.4587
4.A.1.a.1.s.1,4.A.4.b.4.j.23,Conduct research to increase knowledge about medical issues.,Direct healthcare delivery programs.,9,0.4392
4.A.1.a.1.s.1,4.A.4.b.4.j.38,Conduct research to increase knowledge about medical issues.,Manage healthcare operations.,9,0.3928
4.A.1.a.1.t.4,4.A.2.b.3.a.7,Conduct research to gain information about products or processes.,Update knowledge about emerging industry or technology trends.,9,0.5303
4.A.1.a.2.e.1,4.A.2.a.1.f.2,Monitor patient progress or responses to treatments.,"Evaluate patient functioning, capabilities, or health.",9,0.4125
4.A.1.a.2.e.1,4.A.4.a.1.e.5,Monitor patient progress or responses to treatments.,Explain medical procedures or test results to patients or family members.,9,0.3402
4.A.1.a.2.e.1,4.A.4.a.5.g.3,Monitor patient progress or responses to treatments.,Treat medical emergencies.,9,0.4009
4.A.1.a.2.e.1,4.A.4.c.3.b.1,Monitor patient progress or responses to treatments.,Order medical diagnostic or clinical tests.,9,0.3712
4.A.1.a.2.e.1,4.A.4.c.3.f.1,Monitor patient progress or responses to treatments.,Prescribe treatments or therapies.,9,0.3902
4.A.1.a.2.e.7,4.A.1.b.2.g.21,"Monitor patient conditions during treatments, procedures, or activities.",Examine medical instruments or equipment to ensure proper operation.,9,0.5417
4.A.1.a.2.e.7,4.A.1.b.2.i.3,"Monitor patient conditions during treatments, procedures, or activities.",Examine patients to assess general physical condition.,9,0.3546
4.A.1.a.2.e.7,4.A.2.b.1.f.2,"Monitor patient conditions during treatments, procedures, or activities.",Diagnose medical conditions.,9,0.3546
4.A.1.a.2.e.7,4.A.3.a.2.i.9,"Monitor patient conditions during treatments, procedures, or activities.",Adjust settings or positions of medical equipment.,9,0.5417
4.A.1.a.2.e.7,4.A.3.a.3.d.4,"Monitor patient conditions during treatments, procedures, or activities.",Operate diagnostic imaging equipment.,9,0.4305
4.A.1.a.2.e.7,4.A.4.a.5.k.4,"Monitor patient conditions during treatments, procedures, or activities.",Position patients for treatment or examination.,9,0.5205
4.A.1.b.2.g.21,4.A.3.a.3.d.4,Examine medical instruments or equipment to ensure proper operation.,Operate diagnostic imaging equipment.,9,0.596
4.A.1.b.2.g.21,4.A.4.b.4.a.14,Examine medical instruments or equipment to ensure proper operation.,Supervise patient care personnel.,9,0.4456
4.A.1.b.2.i.3,4.A.2.a.4.f.2,Examine patients to assess general physical condition.,Analyze patient data to determine patient needs or treatment goals.,9,0.3336
4.A.1.b.2.i.3,4.A.4.a.5.l.7,Examine patients to assess general physical condition.,Treat chronic diseases or disorders.,9,0.3803
4.A.1.b.3.b.4,4.A.2.b.1.h.1,Estimate operational costs.,Estimate technical or resource requirements for development or production projects.,9,0.5883
4.A.1.b.3.b.4,4.A.3.b.2.f.14,Estimate operational costs.,Develop technical methods or processes.,9,0.4629
4.A.1.b.3.b.4,4.A.3.b.6.o.4,Estimate operational costs.,Prepare operational reports.,9,0.5
4.A.2.a.1.f.2,4.A.3.b.6.k.4,"Evaluate patient functioning, capabilities, or health.",Record patient medical histories.,9,0.2917
4.A.2.a.1.g.8,4.A.3.b.1.c.1,Evaluate utility of software or hardware technologies.,Install computer software.,9,0.6923
4.A.2.a.4.f.2,4.A.2.a.4.f.3,Analyze patient data to determine patient needs or treatment goals.,Analyze test data or images to inform diagnosis or treatment.,9,0.2902
4.A.2.a.4.f.2,4.A.3.b.6.f.4,Analyze patient data to determine patient needs or treatment goals.,Prepare reports summarizing patient diagnostic or care activities.,9,0.3947
4.A.2.a.4.f.3,4.A.3.a.2.k.1,Analyze test data or images to inform diagnosis or treatment.,Prepare medical supplies or equipment for use.,9,0.3487
4.A.2.a.4.f.3,4.A.4.b.4.j.38,Analyze test data or images to inform diagnosis or treatment.,Manage healthcare operations.,9,0.382
4.A.2.b.1.f.2,4.A.2.b.2.a.2,Diagnose medical conditions.,Develop medical treatment plans.,9,0.3472
4.A.2.b.1.f.2,4.A.4.a.5.l.2,Diagnose medical conditions.,"Treat acute illnesses, infections, or injuries.",9,0.4392
4.A.2.b.1.f.2,4.A.4.b.6.a.1,Diagnose medical conditions.,"Provide health and wellness advice to patients, program participants, or caregivers.",9,0.3546
4.A.2.b.2.a.2,4.A.3.b.6.f.4,Develop medical treatment plans.,Prepare reports summarizing patient diagnostic or care activities.,9,0.4108
4.A.2.b.2.n.3,4.A.3.b.6.k.4,Design public or employee health programs.,Record patient medical histories.,9,0.3626
4.A.2.b.3.a.12,4.A.4.a.5.g.3,Maintain medical or professional knowledge.,Treat medical emergencies.,9,0.381
4.A.2.b.3.a.7,4.A.3.b.1.b.1,Update knowledge about emerging industry or technology trends.,Implement security measures for computer or information systems.,9,0.6124
4.A.2.b.3.a.7,4.A.4.b.3.e.4,Update knowledge about emerging industry or technology trends.,Train others in computer interface or software use.,9,0.5477
4.A.2.b.5.c.2,4.A.3.a.3.d.4,Schedule patient procedures or appointments.,Operate diagnostic imaging equipment.,9,0.5162
4.A.2.b.6.b.7,4.A.4.b.3.d.2,Prepare detailed work plans.,Train personnel on proper operational procedures.,9,0.3917
4.A.3.a.1.i.1,4.A.3.b.6.k.4,Sterilize medical equipment or instruments.,Record patient medical histories.,9,0.3472
4.A.3.a.2.i.9,4.A.4.b.3.f.8,Adjust settings or positions of medical equipment.,Train medical providers.,9,0.3712
4.A.3.a.3.d.3,4.A.4.a.1.e.5,Operate diagnostic or therapeutic medical instruments or equipment.,Explain medical procedures or test results to patients or family members.,9,0.353
4.A.3.a.3.d.4,4.A.4.a.1.e.5,Operate diagnostic imaging equipment.,Explain medical procedures or test results to patients or family members.,9,0.4129
4.A.3.b.4.f.1,4.A.3.b.6.k.4,Maintain medical equipment or instruments.,Record patient medical histories.,9,0.3007
4.A.3.b.6.c.10,4.A.4.a.2.d.5,Present medical research reports.,Collaborate with healthcare professionals to plan or provide treatment.,9,0.3638
4.A.3.b.6.f.1,4.A.3.b.6.k.4,Prepare official health documents or records.,Record patient medical histories.,9,0.3803
4.A.3.b.6.f.4,4.A.4.a.1.e.5,Prepare reports summarizing patient diagnostic or care activities.,Explain medical procedures or test results to patients or family members.,9,0.4025
4.A.3.b.6.f.4,4.A.4.b.4.a.14,Prepare reports summarizing patient diagnostic or care activities.,Supervise patient care personnel.,9,0.3451
4.A.3.b.6.h.21,4.A.4.b.3.d.2,Maintain operational records or records systems.,Train personnel on proper operational procedures.,9,0.4654
4.A.3.b.6.i.1,4.A.4.a.2.h.3,Prepare procedural documents.,Confer with technical personnel to prepare designs or operational plans.,9,0.5071
4.A.3.b.6.k.2,4.A.4.a.2.d.5,Maintain medical facility records.,Collaborate with healthcare professionals to plan or provide treatment.,9,0.3151
4.A.3.b.6.k.2,4.A.4.c.1.a.6,Maintain medical facility records.,Perform clerical work in medical settings.,9,0.624
4.A.3.b.6.k.4,4.A.4.a.1.e.1,Record patient medical histories.,Communicate detailed medical information to patients or family members.,9,0.3214
4.A.3.b.6.k.4,4.A.4.a.5.k.4,Record patient medical histories.,Position patients for treatment or examination.,9,0.3336
4.A.3.b.6.k.4,4.A.4.a.5.l.2,Record patient medical histories.,"Treat acute illnesses, infections, or injuries.",9,0.3105
4.A.3.b.6.k.4,4.A.4.b.6.a.4,Record patient medical histories.,Advise patients on effects of health conditions or treatments.,9,0.3472
4.A.3.b.6.k.4,4.A.4.c.3.a.2,Record patient medical histories.,Maintain inventory of medical supplies or equipment.,9,0.3214
4.A.3.b.6.k.4,4.A.4.c.3.e.7,Record patient medical histories.,Order medical supplies or equipment.,9,0.3336
4.A.4.a.1.e.1,4.A.4.a.2.d.5,Communicate detailed medical information to patients or family members.,Collaborate with healthcare professionals to plan or provide treatment.,9,0.3368
4.A.4.a.2.d.1,4.A.4.b.4.a.14,Inform medical professionals regarding patient conditions and care.,Supervise patient care personnel.,9,0.3541
4.A.4.a.2.d.5,4.A.4.a.5.c.2,Collaborate with healthcare professionals to plan or provide treatment.,Administer basic health care or medical treatments.,9,0.38
4.A.4.a.2.d.5,4.A.4.b.3.f.5,Collaborate with healthcare professionals to plan or provide treatment.,"Train patients, family members, or caregivers in techniques for managing disabilities or illnesses.",9,0.38
4.A.4.a.2.h.3,4.A.4.b.3.d.2,Confer with technical personnel to prepare designs or operational plans.,Train personnel on proper operational procedures.,9,0.4187
4.A.4.a.2.h.3,4.A.4.b.4.a.2,Confer with technical personnel to prepare designs or operational plans.,Supervise engineering or other technical personnel.,9,0.4506
4.A.4.a.2.h.3,4.A.4.b.6.e.9,Confer with technical personnel to prepare designs or operational plans.,"Recommend technical design or process changes to improve efficiency, quality, or performance.",9,0.4286
4.A.4.a.5.k.4,4.A.4.b.3.f.8,Position patients for treatment or examination.,Train medical providers.,9,0.3566
4.A.4.a.5.k.5,4.A.4.b.3.f.8,Assist healthcare practitioners during examinations or treatments.,Train medical providers.,9,0.3712
4.A.4.a.5.l.3,4.A.4.a.5.l.7,Operate on patients to treat conditions.,Treat chronic diseases or disorders.,9,0.4743
4.A.4.a.5.l.3,4.A.4.b.6.f.1,Operate on patients to treat conditions.,Advise medical personnel regarding healthcare issues.,9,0.4867
4.A.4.a.5.l.7,4.A.4.b.4.a.14,Treat chronic diseases or disorders.,Supervise patient care personnel.,9,0.3451
4.A.4.b.3.d.2,4.A.4.b.6.e.9,Train personnel on proper operational procedures.,"Recommend technical design or process changes to improve efficiency, quality, or performance.",9,0.4187
4.A.4.b.4.a.14,4.A.4.b.4.j.23,Supervise patient care personnel.,Direct healthcare delivery programs.,9,0.4456
4.A.4.b.4.a.14,4.A.4.b.4.j.38,Supervise patient care personnel.,Manage healthcare operations.,9,0.3985
4.A.4.b.4.j.38,4.A.4.c.3.f.3,Manage healthcare operations.,Prescribe medications.,9,0.4108
4.A.4.b.6.f.1,4.A.4.c.3.b.1,Advise medical personnel regarding healthcare issues.,Order medical diagnostic or clinical tests.,9,0.4506
4.A.1.a.1.j.3,4.A.2.b.6.b.7,Investigate the environmental impact of projects.,Prepare detailed work plans.,8,0.4529
4.A.1.a.1.l.1,4.A.1.a.1.l.2,Gather medical information from patient histories.,"Collect medical information from patients, family members, or other medical professionals.",8,0.3596
4.A.1.a.1.l.1,4.A.4.a.2.d.5,Gather medical information from patient histories.,Collaborate with healthcare professionals to plan or provide treatment.,8,0.2892
4.A.1.a.1.l.2,4.A.3.b.6.f.1,"Collect medical information from patients, family members, or other medical professionals.",Prepare official health documents or records.,8,0.4404
4.A.1.a.1.l.2,4.A.4.a.5.c.6,"Collect medical information from patients, family members, or other medical professionals.",Administer non-intravenous medications.,8,0.3722
4.A.1.a.1.l.2,4.A.4.a.5.l.3,"Collect medical information from patients, family members, or other medical professionals.",Operate on patients to treat conditions.,8,0.3282
4.A.1.a.1.l.2,4.A.4.b.6.f.1,"Collect medical information from patients, family members, or other medical professionals.",Advise medical personnel regarding healthcare issues.,8,0.3195
4.A.1.a.1.s.1,4.A.2.b.2.n.3,Conduct research to increase knowledge about medical issues.,Design public or employee health programs.,8,0.4077
4.A.1.a.2.e.1,4.A.1.a.2.e.7,Monitor patient progress or responses to treatments.,"Monitor patient conditions during treatments, procedures, or activities.",8,0.3152
4.A.1.a.2.e.1,4.A.2.b.2.n.3,Monitor patient progress or responses to treatments.,Design public or employee health programs.,8,0.4558
4.A.1.a.2.e.1,4.A.3.a.3.d.3,Monitor patient progress or responses to treatments.,Operate diagnostic or therapeutic medical instruments or equipment.,8,0.2965
4.A.1.a.2.e.1,4.A.4.b.4.j.23,Monitor patient progress or responses to treatments.,Direct healthcare delivery programs.,8,0.4364
4.A.1.a.2.e.1,4.A.4.b.6.f.1,Monitor patient progress or responses to treatments.,Advise medical personnel regarding healthcare issues.,8,0.3468
4.A.1.a.2.e.7,4.A.2.b.3.a.12,"Monitor patient conditions during treatments, procedures, or activities.",Maintain medical or professional knowledge.,8,0.2996
4.A.1.a.2.e.7,4.A.2.b.5.c.2,"Monitor patient conditions during treatments, procedures, or activities.",Schedule patient procedures or appointments.,8,0.417
4.A.1.a.2.e.7,4.A.3.b.4.f.1,"Monitor patient conditions during treatments, procedures, or activities.",Maintain medical equipment or instruments.,8,0.417
4.A.1.a.2.e.7,4.A.4.a.1.e.5,"Monitor patient conditions during treatments, procedures, or activities.",Explain medical procedures or test results to patients or family members.,8,0.3336
4.A.1.a.2.e.7,4.A.4.a.5.c.2,"Monitor patient conditions during treatments, procedures, or activities.",Administer basic health care or medical treatments.,8,0.503
4.A.1.a.2.e.7,4.A.4.a.5.k.7,"Monitor patient conditions during treatments, procedures, or activities.",Prepare patients physically for medical procedures.,8,0.556
4.A.1.a.2.e.7,4.A.4.c.3.f.3,"Monitor patient conditions during treatments, procedures, or activities.",Prescribe medications.,8,0.2949
4.A.1.b.2.e.12,4.A.2.b.6.b.7,Inspect facilities or sites to determine if they meet specifications or standards.,Prepare detailed work plans.,8,0.4529
4.A.1.b.2.g.21,4.A.3.a.2.i.9,Examine medical instruments or equipment to ensure proper operation.,Adjust settings or positions of medical equipment.,8,0.6667
4.A.1.b.2.g.21,4.A.3.b.6.k.4,Examine medical instruments or equipment to ensure proper operation.,Record patient medical histories.,8,0.3086
4.A.1.b.2.g.21,4.A.4.a.1.e.5,Examine medical instruments or equipment to ensure proper operation.,Explain medical procedures or test results to patients or family members.,8,0.4619
4.A.1.b.2.g.21,4.A.4.a.2.d.5,Examine medical instruments or equipment to ensure proper operation.,Collaborate with healthcare professionals to plan or provide treatment.,8,0.3234
4.A.1.b.2.h.2,4.A.3.b.1.c.1,Test computer system operations to ensure proper functioning.,Install computer software.,8,0.6405
4.A.1.b.2.h.3,4.A.2.b.3.a.7,Test software performance.,Update knowledge about emerging industry or technology trends.,8,0.504
4.A.1.b.2.h.3,4.A.4.b.1.a.3,Test software performance.,Collaborate with others to resolve information technology issues.,8,0.5714
4.A.1.b.2.h.3,4.A.4.b.3.e.4,Test software performance.,Train others in computer interface or software use.,8,0.5521
4.A.1.b.2.h.3,4.A.4.b.6.d.6,Test software performance.,Recommend changes to improve computer or information systems.,8,0.593
4.A.1.b.2.i.3,4.A.4.a.5.l.2,Examine patients to assess general physical condition.,"Treat acute illnesses, infections, or injuries.",8,0.3904
4.A.1.b.2.l.2,4.A.3.a.2.d.2,"Test performance of electrical, electronic, mechanical, or integrated systems or equipment.",Assemble equipment or components.,8,0.5443
4.A.1.b.2.l.2,4.A.3.b.2.e.1,"Test performance of electrical, electronic, mechanical, or integrated systems or equipment.",Design electromechanical equipment or systems.,8,0.5132
4.A.1.b.2.l.2,4.A.3.b.2.e.3,"Test performance of electrical, electronic, mechanical, or integrated systems or equipment.",Design electronic or computer equipment or instrumentation.,8,0.4869
4.A.1.b.2.l.2,4.A.3.b.6.i.1,"Test performance of electrical, electronic, mechanical, or integrated systems or equipment.",Prepare procedural documents.,8,0.3975
4.A.1.b.3.b.4,4.A.4.a.2.h.3,Estimate operational costs.,Confer with technical personnel to prepare designs or operational plans.,8,0.4115
4.A.2.a.1.f.2,4.A.2.b.3.a.12,"Evaluate patient functioning, capabilities, or health.",Maintain medical or professional knowledge.,8,0.3485
4.A.2.a.1.f.2,4.A.4.a.5.a.2,"Evaluate patient functioning, capabilities, or health.",Refer patients to other healthcare practitioners or health resources.,8,0.3378
4.A.2.a.1.g.8,4.A.4.b.3.e.4,Evaluate utility of software or hardware technologies.,Train others in computer interface or software use.,8,0.5729
4.A.2.a.1.g.8,4.A.4.b.6.d.3,Evaluate utility of software or hardware technologies.,Provide recommendations to others about computer hardware.,8,0.7396
4.A.2.a.4.d.2,4.A.3.b.1.a.3,Analyze data to identify trends or relationships among variables.,Write computer programming code.,8,0.4869
4.A.2.a.4.f.2,4.A.2.b.2.a.2,Analyze patient data to determine patient needs or treatment goals.,Develop medical treatment plans.,8,0.3203
4.A.2.a.4.f.2,4.A.4.a.5.g.3,Analyze patient data to determine patient needs or treatment goals.,Treat medical emergencies.,8,0.3698
4.A.2.a.4.f.3,4.A.3.a.2.al.1,Analyze test data or images to inform diagnosis or treatment.,Collect biological specimens from patients.,8,0.3396
4.A.2.a.4.f.3,4.A.3.b.6.f.4,Analyze test data or images to inform diagnosis or treatment.,Prepare reports summarizing patient diagnostic or care activities.,8,0.2941
4.A.2.a.4.f.3,4.A.4.a.2.d.1,Analyze test data or images to inform diagnosis or treatment.,Inform medical professionals regarding patient conditions and care.,8,0.3017
4.A.2.a.4.f.3,4.A.4.a.5.c.6,Analyze test data or images to inform diagnosis or treatment.,Administer non-intravenous medications.,8,0.3515
4.A.2.a.4.f.3,4.A.4.a.5.l.2,Analyze test data or images to inform diagnosis or treatment.,"Treat acute illnesses, infections, or injuries.",8,0.3396
4.A.2.a.4.f.3,4.A.4.b.6.a.4,Analyze test data or images to inform diagnosis or treatment.,Advise patients on effects of health conditions or treatments.,8,0.3797
4.A.2.b.1.d.3,4.A.3.b.2.f.14,Determine operational methods.,Develop technical methods or processes.,8,0.4842
4.A.2.b.1.i.6,4.A.3.b.2.f.14,Implement design or process improvements.,Develop technical methods or processes.,8,0.504
4.A.2.b.2.a.2,4.A.3.a.3.d.4,Develop medical treatment plans.,Operate diagnostic imaging equipment.,8,0.3746
4.A.2.b.2.a.2,4.A.4.a.2.d.1,Develop medical treatment plans.,Inform medical professionals regarding patient conditions and care.,8,0.3746
4.A.2.b.2.a.2,4.A.4.b.6.f.1,Develop medical treatment plans.,Advise medical personnel regarding healthcare issues.,8,0.3746
4.A.2.b.2.a.2,4.A.4.c.3.b.1,Develop medical treatment plans.,Order medical diagnostic or clinical tests.,8,0.3563
4.A.2.b.2.b.6,4.A.3.b.6.c.4,Develop software or applications for scientific or technical use.,Prepare scientific or technical reports or presentations.,8,0.4216
4.A.2.b.2.n.3,4.A.4.b.4.a.14,Design public or employee health programs.,Supervise patient care personnel.,8,0.4137
4.A.2.b.2.s.1,4.A.3.b.2.f.14,Devise research or testing protocols.,Develop technical methods or processes.,8,0.4507
4.A.2.b.2.s.1,4.A.4.a.2.h.3,Devise research or testing protocols.,Confer with technical personnel to prepare designs or operational plans.,8,0.4507
4.A.2.b.3.a.12,4.A.3.a.3.d.3,Maintain medical or professional knowledge.,Operate diagnostic or therapeutic medical instruments or equipment.,8,0.2818
4.A.2.b.3.a.12,4.A.4.a.1.e.5,Maintain medical or professional knowledge.,Explain medical procedures or test results to patients or family members.,8,0.2874
4.A.2.b.3.a.12,4.A.4.a.2.d.1,Maintain medical or professional knowledge.,Inform medical professionals regarding patient conditions and care.,8,0.3296
4.A.2.b.3.a.12,4.A.4.b.6.f.1,Maintain medical or professional knowledge.,Advise medical personnel regarding healthcare issues.,8,0.3296
4.A.2.b.3.a.20,4.A.2.b.6.b.7,Update technical knowledge.,Prepare detailed work plans.,8,0.4082
4.A.2.b.3.a.20,4.A.4.b.3.d.2,Update technical knowledge.,Train personnel on proper operational procedures.,8,0.4264
4.A.2.b.3.a.7,4.A.4.b.1.a.3,Update knowledge about emerging industry or technology trends.,Collaborate with others to resolve information technology issues.,8,0.504
4.A.2.b.3.a.7,4.A.4.b.6.d.6,Update knowledge about emerging industry or technology trends.,Recommend changes to improve computer or information systems.,8,0.523
4.A.2.b.5.c.2,4.A.3.b.6.k.2,Schedule patient procedures or appointments.,Maintain medical facility records.,8,0.5
4.A.2.b.6.b.7,4.A.3.b.2.f.14,Prepare detailed work plans.,Develop technical methods or processes.,8,0.3563
4.A.2.b.6.b.7,4.A.4.b.6.e.9,Prepare detailed work plans.,"Recommend technical design or process changes to improve efficiency, quality, or performance.",8,0.3563
4.A.3.a.1.a.7,4.A.4.b.3.f.8,Prepare medications or medical solutions.,Train medical providers.,8,0.3299
4.A.3.a.1.i.3,4.A.3.a.2.k.1,Clean medical equipment or facilities.,Prepare medical supplies or equipment for use.,8,0.5443
4.A.3.a.1.i.3,4.A.3.b.6.k.4,Clean medical equipment or facilities.,Record patient medical histories.,8,0.3086
4.A.3.a.1.i.3,4.A.4.b.3.f.8,Clean medical equipment or facilities.,Train medical providers.,8,0.3299
4.A.3.a.2.al.1,4.A.3.a.2.k.1,Collect biological specimens from patients.,Prepare medical supplies or equipment for use.,8,0.4869
4.A.3.a.2.k.1,4.A.3.a.3.d.3,Prepare medical supplies or equipment for use.,Operate diagnostic or therapeutic medical instruments or equipment.,8,0.3698
4.A.3.a.2.k.1,4.A.4.a.5.g.3,Prepare medical supplies or equipment for use.,Treat medical emergencies.,8,0.4444
4.A.3.a.3.d.1,4.A.3.a.3.d.4,Process x-rays or other medical images.,Operate diagnostic imaging equipment.,8,0.6118
4.A.3.a.3.d.4,4.A.4.a.2.d.5,Operate diagnostic imaging equipment.,Collaborate with healthcare professionals to plan or provide treatment.,8,0.257
4.A.3.b.1.b.1,4.A.3.b.1.c.1,Implement security measures for computer or information systems.,Install computer software.,8,0.6405
4.A.3.b.2.d.1,4.A.4.b.6.e.9,Create models of engineering designs or methods.,"Recommend technical design or process changes to improve efficiency, quality, or performance.",8,0.4842
4.A.3.b.2.f.14,4.A.3.b.6.o.4,Develop technical methods or processes.,Prepare operational reports.,8,0.4115
4.A.3.b.5.c.5,4.A.3.b.6.h.18,Maintain laboratory or technical equipment.,Record research or operational data.,8,0.4842
4.A.3.b.6.c.10,4.A.4.b.3.f.8,Present medical research reports.,Train medical providers.,8,0.3299
4.A.3.b.6.c.4,4.A.3.b.6.g.2,Prepare scientific or technical reports or presentations.,Write grant proposals.,8,0.2236
4.A.3.b.6.c.4,4.A.4.a.2.b.1,Prepare scientific or technical reports or presentations.,Collaborate on research activities with scientists or technical specialists.,8,0.3508
4.A.3.b.6.g.2,4.A.3.b.6.g.4,Write grant proposals.,Prepare proposals or grant applications to obtain project funding.,8,0.4082
4.A.3.b.6.i.2,4.A.4.b.3.d.2,Document technical design details.,Train personnel on proper operational procedures.,8,0.4137
4.A.3.b.6.k.2,4.A.4.b.4.a.14,Maintain medical facility records.,Supervise patient care personnel.,8,0.343
4.A.3.b.6.k.4,4.A.4.a.5.k.6,Record patient medical histories.,Assist healthcare practitioners during surgery.,8,0.3381
4.A.3.b.6.k.4,4.A.4.c.1.a.6,Record patient medical histories.,Perform clerical work in medical settings.,8,0.2965
4.A.4.a.1.e.5,4.A.4.b.6.a.1,Explain medical procedures or test results to patients or family members.,"Provide health and wellness advice to patients, program participants, or caregivers.",8,0.3336
4.A.4.a.1.e.5,4.A.4.b.6.f.1,Explain medical procedures or test results to patients or family members.,Advise medical personnel regarding healthcare issues.,8,0.3671
4.A.4.a.1.e.5,4.A.4.c.3.b.1,Explain medical procedures or test results to patients or family members.,Order medical diagnostic or clinical tests.,8,0.3491
4.A.4.a.1.e.5,4.A.4.c.3.f.1,Explain medical procedures or test results to patients or family members.,Prescribe treatments or therapies.,8,0.3671
4.A.4.a.2.d.5,4.A.4.a.5.c.6,Collaborate with healthcare professionals to plan or provide treatment.,Administer non-intravenous medications.,8,0.2994
4.A.4.a.2.d.5,4.A.4.a.5.k.4,Collaborate with healthcare professionals to plan or provide treatment.,Position patients for treatment or examination.,8,0.3107
4.A.4.a.2.d.5,4.A.4.b.4.j.38,Collaborate with healthcare professionals to plan or provide treatment.,Manage healthcare operations.,8,0.2892
4.A.4.a.5.a.2,4.A.4.a.5.c.6,Refer patients to other healthcare practitioners or health resources.,Administer non-intravenous medications.,8,0.3722
4.A.4.a.5.a.2,4.A.4.a.5.l.2,Refer patients to other healthcare practitioners or health resources.,"Treat acute illnesses, infections, or injuries.",8,0.3596
4.A.4.a.5.c.2,4.A.4.b.3.f.8,Administer basic health care or medical treatments.,Train medical providers.,8,0.3446
4.A.4.a.5.c.6,4.A.4.b.3.f.8,Administer non-intravenous medications.,Train medical providers.,8,0.3054
4.A.4.a.5.c.6,4.A.4.b.4.a.14,Administer non-intravenous medications.,Supervise patient care personnel.,8,0.3667
4.A.4.a.5.c.6,4.A.4.c.3.f.3,Administer non-intravenous medications.,Prescribe medications.,8,0.378
4.A.4.a.5.l.3,4.A.4.b.6.a.1,Operate on patients to treat conditions.,"Provide health and wellness advice to patients, program participants, or caregivers.",8,0.3932
4.A.4.a.5.l.3,4.A.4.c.3.b.1,Operate on patients to treat conditions.,Order medical diagnostic or clinical tests.,8,0.4115
4.A.4.b.3.d.15,4.A.4.b.4.a.10,Train personnel in technical or scientific procedures.,Supervise scientific or technical personnel.,8,0.4339
4.A.4.b.3.e.4,4.A.4.b.6.d.2,Train others in computer interface or software use.,Provide technical support for software maintenance or use.,8,0.6228
4.A.4.b.3.f.8,4.A.4.c.1.a.6,Train medical providers.,Perform clerical work in medical settings.,8,0.317
4.A.4.b.4.a.14,4.A.4.c.3.e.7,Supervise patient care personnel.,Order medical supplies or equipment.,8,0.3805
4.A.4.b.4.j.23,4.A.4.b.6.a.1,Direct healthcare delivery programs.,"Provide health and wellness advice to patients, program participants, or caregivers.",8,0.4815
4.A.4.b.6.f.1,4.A.4.c.3.f.1,Advise medical personnel regarding healthcare issues.,Prescribe treatments or therapies.,8,0.4211
4.A.1.a.1.b.8,4.A.1.b.3.b.4,Review technical documents to plan work.,Estimate operational costs.,7,0.426
4.A.1.a.1.j.3,4.A.3.b.6.i.1,Investigate the environmental impact of projects.,Prepare procedural documents.,7,0.5013
4.A.1.a.1.j.3,4.A.4.a.2.h.3,Investigate the environmental impact of projects.,Confer with technical personnel to prepare designs or operational plans.,7,0.4237
4.A.1.a.1.l.2,4.A.2.a.1.f.2,"Collect medical information from patients, family members, or other medical professionals.","Evaluate patient functioning, capabilities, or health.",7,0.2955
4.A.1.a.1.l.2,4.A.3.b.4.f.1,"Collect medical information from patients, family members, or other medical professionals.",Maintain medical equipment or instruments.,7,0.3046
4.A.1.a.1.l.2,4.A.4.b.6.a.4,"Collect medical information from patients, family members, or other medical professionals.",Advise patients on effects of health conditions or treatments.,7,0.3518
4.A.1.a.1.p.2,4.A.2.a.4.j.5,Research diseases or parasites.,Analyze biological samples.,7,0.7
4.A.1.a.1.s.1,4.A.1.a.2.e.7,Conduct research to increase knowledge about medical issues.,"Monitor patient conditions during treatments, procedures, or activities.",7,0.2467
4.A.1.a.1.s.1,4.A.3.a.3.d.3,Conduct research to increase knowledge about medical issues.,Operate diagnostic or therapeutic medical instruments or equipment.,7,0.232
4.A.1.a.1.s.1,4.A.4.a.2.d.1,Conduct research to increase knowledge about medical issues.,Inform medical professionals regarding patient conditions and care.,7,0.2714
4.A.1.a.1.s.1,4.A.4.b.6.f.2,Conduct research to increase knowledge about medical issues.,Advise communities or institutions regarding health or safety issues.,7,0.4183
4.A.1.a.1.t.4,4.A.1.b.2.h.3,Conduct research to gain information about products or processes.,Test software performance.,7,0.4677
4.A.1.a.1.t.4,4.A.3.b.1.c.2,Conduct research to gain information about products or processes.,Install computer hardware.,7,0.6187
4.A.1.a.1.t.4,4.A.3.b.1.d.2,Conduct research to gain information about products or processes.,Troubleshoot issues with computer applications or systems.,7,0.4854
4.A.1.a.1.t.4,4.A.4.b.1.a.3,Conduct research to gain information about products or processes.,Collaborate with others to resolve information technology issues.,7,0.4677
4.A.1.a.2.e.1,4.A.2.b.2.a.2,Monitor patient progress or responses to treatments.,Develop medical treatment plans.,7,0.27
4.A.1.a.2.e.1,4.A.2.b.2.a.6,Monitor patient progress or responses to treatments.,Develop treatment plans that use non-medical therapies.,7,0.441
4.A.1.a.2.e.1,4.A.3.a.2.k.1,Monitor patient progress or responses to treatments.,Prepare medical supplies or equipment for use.,7,0.3118
4.A.1.a.2.e.1,4.A.4.a.5.l.2,Monitor patient progress or responses to treatments.,"Treat acute illnesses, infections, or injuries.",7,0.3416
4.A.1.a.2.e.1,4.A.4.a.5.l.3,Monitor patient progress or responses to treatments.,Operate on patients to treat conditions.,7,0.3118
4.A.1.a.2.e.1,4.A.4.b.6.f.2,Monitor patient progress or responses to treatments.,Advise communities or institutions regarding health or safety issues.,7,0.4677
4.A.1.a.2.e.7,4.A.2.b.2.a.2,"Monitor patient conditions during treatments, procedures, or activities.",Develop medical treatment plans.,7,0.2979
4.A.1.a.2.e.7,4.A.3.a.2.al.1,"Monitor patient conditions during treatments, procedures, or activities.",Collect biological specimens from patients.,7,0.3769
4.A.1.a.2.e.7,4.A.3.b.6.k.2,"Monitor patient conditions during treatments, procedures, or activities.",Maintain medical facility records.,7,0.3649
4.A.1.a.2.e.7,4.A.4.a.5.a.2,"Monitor patient conditions during treatments, procedures, or activities.",Refer patients to other healthcare practitioners or health resources.,7,0.2541
4.A.1.a.2.e.7,4.A.4.a.5.c.3,"Monitor patient conditions during treatments, procedures, or activities.",Administer anesthetics or sedatives to control pain.,7,0.4616
4.A.1.a.2.e.7,4.A.4.a.5.k.5,"Monitor patient conditions during treatments, procedures, or activities.",Assist healthcare practitioners during examinations or treatments.,7,0.4214
4.A.1.a.2.e.7,4.A.4.c.3.a.2,"Monitor patient conditions during treatments, procedures, or activities.",Maintain inventory of medical supplies or equipment.,7,0.3901
4.A.1.a.2.e.7,4.A.4.c.3.b.1,"Monitor patient conditions during treatments, procedures, or activities.",Order medical diagnostic or clinical tests.,7,0.3185
4.A.1.b.2.a.8,4.A.3.a.2.al.1,Test biological specimens to gather information about patient conditions.,Collect biological specimens from patients.,7,0.5715
4.A.1.b.2.g.21,4.A.3.a.2.k.1,Examine medical instruments or equipment to ensure proper operation.,Prepare medical supplies or equipment for use.,7,0.4763
4.A.1.b.2.g.21,4.A.3.a.3.d.3,Examine medical instruments or equipment to ensure proper operation.,Operate diagnostic or therapeutic medical instruments or equipment.,7,0.3963
4.A.1.b.2.g.21,4.A.4.a.5.k.4,Examine medical instruments or equipment to ensure proper operation.,Position patients for treatment or examination.,7,0.5604
4.A.1.b.2.h.2,4.A.2.a.1.g.8,Test computer system operations to ensure proper functioning.,Evaluate utility of software or hardware technologies.,7,0.5604
4.A.1.b.2.h.2,4.A.3.b.1.b.1,Test computer system operations to ensure proper functioning.,Implement security measures for computer or information systems.,7,0.5833
4.A.1.b.2.h.2,4.A.4.b.3.e.4,Test computer system operations to ensure proper functioning.,Train others in computer interface or software use.,7,0.5217
4.A.1.b.2.h.3,4.A.3.b.1.d.2,Test software performance.,Troubleshoot issues with computer applications or systems.,7,0.5189
4.A.1.b.2.h.3,4.A.3.b.6.i.5,Test software performance.,Document design or development procedures.,7,0.6614
4.A.1.b.2.h.3,4.A.4.a.2.h.7,Test software performance.,Collaborate with others to determine design specifications or details.,7,0.5
4.A.1.b.2.i.3,4.A.4.a.5.l.3,Examine patients to assess general physical condition.,Operate on patients to treat conditions.,7,0.3118
4.A.1.b.2.i.5,4.A.3.b.6.k.4,Measure the physical or physiological attributes of patients.,Record patient medical histories.,7,0.282
4.A.1.b.2.l.2,4.A.2.a.1.g.7,"Test performance of electrical, electronic, mechanical, or integrated systems or equipment.",Evaluate characteristics of equipment or systems.,7,0.3736
4.A.1.b.2.l.2,4.A.2.b.2.s.1,"Test performance of electrical, electronic, mechanical, or integrated systems or equipment.",Devise research or testing protocols.,7,0.3478
4.A.1.b.2.l.2,4.A.2.b.3.a.20,"Test performance of electrical, electronic, mechanical, or integrated systems or equipment.",Update technical knowledge.,7,0.3368
4.A.1.b.2.l.2,4.A.2.b.6.b.7,"Test performance of electrical, electronic, mechanical, or integrated systems or equipment.",Prepare detailed work plans.,7,0.275
4.A.1.b.2.l.2,4.A.4.a.2.h.3,"Test performance of electrical, electronic, mechanical, or integrated systems or equipment.",Confer with technical personnel to prepare designs or operational plans.,7,0.294
4.A.1.b.2.l.2,4.A.4.b.4.a.2,"Test performance of electrical, electronic, mechanical, or integrated systems or equipment.",Supervise engineering or other technical personnel.,7,0.3091
4.A.1.b.2.l.2,4.A.4.b.6.b.3,"Test performance of electrical, electronic, mechanical, or integrated systems or equipment.",Advise customers on the use of products or services.,7,0.3736
4.A.1.b.2.l.2,4.A.4.b.6.e.9,"Test performance of electrical, electronic, mechanical, or integrated systems or equipment.","Recommend technical design or process changes to improve efficiency, quality, or performance.",7,0.294
4.A.1.b.2.l.2,4.A.4.c.3.e.3,"Test performance of electrical, electronic, mechanical, or integrated systems or equipment.","Purchase materials, equipment, or other resources.",7,0.3478
4.A.1.b.3.b.4,4.A.2.b.1.d.3,Estimate operational costs.,Determine operational methods.,7,0.4576
4.A.1.b.3.b.4,4.A.2.b.1.i.6,Estimate operational costs.,Implement design or process improvements.,7,0.4763
4.A.1.b.3.b.4,4.A.4.b.3.d.2,Estimate operational costs.,Train personnel on proper operational procedures.,7,0.3518
4.A.2.a.1.f.2,4.A.2.a.4.f.3,"Evaluate patient functioning, capabilities, or health.",Analyze test data or images to inform diagnosis or treatment.,7,0.2791
4.A.2.a.1.f.2,4.A.2.b.1.f.2,"Evaluate patient functioning, capabilities, or health.",Diagnose medical conditions.,7,0.3208
4.A.2.a.1.f.2,4.A.4.a.5.g.3,"Evaluate patient functioning, capabilities, or health.",Treat medical emergencies.,7,0.4002
4.A.2.a.1.f.2,4.A.4.b.3.f.8,"Evaluate patient functioning, capabilities, or health.",Train medical providers.,7,0.2425
4.A.2.a.1.f.4,4.A.3.b.6.k.4,Evaluate treatment options to guide medical decisions.,Record patient medical histories.,7,0.3307
4.A.2.a.1.g.8,4.A.4.b.6.d.2,Evaluate utility of software or hardware technologies.,Provide technical support for software maintenance or use.,7,0.5854
4.A.2.a.1.g.8,4.A.4.b.6.d.6,Evaluate utility of software or hardware technologies.,Recommend changes to improve computer or information systems.,7,0.5385
4.A.2.a.4.f.2,4.A.3.a.2.k.1,Analyze patient data to determine patient needs or treatment goals.,Prepare medical supplies or equipment for use.,7,0.3236
4.A.2.a.4.f.2,4.A.3.a.3.d.3,Analyze patient data to determine patient needs or treatment goals.,Operate diagnostic or therapeutic medical instruments or equipment.,7,0.2692
4.A.2.a.4.f.2,4.A.4.a.2.d.1,Analyze patient data to determine patient needs or treatment goals.,Inform medical professionals regarding patient conditions and care.,7,0.3149
4.A.2.a.4.f.2,4.A.4.a.5.l.3,Analyze patient data to determine patient needs or treatment goals.,Operate on patients to treat conditions.,7,0.3236
4.A.2.a.4.f.2,4.A.4.b.6.f.1,Analyze patient data to determine patient needs or treatment goals.,Advise medical personnel regarding healthcare issues.,7,0.3149
4.A.2.a.4.f.3,4.A.2.b.5.c.2,Analyze test data or images to inform diagnosis or treatment.,Schedule patient procedures or appointments.,7,0.2877
4.A.2.a.4.f.3,4.A.3.a.3.d.3,Analyze test data or images to inform diagnosis or treatment.,Operate diagnostic or therapeutic medical instruments or equipment.,7,0.2257
4.A.2.a.4.f.3,4.A.3.b.6.f.1,Analyze test data or images to inform diagnosis or treatment.,Prepare official health documents or records.,7,0.3639
4.A.2.a.4.f.3,4.A.4.a.5.c.7,Analyze test data or images to inform diagnosis or treatment.,Immunize patients.,7,0.4069
4.A.2.a.4.f.5,4.A.3.a.3.d.4,Calculate numerical data for medical activities.,Operate diagnostic imaging equipment.,7,0.5678
4.A.2.a.4.f.5,4.A.4.b.3.f.8,Calculate numerical data for medical activities.,Train medical providers.,7,0.3536
4.A.2.a.4.g.3,4.A.4.b.6.e.9,"Analyze operational data to evaluate operations, processes or products.","Recommend technical design or process changes to improve efficiency, quality, or performance.",7,0.441
4.A.2.b.1.d.11,4.A.4.b.3.f.8,Determine protocols for medical procedures.,Train medical providers.,7,0.378
4.A.2.b.1.d.3,4.A.4.b.6.e.9,Determine operational methods.,"Recommend technical design or process changes to improve efficiency, quality, or performance.",7,0.4237
4.A.2.b.1.f.2,4.A.4.a.5.c.6,Diagnose medical conditions.,Administer non-intravenous medications.,7,0.3536
4.A.2.b.1.f.2,4.A.4.b.4.j.38,Diagnose medical conditions.,Manage healthcare operations.,7,0.3416
4.A.2.b.1.h.1,4.A.4.a.2.h.3,Estimate technical or resource requirements for development or production projects.,Confer with technical personnel to prepare designs or operational plans.,7,0.4237
4.A.2.b.1.h.1,4.A.4.b.3.d.2,Estimate technical or resource requirements for development or production projects.,Train personnel on proper operational procedures.,7,0.4139
4.A.2.b.1.h.1,4.A.4.b.6.e.9,Estimate technical or resource requirements for development or production projects.,"Recommend technical design or process changes to improve efficiency, quality, or performance.",7,0.4237
4.A.2.b.1.i.6,4.A.4.b.6.e.9,Implement design or process improvements.,"Recommend technical design or process changes to improve efficiency, quality, or performance.",7,0.441
4.A.2.b.2.a.2,4.A.3.a.3.d.3,Develop medical treatment plans.,Operate diagnostic or therapeutic medical instruments or equipment.,7,0.2802
4.A.2.b.2.a.2,4.A.4.a.1.e.1,Develop medical treatment plans.,Communicate detailed medical information to patients or family members.,7,0.3819
4.A.2.b.2.a.2,4.A.4.a.5.g.3,Develop medical treatment plans.,Treat medical emergencies.,7,0.3368
4.A.2.b.2.a.2,4.A.4.a.5.l.7,Develop medical treatment plans.,Treat chronic diseases or disorders.,7,0.3195
4.A.2.b.2.a.2,4.A.4.b.6.a.1,Develop medical treatment plans.,"Provide health and wellness advice to patients, program participants, or caregivers.",7,0.2979
4.A.2.b.2.a.6,4.A.3.b.6.k.4,Develop treatment plans that use non-medical therapies.,Record patient medical histories.,7,0.3118
4.A.2.b.2.a.6,4.A.4.a.2.d.5,Develop treatment plans that use non-medical therapies.,Collaborate with healthcare professionals to plan or provide treatment.,7,0.3267
4.A.2.b.2.f.4,4.A.3.b.1.a.3,Create databases to store electronic data.,Write computer programming code.,7,0.5449
4.A.2.b.2.n.3,4.A.4.a.2.d.5,Design public or employee health programs.,Collaborate with healthcare professionals to plan or provide treatment.,7,0.2955
4.A.2.b.2.n.3,4.A.4.a.5.a.2,Design public or employee health programs.,Refer patients to other healthcare practitioners or health resources.,7,0.3674
4.A.2.b.2.n.3,4.A.4.b.6.f.2,Design public or employee health programs.,Advise communities or institutions regarding health or safety issues.,7,0.7462
4.A.2.b.2.n.3,4.A.4.c.3.f.3,Design public or employee health programs.,Prescribe medications.,7,0.3731
4.A.2.b.3.a.12,4.A.3.a.2.al.1,Maintain medical or professional knowledge.,Collect biological specimens from patients.,7,0.3246
4.A.2.b.3.a.12,4.A.4.a.5.l.7,Maintain medical or professional knowledge.,Treat chronic diseases or disorders.,7,0.2811
4.A.2.b.3.a.20,4.A.3.b.6.h.21,Update technical knowledge.,Maintain operational records or records systems.,7,0.4244
4.A.2.b.3.a.20,4.A.4.a.2.h.3,Update technical knowledge.,Confer with technical personnel to prepare designs or operational plans.,7,0.3819
4.A.2.b.3.a.7,4.A.3.b.1.c.1,Update knowledge about emerging industry or technology trends.,Install computer software.,7,0.4576
4.A.2.b.3.a.7,4.A.3.b.1.c.2,Update knowledge about emerging industry or technology trends.,Install computer hardware.,7,0.5833
4.A.2.b.3.a.7,4.A.3.b.1.d.2,Update knowledge about emerging industry or technology trends.,Troubleshoot issues with computer applications or systems.,7,0.4576
4.A.2.b.3.a.7,4.A.3.b.2.f.9,Update knowledge about emerging industry or technology trends.,Develop computer or information security policies or procedures.,7,0.5217
4.A.2.b.3.a.7,4.A.4.a.2.h.7,Update knowledge about emerging industry or technology trends.,Collaborate with others to determine design specifications or details.,7,0.441
4.A.2.b.5.c.2,4.A.3.a.1.i.1,Schedule patient procedures or appointments.,Sterilize medical equipment or instruments.,7,0.5052
4.A.2.b.5.c.2,4.A.3.a.3.d.1,Schedule patient procedures or appointments.,Process x-rays or other medical images.,7,0.5833
4.A.2.b.5.c.2,4.A.3.a.3.d.3,Schedule patient procedures or appointments.,Operate diagnostic or therapeutic medical instruments or equipment.,7,0.3432
4.A.2.b.5.c.2,4.A.4.a.1.e.5,Schedule patient procedures or appointments.,Explain medical procedures or test results to patients or family members.,7,0.35
4.A.2.b.5.c.2,4.A.4.a.2.d.5,Schedule patient procedures or appointments.,Collaborate with healthcare professionals to plan or provide treatment.,7,0.245
4.A.2.b.5.c.2,4.A.4.a.5.k.4,Schedule patient procedures or appointments.,Position patients for treatment or examination.,7,0.4854
4.A.2.b.5.c.2,4.A.4.b.3.f.8,Schedule patient procedures or appointments.,Train medical providers.,7,0.25
4.A.2.b.5.c.2,4.A.4.c.1.a.6,Schedule patient procedures or appointments.,Perform clerical work in medical settings.,7,0.4854
4.A.2.b.5.c.2,4.A.4.c.3.e.7,Schedule patient procedures or appointments.,Order medical supplies or equipment.,7,0.4854
4.A.2.b.6.b.7,4.A.3.b.2.d.1,Prepare detailed work plans.,Create models of engineering designs or methods.,7,0.3963
4.A.2.b.6.b.7,4.A.3.b.6.c.9,Prepare detailed work plans.,Prepare technical reports for internal use.,7,0.4763
4.A.2.b.6.b.7,4.A.3.b.6.h.21,Prepare detailed work plans.,Maintain operational records or records systems.,7,0.3466
4.A.3.a.1.a.7,4.A.3.b.6.k.4,Prepare medications or medical solutions.,Record patient medical histories.,7,0.27
4.A.3.a.1.i.1,4.A.3.a.3.d.3,Sterilize medical equipment or instruments.,Operate diagnostic or therapeutic medical instruments or equipment.,7,0.3963
4.A.3.a.2.al.1,4.A.3.b.6.k.4,Collect biological specimens from patients.,Record patient medical histories.,7,0.2415
4.A.3.a.2.al.1,4.A.4.a.2.d.5,Collect biological specimens from patients.,Collaborate with healthcare professionals to plan or provide treatment.,7,0.2531
4.A.3.a.2.al.5,4.A.3.b.6.c.4,Collect environmental data or samples.,Prepare scientific or technical reports or presentations.,7,0.307
4.A.3.a.2.al.5,4.A.3.b.6.h.18,Collect environmental data or samples.,Record research or operational data.,7,0.4237
4.A.3.a.2.au.2,4.A.3.b.4.f.2,Prepare biological specimens for laboratory analysis.,Maintain medical laboratory equipment.,7,0.8819
4.A.3.a.2.i.4,4.A.3.b.6.h.18,Calibrate scientific or technical equipment.,Record research or operational data.,7,0.3416
4.A.3.a.2.i.9,4.A.3.a.3.d.4,Adjust settings or positions of medical equipment.,Operate diagnostic imaging equipment.,7,0.4636
4.A.3.a.2.i.9,4.A.4.a.1.e.5,Adjust settings or positions of medical equipment.,Explain medical procedures or test results to patients or family members.,7,0.4041
4.A.3.a.2.i.9,4.A.4.a.5.k.4,Adjust settings or positions of medical equipment.,Position patients for treatment or examination.,7,0.5604
4.A.3.a.2.i.9,4.A.4.b.4.a.14,Adjust settings or positions of medical equipment.,Supervise patient care personnel.,7,0.3466
4.A.3.a.2.k.1,4.A.3.a.3.d.4,Prepare medical supplies or equipment for use.,Operate diagnostic imaging equipment.,7,0.3785
4.A.3.a.2.k.1,4.A.4.a.1.e.5,Prepare medical supplies or equipment for use.,Explain medical procedures or test results to patients or family members.,7,0.33
4.A.3.a.2.k.1,4.A.4.a.5.k.7,Prepare medical supplies or equipment for use.,Prepare patients physically for medical procedures.,7,0.55
4.A.3.a.2.q.3,4.A.4.b.3.f.8,Fabricate medical devices.,Train medical providers.,7,0.3015
4.A.3.a.3.d.1,4.A.4.b.3.f.8,Process x-rays or other medical images.,Train medical providers.,7,0.3333
4.A.3.a.3.d.2,4.A.4.b.3.f.8,Create advanced digital images of patients using computer imaging systems.,Train medical providers.,7,0.378
4.A.3.a.3.d.3,4.A.4.a.5.c.2,Operate diagnostic or therapeutic medical instruments or equipment.,Administer basic health care or medical treatments.,7,0.4139
4.A.3.a.3.d.3,4.A.4.a.5.g.3,Operate diagnostic or therapeutic medical instruments or equipment.,Treat medical emergencies.,7,0.3236
4.A.3.a.3.d.4,4.A.3.b.4.f.1,Operate diagnostic imaging equipment.,Maintain medical equipment or instruments.,7,0.4015
4.A.3.a.3.d.4,4.A.4.a.5.k.4,Operate diagnostic imaging equipment.,Position patients for treatment or examination.,7,0.4454
4.A.3.a.3.d.4,4.A.4.c.3.f.3,Operate diagnostic imaging equipment.,Prescribe medications.,7,0.2839
4.A.3.a.3.i.1,4.A.3.b.6.c.4,Operate laboratory or field equipment.,Prepare scientific or technical reports or presentations.,7,0.3913
4.A.3.b.1.a.3,4.A.3.b.2.d.2,Write computer programming code.,Develop models of information or communications systems.,7,0.5449
4.A.3.b.1.b.1,4.A.3.b.2.f.9,Implement security measures for computer or information systems.,Develop computer or information security policies or procedures.,7,0.639
4.A.3.b.1.c.1,4.A.4.b.3.e.4,Install computer software.,Train others in computer interface or software use.,7,0.5013
4.A.3.b.1.f.3,4.A.4.b.3.f.8,Enter patient or treatment data into computers.,Train medical providers.,7,0.3333
4.A.3.b.2.c.1,4.A.4.b.3.d.2,Design industrial processing systems.,Train personnel on proper operational procedures.,7,0.45
4.A.3.b.2.d.1,4.A.3.b.2.f.14,Create models of engineering designs or methods.,Develop technical methods or processes.,7,0.4237
4.A.3.b.2.d.1,4.A.4.a.2.h.3,Create models of engineering designs or methods.,Confer with technical personnel to prepare designs or operational plans.,7,0.4237
4.A.3.b.2.e.1,4.A.3.b.6.h.21,Design electromechanical equipment or systems.,Maintain operational records or records systems.,7,0.5659
4.A.3.b.2.e.3,4.A.3.b.6.i.2,Design electronic or computer equipment or instrumentation.,Document technical design details.,7,0.5369
4.A.3.b.2.f.14,4.A.3.b.6.i.1,Develop technical methods or processes.,Prepare procedural documents.,7,0.3944
4.A.3.b.2.f.14,4.A.4.a.2.h.3,Develop technical methods or processes.,Confer with technical personnel to prepare designs or operational plans.,7,0.3333
4.A.3.b.2.f.14,4.A.4.b.4.a.2,Develop technical methods or processes.,Supervise engineering or other technical personnel.,7,0.3504
4.A.3.b.4.f.1,4.A.4.a.2.d.5,Maintain medical equipment or instruments.,Collaborate with healthcare professionals to plan or provide treatment.,7,0.245
4.A.3.b.4.f.1,4.A.4.a.5.g.3,Maintain medical equipment or instruments.,Treat medical emergencies.,7,0.4125
4.A.3.b.6.c.4,4.A.3.b.6.g.4,Prepare scientific or technical reports or presentations.,Prepare proposals or grant applications to obtain project funding.,7,0.3195
4.A.3.b.6.c.4,4.A.4.b.1.a.5,Prepare scientific or technical reports or presentations.,Collaborate with technical specialists to resolve design or development problems.,7,0.3913
4.A.3.b.6.c.4,4.A.4.b.3.b.8,Prepare scientific or technical reports or presentations.,Instruct college students in social sciences or humanities disciplines.,7,0.4183
4.A.3.b.6.c.4,4.A.4.b.6.e.10,Prepare scientific or technical reports or presentations.,Advise others on business or operational matters.,7,0.3913
4.A.3.b.6.g.2,4.A.4.b.4.a.10,Write grant proposals.,Supervise scientific or technical personnel.,7,0.2767
4.A.3.b.6.i.1,4.A.4.b.3.d.2,Prepare procedural documents.,Train personnel on proper operational procedures.,7,0.3853
4.A.3.b.6.i.1,4.A.4.b.6.e.9,Prepare procedural documents.,"Recommend technical design or process changes to improve efficiency, quality, or performance.",7,0.3944
4.A.3.b.6.k.2,4.A.4.a.2.d.1,Maintain medical facility records.,Inform medical professionals regarding patient conditions and care.,7,0.4015
4.A.3.b.6.k.2,4.A.4.c.3.a.2,Maintain medical facility records.,Maintain inventory of medical supplies or equipment.,7,0.4677
4.A.3.b.6.k.4,4.A.4.a.3.b.1,Record patient medical histories.,Communicate health and wellness information to the public.,7,0.282
4.A.3.b.6.k.4,4.A.4.a.5.c.2,Record patient medical histories.,Administer basic health care or medical treatments.,7,0.282
4.A.3.b.6.k.4,4.A.4.a.5.c.8,Record patient medical histories.,Administer intravenous medications.,7,0.3307
4.A.3.b.6.k.4,4.A.4.b.2.a.4,Record patient medical histories.,Interact with patients to build rapport or provide emotional support.,7,0.3307
4.A.3.b.6.k.4,4.A.4.b.4.j.38,Record patient medical histories.,Manage healthcare operations.,7,0.2415
4.A.3.b.6.k.4,4.A.4.b.6.f.2,Record patient medical histories.,Advise communities or institutions regarding health or safety issues.,7,0.3307
4.A.3.b.6.o.4,4.A.4.a.2.h.3,Prepare operational reports.,Confer with technical personnel to prepare designs or operational plans.,7,0.36
4.A.3.b.6.o.4,4.A.4.b.3.d.2,Prepare operational reports.,Train personnel on proper operational procedures.,7,0.3518
4.A.4.a.1.e.1,4.A.4.a.5.a.2,Communicate detailed medical information to patients or family members.,Refer patients to other healthcare practitioners or health resources.,7,0.3257
4.A.4.a.1.e.5,4.A.4.a.2.d.1,Explain medical procedures or test results to patients or family members.,Inform medical professionals regarding patient conditions and care.,7,0.3212
4.A.4.a.1.e.5,4.A.4.a.5.l.7,Explain medical procedures or test results to patients or family members.,Treat chronic diseases or disorders.,7,0.313
4.A.4.a.2.d.4,4.A.4.b.3.f.8,Communicate test or assessment results to medical professionals.,Train medical providers.,7,0.3162
4.A.4.a.2.d.5,4.A.4.a.3.b.1,Collaborate with healthcare professionals to plan or provide treatment.,Communicate health and wellness information to the public.,7,0.2955
4.A.4.a.2.d.5,4.A.4.a.5.c.8,Collaborate with healthcare professionals to plan or provide treatment.,Administer intravenous medications.,7,0.3466
4.A.4.a.2.d.5,4.A.4.a.5.l.3,Collaborate with healthcare professionals to plan or provide treatment.,Operate on patients to treat conditions.,7,0.231
4.A.4.a.2.d.5,4.A.4.b.4.j.23,Collaborate with healthcare professionals to plan or provide treatment.,Direct healthcare delivery programs.,7,0.283
4.A.4.a.2.d.5,4.A.4.b.6.a.4,Collaborate with healthcare professionals to plan or provide treatment.,Advise patients on effects of health conditions or treatments.,7,0.283
4.A.4.a.2.h.7,4.A.4.b.1.a.3,Collaborate with others to determine design specifications or details.,Collaborate with others to resolve information technology issues.,7,0.5
4.A.4.a.2.h.7,4.A.4.b.3.e.4,Collaborate with others to determine design specifications or details.,Train others in computer interface or software use.,7,0.483
4.A.4.a.2.h.7,4.A.4.b.4.a.7,Collaborate with others to determine design specifications or details.,Supervise information technology personnel.,7,0.5641
4.A.4.a.5.a.2,4.A.4.a.5.g.3,Refer patients to other healthcare practitioners or health resources.,Treat medical emergencies.,7,0.2872
4.A.4.a.5.a.2,4.A.4.b.4.j.23,Refer patients to other healthcare practitioners or health resources.,Direct healthcare delivery programs.,7,0.3518
4.A.4.a.5.a.2,4.A.4.b.4.j.38,Refer patients to other healthcare practitioners or health resources.,Manage healthcare operations.,7,0.3146
4.A.4.a.5.a.2,4.A.4.b.6.a.4,Refer patients to other healthcare practitioners or health resources.,Advise patients on effects of health conditions or treatments.,7,0.3518
4.A.4.a.5.c.2,4.A.4.b.4.a.14,Administer basic health care or medical treatments.,Supervise patient care personnel.,7,0.362
4.A.4.a.5.c.6,4.A.4.b.6.f.1,Administer non-intravenous medications.,Advise medical personnel regarding healthcare issues.,7,0.4292
4.A.4.a.5.c.7,4.A.4.b.6.a.1,Immunize patients.,"Provide health and wellness advice to patients, program participants, or caregivers.",7,0.516
4.A.4.a.5.c.7,4.A.4.c.3.f.3,Immunize patients.,Prescribe medications.,7,0.4375
4.A.4.a.5.g.3,4.A.4.c.3.b.1,Treat medical emergencies.,Order medical diagnostic or clinical tests.,7,0.36
4.A.4.a.5.g.3,4.A.4.c.3.f.3,Treat medical emergencies.,Prescribe medications.,7,0.2917
4.A.4.a.5.k.4,4.A.4.b.4.a.14,Position patients for treatment or examination.,Supervise patient care personnel.,7,0.333
4.A.4.a.5.k.4,4.A.4.c.3.a.2,Position patients for treatment or examination.,Maintain inventory of medical supplies or equipment.,7,0.5189
4.A.4.a.5.k.5,4.A.4.b.4.a.14,Assist healthcare practitioners during examinations or treatments.,Supervise patient care personnel.,7,0.3466
4.A.4.a.5.l.2,4.A.4.a.5.l.7,"Treat acute illnesses, infections, or injuries.",Treat chronic diseases or disorders.,7,0.4041
4.A.4.a.5.l.3,4.A.4.c.3.f.1,Operate on patients to treat conditions.,Prescribe treatments or therapies.,7,0.3785
4.A.4.b.1.a.3,4.A.4.b.3.e.4,Collaborate with others to resolve information technology issues.,Train others in computer interface or software use.,7,0.483
4.A.4.b.1.a.3,4.A.4.b.6.d.6,Collaborate with others to resolve information technology issues.,Recommend changes to improve computer or information systems.,7,0.5189
4.A.4.b.3.d.2,4.A.4.b.4.a.2,Train personnel on proper operational procedures.,Supervise engineering or other technical personnel.,7,0.3424
4.A.4.b.3.d.2,4.A.4.c.3.e.3,Train personnel on proper operational procedures.,"Purchase materials, equipment, or other resources.",7,0.3853
4.A.4.b.3.f.8,4.A.4.c.3.a.2,Train medical providers.,Maintain inventory of medical supplies or equipment.,7,0.2673
4.A.4.b.4.a.14,4.A.4.b.6.f.2,Supervise patient care personnel.,Advise communities or institutions regarding health or safety issues.,7,0.4244
4.A.4.b.4.a.2,4.A.4.b.6.e.9,Supervise engineering or other technical personnel.,"Recommend technical design or process changes to improve efficiency, quality, or performance.",7,0.3504
4.A.4.b.4.j.23,4.A.4.b.6.f.2,Direct healthcare delivery programs.,Advise communities or institutions regarding health or safety issues.,7,0.7144
4.A.4.b.4.j.23,4.A.4.c.3.f.3,Direct healthcare delivery programs.,Prescribe medications.,7,0.3572
4.A.4.b.4.j.38,4.A.4.b.6.f.1,Manage healthcare operations.,Advise medical personnel regarding healthcare issues.,7,0.4146
4.A.4.b.6.a.1,4.A.4.b.6.f.2,"Provide health and wellness advice to patients, program participants, or caregivers.",Advise communities or institutions regarding health or safety issues.,7,0.516
4.A.1.a.1.b.8,4.A.1.b.2.l.2,Review technical documents to plan work.,"Test performance of electrical, electronic, mechanical, or integrated systems or equipment.",6,0.2981
4.A.1.a.1.b.8,4.A.2.b.6.b.7,Review technical documents to plan work.,Prepare detailed work plans.,6,0.3162
4.A.1.a.1.b.8,4.A.3.b.6.i.2,Review technical documents to plan work.,Document technical design details.,6,0.3757
4.A.1.a.1.b.8,4.A.4.b.6.e.9,Review technical documents to plan work.,"Recommend technical design or process changes to improve efficiency, quality, or performance.",6,0.3381
4.A.1.a.1.j.1,4.A.4.b.6.c.1,Research impacts of environmental conservation initiatives.,Advise others about environmental management or conservation.,6,0.6124
4.A.1.a.1.j.3,4.A.1.b.2.e.12,Investigate the environmental impact of projects.,Inspect facilities or sites to determine if they meet specifications or standards.,6,0.4615
4.A.1.a.1.j.3,4.A.3.b.2.f.14,Investigate the environmental impact of projects.,Develop technical methods or processes.,6,0.3631
4.A.1.a.1.j.5,4.A.3.a.2.al.5,Research environmental impact of industrial or development activities.,Collect environmental data or samples.,6,0.5262
4.A.1.a.1.j.5,4.A.3.b.6.c.4,Research environmental impact of industrial or development activities.,Prepare scientific or technical reports or presentations.,6,0.3
4.A.1.a.1.l.1,4.A.2.a.4.f.3,Gather medical information from patient histories.,Analyze test data or images to inform diagnosis or treatment.,6,0.2547
4.A.1.a.1.l.1,4.A.2.b.3.a.12,Gather medical information from patient histories.,Maintain medical or professional knowledge.,6,0.2782
4.A.1.a.1.l.2,4.A.1.b.2.i.5,"Collect medical information from patients, family members, or other medical professionals.",Measure the physical or physiological attributes of patients.,6,0.3149
4.A.1.a.1.l.2,4.A.3.a.2.k.1,"Collect medical information from patients, family members, or other medical professionals.",Prepare medical supplies or equipment for use.,6,0.2462
4.A.1.a.1.l.2,4.A.4.a.1.e.1,"Collect medical information from patients, family members, or other medical professionals.",Communicate detailed medical information to patients or family members.,6,0.2791
4.A.1.a.1.l.2,4.A.4.a.5.g.3,"Collect medical information from patients, family members, or other medical professionals.",Treat medical emergencies.,6,0.2462
4.A.1.a.1.l.3,4.A.2.b.2.l.2,"Collect information from people through observation, interviews, or surveys.",Design psychological or educational treatment procedures or programs.,6,0.6547
4.A.1.a.1.l.3,4.A.3.b.6.h.18,"Collect information from people through observation, interviews, or surveys.",Record research or operational data.,6,0.3499
4.A.1.a.1.l.3,4.A.4.c.2.b.3,"Collect information from people through observation, interviews, or surveys.",Administer standardized physical or psychological tests.,6,0.6547
4.A.1.a.1.p.2,4.A.4.b.4.a.10,Research diseases or parasites.,Supervise scientific or technical personnel.,6,0.4243
4.A.1.a.1.r.3,4.A.3.b.6.c.4,Conduct research on social issues.,Prepare scientific or technical reports or presentations.,6,0.3586
4.A.1.a.1.s.1,4.A.2.b.2.i.1,Conduct research to increase knowledge about medical issues.,Develop health assessment methods or programs.,6,0.414
4.A.1.a.1.s.1,4.A.4.a.5.c.6,Conduct research to increase knowledge about medical issues.,Administer non-intravenous medications.,6,0.2711
4.A.1.a.1.s.1,4.A.4.a.5.g.3,Conduct research to increase knowledge about medical issues.,Treat medical emergencies.,6,0.239
4.A.1.a.1.s.1,4.A.4.a.5.l.2,Conduct research to increase knowledge about medical issues.,"Treat acute illnesses, infections, or injuries.",6,0.2619
4.A.1.a.1.t.4,4.A.1.b.2.h.1,Conduct research to gain information about products or processes.,Test computer hardware performance.,6,0.5669
4.A.1.a.1.t.4,4.A.3.b.1.c.1,Conduct research to gain information about products or processes.,Install computer software.,6,0.416
4.A.1.a.1.t.4,4.A.3.b.2.d.2,Conduct research to gain information about products or processes.,Develop models of information or communications systems.,6,0.4523
4.A.1.a.1.t.4,4.A.3.b.6.h.11,Conduct research to gain information about products or processes.,Document operational activities.,6,0.5303
4.A.1.a.1.t.4,4.A.3.b.6.i.3,Conduct research to gain information about products or processes.,Document network-related activities or tasks.,6,0.6124
4.A.1.a.1.t.4,4.A.4.a.2.h.7,Conduct research to gain information about products or processes.,Collaborate with others to determine design specifications or details.,6,0.4009
4.A.1.a.1.t.4,4.A.4.b.3.e.4,Conduct research to gain information about products or processes.,Train others in computer interface or software use.,6,0.3873
4.A.1.a.1.t.4,4.A.4.b.6.d.5,Conduct research to gain information about products or processes.,Provide technical support for computer network issues.,6,0.6124
4.A.1.a.1.t.4,4.A.4.b.6.d.6,Conduct research to gain information about products or processes.,Recommend changes to improve computer or information systems.,6,0.416
4.A.1.a.1.t.5,4.A.1.b.2.l.2,Research advanced engineering designs or applications.,"Test performance of electrical, electronic, mechanical, or integrated systems or equipment.",6,0.4364
4.A.1.a.2.b.15,4.A.1.b.3.b.4,Monitor the productivity or efficiency of industrial operations.,Estimate operational costs.,6,0.4714
4.A.1.a.2.e.1,4.A.3.b.6.f.4,Monitor patient progress or responses to treatments.,Prepare reports summarizing patient diagnostic or care activities.,6,0.2535
4.A.1.a.2.e.1,4.A.4.a.2.d.1,Monitor patient progress or responses to treatments.,Inform medical professionals regarding patient conditions and care.,6,0.2601
4.A.1.a.2.e.1,4.A.4.a.3.b.1,Monitor patient progress or responses to treatments.,Communicate health and wellness information to the public.,6,0.3419
4.A.1.a.2.e.1,4.A.4.a.5.c.6,Monitor patient progress or responses to treatments.,Administer non-intravenous medications.,6,0.303
4.A.1.a.2.e.3,4.A.3.b.6.k.4,Monitor patients following surgeries or other treatments.,Record patient medical histories.,6,0.2535
4.A.1.a.2.e.3,4.A.4.a.2.d.5,Monitor patients following surgeries or other treatments.,Collaborate with healthcare professionals to plan or provide treatment.,6,0.2657
4.A.1.a.2.e.3,4.A.4.b.3.f.8,Monitor patients following surgeries or other treatments.,Train medical providers.,6,0.2711
4.A.1.a.2.e.7,4.A.2.a.1.f.2,"Monitor patient conditions during treatments, procedures, or activities.","Evaluate patient functioning, capabilities, or health.",6,0.3034
4.A.1.a.2.e.7,4.A.2.a.4.f.2,"Monitor patient conditions during treatments, procedures, or activities.",Analyze patient data to determine patient needs or treatment goals.,6,0.2454
4.A.1.a.2.e.7,4.A.3.a.1.i.3,"Monitor patient conditions during treatments, procedures, or activities.",Clean medical equipment or facilities.,6,0.3612
4.A.1.a.2.e.7,4.A.4.a.1.e.1,"Monitor patient conditions during treatments, procedures, or activities.",Communicate detailed medical information to patients or family members.,6,0.3344
4.A.1.a.2.e.7,4.A.4.a.2.d.1,"Monitor patient conditions during treatments, procedures, or activities.",Inform medical professionals regarding patient conditions and care.,6,0.287
4.A.1.a.2.e.7,4.A.4.a.5.g.4,"Monitor patient conditions during treatments, procedures, or activities.",Implement advanced life support techniques.,6,0.4729
4.A.1.a.2.e.7,4.A.4.a.5.l.2,"Monitor patient conditions during treatments, procedures, or activities.","Treat acute illnesses, infections, or injuries.",6,0.323
4.A.1.b.2.a.1,4.A.3.a.3.d.3,Test patient heart or lung functioning.,Operate diagnostic or therapeutic medical instruments or equipment.,6,0.4804
4.A.1.b.2.e.12,4.A.4.a.2.h.3,Inspect facilities or sites to determine if they meet specifications or standards.,Confer with technical personnel to prepare designs or operational plans.,6,0.3631
4.A.1.b.2.g.11,4.A.1.b.2.l.2,Inspect equipment or systems.,"Test performance of electrical, electronic, mechanical, or integrated systems or equipment.",6,0.4364
4.A.1.b.2.g.21,4.A.3.b.4.f.1,Examine medical instruments or equipment to ensure proper operation.,Maintain medical equipment or instruments.,6,0.433
4.A.1.b.2.h.1,4.A.3.b.1.c.2,Test computer hardware performance.,Install computer hardware.,6,0.8018
4.A.1.b.2.h.2,4.A.3.b.2.f.9,Test computer system operations to ensure proper functioning.,Develop computer or information security policies or procedures.,6,0.5477
4.A.1.b.2.h.3,4.A.2.a.1.g.8,Test software performance.,Evaluate utility of software or hardware technologies.,6,0.4447
4.A.1.b.2.h.3,4.A.2.b.2.b.7,Test software performance.,Modify software programs to improve performance.,6,0.5071
4.A.1.b.2.h.3,4.A.3.b.1.a.3,Test software performance.,Write computer programming code.,6,0.414
4.A.1.b.2.h.3,4.A.3.b.1.c.2,Test software performance.,Install computer hardware.,6,0.5669
4.A.1.b.2.h.3,4.A.3.b.2.d.2,Test software performance.,Develop models of information or communications systems.,6,0.4835
4.A.1.b.2.h.3,4.A.3.b.2.f.15,Test software performance.,Develop testing routines or procedures.,6,0.4835
4.A.1.b.2.i.3,4.A.2.b.5.c.2,Examine patients to assess general physical condition.,Schedule patient procedures or appointments.,6,0.2835
4.A.1.b.2.i.3,4.A.4.a.5.c.2,Examine patients to assess general physical condition.,Administer basic health care or medical treatments.,6,0.3419
4.A.1.b.2.i.3,4.A.4.b.4.j.38,Examine patients to assess general physical condition.,Manage healthcare operations.,6,0.2928
4.A.1.b.2.i.3,4.A.4.b.6.a.4,Examine patients to assess general physical condition.,Advise patients on effects of health conditions or treatments.,6,0.3273
4.A.1.b.2.i.5,4.A.3.a.3.d.3,Measure the physical or physiological attributes of patients.,Operate diagnostic or therapeutic medical instruments or equipment.,6,0.3548
4.A.1.b.2.l.2,4.A.2.a.4.l.3,"Test performance of electrical, electronic, mechanical, or integrated systems or equipment.",Interpret design or operational test results.,6,0.4364
4.A.1.b.2.l.2,4.A.2.b.1.h.1,"Test performance of electrical, electronic, mechanical, or integrated systems or equipment.",Estimate technical or resource requirements for development or production projects.,6,0.3203
4.A.1.b.2.l.2,4.A.2.b.1.j.1,"Test performance of electrical, electronic, mechanical, or integrated systems or equipment.","Select tools, equipment, or technologies for use in operations or projects.",6,0.3651
4.A.1.b.2.l.2,4.A.3.a.3.f.13,"Test performance of electrical, electronic, mechanical, or integrated systems or equipment.",Operate industrial equipment.,6,0.4082
4.A.1.b.2.l.2,4.A.3.b.2.c.1,"Test performance of electrical, electronic, mechanical, or integrated systems or equipment.",Design industrial processing systems.,6,0.3482
4.A.1.b.2.l.2,4.A.3.b.2.d.1,"Test performance of electrical, electronic, mechanical, or integrated systems or equipment.",Create models of engineering designs or methods.,6,0.3203
4.A.1.b.2.l.2,4.A.3.b.2.d.3,"Test performance of electrical, electronic, mechanical, or integrated systems or equipment.",Create physical models or prototypes.,6,0.4082
4.A.1.b.2.l.2,4.A.3.b.6.g.3,"Test performance of electrical, electronic, mechanical, or integrated systems or equipment.",Prepare proposal documents.,6,0.3849
4.A.1.b.2.l.2,4.A.3.b.6.m.6,"Test performance of electrical, electronic, mechanical, or integrated systems or equipment.","Prepare contracts, disclosures, or applications.",6,0.3651
4.A.1.b.2.l.2,4.A.4.b.6.d.1,"Test performance of electrical, electronic, mechanical, or integrated systems or equipment.",Provide technical guidance to other personnel.,6,0.2981
4.A.1.b.3.b.4,4.A.2.a.1.g.7,Estimate operational costs.,Evaluate characteristics of equipment or systems.,6,0.3922
4.A.1.b.3.b.4,4.A.2.a.4.e.3,Estimate operational costs.,Evaluate designs or specifications to ensure quality.,6,0.378
4.A.1.b.3.b.4,4.A.2.b.6.b.7,Estimate operational costs.,Prepare detailed work plans.,6,0.2887
4.A.1.b.3.b.4,4.A.4.b.4.a.2,Estimate operational costs.,Supervise engineering or other technical personnel.,6,0.3244
4.A.1.b.3.b.4,4.A.4.b.4.j.24,Estimate operational costs.,Direct industrial production activities.,6,0.4714
4.A.1.b.3.b.4,4.A.4.b.6.d.1,Estimate operational costs.,Provide technical guidance to other personnel.,6,0.3651
4.A.2.a.1.b.5,4.A.2.a.1.h.1,Evaluate effectiveness of educational programs.,Evaluate scholarly materials.,6,0.5071
4.A.2.a.1.c.2,4.A.2.a.1.h.1,Administer tests to assess educational needs or progress.,Evaluate scholarly materials.,6,0.5071
4.A.2.a.1.c.3,4.A.2.a.1.h.1,Prepare tests.,Evaluate scholarly materials.,6,0.5071
4.A.2.a.1.c.4,4.A.2.a.1.h.1,Evaluate student work.,Evaluate scholarly materials.,6,0.5071
4.A.2.a.1.f.2,4.A.2.b.2.a.2,"Evaluate patient functioning, capabilities, or health.",Develop medical treatment plans.,6,0.297
4.A.2.a.1.f.2,4.A.3.b.6.f.4,"Evaluate patient functioning, capabilities, or health.",Prepare reports summarizing patient diagnostic or care activities.,6,0.3254
4.A.2.a.1.g.7,4.A.3.b.6.h.21,Evaluate characteristics of equipment or systems.,Maintain operational records or records systems.,6,0.4036
4.A.2.a.1.g.8,4.A.2.b.2.b.7,Evaluate utility of software or hardware technologies.,Modify software programs to improve performance.,6,0.5262
4.A.2.a.1.g.8,4.A.2.b.2.f.4,Evaluate utility of software or hardware technologies.,Create databases to store electronic data.,6,0.5017
4.A.2.a.1.g.8,4.A.3.b.1.b.1,Evaluate utility of software or hardware technologies.,Implement security measures for computer or information systems.,6,0.4804
4.A.2.a.1.g.8,4.A.3.b.2.a.7,Evaluate utility of software or hardware technologies.,Develop performance metrics or standards related to information technology.,6,0.5262
4.A.2.a.1.g.8,4.A.4.a.2.h.7,Evaluate utility of software or hardware technologies.,Collaborate with others to determine design specifications or details.,6,0.4447
4.A.2.a.1.h.1,4.A.2.a.2.c.4,Evaluate scholarly materials.,Compile specialized bibliographies or lists of materials.,6,0.5071
4.A.2.a.1.h.1,4.A.2.b.1.j.10,Evaluate scholarly materials.,Select educational materials or equipment.,6,0.5071
4.A.2.a.1.h.1,4.A.2.b.2.l.3,Evaluate scholarly materials.,Develop instructional objectives.,6,0.5071
4.A.2.a.1.h.1,4.A.2.b.3.a.10,Evaluate scholarly materials.,Research topics in area of expertise.,6,0.4364
4.A.2.a.1.h.1,4.A.2.b.3.a.18,Evaluate scholarly materials.,Attend training sessions or professional meetings to develop or maintain professional knowledge.,6,0.4949
4.A.2.a.1.h.1,4.A.2.b.3.a.3,Evaluate scholarly materials.,Stay informed about current developments in field of specialization.,6,0.4949
4.A.2.a.1.h.1,4.A.2.b.6.a.4,Evaluate scholarly materials.,Plan community programs or activities for the general public.,6,0.4949
4.A.2.a.1.h.1,4.A.3.b.6.g.2,Evaluate scholarly materials.,Write grant proposals.,6,0.4009
4.A.2.a.1.h.1,4.A.3.b.6.h.12,Evaluate scholarly materials.,Maintain student records.,6,0.5071
4.A.2.a.1.h.1,4.A.3.b.6.l.9,Evaluate scholarly materials.,Develop instructional materials.,6,0.5071
4.A.2.a.1.h.1,4.A.3.b.6.p.1,Evaluate scholarly materials.,"Write articles, books or other original materials in area of expertise.",6,0.4629
4.A.2.a.1.h.1,4.A.4.a.6.c.6,Evaluate scholarly materials.,Promote educational institutions or programs.,6,0.4949
4.A.2.a.1.h.1,4.A.4.b.3.b.5,Evaluate scholarly materials.,Guide class discussions.,6,0.5071
4.A.2.a.1.h.1,4.A.4.b.4.a.17,Evaluate scholarly materials.,Supervise laboratory work.,6,0.5669
4.A.2.a.1.h.1,4.A.4.b.4.a.18,Evaluate scholarly materials.,Supervise student research or internship work.,6,0.4835
4.A.2.a.1.h.1,4.A.4.b.4.b.1,Evaluate scholarly materials.,Serve on institutional or departmental committees.,6,0.4629
4.A.2.a.1.h.1,4.A.4.b.4.j.33,Evaluate scholarly materials.,Direct department activities.,6,0.5071
4.A.2.a.1.h.1,4.A.4.b.6.g.2,Evaluate scholarly materials.,Advise students on academic or career matters.,6,0.4835
4.A.2.a.1.h.1,4.A.4.b.6.g.5,Evaluate scholarly materials.,"Advise educators on curricula, instructional methods, or policies.",6,0.5345
4.A.2.a.1.h.1,4.A.4.c.1.a.5,Evaluate scholarly materials.,Perform student enrollment or registration activities.,6,0.5071
4.A.2.a.1.h.1,4.A.4.c.3.e.2,Evaluate scholarly materials.,Order instructional or library materials or equipment.,6,0.5071
4.A.2.a.3.b.4,4.A.3.b.2.d.1,Evaluate plans or specifications to determine technological or environmental implications.,Create models of engineering designs or methods.,6,0.6794
4.A.2.a.4.a.4,4.A.2.b.2.m.2,Analyze environmental data.,Apply knowledge or research findings to address environmental problems.,6,0.6396
4.A.2.a.4.a.4,4.A.3.a.2.al.5,Analyze environmental data.,Collect environmental data or samples.,6,0.5017
4.A.2.a.4.a.4,4.A.4.b.6.c.1,Analyze environmental data.,Advise others about environmental management or conservation.,6,0.5222
4.A.2.a.4.a.5,4.A.3.b.6.c.4,Analyze geological or geographical data.,Prepare scientific or technical reports or presentations.,6,0.3162
4.A.2.a.4.a.5,4.A.3.b.6.h.18,Analyze geological or geographical data.,Record research or operational data.,6,0.4364
4.A.2.a.4.d.1,4.A.2.b.1.d.10,Apply mathematical principles or statistical approaches to solve problems in scientific or applied fields.,Determine appropriate methods for data analysis.,6,0.8165
4.A.2.a.4.d.2,4.A.2.b.2.f.4,Analyze data to identify trends or relationships among variables.,Create databases to store electronic data.,6,0.4264
4.A.2.a.4.d.2,4.A.3.b.6.c.5,Analyze data to identify trends or relationships among variables.,Prepare analytical reports.,6,0.4472
4.A.2.a.4.e.3,4.A.3.b.6.h.21,Evaluate designs or specifications to ensure quality.,Maintain operational records or records systems.,6,0.3889
4.A.2.a.4.e.3,4.A.3.b.6.i.2,Evaluate designs or specifications to ensure quality.,Document technical design details.,6,0.3889
4.A.2.a.4.e.3,4.A.4.b.4.a.2,Evaluate designs or specifications to ensure quality.,Supervise engineering or other technical personnel.,6,0.3679
4.A.2.a.4.e.8,4.A.2.b.6.b.7,Analyze costs and benefits of proposed designs or projects.,Prepare detailed work plans.,6,0.3397
4.A.2.a.4.e.8,4.A.3.b.2.f.14,Analyze costs and benefits of proposed designs or projects.,Develop technical methods or processes.,6,0.3631
4.A.2.a.4.e.8,4.A.4.b.6.e.9,Analyze costs and benefits of proposed designs or projects.,"Recommend technical design or process changes to improve efficiency, quality, or performance.",6,0.3631
4.A.2.a.4.f.2,4.A.4.a.1.e.1,Analyze patient data to determine patient needs or treatment goals.,Communicate detailed medical information to patients or family members.,6,0.3145
4.A.2.a.4.f.2,4.A.4.a.1.e.5,Analyze patient data to determine patient needs or treatment goals.,Explain medical procedures or test results to patients or family members.,6,0.2353
4.A.2.a.4.f.2,4.A.4.c.3.b.1,Analyze patient data to determine patient needs or treatment goals.,Order medical diagnostic or clinical tests.,6,0.2568
4.A.2.a.4.f.3,4.A.4.a.1.e.1,Analyze test data or images to inform diagnosis or treatment.,Communicate detailed medical information to patients or family members.,6,0.2636
4.A.2.a.4.f.3,4.A.4.c.3.e.7,Analyze test data or images to inform diagnosis or treatment.,Order medical supplies or equipment.,6,0.2736
4.A.2.a.4.f.6,4.A.3.b.6.k.4,Analyze quantitative data to determine effectiveness of treatments or therapies.,Record patient medical histories.,6,0.303
4.A.2.a.4.g.14,4.A.2.b.3.a.7,Analyze data to identify or resolve operational problems.,Update knowledge about emerging industry or technology trends.,6,0.3922
4.A.2.a.4.g.14,4.A.4.b.1.a.3,Analyze data to identify or resolve operational problems.,Collaborate with others to resolve information technology issues.,6,0.4447
4.A.2.a.4.g.14,4.A.4.b.3.e.4,Analyze data to identify or resolve operational problems.,Train others in computer interface or software use.,6,0.4297
4.A.2.a.4.g.14,4.A.4.b.6.d.6,Analyze data to identify or resolve operational problems.,Recommend changes to improve computer or information systems.,6,0.4615
4.A.2.a.4.g.3,4.A.3.b.2.f.14,"Analyze operational data to evaluate operations, processes or products.",Develop technical methods or processes.,6,0.378
4.A.2.a.4.g.3,4.A.4.b.3.d.2,"Analyze operational data to evaluate operations, processes or products.",Train personnel on proper operational procedures.,6,0.3693
4.A.2.a.4.j.1,4.A.4.b.4.a.15,Analyze laboratory specimens to detect abnormalities or other problems.,Supervise technical medical personnel.,6,0.866
4.A.2.a.4.j.5,4.A.4.b.4.a.10,Analyze biological samples.,Supervise scientific or technical personnel.,6,0.4243
4.A.2.b.1.d.3,4.A.2.b.6.b.7,Determine operational methods.,Prepare detailed work plans.,6,0.3397
4.A.2.b.1.d.3,4.A.3.b.6.o.4,Determine operational methods.,Prepare operational reports.,6,0.3922
4.A.2.b.1.d.3,4.A.4.b.3.d.2,Determine operational methods.,Train personnel on proper operational procedures.,6,0.3548
4.A.2.b.1.f.2,4.A.4.a.1.e.1,Diagnose medical conditions.,Communicate detailed medical information to patients or family members.,6,0.303
4.A.2.b.1.f.2,4.A.4.a.1.e.5,Diagnose medical conditions.,Explain medical procedures or test results to patients or family members.,6,0.2268
4.A.2.b.1.f.2,4.A.4.b.6.a.4,Diagnose medical conditions.,Advise patients on effects of health conditions or treatments.,6,0.3273
4.A.2.b.1.h.1,4.A.3.b.6.i.2,Estimate technical or resource requirements for development or production projects.,Document technical design details.,6,0.4036
4.A.2.b.1.j.1,4.A.4.b.3.d.2,"Select tools, equipment, or technologies for use in operations or projects.",Train personnel on proper operational procedures.,6,0.4045
4.A.2.b.2.a.2,4.A.4.a.5.c.2,Develop medical treatment plans.,Administer basic health care or medical treatments.,6,0.3693
4.A.2.b.2.a.2,4.A.4.a.5.l.3,Develop medical treatment plans.,Operate on patients to treat conditions.,6,0.2887
4.A.2.b.2.a.6,4.A.3.b.6.f.4,Develop treatment plans that use non-medical therapies.,Prepare reports summarizing patient diagnostic or care activities.,6,0.4472
4.A.2.b.2.b.1,4.A.4.b.3.d.2,Develop software or computer applications.,Train personnel on proper operational procedures.,6,0.4045
4.A.2.b.2.b.1,4.A.4.b.4.a.2,Develop software or computer applications.,Supervise engineering or other technical personnel.,6,0.4353
4.A.2.b.2.b.7,4.A.3.b.1.c.1,Modify software programs to improve performance.,Install computer software.,6,0.5262
4.A.2.b.2.b.7,4.A.3.b.2.a.7,Modify software programs to improve performance.,Develop performance metrics or standards related to information technology.,6,0.6
4.A.2.b.2.b.7,4.A.3.b.2.f.15,Modify software programs to improve performance.,Develop testing routines or procedures.,6,0.5721
4.A.2.b.2.b.7,4.A.4.a.2.h.7,Modify software programs to improve performance.,Collaborate with others to determine design specifications or details.,6,0.5071
4.A.2.b.2.b.7,4.A.4.b.1.a.3,Modify software programs to improve performance.,Collaborate with others to resolve information technology issues.,6,0.5071
4.A.2.b.2.b.7,4.A.4.b.3.e.4,Modify software programs to improve performance.,Train others in computer interface or software use.,6,0.4899
4.A.2.b.2.b.7,4.A.4.b.6.d.2,Modify software programs to improve performance.,Provide technical support for software maintenance or use.,6,0.5721
4.A.2.b.2.b.7,4.A.4.b.6.d.3,Modify software programs to improve performance.,Provide recommendations to others about computer hardware.,6,0.6325
4.A.2.b.2.f.2,4.A.3.b.6.c.4,Develop technical or scientific databases.,Prepare scientific or technical reports or presentations.,6,0.3354
4.A.2.b.2.f.2,4.A.3.b.6.h.18,Develop technical or scientific databases.,Record research or operational data.,6,0.4629
4.A.2.b.2.f.4,4.A.3.b.2.d.2,Create databases to store electronic data.,Develop models of information or communications systems.,6,0.5455
4.A.2.b.2.g.4,4.A.4.b.6.c.1,Develop plans to manage natural or renewable resources.,Advise others about environmental management or conservation.,6,0.6124
4.A.2.b.2.l.2,4.A.3.b.6.c.4,Design psychological or educational treatment procedures or programs.,Prepare scientific or technical reports or presentations.,6,0.3873
4.A.2.b.2.n.3,4.A.4.a.1.e.5,Design public or employee health programs.,Explain medical procedures or test results to patients or family members.,6,0.3618
4.A.2.b.2.n.3,4.A.4.b.6.a.1,Design public or employee health programs.,"Provide health and wellness advice to patients, program participants, or caregivers.",6,0.3772
4.A.2.b.2.s.1,4.A.3.b.6.i.1,Devise research or testing protocols.,Prepare procedural documents.,6,0.4
4.A.2.b.2.s.1,4.A.3.b.6.m.6,Devise research or testing protocols.,"Prepare contracts, disclosures, or applications.",6,0.4899
4.A.2.b.2.s.1,4.A.4.b.3.d.2,Devise research or testing protocols.,Train personnel on proper operational procedures.,6,0.3303
4.A.2.b.2.s.1,4.A.4.b.4.a.2,Devise research or testing protocols.,Supervise engineering or other technical personnel.,6,0.3554
4.A.2.b.2.s.1,4.A.4.b.6.e.9,Devise research or testing protocols.,"Recommend technical design or process changes to improve efficiency, quality, or performance.",6,0.3381
4.A.2.b.2.s.5,4.A.3.b.6.c.4,Plan biological research.,Prepare scientific or technical reports or presentations.,6,0.3873
4.A.2.b.2.s.6,4.A.4.b.6.c.1,Plan environmental research.,Advise others about environmental management or conservation.,6,0.6124
4.A.2.b.2.s.8,4.A.3.b.6.c.4,Plan social sciences research.,Prepare scientific or technical reports or presentations.,6,0.3873
4.A.2.b.2.u.1,4.A.3.b.6.c.4,Develop theories or models of physical phenomena.,Prepare scientific or technical reports or presentations.,6,0.3586
4.A.2.b.3.a.12,4.A.3.a.2.k.1,Maintain medical or professional knowledge.,Prepare medical supplies or equipment for use.,6,0.254
4.A.2.b.3.a.12,4.A.3.a.3.d.4,Maintain medical or professional knowledge.,Operate diagnostic imaging equipment.,6,0.2472
4.A.2.b.3.a.12,4.A.3.b.4.f.1,Maintain medical or professional knowledge.,Maintain medical equipment or instruments.,6,0.2694
4.A.2.b.3.a.12,4.A.3.b.6.c.10,Maintain medical or professional knowledge.,Present medical research reports.,6,0.3111
4.A.2.b.3.a.12,4.A.4.a.1.e.1,Maintain medical or professional knowledge.,Communicate detailed medical information to patients or family members.,6,0.288
4.A.2.b.3.a.12,4.A.4.a.2.d.4,Maintain medical or professional knowledge.,Communicate test or assessment results to medical professionals.,6,0.3408
4.A.2.b.3.a.12,4.A.4.a.5.l.2,Maintain medical or professional knowledge.,"Treat acute illnesses, infections, or injuries.",6,0.2782
4.A.2.b.3.a.12,4.A.4.b.2.a.4,Maintain medical or professional knowledge.,Interact with patients to build rapport or provide emotional support.,6,0.381
4.A.2.b.3.a.12,4.A.4.b.4.j.38,Maintain medical or professional knowledge.,Manage healthcare operations.,6,0.2782
4.A.2.b.3.a.12,4.A.4.b.6.a.4,Maintain medical or professional knowledge.,Advise patients on effects of health conditions or treatments.,6,0.3111
4.A.2.b.3.a.20,4.A.3.b.2.f.14,Update technical knowledge.,Develop technical methods or processes.,6,0.3273
4.A.2.b.3.a.7,4.A.3.b.2.d.2,Update knowledge about emerging industry or technology trends.,Develop models of information or communications systems.,6,0.4264
4.A.2.b.3.a.7,4.A.3.b.6.c.5,Update knowledge about emerging industry or technology trends.,Prepare analytical reports.,6,0.4472
4.A.2.b.3.a.7,4.A.3.b.6.h.11,Update knowledge about emerging industry or technology trends.,Document operational activities.,6,0.5
4.A.2.b.3.a.7,4.A.3.b.6.h.2,Update knowledge about emerging industry or technology trends.,Document operational procedures.,6,0.5345
4.A.2.b.3.a.7,4.A.3.b.6.i.3,Update knowledge about emerging industry or technology trends.,Document network-related activities or tasks.,6,0.5774
4.A.2.b.3.a.7,4.A.4.b.4.a.7,Update knowledge about emerging industry or technology trends.,Supervise information technology personnel.,6,0.4264
4.A.2.b.3.a.7,4.A.4.b.6.d.2,Update knowledge about emerging industry or technology trends.,Provide technical support for software maintenance or use.,6,0.4264
4.A.2.b.3.a.7,4.A.4.b.6.d.5,Update knowledge about emerging industry or technology trends.,Provide technical support for computer network issues.,6,0.5774
4.A.2.b.6.b.7,4.A.3.b.2.b.4,Prepare detailed work plans.,Design structures or facilities.,6,0.433
4.A.2.b.6.b.7,4.A.3.b.6.c.8,Prepare detailed work plans.,Prepare technical or operational reports.,6,0.4082
4.A.2.b.6.b.7,4.A.4.b.1.a.2,Prepare detailed work plans.,Confer with other personnel to resolve design or operational problems.,6,0.4082
4.A.3.a.1.a.7,4.A.3.a.3.d.4,Prepare medications or medical solutions.,Operate diagnostic imaging equipment.,6,0.3974
4.A.3.a.1.i.1,4.A.3.a.1.i.3,Sterilize medical equipment or instruments.,Clean medical equipment or facilities.,6,0.5
4.A.3.a.1.i.1,4.A.3.b.4.f.1,Sterilize medical equipment or instruments.,Maintain medical equipment or instruments.,6,0.433
4.A.3.a.1.i.1,4.A.4.a.5.k.6,Sterilize medical equipment or instruments.,Assist healthcare practitioners during surgery.,6,0.5477
4.A.3.a.1.i.1,4.A.4.c.3.a.2,Sterilize medical equipment or instruments.,Maintain inventory of medical supplies or equipment.,6,0.4629
4.A.3.a.1.i.3,4.A.3.a.3.d.3,Clean medical equipment or facilities.,Operate diagnostic or therapeutic medical instruments or equipment.,6,0.3397
4.A.3.a.1.i.3,4.A.3.b.4.f.1,Clean medical equipment or facilities.,Maintain medical equipment or instruments.,6,0.433
4.A.3.a.2.al.1,4.A.3.a.2.au.2,Collect biological specimens from patients.,Prepare biological specimens for laboratory analysis.,6,0.5164
4.A.3.a.2.al.1,4.A.3.a.3.i.3,Collect biological specimens from patients.,Operate laboratory equipment to analyze medical samples.,6,0.5855
4.A.3.a.2.al.1,4.A.4.a.5.g.3,Collect biological specimens from patients.,Treat medical emergencies.,6,0.3651
4.A.3.a.2.al.3,4.A.3.b.6.h.18,Collect geographical or geological field data.,Record research or operational data.,6,0.4949
4.A.3.a.2.al.5,4.A.4.b.4.a.10,Collect environmental data or samples.,Supervise scientific or technical personnel.,6,0.3721
4.A.3.a.2.at.10,4.A.3.b.6.h.18,Set up laboratory or field equipment.,Record research or operational data.,6,0.4364
4.A.3.a.2.au.2,4.A.3.a.3.i.3,Prepare biological specimens for laboratory analysis.,Operate laboratory equipment to analyze medical samples.,6,0.7559
4.A.3.a.2.au.2,4.A.4.b.3.f.8,Prepare biological specimens for laboratory analysis.,Train medical providers.,6,0.2857
4.A.3.a.2.i.4,4.A.3.b.2.f.14,Calibrate scientific or technical equipment.,Develop technical methods or processes.,6,0.2928
4.A.3.a.2.i.4,4.A.3.b.6.h.21,Calibrate scientific or technical equipment.,Maintain operational records or records systems.,6,0.3254
4.A.3.a.2.i.4,4.A.3.b.6.i.7,Calibrate scientific or technical equipment.,Document design or operational test results.,6,0.3721
4.A.3.a.2.i.4,4.A.3.b.6.o.4,Calibrate scientific or technical equipment.,Prepare operational reports.,6,0.3162
4.A.3.a.2.i.9,4.A.3.a.2.k.1,Adjust settings or positions of medical equipment.,Prepare medical supplies or equipment for use.,6,0.4082
4.A.3.a.2.i.9,4.A.3.a.3.d.3,Adjust settings or positions of medical equipment.,Operate diagnostic or therapeutic medical instruments or equipment.,6,0.3397
4.A.3.a.2.i.9,4.A.3.b.6.k.4,Adjust settings or positions of medical equipment.,Record patient medical histories.,6,0.2315
4.A.3.a.2.k.1,4.A.3.b.4.f.1,Prepare medical supplies or equipment for use.,Maintain medical equipment or instruments.,6,0.3536
4.A.3.a.2.k.1,4.A.3.b.6.k.2,Prepare medical supplies or equipment for use.,Maintain medical facility records.,6,0.3536
4.A.3.a.2.k.1,4.A.4.a.5.c.2,Prepare medical supplies or equipment for use.,Administer basic health care or medical treatments.,6,0.4264
4.A.3.a.2.k.1,4.A.4.a.5.k.4,Prepare medical supplies or equipment for use.,Position patients for treatment or examination.,6,0.3922
4.A.3.a.2.q.3,4.A.3.a.3.d.3,Fabricate medical devices.,Operate diagnostic or therapeutic medical instruments or equipment.,6,0.3548
4.A.3.a.2.q.3,4.A.3.b.6.k.4,Fabricate medical devices.,Record patient medical histories.,6,0.2417
4.A.3.a.3.d.1,4.A.4.a.5.k.4,Process x-rays or other medical images.,Position patients for treatment or examination.,6,0.5547
4.A.3.a.3.d.2,4.A.3.a.3.d.4,Create advanced digital images of patients using computer imaging systems.,Operate diagnostic imaging equipment.,6,0.5203
4.A.3.a.3.d.3,4.A.3.b.6.k.2,Operate diagnostic or therapeutic medical instruments or equipment.,Maintain medical facility records.,6,0.2942
4.A.3.a.3.d.3,4.A.4.a.2.d.1,Operate diagnostic or therapeutic medical instruments or equipment.,Inform medical professionals regarding patient conditions and care.,6,0.27
4.A.3.a.3.d.3,4.A.4.a.5.a.2,Operate diagnostic or therapeutic medical instruments or equipment.,Refer patients to other healthcare practitioners or health resources.,6,0.2048
4.A.3.a.3.d.3,4.A.4.a.5.c.6,Operate diagnostic or therapeutic medical instruments or equipment.,Administer non-intravenous medications.,6,0.3145
4.A.3.a.3.d.3,4.A.4.a.5.c.8,Operate diagnostic or therapeutic medical instruments or equipment.,Administer intravenous medications.,6,0.416
4.A.3.a.3.d.3,4.A.4.a.5.k.4,Operate diagnostic or therapeutic medical instruments or equipment.,Position patients for treatment or examination.,6,0.3264
4.A.3.a.3.d.3,4.A.4.a.5.k.5,Operate diagnostic or therapeutic medical instruments or equipment.,Assist healthcare practitioners during examinations or treatments.,6,0.3397
4.A.3.a.3.d.3,4.A.4.a.5.k.6,Operate diagnostic or therapeutic medical instruments or equipment.,Assist healthcare practitioners during surgery.,6,0.3721
4.A.3.a.3.d.3,4.A.4.b.3.f.5,Operate diagnostic or therapeutic medical instruments or equipment.,"Train patients, family members, or caregivers in techniques for managing disabilities or illnesses.",6,0.3548
4.A.3.a.3.d.3,4.A.4.c.3.a.2,Operate diagnostic or therapeutic medical instruments or equipment.,Maintain inventory of medical supplies or equipment.,6,0.3145
4.A.3.a.3.d.4,4.A.4.a.5.c.10,Operate diagnostic imaging equipment.,Administer medical substances for imaging or other procedures.,6,0.562
4.A.3.a.3.d.4,4.A.4.a.5.g.3,Operate diagnostic imaging equipment.,Treat medical emergencies.,6,0.3244
4.A.3.a.3.d.4,4.A.4.b.6.a.1,Operate diagnostic imaging equipment.,"Provide health and wellness advice to patients, program participants, or caregivers.",6,0.287
4.A.3.a.3.i.3,4.A.3.b.4.f.2,Operate laboratory equipment to analyze medical samples.,Maintain medical laboratory equipment.,6,0.8571
4.A.3.a.3.i.3,4.A.4.b.3.f.8,Operate laboratory equipment to analyze medical samples.,Train medical providers.,6,0.324
4.A.3.b.1.a.3,4.A.4.b.3.e.4,Write computer programming code.,Train others in computer interface or software use.,6,0.4
4.A.3.b.1.b.1,4.A.3.b.1.d.2,Implement security measures for computer or information systems.,Troubleshoot issues with computer applications or systems.,6,0.4804
4.A.3.b.1.b.1,4.A.4.b.3.e.4,Implement security measures for computer or information systems.,Train others in computer interface or software use.,6,0.4472
4.A.3.b.1.c.1,4.A.3.b.1.c.2,Install computer software.,Install computer hardware.,6,0.5883
4.A.3.b.1.c.1,4.A.3.b.2.a.7,Install computer software.,Develop performance metrics or standards related to information technology.,6,0.5262
4.A.3.b.1.c.1,4.A.3.b.6.h.11,Install computer software.,Document operational activities.,6,0.5883
4.A.3.b.1.c.1,4.A.4.a.2.h.7,Install computer software.,Collaborate with others to determine design specifications or details.,6,0.4447
4.A.3.b.1.c.1,4.A.4.b.6.d.2,Install computer software.,Provide technical support for software maintenance or use.,6,0.5017
4.A.3.b.1.c.1,4.A.4.b.6.d.3,Install computer software.,Provide recommendations to others about computer hardware.,6,0.5547
4.A.3.b.1.c.1,4.A.4.b.6.d.6,Install computer software.,Recommend changes to improve computer or information systems.,6,0.4615
4.A.3.b.1.c.2,4.A.4.b.6.d.6,Install computer hardware.,Recommend changes to improve computer or information systems.,6,0.5883
4.A.3.b.1.d.2,4.A.3.b.6.h.11,Troubleshoot issues with computer applications or systems.,Document operational activities.,6,0.5883
4.A.3.b.1.d.2,4.A.4.b.1.a.3,Troubleshoot issues with computer applications or systems.,Collaborate with others to resolve information technology issues.,6,0.4447
4.A.3.b.1.d.2,4.A.4.b.3.e.4,Troubleshoot issues with computer applications or systems.,Train others in computer interface or software use.,6,0.4297
4.A.3.b.1.e.2,4.A.3.b.6.i.2,Operate computer systems.,Document technical design details.,6,0.4851
4.A.3.b.2.a.7,4.A.4.b.6.d.2,Develop performance metrics or standards related to information technology.,Provide technical support for software maintenance or use.,6,0.5721
4.A.3.b.2.c.1,4.A.3.b.2.f.14,Design industrial processing systems.,Develop technical methods or processes.,6,0.3948
4.A.3.b.2.c.1,4.A.4.b.4.j.24,Design industrial processing systems.,Direct industrial production activities.,6,0.603
4.A.3.b.2.c.1,4.A.4.b.6.e.9,Design industrial processing systems.,"Recommend technical design or process changes to improve efficiency, quality, or performance.",6,0.3948
4.A.3.b.2.d.2,4.A.4.a.2.h.7,Develop models of information or communications systems.,Collaborate with others to determine design specifications or details.,6,0.4835
4.A.3.b.2.d.2,4.A.4.b.4.j.32,Develop models of information or communications systems.,Coordinate project activities with other personnel or departments.,6,0.6396
4.A.3.b.2.d.3,4.A.4.b.6.e.9,Create physical models or prototypes.,"Recommend technical design or process changes to improve efficiency, quality, or performance.",6,0.4629
4.A.3.b.2.e.3,4.A.4.b.3.d.2,Design electronic or computer equipment or instrumentation.,Train personnel on proper operational procedures.,6,0.4045
4.A.3.b.2.e.3,4.A.4.b.6.e.9,Design electronic or computer equipment or instrumentation.,"Recommend technical design or process changes to improve efficiency, quality, or performance.",6,0.414
4.A.3.b.2.f.12,4.A.3.b.6.c.4,Develop new or advanced products or production methods.,Prepare scientific or technical reports or presentations.,6,0.3873
4.A.3.b.2.f.14,4.A.3.b.6.h.21,Develop technical methods or processes.,Maintain operational records or records systems.,6,0.3176
4.A.3.b.2.f.14,4.A.4.b.6.d.1,Develop technical methods or processes.,Provide technical guidance to other personnel.,6,0.3381
4.A.3.b.2.f.15,4.A.4.a.2.h.7,Develop testing routines or procedures.,Collaborate with others to determine design specifications or details.,6,0.4835
4.A.3.b.4.f.1,4.A.4.c.3.a.2,Maintain medical equipment or instruments.,Maintain inventory of medical supplies or equipment.,6,0.4009
4.A.3.b.5.c.5,4.A.4.b.3.d.15,Maintain laboratory or technical equipment.,Train personnel in technical or scientific procedures.,6,0.4036
4.A.3.b.6.c.10,4.A.4.b.4.j.38,Present medical research reports.,Manage healthcare operations.,6,0.4472
4.A.3.b.6.c.4,4.A.4.a.3.b.5,Prepare scientific or technical reports or presentations.,Provide technical information or assistance to public.,6,0.3162
4.A.3.b.6.c.4,4.A.4.b.4.e.9,Prepare scientific or technical reports or presentations.,Direct medical science or healthcare programs.,6,0.3873
4.A.3.b.6.c.4,4.A.4.b.6.h.2,Prepare scientific or technical reports or presentations.,Advise others on matters of public policy.,6,0.3162
4.A.3.b.6.c.4,4.A.4.c.2.b.3,Prepare scientific or technical reports or presentations.,Administer standardized physical or psychological tests.,6,0.3873
4.A.3.b.6.c.9,4.A.4.b.4.a.2,Prepare technical reports for internal use.,Supervise engineering or other technical personnel.,6,0.4588
4.A.3.b.6.f.1,4.A.4.a.1.e.5,Prepare official health documents or records.,Explain medical procedures or test results to patients or family members.,6,0.3795
4.A.3.b.6.f.1,4.A.4.a.2.d.5,Prepare official health documents or records.,Collaborate with healthcare professionals to plan or provide treatment.,6,0.2657
4.A.3.b.6.f.1,4.A.4.a.5.a.2,Prepare official health documents or records.,Refer patients to other healthcare practitioners or health resources.,6,0.3303
4.A.3.b.6.f.1,4.A.4.b.6.a.1,Prepare official health documents or records.,"Provide health and wellness advice to patients, program participants, or caregivers.",6,0.3956
4.A.3.b.6.f.1,4.A.4.c.3.f.3,Prepare official health documents or records.,Prescribe medications.,6,0.3354
4.A.3.b.6.f.4,4.A.4.a.2.d.4,Prepare reports summarizing patient diagnostic or care activities.,Communicate test or assessment results to medical professionals.,6,0.4243
4.A.3.b.6.f.4,4.A.4.a.5.a.2,Prepare reports summarizing patient diagnostic or care activities.,Refer patients to other healthcare practitioners or health resources.,6,0.2335
4.A.3.b.6.h.21,4.A.3.b.6.i.1,Maintain operational records or records systems.,Prepare procedural documents.,6,0.3757
4.A.3.b.6.i.1,4.A.3.b.6.m.6,Prepare procedural documents.,"Prepare contracts, disclosures, or applications.",6,0.4899
4.A.3.b.6.i.2,4.A.4.a.2.h.3,Document technical design details.,Confer with technical personnel to prepare designs or operational plans.,6,0.3176
4.A.3.b.6.i.3,4.A.4.b.6.d.5,Document network-related activities or tasks.,Provide technical support for computer network issues.,6,1.0
4.A.3.b.6.i.7,4.A.4.b.6.e.9,Document design or operational test results.,"Recommend technical design or process changes to improve efficiency, quality, or performance.",6,0.3631
4.A.3.b.6.k.2,4.A.3.b.6.k.4,Maintain medical facility records.,Record patient medical histories.,6,0.2004
4.A.3.b.6.k.2,4.A.4.a.5.k.5,Maintain medical facility records.,Assist healthcare practitioners during examinations or treatments.,6,0.433
4.A.3.b.6.k.2,4.A.4.b.4.j.38,Maintain medical facility records.,Manage healthcare operations.,6,0.3873
4.A.3.b.6.k.4,4.A.4.a.5.b.1,Record patient medical histories.,Treat patients using psychological therapies.,6,0.303
4.A.3.b.6.k.4,4.A.4.a.5.c.3,Record patient medical histories.,Administer anesthetics or sedatives to control pain.,6,0.2535
4.A.3.b.6.k.4,4.A.4.a.5.c.7,Record patient medical histories.,Immunize patients.,6,0.2835
4.A.3.b.6.k.4,4.A.4.a.5.k.5,Record patient medical histories.,Assist healthcare practitioners during examinations or treatments.,6,0.2315
4.A.3.b.6.k.4,4.A.4.b.3.f.5,Record patient medical histories.,"Train patients, family members, or caregivers in techniques for managing disabilities or illnesses.",6,0.2417
4.A.3.b.6.m.6,4.A.4.b.4.a.2,"Prepare contracts, disclosures, or applications.",Supervise engineering or other technical personnel.,6,0.4353
4.A.3.b.6.o.4,4.A.4.b.4.a.2,Prepare operational reports.,Supervise engineering or other technical personnel.,6,0.3244
4.A.3.b.6.p.1,4.A.4.b.3.b.3,"Write articles, books or other original materials in area of expertise.",Teach social science courses at the college level.,6,0.4629
4.A.4.a.1.e.1,4.A.4.b.6.f.1,Communicate detailed medical information to patients or family members.,Advise medical personnel regarding healthcare issues.,6,0.3679
4.A.4.a.1.e.1,4.A.4.c.3.f.3,Communicate detailed medical information to patients or family members.,Prescribe medications.,6,0.2835
4.A.4.a.1.e.5,4.A.4.a.5.k.4,Explain medical procedures or test results to patients or family members.,Position patients for treatment or examination.,6,0.3328
4.A.4.a.1.e.5,4.A.4.a.5.l.3,Explain medical procedures or test results to patients or family members.,Operate on patients to treat conditions.,6,0.2828
4.A.4.a.2.d.1,4.A.4.a.5.a.2,Inform medical professionals regarding patient conditions and care.,Refer patients to other healthcare practitioners or health resources.,6,0.2396
4.A.4.a.2.d.1,4.A.4.a.5.g.3,Inform medical professionals regarding patient conditions and care.,Treat medical emergencies.,6,0.3244
4.A.4.a.2.d.1,4.A.4.b.2.a.4,Inform medical professionals regarding patient conditions and care.,Interact with patients to build rapport or provide emotional support.,6,0.4867
4.A.4.a.2.d.4,4.A.4.a.2.d.5,Communicate test or assessment results to medical professionals.,Collaborate with healthcare professionals to plan or provide treatment.,6,0.2657
4.A.4.a.2.d.5,4.A.4.a.5.b.1,Collaborate with healthcare professionals to plan or provide treatment.,Treat patients using psychological therapies.,6,0.3176
4.A.4.a.2.d.5,4.A.4.a.5.c.3,Collaborate with healthcare professionals to plan or provide treatment.,Administer anesthetics or sedatives to control pain.,6,0.2657
4.A.4.a.2.d.5,4.A.4.a.5.g.4,Collaborate with healthcare professionals to plan or provide treatment.,Implement advanced life support techniques.,6,0.3176
4.A.4.a.2.d.5,4.A.4.a.5.k.5,Collaborate with healthcare professionals to plan or provide treatment.,Assist healthcare practitioners during examinations or treatments.,6,0.2425
4.A.4.a.2.d.5,4.A.4.a.5.k.7,Collaborate with healthcare professionals to plan or provide treatment.,Prepare patients physically for medical procedures.,6,0.2801
4.A.4.a.2.d.5,4.A.4.b.2.a.4,Collaborate with healthcare professionals to plan or provide treatment.,Interact with patients to build rapport or provide emotional support.,6,0.297
4.A.4.a.2.d.5,4.A.4.b.3.f.11,Collaborate with healthcare professionals to plan or provide treatment.,Train caregivers or other non-medical personnel.,6,0.297
4.A.4.a.2.h.3,4.A.4.b.1.a.2,Confer with technical personnel to prepare designs or operational plans.,Confer with other personnel to resolve design or operational problems.,6,0.4364
4.A.4.a.2.h.3,4.A.4.b.4.h.10,Confer with technical personnel to prepare designs or operational plans.,Prepare project budgets.,6,0.4949
4.A.4.a.2.h.7,4.A.4.a.2.h.9,Collaborate with others to determine design specifications or details.,Communicate project information to others.,6,0.5669
4.A.4.a.2.h.7,4.A.4.b.4.j.32,Collaborate with others to determine design specifications or details.,Coordinate project activities with other personnel or departments.,6,0.5669
4.A.4.a.2.h.7,4.A.4.b.6.d.2,Collaborate with others to determine design specifications or details.,Provide technical support for software maintenance or use.,6,0.4835
4.A.4.a.2.h.7,4.A.4.b.6.d.6,Collaborate with others to determine design specifications or details.,Recommend changes to improve computer or information systems.,6,0.4447
4.A.4.a.3.b.1,4.A.4.a.5.a.2,Communicate health and wellness information to the public.,Refer patients to other healthcare practitioners or health resources.,6,0.3149
4.A.4.a.5.a.2,4.A.4.b.3.f.5,Refer patients to other healthcare practitioners or health resources.,"Train patients, family members, or caregivers in techniques for managing disabilities or illnesses.",6,0.3149
4.A.4.a.5.a.2,4.A.4.b.6.f.2,Refer patients to other healthcare practitioners or health resources.,Advise communities or institutions regarding health or safety issues.,6,0.3693
4.A.4.a.5.c.10,4.A.4.b.3.f.8,Administer medical substances for imaging or other procedures.,Train medical providers.,6,0.3499
4.A.4.a.5.c.3,4.A.4.a.5.g.3,Administer anesthetics or sedatives to control pain.,Treat medical emergencies.,6,0.4472
4.A.4.a.5.c.6,4.A.4.a.5.l.3,Administer non-intravenous medications.,Operate on patients to treat conditions.,6,0.378
4.A.4.a.5.c.6,4.A.4.a.5.l.7,Administer non-intravenous medications.,Treat chronic diseases or disorders.,6,0.3586
4.A.4.a.5.c.6,4.A.4.b.6.a.1,Administer non-intravenous medications.,"Provide health and wellness advice to patients, program participants, or caregivers.",6,0.3344
4.A.4.a.5.c.6,4.A.4.c.3.b.1,Administer non-intravenous medications.,Order medical diagnostic or clinical tests.,6,0.3499
4.A.4.a.5.c.7,4.A.4.b.4.a.14,Immunize patients.,Supervise patient care personnel.,6,0.3638
4.A.4.a.5.g.3,4.A.4.b.6.a.1,Treat medical emergencies.,"Provide health and wellness advice to patients, program participants, or caregivers.",6,0.2949
4.A.4.a.5.g.4,4.A.4.b.3.f.8,Implement advanced life support techniques.,Train medical providers.,6,0.324
4.A.4.a.5.k.4,4.A.4.a.5.k.7,Position patients for treatment or examination.,Prepare patients physically for medical procedures.,6,0.5547
4.A.4.a.5.k.6,4.A.4.b.4.a.14,Assist healthcare practitioners during surgery.,Supervise patient care personnel.,6,0.3254
4.A.4.a.5.k.6,4.A.4.c.3.e.7,Assist healthcare practitioners during surgery.,Order medical supplies or equipment.,6,0.5262
4.A.4.a.5.k.7,4.A.4.b.3.f.8,Prepare patients physically for medical procedures.,Train medical providers.,6,0.2857
4.A.4.a.5.k.7,4.A.4.b.4.a.14,Prepare patients physically for medical procedures.,Supervise patient care personnel.,6,0.343
4.A.4.a.5.k.7,4.A.4.c.3.a.2,Prepare patients physically for medical procedures.,Maintain inventory of medical supplies or equipment.,6,0.5345
4.A.4.a.5.l.2,4.A.4.a.5.l.3,"Treat acute illnesses, infections, or injuries.",Operate on patients to treat conditions.,6,0.3651
4.A.4.a.5.l.2,4.A.4.b.6.a.1,"Treat acute illnesses, infections, or injuries.","Provide health and wellness advice to patients, program participants, or caregivers.",6,0.323
4.A.4.a.5.l.2,4.A.4.c.3.b.1,"Treat acute illnesses, infections, or injuries.",Order medical diagnostic or clinical tests.,6,0.3381
4.A.4.a.5.l.2,4.A.4.c.3.f.1,"Treat acute illnesses, infections, or injuries.",Prescribe treatments or therapies.,6,0.3554
4.A.4.a.5.l.3,4.A.4.b.3.f.8,Operate on patients to treat conditions.,Train medical providers.,6,0.202
4.A.4.a.5.l.7,4.A.4.b.6.a.1,Treat chronic diseases or disorders.,"Provide health and wellness advice to patients, program participants, or caregivers.",6,0.2798
4.A.4.b.1.a.3,4.A.4.b.4.a.7,Collaborate with others to resolve information technology issues.,Supervise information technology personnel.,6,0.4835
4.A.4.b.3.d.2,4.A.4.b.4.j.24,Train personnel on proper operational procedures.,Direct industrial production activities.,6,0.4264
4.A.4.b.3.e.4,4.A.4.b.4.j.32,Train others in computer interface or software use.,Coordinate project activities with other personnel or departments.,6,0.5477
4.A.4.b.3.e.4,4.A.4.b.6.d.3,Train others in computer interface or software use.,Provide recommendations to others about computer hardware.,6,0.5164
4.A.4.b.3.e.4,4.A.4.b.6.d.6,Train others in computer interface or software use.,Recommend changes to improve computer or information systems.,6,0.4297
4.A.4.b.3.f.8,4.A.4.b.4.a.11,Train medical providers.,Supervise medical support personnel.,6,0.324
4.A.4.b.3.f.8,4.A.4.b.4.a.15,Train medical providers.,Supervise technical medical personnel.,6,0.303
4.A.4.b.3.f.8,4.A.4.b.4.j.23,Train medical providers.,Direct healthcare delivery programs.,6,0.2474
4.A.4.b.3.f.8,4.A.4.c.3.e.7,Train medical providers.,Order medical supplies or equipment.,6,0.2377
4.A.4.b.3.f.8,4.A.4.c.3.f.1,Train medical providers.,Prescribe treatments or therapies.,6,0.1966
4.A.4.b.4.a.7,4.A.4.b.4.e.7,Supervise information technology personnel.,Manage information technology projects or system activities.,6,0.6396
4.A.4.b.6.a.4,4.A.4.c.3.f.1,Advise patients on effects of health conditions or treatments.,Prescribe treatments or therapies.,6,0.3974
4.A.4.b.6.a.4,4.A.4.c.3.f.3,Advise patients on effects of health conditions or treatments.,Prescribe medications.,6,0.3062
4.A.4.b.6.d.2,4.A.4.b.6.d.3,Provide technical support for software maintenance or use.,Provide recommendations to others about computer hardware.,6,0.603
4.A.4.b.6.f.2,4.A.4.c.3.f.3,Advise communities or institutions regarding health or safety issues.,Prescribe medications.,6,0.375
4.A.4.c.1.a.6,4.A.4.c.3.a.2,Perform clerical work in medical settings.,Maintain inventory of medical supplies or equipment.,6,0.4447
4.A.1.a.1.b.7,4.A.2.a.1.g.8,Read documents to gather technical information.,Evaluate utility of software or hardware technologies.,5,0.5661
4.A.1.a.1.b.8,4.A.2.a.4.e.3,Review technical documents to plan work.,Evaluate designs or specifications to ensure quality.,5,0.345
4.A.1.a.1.b.8,4.A.2.b.1.d.3,Review technical documents to plan work.,Determine operational methods.,5,0.3581
4.A.1.a.1.b.8,4.A.2.b.1.h.1,Review technical documents to plan work.,Estimate technical or resource requirements for development or production projects.,5,0.3581
4.A.1.a.1.b.8,4.A.4.a.2.h.3,Review technical documents to plan work.,Confer with technical personnel to prepare designs or operational plans.,5,0.2817
4.A.1.a.1.b.8,4.A.4.b.1.a.2,Review technical documents to plan work.,Confer with other personnel to resolve design or operational problems.,5,0.4303
4.A.1.a.1.b.8,4.A.4.b.3.d.2,Review technical documents to plan work.,Train personnel on proper operational procedures.,5,0.2752
4.A.1.a.1.b.8,4.A.4.b.4.a.2,Review technical documents to plan work.,Supervise engineering or other technical personnel.,5,0.2962
4.A.1.a.1.j.1,4.A.2.a.4.a.4,Research impacts of environmental conservation initiatives.,Analyze environmental data.,5,0.533
4.A.1.a.1.j.1,4.A.2.b.2.g.3,Research impacts of environmental conservation initiatives.,Develop environmental sustainability plans or projects.,5,0.625
4.A.1.a.1.j.1,4.A.2.b.2.s.6,Research impacts of environmental conservation initiatives.,Plan environmental research.,5,0.625
4.A.1.a.1.j.1,4.A.3.b.6.c.4,Research impacts of environmental conservation initiatives.,Prepare scientific or technical reports or presentations.,5,0.2795
4.A.1.a.1.j.1,4.A.4.a.2.a.3,Research impacts of environmental conservation initiatives.,Communicate results of environmental research.,5,0.625
4.A.1.a.1.j.3,4.A.1.b.2.l.2,Investigate the environmental impact of projects.,"Test performance of electrical, electronic, mechanical, or integrated systems or equipment.",5,0.2669
4.A.1.a.1.j.3,4.A.2.a.4.e.3,Investigate the environmental impact of projects.,Evaluate designs or specifications to ensure quality.,5,0.3706
4.A.1.a.1.j.3,4.A.3.b.6.c.8,Investigate the environmental impact of projects.,Prepare technical or operational reports.,5,0.4623
4.A.1.a.1.j.5,4.A.4.b.4.a.10,Research environmental impact of industrial or development activities.,Supervise scientific or technical personnel.,5,0.3536
4.A.1.a.1.j.5,4.A.4.b.6.c.1,Research environmental impact of industrial or development activities.,Advise others about environmental management or conservation.,5,0.4564
4.A.1.a.1.l.1,4.A.1.b.2.g.21,Gather medical information from patient histories.,Examine medical instruments or equipment to ensure proper operation.,5,0.3727
4.A.1.a.1.l.1,4.A.3.a.3.d.4,Gather medical information from patient histories.,Operate diagnostic imaging equipment.,5,0.2962
4.A.1.a.1.l.1,4.A.3.b.6.f.4,Gather medical information from patient histories.,Prepare reports summarizing patient diagnostic or care activities.,5,0.2887
4.A.1.a.1.l.1,4.A.4.a.1.e.5,Gather medical information from patient histories.,Explain medical procedures or test results to patients or family members.,5,0.2582
4.A.1.a.1.l.1,4.A.4.a.2.d.1,Gather medical information from patient histories.,Inform medical professionals regarding patient conditions and care.,5,0.2962
4.A.1.a.1.l.1,4.A.4.a.2.d.4,Gather medical information from patient histories.,Communicate test or assessment results to medical professionals.,5,0.4082
4.A.1.a.1.l.2,4.A.1.b.2.g.21,"Collect medical information from patients, family members, or other medical professionals.",Examine medical instruments or equipment to ensure proper operation.,5,0.2513
4.A.1.a.1.l.2,4.A.2.a.4.f.5,"Collect medical information from patients, family members, or other medical professionals.",Calculate numerical data for medical activities.,5,0.3077
4.A.1.a.1.l.2,4.A.2.a.4.f.6,"Collect medical information from patients, family members, or other medical professionals.",Analyze quantitative data to determine effectiveness of treatments or therapies.,5,0.329
4.A.1.a.1.l.2,4.A.2.b.5.c.2,"Collect medical information from patients, family members, or other medical professionals.",Schedule patient procedures or appointments.,5,0.2176
4.A.1.a.1.l.2,4.A.4.a.3.b.1,"Collect medical information from patients, family members, or other medical professionals.",Communicate health and wellness information to the public.,5,0.2624
4.A.1.a.1.l.2,4.A.4.a.5.b.1,"Collect medical information from patients, family members, or other medical professionals.",Treat patients using psychological therapies.,5,0.329
4.A.1.a.1.l.2,4.A.4.a.5.c.10,"Collect medical information from patients, family members, or other medical professionals.",Administer medical substances for imaging or other procedures.,5,0.3553
4.A.1.a.1.l.2,4.A.4.a.5.k.4,"Collect medical information from patients, family members, or other medical professionals.",Position patients for treatment or examination.,5,0.2414
4.A.1.a.1.l.2,4.A.4.a.5.l.2,"Collect medical information from patients, family members, or other medical professionals.","Treat acute illnesses, infections, or injuries.",5,0.2247
4.A.1.a.1.l.2,4.A.4.b.6.f.2,"Collect medical information from patients, family members, or other medical professionals.",Advise communities or institutions regarding health or safety issues.,5,0.3077
4.A.1.a.1.l.2,4.A.4.c.1.a.6,"Collect medical information from patients, family members, or other medical professionals.",Perform clerical work in medical settings.,5,0.2414
4.A.1.a.1.l.3,4.A.2.b.2.s.8,"Collect information from people through observation, interviews, or surveys.",Plan social sciences research.,5,0.5455
4.A.1.a.1.l.3,4.A.2.b.3.a.1,"Collect information from people through observation, interviews, or surveys.",Review professional literature to maintain professional knowledge.,5,0.3241
4.A.1.a.1.l.3,4.A.4.b.4.a.10,"Collect information from people through observation, interviews, or surveys.",Supervise scientific or technical personnel.,5,0.2988
4.A.1.a.1.l.3,4.A.4.b.6.j.6,"Collect information from people through observation, interviews, or surveys.",Counsel clients on mental health or personal achievement.,5,0.5976
4.A.1.a.1.p.1,4.A.3.b.6.c.4,Research genetic characteristics or expression.,Prepare scientific or technical reports or presentations.,5,0.3536
4.A.1.a.1.p.2,4.A.2.b.2.s.5,Research diseases or parasites.,Plan biological research.,5,0.6455
4.A.1.a.1.p.2,4.A.4.b.3.b.9,Research diseases or parasites.,Instruct college students in physical or life sciences.,5,0.4767
4.A.1.a.1.p.6,4.A.3.a.2.au.3,Examine characteristics or behavior of living organisms.,Prepare biological samples for testing or analysis.,5,0.8333
4.A.1.a.1.r.3,4.A.2.b.2.s.8,Conduct research on social issues.,Plan social sciences research.,5,0.7715
4.A.1.a.1.s.1,4.A.1.b.2.i.5,Conduct research to increase knowledge about medical issues.,Measure the physical or physiological attributes of patients.,5,0.2548
4.A.1.a.1.s.1,4.A.2.a.4.f.6,Conduct research to increase knowledge about medical issues.,Analyze quantitative data to determine effectiveness of treatments or therapies.,5,0.3194
4.A.1.a.1.s.1,4.A.3.a.2.k.1,Conduct research to increase knowledge about medical issues.,Prepare medical supplies or equipment for use.,5,0.1992
4.A.1.a.1.s.1,4.A.3.b.6.f.1,Conduct research to increase knowledge about medical issues.,Prepare official health documents or records.,5,0.2673
4.A.1.a.1.s.1,4.A.4.a.1.e.1,Conduct research to increase knowledge about medical issues.,Communicate detailed medical information to patients or family members.,5,0.2259
4.A.1.a.1.s.1,4.A.4.b.3.f.11,Conduct research to increase knowledge about medical issues.,Train caregivers or other non-medical personnel.,5,0.2988
4.A.1.a.1.s.1,4.A.4.b.4.a.11,Conduct research to increase knowledge about medical issues.,Supervise medical support personnel.,5,0.3194
4.A.1.a.1.s.1,4.A.4.b.6.a.4,Conduct research to increase knowledge about medical issues.,Advise patients on effects of health conditions or treatments.,5,0.244
4.A.1.a.1.t.4,4.A.3.b.1.b.1,Conduct research to gain information about products or processes.,Implement security measures for computer or information systems.,5,0.3608
4.A.1.a.1.t.4,4.A.3.b.5.c.1,Conduct research to gain information about products or processes.,Maintain computer hardware.,5,0.5103
4.A.1.a.1.t.5,4.A.3.b.6.h.21,Research advanced engineering designs or applications.,Maintain operational records or records systems.,5,0.4583
4.A.1.a.2.b.15,4.A.2.b.1.d.3,Monitor the productivity or efficiency of industrial operations.,Determine operational methods.,5,0.4623
4.A.1.a.2.b.15,4.A.3.b.2.f.14,Monitor the productivity or efficiency of industrial operations.,Develop technical methods or processes.,5,0.3637
4.A.1.a.2.b.15,4.A.3.b.6.o.4,Monitor the productivity or efficiency of industrial operations.,Prepare operational reports.,5,0.3928
4.A.1.a.2.b.15,4.A.4.b.3.d.2,Monitor the productivity or efficiency of industrial operations.,Train personnel on proper operational procedures.,5,0.3553
4.A.1.a.2.b.15,4.A.4.b.4.a.2,Monitor the productivity or efficiency of industrial operations.,Supervise engineering or other technical personnel.,5,0.3824
4.A.1.a.2.b.15,4.A.4.b.6.e.9,Monitor the productivity or efficiency of industrial operations.,"Recommend technical design or process changes to improve efficiency, quality, or performance.",5,0.3637
4.A.1.a.2.e.1,4.A.4.a.5.c.2,Monitor patient progress or responses to treatments.,Administer basic health care or medical treatments.,5,0.2849
4.A.1.a.2.e.1,4.A.4.a.5.c.3,Monitor patient progress or responses to treatments.,Administer anesthetics or sedatives to control pain.,5,0.2988
4.A.1.a.2.e.1,4.A.4.a.5.c.8,Monitor patient progress or responses to treatments.,Administer intravenous medications.,5,0.3341
4.A.1.a.2.e.1,4.A.4.a.5.l.7,Monitor patient progress or responses to treatments.,Treat chronic diseases or disorders.,5,0.2113
4.A.1.a.2.e.1,4.A.4.b.2.a.4,Monitor patient progress or responses to treatments.,Interact with patients to build rapport or provide emotional support.,5,0.3341
4.A.1.a.2.e.1,4.A.4.b.3.f.11,Monitor patient progress or responses to treatments.,Train caregivers or other non-medical personnel.,5,0.3341
4.A.1.a.2.e.1,4.A.4.b.3.f.5,Monitor patient progress or responses to treatments.,"Train patients, family members, or caregivers in techniques for managing disabilities or illnesses.",5,0.2849
4.A.1.a.2.e.1,4.A.4.c.3.a.2,Monitor patient progress or responses to treatments.,Maintain inventory of medical supplies or equipment.,5,0.2525
4.A.1.a.2.e.3,4.A.2.a.4.f.3,Monitor patients following surgeries or other treatments.,Analyze test data or images to inform diagnosis or treatment.,5,0.2599
4.A.1.a.2.e.3,4.A.4.a.5.c.6,Monitor patients following surgeries or other treatments.,Administer non-intravenous medications.,5,0.4226
4.A.1.a.2.e.3,4.A.4.a.5.l.2,Monitor patients following surgeries or other treatments.,"Treat acute illnesses, infections, or injuries.",5,0.4082
4.A.1.a.2.e.3,4.A.4.c.3.f.3,Monitor patients following surgeries or other treatments.,Prescribe medications.,5,0.2795
4.A.1.a.2.e.7,4.A.1.b.2.a.8,"Monitor patient conditions during treatments, procedures, or activities.",Test biological specimens to gather information about patient conditions.,5,0.3297
4.A.1.a.2.e.7,4.A.3.a.1.i.1,"Monitor patient conditions during treatments, procedures, or activities.",Sterilize medical equipment or instruments.,5,0.301
4.A.1.a.2.e.7,4.A.4.a.5.c.11,"Monitor patient conditions during treatments, procedures, or activities.","Apply bandages, dressings, or splints.",5,0.3941
4.A.1.a.2.e.7,4.A.4.a.5.c.9,"Monitor patient conditions during treatments, procedures, or activities.",Administer blood or other fluids intravenously.,5,0.4663
4.A.1.a.2.e.7,4.A.4.a.5.k.6,"Monitor patient conditions during treatments, procedures, or activities.",Assist healthcare practitioners during surgery.,5,0.3297
4.A.1.a.2.e.7,4.A.4.b.6.a.1,"Monitor patient conditions during treatments, procedures, or activities.","Provide health and wellness advice to patients, program participants, or caregivers.",5,0.2174
4.A.1.a.2.e.7,4.A.4.c.1.a.6,"Monitor patient conditions during treatments, procedures, or activities.",Perform clerical work in medical settings.,5,0.2892
4.A.1.a.2.e.7,4.A.4.c.3.e.7,"Monitor patient conditions during treatments, procedures, or activities.",Order medical supplies or equipment.,5,0.2892
4.A.1.a.2.e.7,4.A.4.c.3.f.1,"Monitor patient conditions during treatments, procedures, or activities.",Prescribe treatments or therapies.,5,0.2392
4.A.1.a.2.i.3,4.A.3.b.6.c.4,Measure environmental characteristics.,Prepare scientific or technical reports or presentations.,5,0.2795
4.A.1.a.2.i.6,4.A.4.b.6.c.1,Inspect condition of natural environments.,Advise others about environmental management or conservation.,5,0.5893
4.A.1.a.2.j.3,4.A.4.a.2.h.7,Monitor computer system performance to ensure proper operation.,Collaborate with others to determine design specifications or details.,5,0.5976
4.A.1.a.2.k.6,4.A.1.b.2.l.2,Monitor processes for compliance with standards.,"Test performance of electrical, electronic, mechanical, or integrated systems or equipment.",5,0.2901
4.A.1.a.2.k.6,4.A.2.b.6.b.7,Monitor processes for compliance with standards.,Prepare detailed work plans.,5,0.3077
4.A.1.a.2.k.6,4.A.4.b.6.d.1,Monitor processes for compliance with standards.,Provide technical guidance to other personnel.,5,0.3892
4.A.1.b.2.a.1,4.A.4.a.1.e.5,Test patient heart or lung functioning.,Explain medical procedures or test results to patients or family members.,5,0.4082
4.A.1.b.2.a.1,4.A.4.b.3.f.8,Test patient heart or lung functioning.,Train medical providers.,5,0.2916
4.A.1.b.2.a.8,4.A.2.a.4.j.1,Test biological specimens to gather information about patient conditions.,Analyze laboratory specimens to detect abnormalities or other problems.,5,0.6455
4.A.1.b.2.a.8,4.A.3.a.2.au.2,Test biological specimens to gather information about patient conditions.,Prepare biological specimens for laboratory analysis.,5,0.527
4.A.1.b.2.a.8,4.A.3.a.2.k.1,Test biological specimens to gather information about patient conditions.,Prepare medical supplies or equipment for use.,5,0.3727
4.A.1.b.2.a.8,4.A.4.b.3.f.8,Test biological specimens to gather information about patient conditions.,Train medical providers.,5,0.2259
4.A.1.b.2.a.8,4.A.4.b.4.a.15,Test biological specimens to gather information about patient conditions.,Supervise technical medical personnel.,5,0.559
4.A.1.b.2.c.4,4.A.1.b.2.e.12,Test characteristics of materials or structures.,Inspect facilities or sites to determine if they meet specifications or standards.,5,0.4623
4.A.1.b.2.c.4,4.A.2.b.6.b.7,Test characteristics of materials or structures.,Prepare detailed work plans.,5,0.3402
4.A.1.b.2.e.12,4.A.3.b.6.i.1,Inspect facilities or sites to determine if they meet specifications or standards.,Prepare procedural documents.,5,0.3581
4.A.1.b.2.e.12,4.A.4.b.6.i.3,Inspect facilities or sites to determine if they meet specifications or standards.,Advise others on health and safety issues.,5,0.5241
4.A.1.b.2.g.21,4.A.2.a.4.f.3,Examine medical instruments or equipment to ensure proper operation.,Analyze test data or images to inform diagnosis or treatment.,5,0.2373
4.A.1.b.2.g.21,4.A.2.b.5.c.2,Examine medical instruments or equipment to ensure proper operation.,Schedule patient procedures or appointments.,5,0.3608
4.A.1.b.2.g.21,4.A.3.a.1.a.7,Examine medical instruments or equipment to ensure proper operation.,Prepare medications or medical solutions.,5,0.4167
4.A.1.b.2.g.21,4.A.3.a.3.d.1,Examine medical instruments or equipment to ensure proper operation.,Process x-rays or other medical images.,5,0.4811
4.A.1.b.2.g.21,4.A.4.a.2.d.1,Examine medical instruments or equipment to ensure proper operation.,Inform medical professionals regarding patient conditions and care.,5,0.3311
4.A.1.b.2.g.21,4.A.4.a.5.c.2,Examine medical instruments or equipment to ensure proper operation.,Administer basic health care or medical treatments.,5,0.4352
4.A.1.b.2.g.21,4.A.4.a.5.g.3,Examine medical instruments or equipment to ensure proper operation.,Treat medical emergencies.,5,0.3402
4.A.1.b.2.g.21,4.A.4.a.5.g.4,Examine medical instruments or equipment to ensure proper operation.,Implement advanced life support techniques.,5,0.5455
4.A.1.b.2.g.21,4.A.4.a.5.k.5,Examine medical instruments or equipment to ensure proper operation.,Assist healthcare practitioners during examinations or treatments.,5,0.4167
4.A.1.b.2.h.1,4.A.1.b.2.h.3,Test computer hardware performance.,Test software performance.,5,0.5051
4.A.1.b.2.h.1,4.A.2.b.3.a.7,Test computer hardware performance.,Update knowledge about emerging industry or technology trends.,5,0.4454
4.A.1.b.2.h.1,4.A.3.b.1.c.1,Test computer hardware performance.,Install computer software.,5,0.5241
4.A.1.b.2.h.1,4.A.3.b.5.c.1,Test computer hardware performance.,Maintain computer hardware.,5,0.7715
4.A.1.b.2.h.1,4.A.4.b.6.d.6,Test computer hardware performance.,Recommend changes to improve computer or information systems.,5,0.5241
4.A.1.b.2.h.2,4.A.1.b.2.h.3,Test computer system operations to ensure proper functioning.,Test software performance.,5,0.3858
4.A.1.b.2.h.2,4.A.2.a.4.l.2,Test computer system operations to ensure proper functioning.,"Analyze security of systems, network, or data.",5,0.4811
4.A.1.b.2.h.2,4.A.3.b.1.d.2,Test computer system operations to ensure proper functioning.,Troubleshoot issues with computer applications or systems.,5,0.4003
4.A.1.b.2.h.2,4.A.3.b.2.a.7,Test computer system operations to ensure proper functioning.,Develop performance metrics or standards related to information technology.,5,0.4564
4.A.1.b.2.h.3,4.A.2.a.4.g.14,Test software performance.,Analyze data to identify or resolve operational problems.,5,0.3706
4.A.1.b.2.h.3,4.A.2.b.2.f.4,Test software performance.,Create databases to store electronic data.,5,0.4029
4.A.1.b.2.h.3,4.A.2.b.2.o.13,Test software performance.,Develop diagrams or flow charts of system operation.,5,0.5976
4.A.1.b.2.h.3,4.A.3.b.1.c.1,Test software performance.,Install computer software.,5,0.3706
4.A.1.b.2.h.3,4.A.3.b.1.d.3,Test software performance.,Resolve computer software problems.,5,0.5455
4.A.1.b.2.h.3,4.A.3.b.6.h.11,Test software performance.,Document operational activities.,5,0.4725
4.A.1.b.2.h.3,4.A.4.b.4.a.7,Test software performance.,Supervise information technology personnel.,5,0.4029
4.A.1.b.2.h.3,4.A.4.b.6.d.2,Test software performance.,Provide technical support for software maintenance or use.,5,0.4029
4.A.1.b.2.h.3,4.A.4.b.6.d.3,Test software performance.,Provide recommendations to others about computer hardware.,5,0.4454
4.A.1.b.2.i.3,4.A.2.a.3.d.2,Examine patients to assess general physical condition.,Follow protocols or regulations for healthcare activities.,5,0.3341
4.A.1.b.2.i.3,4.A.3.a.3.d.3,Examine patients to assess general physical condition.,Operate diagnostic or therapeutic medical instruments or equipment.,5,0.1853
4.A.1.b.2.i.3,4.A.3.a.3.d.4,Examine patients to assess general physical condition.,Operate diagnostic imaging equipment.,5,0.2168
4.A.1.b.2.i.3,4.A.3.b.6.c.10,Examine patients to assess general physical condition.,Present medical research reports.,5,0.2728
4.A.1.b.2.i.3,4.A.4.a.1.e.1,Examine patients to assess general physical condition.,Communicate detailed medical information to patients or family members.,5,0.2525
4.A.1.b.2.i.3,4.A.4.a.2.d.1,Examine patients to assess general physical condition.,Inform medical professionals regarding patient conditions and care.,5,0.2168
4.A.1.b.2.i.3,4.A.4.a.3.b.1,Examine patients to assess general physical condition.,Communicate health and wellness information to the public.,5,0.2849
4.A.1.b.2.i.3,4.A.4.a.5.c.6,Examine patients to assess general physical condition.,Administer non-intravenous medications.,5,0.2525
4.A.1.b.2.i.3,4.A.4.a.5.c.7,Examine patients to assess general physical condition.,Immunize patients.,5,0.3341
4.A.1.b.2.i.3,4.A.4.a.5.g.3,Examine patients to assess general physical condition.,Treat medical emergencies.,5,0.2227
4.A.1.b.2.i.5,4.A.4.a.2.d.5,Measure the physical or physiological attributes of patients.,Collaborate with healthcare professionals to plan or provide treatment.,5,0.2111
4.A.1.b.2.i.5,4.A.4.b.3.f.8,Measure the physical or physiological attributes of patients.,Train medical providers.,5,0.2154
4.A.1.b.2.l.2,4.A.1.b.3.b.4,"Test performance of electrical, electronic, mechanical, or integrated systems or equipment.",Estimate operational costs.,5,0.2268
4.A.1.b.2.l.2,4.A.2.a.4.e.3,"Test performance of electrical, electronic, mechanical, or integrated systems or equipment.",Evaluate designs or specifications to ensure quality.,5,0.2572
4.A.1.b.2.l.2,4.A.2.a.4.g.3,"Test performance of electrical, electronic, mechanical, or integrated systems or equipment.","Analyze operational data to evaluate operations, processes or products.",5,0.2778
4.A.1.b.2.l.2,4.A.2.a.4.l.4,"Test performance of electrical, electronic, mechanical, or integrated systems or equipment.",Analyze test or validation data.,5,0.3637
4.A.1.b.2.l.2,4.A.2.b.1.i.6,"Test performance of electrical, electronic, mechanical, or integrated systems or equipment.",Implement design or process improvements.,5,0.2778
4.A.1.b.2.l.2,4.A.2.b.2.q.5,"Test performance of electrical, electronic, mechanical, or integrated systems or equipment.",Develop operational methods or processes that use green materials or emphasize sustainability.,5,0.3637
4.A.1.b.2.l.2,4.A.3.a.2.aa.1,"Test performance of electrical, electronic, mechanical, or integrated systems or equipment.",Fabricate devices or components.,5,0.3928
4.A.1.b.2.l.2,4.A.3.a.2.t.5,"Test performance of electrical, electronic, mechanical, or integrated systems or equipment.",Install instrumentation or electronic equipment or systems.,5,0.4303
4.A.1.b.2.l.2,4.A.3.b.5.c.4,"Test performance of electrical, electronic, mechanical, or integrated systems or equipment.",Maintain electronic equipment.,5,0.3928
4.A.1.b.2.l.2,4.A.4.b.1.a.2,"Test performance of electrical, electronic, mechanical, or integrated systems or equipment.",Confer with other personnel to resolve design or operational problems.,5,0.3208
4.A.1.b.3.b.4,4.A.2.b.2.b.1,Estimate operational costs.,Develop software or computer applications.,5,0.3727
4.A.1.b.3.b.4,4.A.2.b.2.s.1,Estimate operational costs.,Devise research or testing protocols.,5,0.3043
4.A.1.b.3.b.4,4.A.2.b.5.b.7,Estimate operational costs.,Schedule operational activities.,5,0.4167
4.A.1.b.3.b.4,4.A.3.b.2.c.1,Estimate operational costs.,Design industrial processing systems.,5,0.3553
4.A.1.b.3.b.4,4.A.3.b.2.c.3,Estimate operational costs.,Design industrial equipment.,5,0.4167
4.A.1.b.3.b.4,4.A.3.b.6.i.2,Estimate operational costs.,Document technical design details.,5,0.2858
4.A.1.b.3.b.4,4.A.4.b.4.h.10,Estimate operational costs.,Prepare project budgets.,5,0.4454
4.A.1.b.3.d.4,4.A.2.b.2.o.19,Survey land or bodies of water to measure or determine features.,Create maps.,5,0.5893
4.A.2.a.1.b.5,4.A.4.b.3.b.3,Evaluate effectiveness of educational programs.,Teach social science courses at the college level.,5,0.4226
4.A.2.a.1.c.2,4.A.4.b.3.b.3,Administer tests to assess educational needs or progress.,Teach social science courses at the college level.,5,0.4226
4.A.2.a.1.c.3,4.A.4.b.3.b.3,Prepare tests.,Teach social science courses at the college level.,5,0.4226
4.A.2.a.1.c.4,4.A.4.b.3.b.3,Evaluate student work.,Teach social science courses at the college level.,5,0.4226
4.A.2.a.1.f.2,4.A.3.a.2.k.1,"Evaluate patient functioning, capabilities, or health.",Prepare medical supplies or equipment for use.,5,0.2858
4.A.2.a.1.f.2,4.A.4.b.4.a.14,"Evaluate patient functioning, capabilities, or health.",Supervise patient care personnel.,5,0.208
4.A.2.a.1.f.2,4.A.4.b.6.a.1,"Evaluate patient functioning, capabilities, or health.","Provide health and wellness advice to patients, program participants, or caregivers.",5,0.2529
4.A.2.a.1.f.2,4.A.4.c.3.b.1,"Evaluate patient functioning, capabilities, or health.",Order medical diagnostic or clinical tests.,5,0.2646
4.A.2.a.1.f.2,4.A.4.c.3.f.3,"Evaluate patient functioning, capabilities, or health.",Prescribe medications.,5,0.2144
4.A.2.a.1.f.3,4.A.3.b.6.k.4,Evaluate patient outcomes to determine effectiveness of treatments.,Record patient medical histories.,5,0.2728
4.A.2.a.1.f.4,4.A.2.a.4.f.3,Evaluate treatment options to guide medical decisions.,Analyze test data or images to inform diagnosis or treatment.,5,0.2906
4.A.2.a.1.f.4,4.A.4.a.2.d.5,Evaluate treatment options to guide medical decisions.,Collaborate with healthcare professionals to plan or provide treatment.,5,0.2475
4.A.2.a.1.g.7,4.A.3.a.2.i.4,Evaluate characteristics of equipment or systems.,Calibrate scientific or technical equipment.,5,0.3101
4.A.2.a.1.g.7,4.A.3.b.2.d.1,Evaluate characteristics of equipment or systems.,Create models of engineering designs or methods.,5,0.3846
4.A.2.a.1.g.7,4.A.3.b.2.e.1,Evaluate characteristics of equipment or systems.,Design electromechanical equipment or systems.,5,0.4623
4.A.2.a.1.g.7,4.A.3.b.2.f.14,Evaluate characteristics of equipment or systems.,Develop technical methods or processes.,5,0.3026
4.A.2.a.1.g.7,4.A.4.a.2.h.3,Evaluate characteristics of equipment or systems.,Confer with technical personnel to prepare designs or operational plans.,5,0.3026
4.A.2.a.1.g.8,4.A.2.b.3.a.7,Evaluate utility of software or hardware technologies.,Update knowledge about emerging industry or technology trends.,5,0.3269
4.A.2.a.1.g.8,4.A.3.b.1.a.3,Evaluate utility of software or hardware technologies.,Write computer programming code.,5,0.3581
4.A.2.a.1.g.8,4.A.3.b.2.f.9,Evaluate utility of software or hardware technologies.,Develop computer or information security policies or procedures.,5,0.4385
4.A.2.a.1.g.8,4.A.3.b.6.i.5,Evaluate utility of software or hardware technologies.,Document design or development procedures.,5,0.4903
4.A.2.a.1.g.8,4.A.4.b.1.a.3,Evaluate utility of software or hardware technologies.,Collaborate with others to resolve information technology issues.,5,0.3706
4.A.2.a.1.g.8,4.A.4.b.4.a.7,Evaluate utility of software or hardware technologies.,Supervise information technology personnel.,5,0.4181
4.A.2.a.2.c.4,4.A.4.b.3.b.3,Compile specialized bibliographies or lists of materials.,Teach social science courses at the college level.,5,0.4226
4.A.2.a.2.c.6,4.A.2.a.4.a.5,Compile geographic or related data.,Analyze geological or geographical data.,5,0.6299
4.A.2.a.3.b.1,4.A.2.b.2.s.6,Assess compliance with environmental laws.,Plan environmental research.,5,0.6682
4.A.2.a.3.b.1,4.A.4.b.6.c.1,Assess compliance with environmental laws.,Advise others about environmental management or conservation.,5,0.5455
4.A.2.a.3.d.2,4.A.3.b.6.k.4,Follow protocols or regulations for healthcare activities.,Record patient medical histories.,5,0.2362
4.A.2.a.3.d.2,4.A.4.b.4.a.14,Follow protocols or regulations for healthcare activities.,Supervise patient care personnel.,5,0.3032
4.A.2.a.4.a.4,4.A.2.b.2.u.2,Analyze environmental data.,Develop mathematical models of environmental conditions.,5,0.6155
4.A.2.a.4.a.4,4.A.3.b.6.c.4,Analyze environmental data.,Prepare scientific or technical reports or presentations.,5,0.2384
4.A.2.a.4.a.4,4.A.3.b.6.h.18,Analyze environmental data.,Record research or operational data.,5,0.329
4.A.2.a.4.d.1,4.A.2.a.4.d.2,Apply mathematical principles or statistical approaches to solve problems in scientific or applied fields.,Analyze data to identify trends or relationships among variables.,5,0.3928
4.A.2.a.4.d.1,4.A.3.b.6.c.1,Apply mathematical principles or statistical approaches to solve problems in scientific or applied fields.,Present research results to others.,5,0.5556
4.A.2.a.4.d.2,4.A.2.a.4.g.14,Analyze data to identify trends or relationships among variables.,Analyze data to identify or resolve operational problems.,5,0.3269
4.A.2.a.4.d.2,4.A.2.b.1.d.10,Analyze data to identify trends or relationships among variables.,Determine appropriate methods for data analysis.,5,0.4811
4.A.2.a.4.d.2,4.A.2.b.2.b.3,Analyze data to identify trends or relationships among variables.,Design computer modeling or simulation programs.,5,0.4454
4.A.2.a.4.d.2,4.A.2.b.2.u.3,Analyze data to identify trends or relationships among variables.,Develop scientific or mathematical models.,5,0.527
4.A.2.a.4.d.2,4.A.2.b.6.b.8,Analyze data to identify trends or relationships among variables.,Develop detailed project plans.,5,0.4454
4.A.2.a.4.d.2,4.A.3.b.2.a.7,Analyze data to identify trends or relationships among variables.,Develop performance metrics or standards related to information technology.,5,0.3727
4.A.2.a.4.d.2,4.A.3.b.6.c.1,Analyze data to identify trends or relationships among variables.,Present research results to others.,5,0.3928
4.A.2.a.4.d.2,4.A.4.b.1.a.3,Analyze data to identify trends or relationships among variables.,Collaborate with others to resolve information technology issues.,5,0.315
4.A.2.a.4.d.2,4.A.4.b.3.e.4,Analyze data to identify trends or relationships among variables.,Train others in computer interface or software use.,5,0.3043
4.A.2.a.4.e.3,4.A.2.b.1.h.1,Evaluate designs or specifications to ensure quality.,Estimate technical or resource requirements for development or production projects.,5,0.3706
4.A.2.a.4.e.3,4.A.2.b.6.b.7,Evaluate designs or specifications to ensure quality.,Prepare detailed work plans.,5,0.2728
4.A.2.a.4.e.3,4.A.3.b.6.i.1,Evaluate designs or specifications to ensure quality.,Prepare procedural documents.,5,0.345
4.A.2.a.4.e.3,4.A.4.a.2.h.3,Evaluate designs or specifications to ensure quality.,Confer with technical personnel to prepare designs or operational plans.,5,0.2916
4.A.2.a.4.e.3,4.A.4.b.6.d.1,Evaluate designs or specifications to ensure quality.,Provide technical guidance to other personnel.,5,0.345
4.A.2.a.4.e.3,4.A.4.b.6.e.9,Evaluate designs or specifications to ensure quality.,"Recommend technical design or process changes to improve efficiency, quality, or performance.",5,0.2916
4.A.2.a.4.e.6,4.A.4.b.4.a.2,Analyze design or requirements information for mechanical equipment or systems.,Supervise engineering or other technical personnel.,5,0.4336
4.A.2.a.4.e.8,4.A.2.b.1.d.3,Analyze costs and benefits of proposed designs or projects.,Determine operational methods.,5,0.3846
4.A.2.a.4.e.8,4.A.4.b.6.d.1,Analyze costs and benefits of proposed designs or projects.,Provide technical guidance to other personnel.,5,0.3581
4.A.2.a.4.f.2,4.A.2.b.2.a.6,Analyze patient data to determine patient needs or treatment goals.,Develop treatment plans that use non-medical therapies.,5,0.3269
4.A.2.a.4.f.2,4.A.2.b.2.n.3,Analyze patient data to determine patient needs or treatment goals.,Design public or employee health programs.,5,0.2957
4.A.2.a.4.f.2,4.A.3.b.6.l.6,Analyze patient data to determine patient needs or treatment goals.,Prepare healthcare training materials.,5,0.3706
4.A.2.a.4.f.2,4.A.4.a.3.b.1,Analyze patient data to determine patient needs or treatment goals.,Communicate health and wellness information to the public.,5,0.2957
4.A.2.a.4.f.2,4.A.4.b.2.a.4,Analyze patient data to determine patient needs or treatment goals.,Interact with patients to build rapport or provide emotional support.,5,0.3467
4.A.2.a.4.f.2,4.A.4.b.3.f.11,Analyze patient data to determine patient needs or treatment goals.,Train caregivers or other non-medical personnel.,5,0.3467
4.A.2.a.4.f.2,4.A.4.b.4.j.38,Analyze patient data to determine patient needs or treatment goals.,Manage healthcare operations.,5,0.2532
4.A.2.a.4.f.2,4.A.4.b.6.a.1,Analyze patient data to determine patient needs or treatment goals.,"Provide health and wellness advice to patients, program participants, or caregivers.",5,0.2045
4.A.2.a.4.f.3,4.A.2.b.2.n.3,Analyze test data or images to inform diagnosis or treatment.,Design public or employee health programs.,5,0.2478
4.A.2.a.4.f.3,4.A.3.b.6.c.10,Analyze test data or images to inform diagnosis or treatment.,Present medical research reports.,5,0.2373
4.A.2.a.4.f.3,4.A.4.a.3.b.1,Analyze test data or images to inform diagnosis or treatment.,Communicate health and wellness information to the public.,5,0.2478
4.A.2.a.4.f.3,4.A.4.a.5.c.2,Analyze test data or images to inform diagnosis or treatment.,Administer basic health care or medical treatments.,5,0.2478
4.A.2.a.4.f.3,4.A.4.a.5.k.6,Analyze test data or images to inform diagnosis or treatment.,Assist healthcare practitioners during surgery.,5,0.2599
4.A.2.a.4.f.3,4.A.4.b.6.f.2,Analyze test data or images to inform diagnosis or treatment.,Advise communities or institutions regarding health or safety issues.,5,0.2906
4.A.2.a.4.f.3,4.A.4.c.3.f.4,Analyze test data or images to inform diagnosis or treatment.,Prescribe assistive medical devices or related treatments.,5,0.3356
4.A.2.a.4.f.5,4.A.3.b.6.k.4,Calculate numerical data for medical activities.,Record patient medical histories.,5,0.2362
4.A.2.a.4.f.5,4.A.4.a.1.e.5,Calculate numerical data for medical activities.,Explain medical procedures or test results to patients or family members.,5,0.3536
4.A.2.a.4.f.5,4.A.4.a.5.c.10,Calculate numerical data for medical activities.,Administer medical substances for imaging or other procedures.,5,0.7217
4.A.2.a.4.f.5,4.A.4.b.4.a.14,Calculate numerical data for medical activities.,Supervise patient care personnel.,5,0.3032
4.A.2.a.4.f.6,4.A.4.a.2.d.5,Analyze quantitative data to determine effectiveness of treatments or therapies.,Collaborate with healthcare professionals to plan or provide treatment.,5,0.2646
4.A.2.a.4.f.6,4.A.4.a.3.b.1,Analyze quantitative data to determine effectiveness of treatments or therapies.,Communicate health and wellness information to the public.,5,0.5698
4.A.2.a.4.g.14,4.A.3.b.1.d.2,Analyze data to identify or resolve operational problems.,Troubleshoot issues with computer applications or systems.,5,0.3846
4.A.2.a.4.g.14,4.A.3.b.2.f.15,Analyze data to identify or resolve operational problems.,Develop testing routines or procedures.,5,0.4181
4.A.2.a.4.g.14,4.A.3.b.6.h.11,Analyze data to identify or resolve operational problems.,Document operational activities.,5,0.4903
4.A.2.a.4.g.14,4.A.4.a.2.h.7,Analyze data to identify or resolve operational problems.,Collaborate with others to determine design specifications or details.,5,0.3706
4.A.2.a.4.g.3,4.A.2.b.3.a.20,"Analyze operational data to evaluate operations, processes or products.",Update technical knowledge.,5,0.3608
4.A.2.a.4.g.3,4.A.3.b.6.i.1,"Analyze operational data to evaluate operations, processes or products.",Prepare procedural documents.,5,0.3727
4.A.2.a.4.g.5,4.A.4.a.2.b.1,Interpret research or operational data.,Collaborate on research activities with scientists or technical specialists.,5,0.3706
4.A.2.a.4.j.1,4.A.3.a.2.al.1,Analyze laboratory specimens to detect abnormalities or other problems.,Collect biological specimens from patients.,5,0.527
4.A.2.a.4.j.1,4.A.3.a.2.au.2,Analyze laboratory specimens to detect abnormalities or other problems.,Prepare biological specimens for laboratory analysis.,5,0.6804
4.A.2.a.4.j.1,4.A.3.a.3.i.3,Analyze laboratory specimens to detect abnormalities or other problems.,Operate laboratory equipment to analyze medical samples.,5,0.7715
4.A.2.a.4.j.1,4.A.3.b.4.f.2,Analyze laboratory specimens to detect abnormalities or other problems.,Maintain medical laboratory equipment.,5,0.7715
4.A.2.a.4.j.1,4.A.4.b.3.f.8,Analyze laboratory specimens to detect abnormalities or other problems.,Train medical providers.,5,0.2916
4.A.2.a.4.j.4,4.A.4.b.3.f.8,Analyze laboratory findings.,Train medical providers.,5,0.3194
4.A.2.a.4.j.5,4.A.2.b.2.s.5,Analyze biological samples.,Plan biological research.,5,0.6455
4.A.2.a.4.j.5,4.A.4.b.3.b.9,Analyze biological samples.,Instruct college students in physical or life sciences.,5,0.4767
4.A.2.a.4.j.6,4.A.3.b.6.c.4,Analyze chemical compounds or substances.,Prepare scientific or technical reports or presentations.,5,0.2795
4.A.2.a.4.j.6,4.A.4.b.4.a.10,Analyze chemical compounds or substances.,Supervise scientific or technical personnel.,5,0.3953
4.A.2.a.4.l.1,4.A.4.b.6.e.9,Conduct quantitative failure analyses of operational data.,"Recommend technical design or process changes to improve efficiency, quality, or performance.",5,0.3858
4.A.2.a.4.l.2,4.A.3.b.1.c.1,"Analyze security of systems, network, or data.",Install computer software.,5,0.4623
4.A.2.a.4.l.4,4.A.3.b.6.i.7,Analyze test or validation data.,Document design or operational test results.,5,0.5241
4.A.2.a.4.l.4,4.A.4.b.6.e.9,Analyze test or validation data.,"Recommend technical design or process changes to improve efficiency, quality, or performance.",5,0.4124
4.A.2.b.1.d.10,4.A.3.b.6.c.1,Determine appropriate methods for data analysis.,Present research results to others.,5,0.6804
4.A.2.b.1.d.3,4.A.2.b.1.i.6,Determine operational methods.,Implement design or process improvements.,5,0.4003
4.A.2.b.1.d.3,4.A.3.b.2.c.1,Determine operational methods.,Design industrial processing systems.,5,0.4181
4.A.2.b.1.d.3,4.A.3.b.2.c.3,Determine operational methods.,Design industrial equipment.,5,0.4903
4.A.2.b.1.d.3,4.A.4.b.4.a.2,Determine operational methods.,Supervise engineering or other technical personnel.,5,0.3181
4.A.2.b.1.d.3,4.A.4.b.4.g.1,Determine operational methods.,Direct quality control activities.,5,0.4385
4.A.2.b.1.f.2,4.A.3.b.6.f.4,Diagnose medical conditions.,Prepare reports summarizing patient diagnostic or care activities.,5,0.2113
4.A.2.b.1.f.2,4.A.4.a.5.c.7,Diagnose medical conditions.,Immunize patients.,5,0.3341
4.A.2.b.1.f.2,4.A.4.a.5.g.3,Diagnose medical conditions.,Treat medical emergencies.,5,0.2227
4.A.2.b.1.f.2,4.A.4.c.3.f.4,Diagnose medical conditions.,Prescribe assistive medical devices or related treatments.,5,0.3858
4.A.2.b.1.h.1,4.A.3.b.1.e.2,Estimate technical or resource requirements for development or production projects.,Operate computer systems.,5,0.4623
4.A.2.b.1.h.1,4.A.3.b.2.f.14,Estimate technical or resource requirements for development or production projects.,Develop technical methods or processes.,5,0.3026
4.A.2.b.1.h.1,4.A.4.b.6.d.1,Estimate technical or resource requirements for development or production projects.,Provide technical guidance to other personnel.,5,0.3581
4.A.2.b.1.i.6,4.A.2.b.2.s.1,Implement design or process improvements.,Devise research or testing protocols.,5,0.3727
4.A.2.b.1.i.6,4.A.3.a.2.i.4,Implement design or process improvements.,Calibrate scientific or technical equipment.,5,0.3227
4.A.2.b.1.j.1,4.A.3.b.2.c.1,"Select tools, equipment, or technologies for use in operations or projects.",Design industrial processing systems.,5,0.4767
4.A.2.b.1.j.1,4.A.3.b.6.i.2,"Select tools, equipment, or technologies for use in operations or projects.",Document technical design details.,5,0.3835
4.A.2.b.1.j.1,4.A.4.b.4.a.2,"Select tools, equipment, or technologies for use in operations or projects.",Supervise engineering or other technical personnel.,5,0.3627
4.A.2.b.1.j.10,4.A.4.b.3.b.3,Select educational materials or equipment.,Teach social science courses at the college level.,5,0.4226
4.A.2.b.1.j.2,4.A.4.b.3.d.2,Select project materials.,Train personnel on proper operational procedures.,5,0.4352
4.A.2.b.2.a.2,4.A.4.a.3.b.1,Develop medical treatment plans.,Communicate health and wellness information to the public.,5,0.3077
4.A.2.b.2.a.2,4.A.4.b.3.f.5,Develop medical treatment plans.,"Train patients, family members, or caregivers in techniques for managing disabilities or illnesses.",5,0.3077
4.A.2.b.2.a.2,4.A.4.b.4.j.38,Develop medical treatment plans.,Manage healthcare operations.,5,0.2635
4.A.2.b.2.a.2,4.A.4.c.3.f.1,Develop medical treatment plans.,Prescribe treatments or therapies.,5,0.2341
4.A.2.b.2.a.6,4.A.4.b.4.a.14,Develop treatment plans that use non-medical therapies.,Supervise patient care personnel.,5,0.2858
4.A.2.b.2.b.1,4.A.3.b.2.f.14,Develop software or computer applications.,Develop technical methods or processes.,5,0.345
4.A.2.b.2.b.5,4.A.4.a.2.h.7,Design integrated computer systems.,Collaborate with others to determine design specifications or details.,5,0.5051
4.A.2.b.2.b.5,4.A.4.b.3.e.4,Design integrated computer systems.,Train others in computer interface or software use.,5,0.488
4.A.2.b.2.b.6,4.A.2.b.2.f.2,Develop software or applications for scientific or technical use.,Develop technical or scientific databases.,5,0.5893
4.A.2.b.2.b.6,4.A.2.b.3.a.1,Develop software or applications for scientific or technical use.,Review professional literature to maintain professional knowledge.,5,0.4042
4.A.2.b.2.b.7,4.A.3.b.1.a.3,Modify software programs to improve performance.,Write computer programming code.,5,0.4082
4.A.2.b.2.b.7,4.A.3.b.2.d.2,Modify software programs to improve performance.,Develop models of information or communications systems.,5,0.4767
4.A.2.b.2.b.7,4.A.3.b.6.i.5,Modify software programs to improve performance.,Document design or development procedures.,5,0.559
4.A.2.b.2.b.7,4.A.4.b.4.a.7,Modify software programs to improve performance.,Supervise information technology personnel.,5,0.4767
4.A.2.b.2.f.2,4.A.4.b.4.a.10,Develop technical or scientific databases.,Supervise scientific or technical personnel.,5,0.3953
4.A.2.b.2.f.4,4.A.2.b.3.a.7,Create databases to store electronic data.,Update knowledge about emerging industry or technology trends.,5,0.3553
4.A.2.b.2.f.4,4.A.3.b.2.f.1,Create databases to store electronic data.,Develop procedures for data management.,5,0.6155
4.A.2.b.2.f.4,4.A.4.b.3.e.4,Create databases to store electronic data.,Train others in computer interface or software use.,5,0.3892
4.A.2.b.2.f.4,4.A.4.b.6.d.6,Create databases to store electronic data.,Recommend changes to improve computer or information systems.,5,0.4181
4.A.2.b.2.g.1,4.A.2.b.2.g.4,Plan natural resources conservation or restoration programs.,Develop plans to manage natural or renewable resources.,5,0.6682
4.A.2.b.2.g.1,4.A.4.b.6.c.1,Plan natural resources conservation or restoration programs.,Advise others about environmental management or conservation.,5,0.5455
4.A.2.b.2.g.4,4.A.2.b.2.s.6,Develop plans to manage natural or renewable resources.,Plan environmental research.,5,0.625
4.A.2.b.2.i.1,4.A.3.b.6.c.10,Develop health assessment methods or programs.,Present medical research reports.,5,0.5893
4.A.2.b.2.i.1,4.A.4.a.2.d.5,Develop health assessment methods or programs.,Collaborate with healthcare professionals to plan or provide treatment.,5,0.2858
4.A.2.b.2.l.3,4.A.4.b.3.b.3,Develop instructional objectives.,Teach social science courses at the college level.,5,0.4226
4.A.2.b.2.m.2,4.A.3.b.6.h.18,Apply knowledge or research findings to address environmental problems.,Record research or operational data.,5,0.3858
4.A.2.b.2.n.3,4.A.4.b.3.f.8,Design public or employee health programs.,Train medical providers.,5,0.2154
4.A.2.b.2.n.3,4.A.4.b.6.f.1,Design public or employee health programs.,Advise medical personnel regarding healthcare issues.,5,0.3459
4.A.2.b.2.o.13,4.A.3.b.1.a.3,Develop diagrams or flow charts of system operation.,Write computer programming code.,5,0.5774
4.A.2.b.2.o.14,4.A.2.b.3.a.7,Prepare graphics or other visual representations of information.,Update knowledge about emerging industry or technology trends.,5,0.4167
4.A.2.b.2.o.14,4.A.3.b.1.a.3,Prepare graphics or other visual representations of information.,Write computer programming code.,5,0.4564
4.A.2.b.2.o.16,4.A.4.b.4.a.2,Create graphical representations of structures or landscapes.,Supervise engineering or other technical personnel.,5,0.513
4.A.2.b.2.o.20,4.A.3.a.2.al.5,Create images or other visual displays.,Collect environmental data or samples.,5,0.4623
4.A.2.b.2.s.1,4.A.2.b.3.a.20,Devise research or testing protocols.,Update technical knowledge.,5,0.3227
4.A.2.b.2.s.1,4.A.3.b.2.d.1,Devise research or testing protocols.,Create models of engineering designs or methods.,5,0.3581
4.A.2.b.2.s.1,4.A.3.b.6.c.9,Devise research or testing protocols.,Prepare technical reports for internal use.,5,0.4303
4.A.2.b.2.s.1,4.A.3.b.6.h.21,Devise research or testing protocols.,Maintain operational records or records systems.,5,0.3131
4.A.2.b.2.s.1,4.A.3.b.6.o.4,Devise research or testing protocols.,Prepare operational reports.,5,0.3043
4.A.2.b.2.s.3,4.A.3.b.6.c.4,Develop methods of social or economic research.,Prepare scientific or technical reports or presentations.,5,0.3536
4.A.2.b.2.s.5,4.A.4.b.3.b.9,Plan biological research.,Instruct college students in physical or life sciences.,5,0.6155
4.A.2.b.2.s.6,4.A.4.a.2.a.3,Plan environmental research.,Communicate results of environmental research.,5,0.625
4.A.2.b.2.s.7,4.A.3.a.2.al.5,Develop environmental research methods.,Collect environmental data or samples.,5,0.6202
4.A.2.b.2.s.7,4.A.3.b.6.c.4,Develop environmental research methods.,Prepare scientific or technical reports or presentations.,5,0.3536
4.A.2.b.2.u.2,4.A.3.a.2.al.5,Develop mathematical models of environmental conditions.,Collect environmental data or samples.,5,0.5661
4.A.2.b.3.a.10,4.A.4.b.3.b.3,Research topics in area of expertise.,Teach social science courses at the college level.,5,0.3637
4.A.2.b.3.a.12,4.A.3.b.2.f.2,Maintain medical or professional knowledge.,Establish nursing policies or standards.,5,0.4016
4.A.2.b.3.a.12,4.A.4.a.5.c.2,Maintain medical or professional knowledge.,Administer basic health care or medical treatments.,5,0.2708
4.A.2.b.3.a.12,4.A.4.b.6.a.1,Maintain medical or professional knowledge.,"Provide health and wellness advice to patients, program participants, or caregivers.",5,0.1873
4.A.2.b.3.a.12,4.A.4.c.1.a.3,Maintain medical or professional knowledge.,Process healthcare paperwork.,5,0.3394
4.A.2.b.3.a.18,4.A.4.b.3.b.3,Attend training sessions or professional meetings to develop or maintain professional knowledge.,Teach social science courses at the college level.,5,0.4124
4.A.2.b.3.a.20,4.A.3.b.6.i.1,Update technical knowledge.,Prepare procedural documents.,5,0.3227
4.A.2.b.3.a.20,4.A.4.b.6.b.3,Update technical knowledge.,Advise customers on the use of products or services.,5,0.3467
4.A.2.b.3.a.20,4.A.4.b.6.e.9,Update technical knowledge.,"Recommend technical design or process changes to improve efficiency, quality, or performance.",5,0.2728
4.A.2.b.3.a.3,4.A.4.b.3.b.3,Stay informed about current developments in field of specialization.,Teach social science courses at the college level.,5,0.4124
4.A.2.b.3.a.7,4.A.3.b.1.a.3,Update knowledge about emerging industry or technology trends.,Write computer programming code.,5,0.3043
4.A.2.b.3.a.7,4.A.3.b.1.b.2,Update knowledge about emerging industry or technology trends.,Create electronic data backup to prevent loss of information.,5,0.4167
4.A.2.b.3.a.7,4.A.3.b.2.f.15,Update knowledge about emerging industry or technology trends.,Develop testing routines or procedures.,5,0.3553
4.A.2.b.3.a.9,4.A.3.b.6.c.4,Attend conferences or workshops to maintain professional knowledge.,Prepare scientific or technical reports or presentations.,5,0.3227
4.A.2.b.5.b.7,4.A.3.b.6.m.6,Schedule operational activities.,"Prepare contracts, disclosures, or applications.",5,0.559
4.A.2.b.5.b.7,4.A.4.a.2.h.3,Schedule operational activities.,Confer with technical personnel to prepare designs or operational plans.,5,0.3858
4.A.2.b.5.c.2,4.A.3.a.2.i.9,Schedule patient procedures or appointments.,Adjust settings or positions of medical equipment.,5,0.3608
4.A.2.b.5.c.2,4.A.3.a.2.k.1,Schedule patient procedures or appointments.,Prepare medical supplies or equipment for use.,5,0.2946
4.A.2.b.5.c.2,4.A.4.a.5.a.2,Schedule patient procedures or appointments.,Refer patients to other healthcare practitioners or health resources.,5,0.2176
4.A.2.b.5.c.2,4.A.4.a.5.c.11,Schedule patient procedures or appointments.,"Apply bandages, dressings, or splints.",5,0.4725
4.A.2.b.5.c.2,4.A.4.a.5.k.6,Schedule patient procedures or appointments.,Assist healthcare practitioners during surgery.,5,0.3953
4.A.2.b.5.c.2,4.A.4.a.5.k.7,Schedule patient procedures or appointments.,Prepare patients physically for medical procedures.,5,0.4167
4.A.2.b.5.c.2,4.A.4.b.6.a.1,Schedule patient procedures or appointments.,"Provide health and wellness advice to patients, program participants, or caregivers.",5,0.2606
4.A.2.b.5.c.2,4.A.4.c.3.a.2,Schedule patient procedures or appointments.,Maintain inventory of medical supplies or equipment.,5,0.3341
4.A.2.b.6.a.4,4.A.4.b.3.b.3,Plan community programs or activities for the general public.,Teach social science courses at the college level.,5,0.4124
4.A.2.b.6.b.7,4.A.3.b.2.c.1,Prepare detailed work plans.,Design industrial processing systems.,5,0.3077
4.A.2.b.6.b.7,4.A.3.b.6.i.1,Prepare detailed work plans.,Prepare procedural documents.,5,0.2635
4.A.2.b.6.b.7,4.A.3.b.6.i.2,Prepare detailed work plans.,Document technical design details.,5,0.2475
4.A.2.b.6.b.7,4.A.3.b.6.m.6,Prepare detailed work plans.,"Prepare contracts, disclosures, or applications.",5,0.3227
4.A.2.b.6.b.7,4.A.3.b.6.o.4,Prepare detailed work plans.,Prepare operational reports.,5,0.2406
4.A.2.b.6.b.7,4.A.4.a.7.c.2,Prepare detailed work plans.,Resolve operational performance problems.,5,0.3858
4.A.2.b.6.b.7,4.A.4.b.1.c.2,Prepare detailed work plans.,"Communicate technical information to suppliers, contractors, or regulatory agencies.",5,0.3858
4.A.2.b.6.b.7,4.A.4.b.4.j.4,Prepare detailed work plans.,Direct equipment maintenance or repair activities.,5,0.3858
4.A.2.b.6.b.7,4.A.4.b.6.d.1,Prepare detailed work plans.,Provide technical guidance to other personnel.,5,0.2635
4.A.2.b.6.b.7,4.A.4.c.3.e.3,Prepare detailed work plans.,"Purchase materials, equipment, or other resources.",5,0.2635
4.A.3.a.1.a.7,4.A.4.a.1.e.5,Prepare medications or medical solutions.,Explain medical procedures or test results to patients or family members.,5,0.2887
4.A.3.a.1.a.7,4.A.4.a.2.d.5,Prepare medications or medical solutions.,Collaborate with healthcare professionals to plan or provide treatment.,5,0.2021
4.A.3.a.1.a.7,4.A.4.b.4.a.14,Prepare medications or medical solutions.,Supervise patient care personnel.,5,0.2475
4.A.3.a.1.i.1,4.A.4.a.5.k.4,Sterilize medical equipment or instruments.,Position patients for treatment or examination.,5,0.4003
4.A.3.a.1.i.1,4.A.4.b.4.a.14,Sterilize medical equipment or instruments.,Supervise patient care personnel.,5,0.2475
4.A.3.a.1.i.1,4.A.4.c.3.e.7,Sterilize medical equipment or instruments.,Order medical supplies or equipment.,5,0.4003
4.A.3.a.1.i.3,4.A.3.a.2.al.1,Clean medical equipment or facilities.,Collect biological specimens from patients.,5,0.3727
4.A.3.a.1.i.3,4.A.4.a.2.d.5,Clean medical equipment or facilities.,Collaborate with healthcare professionals to plan or provide treatment.,5,0.2021
4.A.3.a.1.i.3,4.A.4.a.5.k.6,Clean medical equipment or facilities.,Assist healthcare practitioners during surgery.,5,0.4564
4.A.3.a.1.i.3,4.A.4.b.4.a.14,Clean medical equipment or facilities.,Supervise patient care personnel.,5,0.2475
4.A.3.a.1.i.3,4.A.4.c.3.a.2,Clean medical equipment or facilities.,Maintain inventory of medical supplies or equipment.,5,0.3858
4.A.3.a.2.aa.1,4.A.3.b.6.i.7,Fabricate devices or components.,Document design or operational test results.,5,0.5661
4.A.3.a.2.al.1,4.A.3.b.4.f.2,Collect biological specimens from patients.,Maintain medical laboratory equipment.,5,0.488
4.A.3.a.2.al.1,4.A.4.a.1.e.1,Collect biological specimens from patients.,Communicate detailed medical information to patients or family members.,5,0.345
4.A.3.a.2.al.1,4.A.4.b.4.a.15,Collect biological specimens from patients.,Supervise technical medical personnel.,5,0.4564
4.A.3.a.2.al.5,4.A.3.a.2.at.10,Collect environmental data or samples.,Set up laboratory or field equipment.,5,0.4623
4.A.3.a.2.al.5,4.A.3.a.2.i.4,Collect environmental data or samples.,Calibrate scientific or technical equipment.,5,0.3101
4.A.3.a.2.al.5,4.A.4.a.2.a.3,Collect environmental data or samples.,Communicate results of environmental research.,5,0.4903
4.A.3.a.2.at.10,4.A.3.b.5.c.5,Set up laboratory or field equipment.,Maintain laboratory or technical equipment.,5,0.4623
4.A.3.a.2.at.10,4.A.3.b.6.c.4,Set up laboratory or field equipment.,Prepare scientific or technical reports or presentations.,5,0.2635
4.A.3.a.2.at.10,4.A.4.b.4.a.10,Set up laboratory or field equipment.,Supervise scientific or technical personnel.,5,0.3727
4.A.3.a.2.au.2,4.A.4.b.4.a.15,Prepare biological specimens for laboratory analysis.,Supervise technical medical personnel.,5,0.5893
4.A.3.a.2.au.4,4.A.3.b.5.c.5,Prepare compounds or solutions for products or testing.,Maintain laboratory or technical equipment.,5,0.5661
4.A.3.a.2.au.4,4.A.3.b.6.c.4,Prepare compounds or solutions for products or testing.,Prepare scientific or technical reports or presentations.,5,0.3227
4.A.3.a.2.d.2,4.A.3.a.2.i.4,Assemble equipment or components.,Calibrate scientific or technical equipment.,5,0.3953
4.A.3.a.2.d.2,4.A.3.b.6.i.7,Assemble equipment or components.,Document design or operational test results.,5,0.4903
4.A.3.a.2.i.4,4.A.3.a.3.f.13,Calibrate scientific or technical equipment.,Operate industrial equipment.,5,0.3953
4.A.3.a.2.i.4,4.A.3.b.2.e.1,Calibrate scientific or technical equipment.,Design electromechanical equipment or systems.,5,0.3727
4.A.3.a.2.i.4,4.A.3.b.5.c.5,Calibrate scientific or technical equipment.,Maintain laboratory or technical equipment.,5,0.3101
4.A.3.a.2.i.4,4.A.4.b.3.d.2,Calibrate scientific or technical equipment.,Train personnel on proper operational procedures.,5,0.2384
4.A.3.a.2.i.9,4.A.3.a.3.d.1,Adjust settings or positions of medical equipment.,Process x-rays or other medical images.,5,0.4811
4.A.3.a.2.i.9,4.A.3.b.4.f.4,Adjust settings or positions of medical equipment.,Repair medical facility equipment.,5,0.5455
4.A.3.a.2.i.9,4.A.4.a.5.k.5,Adjust settings or positions of medical equipment.,Assist healthcare practitioners during examinations or treatments.,5,0.4167
4.A.3.a.2.i.9,4.A.4.a.5.k.6,Adjust settings or positions of medical equipment.,Assist healthcare practitioners during surgery.,5,0.4564
4.A.3.a.2.k.1,4.A.3.b.6.f.4,Prepare medical supplies or equipment for use.,Prepare reports summarizing patient diagnostic or care activities.,5,0.2635
4.A.3.a.2.k.1,4.A.4.a.2.d.1,Prepare medical supplies or equipment for use.,Inform medical professionals regarding patient conditions and care.,5,0.2704
4.A.3.a.2.k.1,4.A.4.a.2.d.4,Prepare medical supplies or equipment for use.,Communicate test or assessment results to medical professionals.,5,0.3727
4.A.3.a.2.k.1,4.A.4.a.5.c.3,Prepare medical supplies or equipment for use.,Administer anesthetics or sedatives to control pain.,5,0.3727
4.A.3.a.2.k.1,4.A.4.a.5.k.5,Prepare medical supplies or equipment for use.,Assist healthcare practitioners during examinations or treatments.,5,0.3402
4.A.3.a.2.k.1,4.A.4.c.1.a.6,Prepare medical supplies or equipment for use.,Perform clerical work in medical settings.,5,0.3269
4.A.3.a.2.k.1,4.A.4.c.3.a.2,Prepare medical supplies or equipment for use.,Maintain inventory of medical supplies or equipment.,5,0.315
4.A.3.a.2.k.1,4.A.4.c.3.e.7,Prepare medical supplies or equipment for use.,Order medical supplies or equipment.,5,0.3269
4.A.3.a.2.q.3,4.A.3.a.2.x.1,Fabricate medical devices.,Adjust prostheses or other assistive devices.,5,0.533
4.A.3.a.2.x.1,4.A.3.a.3.d.3,Adjust prostheses or other assistive devices.,Operate diagnostic or therapeutic medical instruments or equipment.,5,0.3467
4.A.3.a.2.x.1,4.A.4.a.2.d.5,Adjust prostheses or other assistive devices.,Collaborate with healthcare professionals to plan or provide treatment.,5,0.2475
4.A.3.a.3.d.1,4.A.3.a.3.d.2,Process x-rays or other medical images.,Create advanced digital images of patients using computer imaging systems.,5,0.6299
4.A.3.a.3.d.1,4.A.3.b.6.k.4,Process x-rays or other medical images.,Record patient medical histories.,5,0.2227
4.A.3.a.3.d.1,4.A.4.a.1.e.5,Process x-rays or other medical images.,Explain medical procedures or test results to patients or family members.,5,0.3333
4.A.3.a.3.d.1,4.A.4.b.4.a.14,Process x-rays or other medical images.,Supervise patient care personnel.,5,0.2858
4.A.3.a.3.d.3,4.A.3.b.4.f.4,Operate diagnostic or therapeutic medical instruments or equipment.,Repair medical facility equipment.,5,0.3706
4.A.3.a.3.d.3,4.A.3.b.6.f.4,Operate diagnostic or therapeutic medical instruments or equipment.,Prepare reports summarizing patient diagnostic or care activities.,5,0.2193
4.A.3.a.3.d.3,4.A.4.a.5.c.3,Operate diagnostic or therapeutic medical instruments or equipment.,Administer anesthetics or sedatives to control pain.,5,0.3101
4.A.3.a.3.d.3,4.A.4.a.5.k.7,Operate diagnostic or therapeutic medical instruments or equipment.,Prepare patients physically for medical procedures.,5,0.3269
4.A.3.a.3.d.3,4.A.4.c.1.a.6,Operate diagnostic or therapeutic medical instruments or equipment.,Perform clerical work in medical settings.,5,0.272
4.A.3.a.3.d.3,4.A.4.c.3.f.3,Operate diagnostic or therapeutic medical instruments or equipment.,Prescribe medications.,5,0.1733
4.A.3.a.3.d.4,4.A.3.b.6.f.4,Operate diagnostic imaging equipment.,Prepare reports summarizing patient diagnostic or care activities.,5,0.2565
4.A.3.a.3.d.4,4.A.3.b.6.k.2,Operate diagnostic imaging equipment.,Maintain medical facility records.,5,0.2868
4.A.3.a.3.d.4,4.A.4.a.5.k.5,Operate diagnostic imaging equipment.,Assist healthcare practitioners during examinations or treatments.,5,0.3311
4.A.3.a.3.d.4,4.A.4.a.5.k.7,Operate diagnostic imaging equipment.,Prepare patients physically for medical procedures.,5,0.3824
4.A.3.a.3.d.4,4.A.4.a.5.l.3,Operate diagnostic imaging equipment.,Operate on patients to treat conditions.,5,0.2704
4.A.3.a.3.d.4,4.A.4.c.1.a.6,Operate diagnostic imaging equipment.,Perform clerical work in medical settings.,5,0.3181
4.A.3.a.3.f.13,4.A.3.b.2.d.3,Operate industrial equipment.,Create physical models or prototypes.,5,0.625
4.A.3.a.3.i.1,4.A.4.b.4.a.10,Operate laboratory or field equipment.,Supervise scientific or technical personnel.,5,0.3953
4.A.3.a.3.i.3,4.A.4.b.4.a.15,Operate laboratory equipment to analyze medical samples.,Supervise technical medical personnel.,5,0.6682
4.A.3.b.1.a.3,4.A.3.b.6.i.5,Write computer programming code.,Document design or development procedures.,5,0.4564
4.A.3.b.1.a.3,4.A.4.b.6.d.3,Write computer programming code.,Provide recommendations to others about computer hardware.,5,0.4303
4.A.3.b.1.b.1,4.A.3.b.1.b.2,Implement security measures for computer or information systems.,Create electronic data backup to prevent loss of information.,5,0.5103
4.A.3.b.1.b.1,4.A.3.b.1.c.2,Implement security measures for computer or information systems.,Install computer hardware.,5,0.5103
4.A.3.b.1.b.1,4.A.3.b.6.h.11,Implement security measures for computer or information systems.,Document operational activities.,5,0.5103
4.A.3.b.1.b.1,4.A.4.b.6.d.6,Implement security measures for computer or information systems.,Recommend changes to improve computer or information systems.,5,0.4003
4.A.3.b.1.b.2,4.A.3.b.1.c.2,Create electronic data backup to prevent loss of information.,Install computer hardware.,5,0.625
4.A.3.b.1.c.1,4.A.3.b.1.d.2,Install computer software.,Troubleshoot issues with computer applications or systems.,5,0.3846
4.A.3.b.1.c.1,4.A.3.b.2.d.2,Install computer software.,Develop models of information or communications systems.,5,0.4181
4.A.3.b.1.c.1,4.A.3.b.2.f.9,Install computer software.,Develop computer or information security policies or procedures.,5,0.4385
4.A.3.b.1.c.1,4.A.3.b.5.c.1,Install computer software.,Maintain computer hardware.,5,0.5661
4.A.3.b.1.c.2,4.A.3.b.5.c.1,Install computer hardware.,Maintain computer hardware.,5,0.7217
4.A.3.b.1.c.2,4.A.3.b.6.h.11,Install computer hardware.,Document operational activities.,5,0.625
4.A.3.b.1.c.2,4.A.3.b.6.i.3,Install computer hardware.,Document network-related activities or tasks.,5,0.7217
4.A.3.b.1.c.2,4.A.4.b.1.a.3,Install computer hardware.,Collaborate with others to resolve information technology issues.,5,0.4725
4.A.3.b.1.c.2,4.A.4.b.3.e.4,Install computer hardware.,Train others in computer interface or software use.,5,0.4564
4.A.3.b.1.c.2,4.A.4.b.6.d.5,Install computer hardware.,Provide technical support for computer network issues.,5,0.7217
4.A.3.b.1.d.2,4.A.4.a.2.h.7,Troubleshoot issues with computer applications or systems.,Collaborate with others to determine design specifications or details.,5,0.3706
4.A.3.b.1.d.3,4.A.4.b.1.a.3,Resolve computer software problems.,Collaborate with others to resolve information technology issues.,5,0.5455
4.A.3.b.1.d.3,4.A.4.b.3.e.4,Resolve computer software problems.,Train others in computer interface or software use.,5,0.527
4.A.3.b.1.e.2,4.A.4.b.3.d.2,Operate computer systems.,Train personnel on proper operational procedures.,5,0.3553
4.A.3.b.1.f.3,4.A.3.b.6.k.4,Enter patient or treatment data into computers.,Record patient medical histories.,5,0.2227
4.A.3.b.2.a.6,4.A.4.a.2.h.3,Determine operational criteria or specifications.,Confer with technical personnel to prepare designs or operational plans.,5,0.3858
4.A.3.b.2.a.6,4.A.4.b.3.d.2,Determine operational criteria or specifications.,Train personnel on proper operational procedures.,5,0.3769
4.A.3.b.2.a.7,4.A.3.b.2.f.15,Develop performance metrics or standards related to information technology.,Develop testing routines or procedures.,5,0.4767
4.A.3.b.2.a.7,4.A.4.a.2.h.7,Develop performance metrics or standards related to information technology.,Collaborate with others to determine design specifications or details.,5,0.4226
4.A.3.b.2.a.7,4.A.4.b.3.e.4,Develop performance metrics or standards related to information technology.,Train others in computer interface or software use.,5,0.4082
4.A.3.b.2.a.7,4.A.4.b.6.d.6,Develop performance metrics or standards related to information technology.,Recommend changes to improve computer or information systems.,5,0.4385
4.A.3.b.2.b.4,4.A.4.b.4.a.2,Design structures or facilities.,Supervise engineering or other technical personnel.,5,0.4056
4.A.3.b.2.c.1,4.A.3.b.6.g.3,Design industrial processing systems.,Prepare proposal documents.,5,0.5025
4.A.3.b.2.c.1,4.A.3.b.6.i.2,Design industrial processing systems.,Document technical design details.,5,0.3656
4.A.3.b.2.c.1,4.A.3.b.6.o.4,Design industrial processing systems.,Prepare operational reports.,5,0.3553
4.A.3.b.2.d.1,4.A.3.b.6.g.3,Create models of engineering designs or methods.,Prepare proposal documents.,5,0.4623
4.A.3.b.2.d.1,4.A.4.b.3.d.2,Create models of engineering designs or methods.,Train personnel on proper operational procedures.,5,0.2957
4.A.3.b.2.d.1,4.A.4.b.4.e.10,Create models of engineering designs or methods.,Direct design or development activities.,5,0.5661
4.A.3.b.2.d.2,4.A.3.b.6.i.4,Develop models of information or communications systems.,Document technical specifications or requirements.,5,0.6155
4.A.3.b.2.d.2,4.A.4.b.1.a.3,Develop models of information or communications systems.,Collaborate with others to resolve information technology issues.,5,0.4029
4.A.3.b.2.d.2,4.A.4.b.3.e.4,Develop models of information or communications systems.,Train others in computer interface or software use.,5,0.3892
4.A.3.b.2.d.2,4.A.4.b.6.d.2,Develop models of information or communications systems.,Provide technical support for software maintenance or use.,5,0.4545
4.A.3.b.2.d.3,4.A.3.b.2.f.14,Create physical models or prototypes.,Develop technical methods or processes.,5,0.3858
4.A.3.b.2.f.12,4.A.4.b.4.a.10,Develop new or advanced products or production methods.,Supervise scientific or technical personnel.,5,0.4564
4.A.3.b.2.f.14,4.A.3.b.6.c.9,Develop technical methods or processes.,Prepare technical reports for internal use.,5,0.3637
4.A.3.b.2.f.14,4.A.3.b.6.g.3,Develop technical methods or processes.,Prepare proposal documents.,5,0.3637
4.A.3.b.2.f.14,4.A.4.c.3.e.3,Develop technical methods or processes.,"Purchase materials, equipment, or other resources.",5,0.2817
4.A.3.b.2.f.15,4.A.3.b.6.i.5,Develop testing routines or procedures.,Document design or development procedures.,5,0.533
4.A.3.b.2.f.15,4.A.4.b.1.a.3,Develop testing routines or procedures.,Collaborate with others to resolve information technology issues.,5,0.4029
4.A.3.b.2.f.15,4.A.4.b.4.a.7,Develop testing routines or procedures.,Supervise information technology personnel.,5,0.4545
4.A.3.b.2.f.17,4.A.3.b.6.c.4,"Establish standards for products, processes, or procedures.",Prepare scientific or technical reports or presentations.,5,0.2988
4.A.3.b.2.f.2,4.A.4.a.2.d.5,Establish nursing policies or standards.,Collaborate with healthcare professionals to plan or provide treatment.,5,0.3131
4.A.3.b.2.f.7,4.A.3.b.6.c.4,Establish standards for medical care.,Prepare scientific or technical reports or presentations.,5,0.3536
4.A.3.b.2.f.9,4.A.4.b.1.a.3,Develop computer or information security policies or procedures.,Collaborate with others to resolve information technology issues.,5,0.4226
4.A.3.b.2.f.9,4.A.4.b.3.e.4,Develop computer or information security policies or procedures.,Train others in computer interface or software use.,5,0.4082
4.A.3.b.4.f.1,4.A.3.b.6.f.4,Maintain medical equipment or instruments.,Prepare reports summarizing patient diagnostic or care activities.,5,0.2795
4.A.3.b.4.f.1,4.A.4.a.1.e.5,Maintain medical equipment or instruments.,Explain medical procedures or test results to patients or family members.,5,0.25
4.A.3.b.4.f.1,4.A.4.a.5.k.5,Maintain medical equipment or instruments.,Assist healthcare practitioners during examinations or treatments.,5,0.3608
4.A.3.b.4.f.1,4.A.4.b.4.a.14,Maintain medical equipment or instruments.,Supervise patient care personnel.,5,0.2144
4.A.3.b.4.f.2,4.A.4.b.3.f.8,Maintain medical laboratory equipment.,Train medical providers.,5,0.27
4.A.3.b.4.f.2,4.A.4.b.4.a.15,Maintain medical laboratory equipment.,Supervise technical medical personnel.,5,0.6682
4.A.3.b.4.f.4,4.A.4.a.1.e.5,Repair medical facility equipment.,Explain medical procedures or test results to patients or family members.,5,0.378
4.A.3.b.4.f.4,4.A.4.b.3.f.8,Repair medical facility equipment.,Train medical providers.,5,0.27
4.A.3.b.5.c.1,4.A.4.a.2.h.7,Maintain computer hardware.,Collaborate with others to determine design specifications or details.,5,0.5455
4.A.3.b.5.c.5,4.A.3.b.6.c.4,Maintain laboratory or technical equipment.,Prepare scientific or technical reports or presentations.,5,0.2193
4.A.3.b.5.c.5,4.A.4.b.4.a.10,Maintain laboratory or technical equipment.,Supervise scientific or technical personnel.,5,0.3101
4.A.3.b.6.c.10,4.A.3.b.6.k.4,Present medical research reports.,Record patient medical histories.,5,0.1929
4.A.3.b.6.c.4,4.A.4.a.2.a.3,Prepare scientific or technical reports or presentations.,Communicate results of environmental research.,5,0.2795
4.A.3.b.6.c.4,4.A.4.a.2.j.2,Prepare scientific or technical reports or presentations.,Confer with clients to exchange information.,5,0.3227
4.A.3.b.6.c.4,4.A.4.b.4.e.5,Prepare scientific or technical reports or presentations.,Direct scientific activities.,5,0.3536
4.A.3.b.6.c.4,4.A.4.b.6.c.1,Prepare scientific or technical reports or presentations.,Advise others about environmental management or conservation.,5,0.2282
4.A.3.b.6.c.4,4.A.4.b.6.j.6,Prepare scientific or technical reports or presentations.,Counsel clients on mental health or personal achievement.,5,0.3536
4.A.3.b.6.c.9,4.A.3.b.6.h.21,Prepare technical reports for internal use.,Maintain operational records or records systems.,5,0.4042
4.A.3.b.6.f.1,4.A.4.a.5.l.3,Prepare official health documents or records.,Operate on patients to treat conditions.,5,0.3727
4.A.3.b.6.f.1,4.A.4.b.4.a.14,Prepare official health documents or records.,Supervise patient care personnel.,5,0.2712
4.A.3.b.6.f.1,4.A.4.c.3.f.1,Prepare official health documents or records.,Prescribe treatments or therapies.,5,0.3627
4.A.3.b.6.f.4,4.A.4.b.4.j.38,Prepare reports summarizing patient diagnostic or care activities.,Manage healthcare operations.,5,0.2887
4.A.3.b.6.f.4,4.A.4.c.3.f.3,Prepare reports summarizing patient diagnostic or care activities.,Prescribe medications.,5,0.1976
4.A.3.b.6.g.2,4.A.4.b.3.b.3,Write grant proposals.,Teach social science courses at the college level.,5,0.3341
4.A.3.b.6.g.2,4.A.4.b.3.b.9,Write grant proposals.,Instruct college students in physical or life sciences.,5,0.2665
4.A.3.b.6.g.3,4.A.4.a.2.h.3,Prepare proposal documents.,Confer with technical personnel to prepare designs or operational plans.,5,0.3637
4.A.3.b.6.g.3,4.A.4.b.3.d.2,Prepare proposal documents.,Train personnel on proper operational procedures.,5,0.3553
4.A.3.b.6.g.3,4.A.4.b.6.e.9,Prepare proposal documents.,"Recommend technical design or process changes to improve efficiency, quality, or performance.",5,0.3637
4.A.3.b.6.g.4,4.A.4.b.3.b.9,Prepare proposals or grant applications to obtain project funding.,Instruct college students in physical or life sciences.,5,0.4352
4.A.3.b.6.g.4,4.A.4.b.4.a.10,Prepare proposals or grant applications to obtain project funding.,Supervise scientific or technical personnel.,5,0.3227
4.A.3.b.6.h.11,4.A.4.b.1.a.3,Document operational activities.,Collaborate with others to resolve information technology issues.,5,0.4725
4.A.3.b.6.h.11,4.A.4.b.3.e.4,Document operational activities.,Train others in computer interface or software use.,5,0.4564
4.A.3.b.6.h.12,4.A.4.b.3.b.3,Maintain student records.,Teach social science courses at the college level.,5,0.4226
4.A.3.b.6.h.18,4.A.4.a.2.b.1,Record research or operational data.,Collaborate on research activities with scientists or technical specialists.,5,0.3026
4.A.3.b.6.h.21,4.A.3.b.6.i.2,Maintain operational records or records systems.,Document technical design details.,5,0.2941
4.A.3.b.6.h.21,4.A.3.b.6.i.7,Maintain operational records or records systems.,Document design or operational test results.,5,0.3363
4.A.3.b.6.h.21,4.A.4.b.1.a.2,Maintain operational records or records systems.,Confer with other personnel to resolve design or operational problems.,5,0.4042
4.A.3.b.6.h.21,4.A.4.b.4.a.2,Maintain operational records or records systems.,Supervise engineering or other technical personnel.,5,0.2782
4.A.3.b.6.h.21,4.A.4.b.4.g.1,Maintain operational records or records systems.,Direct quality control activities.,5,0.3835
4.A.3.b.6.h.21,4.A.4.c.3.e.3,Maintain operational records or records systems.,"Purchase materials, equipment, or other resources.",5,0.3131
4.A.3.b.6.i.1,4.A.3.b.6.i.7,Prepare procedural documents.,Document design or operational test results.,5,0.3581
4.A.3.b.6.i.1,4.A.4.b.4.a.2,Prepare procedural documents.,Supervise engineering or other technical personnel.,5,0.2962
4.A.3.b.6.i.2,4.A.3.b.6.m.6,Document technical design details.,"Prepare contracts, disclosures, or applications.",5,0.3835
4.A.3.b.6.i.2,4.A.4.b.4.a.2,Document technical design details.,Supervise engineering or other technical personnel.,5,0.2782
4.A.3.b.6.i.2,4.A.4.b.4.j.24,Document technical design details.,Direct industrial production activities.,5,0.4042
4.A.3.b.6.i.2,4.A.4.b.6.b.3,Document technical design details.,Advise customers on the use of products or services.,5,0.3363
4.A.3.b.6.i.2,4.A.4.b.6.e.9,Document technical design details.,"Recommend technical design or process changes to improve efficiency, quality, or performance.",5,0.2646
4.A.3.b.6.i.4,4.A.4.b.6.d.2,Document technical specifications or requirements.,Provide technical support for software maintenance or use.,5,0.6155
4.A.3.b.6.i.5,4.A.4.a.2.h.7,Document design or development procedures.,Collaborate with others to determine design specifications or details.,5,0.4725
4.A.3.b.6.i.5,4.A.4.b.1.a.3,Document design or development procedures.,Collaborate with others to resolve information technology issues.,5,0.4725
4.A.3.b.6.i.5,4.A.4.b.6.d.3,Document design or development procedures.,Provide recommendations to others about computer hardware.,5,0.5893
4.A.3.b.6.k.2,4.A.4.a.1.e.5,Maintain medical facility records.,Explain medical procedures or test results to patients or family members.,5,0.25
4.A.3.b.6.k.2,4.A.4.a.5.k.4,Maintain medical facility records.,Position patients for treatment or examination.,5,0.3467
4.A.3.b.6.k.2,4.A.4.c.3.e.7,Maintain medical facility records.,Order medical supplies or equipment.,5,0.3467
4.A.3.b.6.k.4,4.A.4.a.5.b.5,Record patient medical histories.,Treat patients using physical therapy techniques.,5,0.2728
4.A.3.b.6.k.4,4.A.4.a.5.g.4,Record patient medical histories.,Implement advanced life support techniques.,5,0.2525
4.A.3.b.6.k.4,4.A.4.a.5.k.7,Record patient medical histories.,Prepare patients physically for medical procedures.,5,0.2227
4.A.3.b.6.k.4,4.A.4.c.1.a.3,Record patient medical histories.,Process healthcare paperwork.,5,0.2525
4.A.3.b.6.l.9,4.A.4.b.3.b.3,Develop instructional materials.,Teach social science courses at the college level.,5,0.4226
4.A.3.b.6.o.4,4.A.4.b.4.h.10,Prepare operational reports.,Prepare project budgets.,5,0.4454
4.A.3.b.6.o.4,4.A.4.b.4.j.24,Prepare operational reports.,Direct industrial production activities.,5,0.3928
4.A.3.b.6.o.4,4.A.4.b.6.e.9,Prepare operational reports.,"Recommend technical design or process changes to improve efficiency, quality, or performance.",5,0.2572
4.A.4.a.1.e.1,4.A.4.b.4.a.14,Communicate detailed medical information to patients or family members.,Supervise patient care personnel.,5,0.2292
4.A.4.a.1.e.1,4.A.4.b.6.a.4,Communicate detailed medical information to patients or family members.,Advise patients on effects of health conditions or treatments.,5,0.3858
4.A.4.a.1.e.5,4.A.4.a.5.c.10,Explain medical procedures or test results to patients or family members.,Administer medical substances for imaging or other procedures.,5,0.4082
4.A.4.a.1.e.5,4.A.4.a.5.c.2,Explain medical procedures or test results to patients or family members.,Administer basic health care or medical treatments.,5,0.3015
4.A.4.a.1.e.5,4.A.4.a.5.g.3,Explain medical procedures or test results to patients or family members.,Treat medical emergencies.,5,0.2357
4.A.4.a.1.e.5,4.A.4.a.5.k.7,Explain medical procedures or test results to patients or family members.,Prepare patients physically for medical procedures.,5,0.3333
4.A.4.a.1.e.5,4.A.4.b.4.j.23,Explain medical procedures or test results to patients or family members.,Direct healthcare delivery programs.,5,0.2887
4.A.4.a.1.e.5,4.A.4.b.6.f.2,Explain medical procedures or test results to patients or family members.,Advise communities or institutions regarding health or safety issues.,5,0.3536
4.A.4.a.2.b.1,4.A.4.b.4.a.10,Collaborate on research activities with scientists or technical specialists.,Supervise scientific or technical personnel.,5,0.3101
4.A.4.a.2.d.1,4.A.4.a.5.k.4,Inform medical professionals regarding patient conditions and care.,Position patients for treatment or examination.,5,0.3181
4.A.4.a.2.d.1,4.A.4.a.5.k.5,Inform medical professionals regarding patient conditions and care.,Assist healthcare practitioners during examinations or treatments.,5,0.3311
4.A.4.a.2.d.1,4.A.4.c.3.b.1,Inform medical professionals regarding patient conditions and care.,Order medical diagnostic or clinical tests.,5,0.2503
4.A.4.a.2.d.1,4.A.4.c.3.f.3,Inform medical professionals regarding patient conditions and care.,Prescribe medications.,5,0.2028
4.A.4.a.2.d.4,4.A.4.b.4.a.14,Communicate test or assessment results to medical professionals.,Supervise patient care personnel.,5,0.2712
4.A.4.a.2.d.5,4.A.4.a.5.b.5,Collaborate with healthcare professionals to plan or provide treatment.,Treat patients using physical therapy techniques.,5,0.2858
4.A.4.a.2.d.5,4.A.4.a.5.c.11,Collaborate with healthcare professionals to plan or provide treatment.,"Apply bandages, dressings, or splints.",5,0.2646
4.A.4.a.2.d.5,4.A.4.b.6.f.2,Collaborate with healthcare professionals to plan or provide treatment.,Advise communities or institutions regarding health or safety issues.,5,0.2475
4.A.4.a.2.d.5,4.A.4.c.1.a.6,Collaborate with healthcare professionals to plan or provide treatment.,Perform clerical work in medical settings.,5,0.1942
4.A.4.a.2.d.5,4.A.4.c.3.e.7,Collaborate with healthcare professionals to plan or provide treatment.,Order medical supplies or equipment.,5,0.1942
4.A.4.a.2.d.5,4.A.4.c.3.f.4,Collaborate with healthcare professionals to plan or provide treatment.,Prescribe assistive medical devices or related treatments.,5,0.2858
4.A.4.a.2.h.3,4.A.4.a.2.j.6,Confer with technical personnel to prepare designs or operational plans.,Discuss designs or plans with clients.,5,0.4124
4.A.4.a.2.h.3,4.A.4.b.1.c.2,Confer with technical personnel to prepare designs or operational plans.,"Communicate technical information to suppliers, contractors, or regulatory agencies.",5,0.4124
4.A.4.a.2.h.3,4.A.4.b.4.j.4,Confer with technical personnel to prepare designs or operational plans.,Direct equipment maintenance or repair activities.,5,0.4124
4.A.4.a.2.h.3,4.A.4.b.6.b.3,Confer with technical personnel to prepare designs or operational plans.,Advise customers on the use of products or services.,5,0.3026
4.A.4.a.2.h.7,4.A.4.b.4.e.4,Collaborate with others to determine design specifications or details.,Coordinate software or hardware installation.,5,0.5455
4.A.4.a.2.h.7,4.A.4.b.4.e.7,Collaborate with others to determine design specifications or details.,Manage information technology projects or system activities.,5,0.4725
4.A.4.a.2.j.6,4.A.4.b.4.a.2,Discuss designs or plans with clients.,Supervise engineering or other technical personnel.,5,0.4336
4.A.4.a.3.b.1,4.A.4.b.3.f.8,Communicate health and wellness information to the public.,Train medical providers.,5,0.2154
4.A.4.a.3.b.1,4.A.4.b.4.a.14,Communicate health and wellness information to the public.,Supervise patient care personnel.,5,0.2585
4.A.4.a.3.b.1,4.A.4.b.4.j.38,Communicate health and wellness information to the public.,Manage healthcare operations.,5,0.3892
4.A.4.a.3.b.5,4.A.4.b.4.a.10,Provide technical information or assistance to public.,Supervise scientific or technical personnel.,5,0.3727
4.A.4.a.5.a.2,4.A.4.a.5.c.7,Refer patients to other healthcare practitioners or health resources.,Immunize patients.,5,0.3077
4.A.4.a.5.a.2,4.A.4.c.3.f.4,Refer patients to other healthcare practitioners or health resources.,Prescribe assistive medical devices or related treatments.,5,0.3553
4.A.4.a.5.c.11,4.A.4.c.3.a.2,"Apply bandages, dressings, or splints.",Maintain inventory of medical supplies or equipment.,5,0.5051
4.A.4.a.5.c.2,4.A.4.a.5.c.8,Administer basic health care or medical treatments.,Administer intravenous medications.,5,0.533
4.A.4.a.5.c.2,4.A.4.a.5.g.3,Administer basic health care or medical treatments.,Treat medical emergencies.,5,0.3553
4.A.4.a.5.c.3,4.A.4.b.3.f.8,Administer anesthetics or sedatives to control pain.,Train medical providers.,5,0.2259
4.A.4.a.5.c.3,4.A.4.b.4.a.14,Administer anesthetics or sedatives to control pain.,Supervise patient care personnel.,5,0.2712
4.A.4.a.5.c.3,4.A.4.c.3.f.3,Administer anesthetics or sedatives to control pain.,Prescribe medications.,5,0.2795
4.A.4.a.5.c.6,4.A.4.a.5.k.5,Administer non-intravenous medications.,Assist healthcare practitioners during examinations or treatments.,5,0.3858
4.A.4.a.5.c.6,4.A.4.a.5.l.2,Administer non-intravenous medications.,"Treat acute illnesses, infections, or injuries.",5,0.345
4.A.4.a.5.c.6,4.A.4.c.3.f.1,Administer non-intravenous medications.,Prescribe treatments or therapies.,5,0.3066
4.A.4.a.5.c.7,4.A.4.a.5.l.2,Immunize patients.,"Treat acute illnesses, infections, or injuries.",5,0.4564
4.A.4.a.5.c.7,4.A.4.c.3.b.1,Immunize patients.,Order medical diagnostic or clinical tests.,5,0.3858
4.A.4.a.5.g.3,4.A.4.a.5.g.4,Treat medical emergencies.,Implement advanced life support techniques.,5,0.4454
4.A.4.a.5.g.3,4.A.4.a.5.k.5,Treat medical emergencies.,Assist healthcare practitioners during examinations or treatments.,5,0.3402
4.A.4.a.5.g.3,4.A.4.c.3.a.2,Treat medical emergencies.,Maintain inventory of medical supplies or equipment.,5,0.315
4.A.4.a.5.k.4,4.A.4.c.1.a.6,Position patients for treatment or examination.,Perform clerical work in medical settings.,5,0.3846
4.A.4.a.5.l.2,4.A.4.b.3.f.8,"Treat acute illnesses, infections, or injuries.",Train medical providers.,5,0.1844
4.A.4.a.5.l.2,4.A.4.b.4.a.14,"Treat acute illnesses, infections, or injuries.",Supervise patient care personnel.,5,0.2214
4.A.4.a.5.l.3,4.A.4.b.4.j.38,Operate on patients to treat conditions.,Manage healthcare operations.,5,0.3043
4.A.4.a.5.l.7,4.A.4.b.6.a.4,Treat chronic diseases or disorders.,Advise patients on effects of health conditions or treatments.,5,0.3227
4.A.4.a.5.l.7,4.A.4.c.3.f.4,Treat chronic diseases or disorders.,Prescribe assistive medical devices or related treatments.,5,0.4564
4.A.4.a.6.c.6,4.A.4.b.3.b.3,Promote educational institutions or programs.,Teach social science courses at the college level.,5,0.4124
4.A.4.a.7.c.2,4.A.4.b.3.d.2,Resolve operational performance problems.,Train personnel on proper operational procedures.,5,0.4029
4.A.4.b.1.a.2,4.A.4.b.4.i.4,Confer with other personnel to resolve design or operational problems.,Direct installation activities.,5,0.6299
4.A.4.b.1.a.3,4.A.4.b.4.h.7,Collaborate with others to resolve information technology issues.,Manage budgets for appropriate resource allocation.,5,0.5976
4.A.4.b.1.a.3,4.A.4.b.4.j.32,Collaborate with others to resolve information technology issues.,Coordinate project activities with other personnel or departments.,5,0.4725
4.A.4.b.2.a.4,4.A.4.b.3.f.8,Interact with patients to build rapport or provide emotional support.,Train medical providers.,5,0.2525
4.A.4.b.3.b.3,4.A.4.b.3.b.5,Teach social science courses at the college level.,Guide class discussions.,5,0.4226
4.A.4.b.3.b.3,4.A.4.b.4.a.18,Teach social science courses at the college level.,Supervise student research or internship work.,5,0.4029
4.A.4.b.3.b.3,4.A.4.b.4.b.1,Teach social science courses at the college level.,Serve on institutional or departmental committees.,5,0.3858
4.A.4.b.3.b.3,4.A.4.b.4.j.33,Teach social science courses at the college level.,Direct department activities.,5,0.4226
4.A.4.b.3.b.3,4.A.4.b.6.g.2,Teach social science courses at the college level.,Advise students on academic or career matters.,5,0.4029
4.A.4.b.3.b.3,4.A.4.b.6.g.5,Teach social science courses at the college level.,"Advise educators on curricula, instructional methods, or policies.",5,0.4454
4.A.4.b.3.b.3,4.A.4.c.1.a.5,Teach social science courses at the college level.,Perform student enrollment or registration activities.,5,0.4226
4.A.4.b.3.b.3,4.A.4.c.3.e.2,Teach social science courses at the college level.,Order instructional or library materials or equipment.,5,0.4226
4.A.4.b.3.b.9,4.A.4.b.4.a.10,Instruct college students in physical or life sciences.,Supervise scientific or technical personnel.,5,0.3371
4.A.4.b.3.d.2,4.A.4.b.4.g.1,Train personnel on proper operational procedures.,Direct quality control activities.,5,0.3371
4.A.4.b.3.f.5,4.A.4.b.4.a.14,"Train patients, family members, or caregivers in techniques for managing disabilities or illnesses.",Supervise patient care personnel.,5,0.2585
4.A.4.b.3.f.6,4.A.4.b.3.f.8,Conduct health or safety training programs.,Train medical providers.,5,0.3194
4.A.4.b.3.f.8,4.A.4.b.6.a.4,Train medical providers.,Advise patients on effects of health conditions or treatments.,5,0.2062
4.A.4.b.3.f.8,4.A.4.c.1.a.3,Train medical providers.,Process healthcare paperwork.,5,0.27
4.A.4.b.4.a.14,4.A.4.c.1.a.6,Supervise patient care personnel.,Perform clerical work in medical settings.,5,0.2378
4.A.4.b.4.a.14,4.A.4.c.3.a.2,Supervise patient care personnel.,Maintain inventory of medical supplies or equipment.,5,0.2292
4.A.4.b.4.a.2,4.A.4.b.6.b.3,Supervise engineering or other technical personnel.,Advise customers on the use of products or services.,5,0.3181
4.A.4.b.4.a.2,4.A.4.b.6.d.1,Supervise engineering or other technical personnel.,Provide technical guidance to other personnel.,5,0.2962
4.A.4.b.4.i.4,4.A.4.b.4.j.4,Direct installation activities.,Direct equipment maintenance or repair activities.,5,0.7143
4.A.4.b.4.j.23,4.A.4.b.6.f.1,Direct healthcare delivery programs.,Advise medical personnel regarding healthcare issues.,5,0.3311
4.A.4.b.4.j.23,4.A.4.c.3.f.1,Direct healthcare delivery programs.,Prescribe treatments or therapies.,5,0.3311
4.A.4.b.4.j.38,4.A.4.c.3.e.7,Manage healthcare operations.,Order medical supplies or equipment.,5,0.3581
4.A.4.b.6.a.1,4.A.4.b.6.f.1,"Provide health and wellness advice to patients, program participants, or caregivers.",Advise medical personnel regarding healthcare issues.,5,0.2392
4.A.4.b.6.a.4,4.A.4.c.3.b.1,Advise patients on effects of health conditions or treatments.,Order medical diagnostic or clinical tests.,5,0.315
4.A.4.b.6.d.2,4.A.4.b.6.d.6,Provide technical support for software maintenance or use.,Recommend changes to improve computer or information systems.,5,0.4181
4.A.4.b.6.d.3,4.A.4.b.6.d.6,Provide recommendations to others about computer hardware.,Recommend changes to improve computer or information systems.,5,0.4623
4.A.4.b.6.e.9,4.A.4.c.3.e.3,"Recommend technical design or process changes to improve efficiency, quality, or performance.","Purchase materials, equipment, or other resources.",5,0.2817
4.A.4.b.6.j.6,4.A.4.c.2.b.3,Counsel clients on mental health or personal achievement.,Administer standardized physical or psychological tests.,5,0.9129
4.A.4.c.1.a.6,4.A.4.c.3.e.7,Perform clerical work in medical settings.,Order medical supplies or equipment.,5,0.3846
4.A.4.c.3.a.2,4.A.4.c.3.e.7,Maintain inventory of medical supplies or equipment.,Order medical supplies or equipment.,5,0.3706
4.A.4.c.3.e.7,4.A.4.c.3.f.1,Order medical supplies or equipment.,Prescribe treatments or therapies.,5,0.3181
4.A.4.c.3.e.7,4.A.4.c.3.f.3,Order medical supplies or equipment.,Prescribe medications.,5,0.2451
4.A.4.c.3.f.1,4.A.4.c.3.f.4,Prescribe treatments or therapies.,Prescribe assistive medical devices or related treatments.,5,0.4683
4.A.4.c.3.f.3,4.A.4.c.3.f.4,Prescribe medications.,Prescribe assistive medical devices or related treatments.,5,0.3608
