onet_soc_code,occupation_title,dwa_id,dwa_title,display_rank
11-3021.00,Computer and Information Systems Managers,4.A.1.a.1.b.8,Review technical documents to plan work.,20
11-3021.00,Computer and Information Systems Managers,4.A.2.a.1.d.4,Evaluate employee performance.,9
11-3021.00,Computer and Information Systems Managers,4.A.2.a.1.j.1,Evaluate project designs to determine adequacy or feasibility.,19
11-3021.00,Computer and Information Systems Managers,4.A.2.a.1.j.2,Analyze data to determine project feasibility.,22
11-3021.00,Computer and Information Systems Managers,4.A.2.a.4.g.12,Analyze data to inform operational decisions or activities.,4
11-3021.00,Computer and Information Systems Managers,4.A.2.b.1.h.5,Determine resource needs.,15
11-3021.00,Computer and Information Systems Managers,4.A.2.b.2.b.2,Develop computer or information systems.,1
11-3021.00,Computer and Information Systems Managers,4.A.2.b.2.v.2,Develop organizational goals or objectives.,3
11-3021.00,Computer and Information Systems Managers,4.A.2.b.3.a.8,Maintain knowledge of current developments in area of expertise.,13
11-3021.00,Computer and Information Systems Managers,4.A.2.b.4.a.1,Develop organizational policies or programs.,17
11-3021.00,Computer and Information Systems Managers,4.A.2.b.4.a.2,"Develop operating strategies, plans, or procedures.",16
11-3021.00,Computer and Information Systems Managers,4.A.3.b.6.o.6,Prepare operational progress or status reports.,21
11-3021.00,Computer and Information Systems Managers,4.A.4.a.2.c.14,Confer with organizational members to accomplish work activities.,5
11-3021.00,Computer and Information Systems Managers,4.A.4.a.7.c.1,Resolve employee or contractor problems.,7
11-3021.00,Computer and Information Systems Managers,4.A.4.b.1.c.6,Coordinate operational activities with external stakeholders.,2
11-3021.00,Computer and Information Systems Managers,4.A.4.b.3.d.16,Conduct employee training programs.,11
11-3021.00,Computer and Information Systems Managers,4.A.4.b.4.h.5,Manage organizational or project budgets.,23
11-3021.00,Computer and Information Systems Managers,4.A.4.b.4.j.12,"Manage operations, research, or logistics projects.",8
11-3021.00,Computer and Information Systems Managers,4.A.4.b.4.j.39,"Direct organizational operations, projects, or services.",6
11-3021.00,Computer and Information Systems Managers,4.A.4.b.6.b.2,Advise customers on technical or procedural issues.,10
11-3021.00,Computer and Information Systems Managers,4.A.4.b.6.e.7,Recommend organizational process or policy changes.,18
11-3021.00,Computer and Information Systems Managers,4.A.4.c.2.a.3,Hire personnel.,12
11-3021.00,Computer and Information Systems Managers,4.A.4.c.2.a.5,Recruit personnel.,14
11-3021.00,Computer and Information Systems Managers,4.A.4.c.3.e.3,"Purchase materials, equipment, or other resources.",24
11-9041.00,Architectural and Engineering Managers,4.A.1.a.1.j.6,Identify environmental concerns.,16
11-9041.00,Architectural and Engineering Managers,4.A.1.a.1.j.7,Evaluate environmental impact of operational or development activities.,21
11-9041.00,Architectural and Engineering Managers,4.A.2.a.1.j.2,Analyze data to determine project feasibility.,2
11-9041.00,Architectural and Engineering Managers,4.A.2.a.4.b.1,Estimate demand for products or services.,11
11-9041.00,Architectural and Engineering Managers,4.A.2.a.4.b.8,Analyze market research data.,9
11-9041.00,Architectural and Engineering Managers,4.A.2.a.4.i.3,Analyze impact of legal or regulatory changes.,22
11-9041.00,Architectural and Engineering Managers,4.A.2.b.1.c.4,Approve expenditures.,8
11-9041.00,Architectural and Engineering Managers,4.A.2.b.1.i.1,Implement organizational process or policy changes.,13
11-9041.00,Architectural and Engineering Managers,4.A.2.b.2.q.3,Develop sustainable organizational policies or practices.,20
11-9041.00,Architectural and Engineering Managers,4.A.2.b.2.v.2,Develop organizational goals or objectives.,17
11-9041.00,Architectural and Engineering Managers,4.A.2.b.4.a.1,Develop organizational policies or programs.,14
11-9041.00,Architectural and Engineering Managers,4.A.2.b.4.a.2,"Develop operating strategies, plans, or procedures.",12
11-9041.00,Architectural and Engineering Managers,4.A.3.b.6.a.2,"Prepare financial documents, reports, or budgets.",5
11-9041.00,Architectural and Engineering Managers,4.A.4.a.1.b.5,Communicate organizational information to customers or other stakeholders.,6
11-9041.00,Architectural and Engineering Managers,4.A.4.a.2.c.14,Confer with organizational members to accomplish work activities.,10
11-9041.00,Architectural and Engineering Managers,4.A.4.a.3.b.3,Present information to the public.,24
11-9041.00,Architectural and Engineering Managers,4.A.4.a.6.c.12,"Promote products, services, or programs.",25
11-9041.00,Architectural and Engineering Managers,4.A.4.a.7.b.11,Negotiate project specifications.,4
11-9041.00,Architectural and Engineering Managers,4.A.4.b.1.c.1,Communicate with government agencies.,23
11-9041.00,Architectural and Engineering Managers,4.A.4.b.4.f.4,Manage human resources activities.,18
11-9041.00,Architectural and Engineering Managers,4.A.4.b.4.h.4,Prepare operational budgets.,7
11-9041.00,Architectural and Engineering Managers,4.A.4.b.4.i.7,Manage construction activities.,1
11-9041.00,Architectural and Engineering Managers,4.A.4.b.4.j.12,"Manage operations, research, or logistics projects.",3
11-9041.00,Architectural and Engineering Managers,4.A.4.b.4.j.27,Direct facility maintenance or repair activities.,15
11-9041.00,Architectural and Engineering Managers,4.A.4.c.3.e.3,"Purchase materials, equipment, or other resources.",19
11-9041.01,Biofuels/Biodiesel Technology and Product Development Managers,4.A.1.b.2.b.1,Test green technologies or processes.,6
11-9041.01,Biofuels/Biodiesel Technology and Product Development Managers,4.A.2.a.4.g.4,Evaluate energy production data.,2
11-9041.01,Biofuels/Biodiesel Technology and Product Development Managers,4.A.2.a.4.g.6,Model operational processes.,8
11-9041.01,Biofuels/Biodiesel Technology and Product Development Managers,4.A.2.b.2.q.1,"Develop operating strategies, plans, or procedures for green or sustainable operations.",3
11-9041.01,Biofuels/Biodiesel Technology and Product Development Managers,4.A.3.b.2.a.2,Develop specifications for new products or processes.,5
11-9041.01,Biofuels/Biodiesel Technology and Product Development Managers,4.A.3.b.2.f.11,Develop technical processes to improve the efficiency of biofuel production.,1
11-9041.01,Biofuels/Biodiesel Technology and Product Development Managers,4.A.4.a.2.a.2,Communicate green energy production information.,7
11-9041.01,Biofuels/Biodiesel Technology and Product Development Managers,4.A.4.b.4.a.19,Supervise workers performing environmentally sustainable activities.,4
11-9041.01,Biofuels/Biodiesel Technology and Product Development Managers,4.A.4.b.4.j.10,Direct green energy production operations.,9
11-9111.00,Medical and Health Services Managers,4.A.1.a.2.b.2,Monitor facilities or operational systems.,23
11-9111.00,Medical and Health Services Managers,4.A.1.a.2.f.1,Monitor performance of organizational members or partners.,11
11-9111.00,Medical and Health Services Managers,4.A.1.b.2.e.15,Inspect condition or functioning of facilities or equipment.,26
11-9111.00,Medical and Health Services Managers,4.A.2.a.1.d.4,Evaluate employee performance.,1
11-9111.00,Medical and Health Services Managers,4.A.2.a.4.c.3,Analyze risks to minimize losses or damages.,22
11-9111.00,Medical and Health Services Managers,4.A.2.b.1.i.1,Implement organizational process or policy changes.,6
11-9111.00,Medical and Health Services Managers,4.A.2.b.2.b.2,Develop computer or information systems.,3
11-9111.00,Medical and Health Services Managers,4.A.2.b.2.v.2,Develop organizational goals or objectives.,18
11-9111.00,Medical and Health Services Managers,4.A.2.b.3.a.8,Maintain knowledge of current developments in area of expertise.,9
11-9111.00,Medical and Health Services Managers,4.A.2.b.4.a.1,Develop organizational policies or programs.,21
11-9111.00,Medical and Health Services Managers,4.A.2.b.4.a.2,"Develop operating strategies, plans, or procedures.",20
11-9111.00,Medical and Health Services Managers,4.A.3.b.2.f.13,Develop procedures to evaluate organizational activities.,19
11-9111.00,Medical and Health Services Managers,4.A.3.b.6.h.5,Maintain operational records.,4
11-9111.00,Medical and Health Services Managers,4.A.3.b.6.o.6,Prepare operational progress or status reports.,24
11-9111.00,Medical and Health Services Managers,4.A.4.a.2.c.9,Liaise between departments or other groups to improve function or communication.,17
11-9111.00,Medical and Health Services Managers,4.A.4.b.1.c.6,Coordinate operational activities with external stakeholders.,27
11-9111.00,Medical and Health Services Managers,4.A.4.b.1.f.2,Prepare staff schedules or work assignments.,13
11-9111.00,Medical and Health Services Managers,4.A.4.b.3.d.16,Conduct employee training programs.,5
11-9111.00,Medical and Health Services Managers,4.A.4.b.4.a.13,Supervise employees.,2
11-9111.00,Medical and Health Services Managers,4.A.4.b.4.f.4,Manage human resources activities.,7
11-9111.00,Medical and Health Services Managers,4.A.4.b.4.h.2,Direct financial operations.,8
11-9111.00,Medical and Health Services Managers,4.A.4.b.4.h.4,Prepare operational budgets.,10
11-9111.00,Medical and Health Services Managers,4.A.4.b.4.j.12,"Manage operations, research, or logistics projects.",15
11-9111.00,Medical and Health Services Managers,4.A.4.b.6.h.4,Advise others on legal or regulatory compliance matters.,25
11-9111.00,Medical and Health Services Managers,4.A.4.c.2.a.3,Hire personnel.,14
11-9111.00,Medical and Health Services Managers,4.A.4.c.2.a.5,Recruit personnel.,16
11-9111.00,Medical and Health Services Managers,4.A.4.c.3.g.5,Monitor resources.,12
11-9121.00,Natural Sciences Managers,4.A.1.a.1.p.3,Conduct research of processes in natural or industrial ecosystems.,24
11-9121.00,Natural Sciences Managers,4.A.1.a.1.t.4,Conduct research to gain information about products or processes.,25
11-9121.00,Natural Sciences Managers,4.A.1.a.2.e.4,Monitor animal behavior or condition.,9
11-9121.00,Natural Sciences Managers,4.A.2.a.1.d.4,Evaluate employee performance.,1
11-9121.00,Natural Sciences Managers,4.A.2.a.4.g.12,Analyze data to inform operational decisions or activities.,10
11-9121.00,Natural Sciences Managers,4.A.2.b.1.c.4,Approve expenditures.,19
11-9121.00,Natural Sciences Managers,4.A.2.b.1.i.1,Implement organizational process or policy changes.,18
11-9121.00,Natural Sciences Managers,4.A.2.b.2.v.2,Develop organizational goals or objectives.,15
11-9121.00,Natural Sciences Managers,4.A.2.b.4.a.1,Develop organizational policies or programs.,17
11-9121.00,Natural Sciences Managers,4.A.2.b.4.a.2,"Develop operating strategies, plans, or procedures.",6
11-9121.00,Natural Sciences Managers,4.A.2.b.4.a.4,Develop organizational methods or procedures.,4
11-9121.00,Natural Sciences Managers,4.A.3.b.6.a.2,"Prepare financial documents, reports, or budgets.",21
11-9121.00,Natural Sciences Managers,4.A.3.b.6.g.4,Prepare proposals or grant applications to obtain project funding.,16
11-9121.00,Natural Sciences Managers,4.A.3.b.6.o.6,Prepare operational progress or status reports.,11
11-9121.00,Natural Sciences Managers,4.A.4.a.1.b.5,Communicate organizational information to customers or other stakeholders.,13
11-9121.00,Natural Sciences Managers,4.A.4.a.3.b.3,Present information to the public.,27
11-9121.00,Natural Sciences Managers,4.A.4.a.4.a.4,Establish interpersonal business relationships to facilitate work activities.,14
11-9121.00,Natural Sciences Managers,4.A.4.b.1.c.6,Coordinate operational activities with external stakeholders.,12
11-9121.00,Natural Sciences Managers,4.A.4.b.3.d.16,Conduct employee training programs.,26
11-9121.00,Natural Sciences Managers,4.A.4.b.4.a.13,Supervise employees.,3
11-9121.00,Natural Sciences Managers,4.A.4.b.4.f.4,Manage human resources activities.,20
11-9121.00,Natural Sciences Managers,4.A.4.b.4.h.4,Prepare operational budgets.,22
11-9121.00,Natural Sciences Managers,4.A.4.b.4.j.12,"Manage operations, research, or logistics projects.",7
11-9121.00,Natural Sciences Managers,4.A.4.b.4.j.39,"Direct organizational operations, projects, or services.",5
11-9121.00,Natural Sciences Managers,4.A.4.b.6.c.4,Advise others about land management or conservation.,8
11-9121.00,Natural Sciences Managers,4.A.4.b.6.h.4,Advise others on legal or regulatory compliance matters.,28
11-9121.00,Natural Sciences Managers,4.A.4.c.2.a.3,Hire personnel.,2
11-9121.00,Natural Sciences Managers,4.A.4.c.2.a.5,Recruit personnel.,23
11-9121.01,Clinical Research Coordinators,4.A.1.a.1.w.1,"Interview employees, customers, or others to collect information.",2
11-9121.01,Clinical Research Coordinators,4.A.1.a.2.f.6,Monitor activities of individuals to ensure safety or compliance with rules.,8
11-9121.01,Clinical Research Coordinators,4.A.1.a.2.k.4,Monitor organizational compliance with regulations.,7
11-9121.01,Clinical Research Coordinators,4.A.2.a.3.c.1,Conduct financial or regulatory audits.,20
11-9121.01,Clinical Research Coordinators,4.A.2.a.4.c.3,Analyze risks to minimize losses or damages.,13
11-9121.01,Clinical Research Coordinators,4.A.2.a.4.f.5,Calculate numerical data for medical activities.,9
11-9121.01,Clinical Research Coordinators,4.A.2.a.4.g.14,Analyze data to identify or resolve operational problems.,12
11-9121.01,Clinical Research Coordinators,4.A.2.a.4.g.5,Interpret research or operational data.,16
11-9121.01,Clinical Research Coordinators,4.A.2.b.2.j.1,Develop promotional materials.,29
11-9121.01,Clinical Research Coordinators,4.A.2.b.3.a.8,Maintain knowledge of current developments in area of expertise.,26
11-9121.01,Clinical Research Coordinators,4.A.2.b.4.a.4,Develop organizational methods or procedures.,23
11-9121.01,Clinical Research Coordinators,4.A.2.b.5.a.4,Schedule activities or facility use.,1
11-9121.01,Clinical Research Coordinators,4.A.3.a.1.a.7,Prepare medications or medical solutions.,11
11-9121.01,Clinical Research Coordinators,4.A.3.b.1.f.8,Code data or other information.,15
11-9121.01,Clinical Research Coordinators,4.A.3.b.2.b.1,Plan facility layouts or designs.,28
11-9121.01,Clinical Research Coordinators,4.A.3.b.6.h.5,Maintain operational records.,17
11-9121.01,Clinical Research Coordinators,4.A.3.b.6.n.4,Maintain regulatory or compliance documentation.,5
11-9121.01,Clinical Research Coordinators,4.A.3.b.6.o.6,Prepare operational progress or status reports.,4
11-9121.01,Clinical Research Coordinators,4.A.4.a.1.b.5,Communicate organizational information to customers or other stakeholders.,3
11-9121.01,Clinical Research Coordinators,4.A.4.a.2.c.14,Confer with organizational members to accomplish work activities.,25
11-9121.01,Clinical Research Coordinators,4.A.4.a.6.c.12,"Promote products, services, or programs.",30
11-9121.01,Clinical Research Coordinators,4.A.4.b.1.c.1,Communicate with government agencies.,6
11-9121.01,Clinical Research Coordinators,4.A.4.b.1.c.4,Coordinate with external parties to exchange information.,22
11-9121.01,Clinical Research Coordinators,4.A.4.b.1.c.6,Coordinate operational activities with external stakeholders.,14
11-9121.01,Clinical Research Coordinators,4.A.4.b.3.d.16,Conduct employee training programs.,19
11-9121.01,Clinical Research Coordinators,4.A.4.b.3.e.2,Instruct patients in the use of assistive equipment.,10
11-9121.01,Clinical Research Coordinators,4.A.4.b.4.h.5,Manage organizational or project budgets.,31
11-9121.01,Clinical Research Coordinators,4.A.4.b.4.j.12,"Manage operations, research, or logistics projects.",18
11-9121.01,Clinical Research Coordinators,4.A.4.b.6.b.2,Advise customers on technical or procedural issues.,24
11-9121.01,Clinical Research Coordinators,4.A.4.c.1.a.6,Perform clerical work in medical settings.,27
11-9121.01,Clinical Research Coordinators,4.A.4.c.3.e.3,"Purchase materials, equipment, or other resources.",21
11-9121.02,Water Resource Specialists,4.A.1.a.1.j.6,Identify environmental concerns.,12
11-9121.02,Water Resource Specialists,4.A.1.a.2.k.4,Monitor organizational compliance with regulations.,14
11-9121.02,Water Resource Specialists,4.A.1.b.1.b.1,Identify opportunities for green initiatives.,2
11-9121.02,Water Resource Specialists,4.A.1.b.2.b.1,Test green technologies or processes.,1
11-9121.02,Water Resource Specialists,4.A.2.a.1.e.3,Evaluate quality of materials or products.,13
11-9121.02,Water Resource Specialists,4.A.2.a.1.j.2,Analyze data to determine project feasibility.,7
11-9121.02,Water Resource Specialists,4.A.2.a.2.c.1,Compile operational data.,10
11-9121.02,Water Resource Specialists,4.A.2.a.3.b.2,Evaluate green operations or programs for compliance with standards or regulations.,3
11-9121.02,Water Resource Specialists,4.A.2.a.4.e.7,Evaluate environmental or sustainability projects.,5
11-9121.02,Water Resource Specialists,4.A.2.b.1.i.1,Implement organizational process or policy changes.,17
11-9121.02,Water Resource Specialists,4.A.2.b.2.g.2,Develop environmental remediation or protection plans.,4
11-9121.02,Water Resource Specialists,4.A.2.b.2.q.3,Develop sustainable organizational policies or practices.,15
11-9121.02,Water Resource Specialists,4.A.3.b.2.f.13,Develop procedures to evaluate organizational activities.,16
11-9121.02,Water Resource Specialists,4.A.3.b.6.g.4,Prepare proposals or grant applications to obtain project funding.,6
11-9121.02,Water Resource Specialists,4.A.3.b.6.h.5,Maintain operational records.,11
11-9121.02,Water Resource Specialists,4.A.4.a.3.b.2,Present sustainable products or services information to the public.,8
11-9121.02,Water Resource Specialists,4.A.4.a.7.b.8,"Negotiate contracts for environmental remediation, green energy, or renewable resources.",19
11-9121.02,Water Resource Specialists,4.A.4.b.4.a.19,Supervise workers performing environmentally sustainable activities.,20
11-9121.02,Water Resource Specialists,4.A.4.b.6.c.3,Advise others on green energy or related technologies.,9
11-9121.02,Water Resource Specialists,4.A.4.c.3.g.5,Monitor resources.,18
15-1211.00,Computer Systems Analysts,4.A.1.a.1.b.7,Read documents to gather technical information.,23
15-1211.00,Computer Systems Analysts,4.A.1.a.1.n.5,Collect data about customer needs.,16
15-1211.00,Computer Systems Analysts,4.A.1.a.2.j.3,Monitor computer system performance to ensure proper operation.,4
15-1211.00,Computer Systems Analysts,4.A.1.b.2.h.3,Test software performance.,5
15-1211.00,Computer Systems Analysts,4.A.1.b.3.b.1,Estimate time or monetary resources needed to complete projects.,26
15-1211.00,Computer Systems Analysts,4.A.2.a.1.g.8,Evaluate utility of software or hardware technologies.,19
15-1211.00,Computer Systems Analysts,4.A.2.a.4.e.5,Analyze project data to determine specifications or requirements.,9
15-1211.00,Computer Systems Analysts,4.A.2.a.4.g.14,Analyze data to identify or resolve operational problems.,11
15-1211.00,Computer Systems Analysts,4.A.2.b.1.h.2,Identify information technology project resource requirements.,20
15-1211.00,Computer Systems Analysts,4.A.2.b.1.j.5,Select production input materials.,14
15-1211.00,Computer Systems Analysts,4.A.2.b.2.b.12,Apply information technology to solve business or other applied problems.,6
15-1211.00,Computer Systems Analysts,4.A.2.b.2.b.5,Design integrated computer systems.,10
15-1211.00,Computer Systems Analysts,4.A.2.b.2.b.7,Modify software programs to improve performance.,13
15-1211.00,Computer Systems Analysts,4.A.2.b.2.o.13,Develop diagrams or flow charts of system operation.,25
15-1211.00,Computer Systems Analysts,4.A.3.b.1.a.3,Write computer programming code.,8
15-1211.00,Computer Systems Analysts,4.A.3.b.1.c.4,Configure computer networks.,7
15-1211.00,Computer Systems Analysts,4.A.3.b.1.d.2,Troubleshoot issues with computer applications or systems.,1
15-1211.00,Computer Systems Analysts,4.A.3.b.2.f.15,Develop testing routines or procedures.,21
15-1211.00,Computer Systems Analysts,4.A.3.b.6.i.5,Document design or development procedures.,22
15-1211.00,Computer Systems Analysts,4.A.4.a.2.h.7,Collaborate with others to determine design specifications or details.,12
15-1211.00,Computer Systems Analysts,4.A.4.b.3.e.4,Train others in computer interface or software use.,15
15-1211.00,Computer Systems Analysts,4.A.4.b.4.a.7,Supervise information technology personnel.,18
15-1211.00,Computer Systems Analysts,4.A.4.b.4.e.4,Coordinate software or hardware installation.,3
15-1211.00,Computer Systems Analysts,4.A.4.b.4.e.7,Manage information technology projects or system activities.,17
15-1211.00,Computer Systems Analysts,4.A.4.b.6.d.2,Provide technical support for software maintenance or use.,2
15-1211.00,Computer Systems Analysts,4.A.4.b.6.d.3,Provide recommendations to others about computer hardware.,24
15-1211.01,Health Informatics Specialists,4.A.1.a.1.t.4,Conduct research to gain information about products or processes.,12
15-1211.01,Health Informatics Specialists,4.A.1.b.2.h.2,Test computer system operations to ensure proper functioning.,9
15-1211.01,Health Informatics Specialists,4.A.2.a.1.g.8,Evaluate utility of software or hardware technologies.,8
15-1211.01,Health Informatics Specialists,4.A.2.a.4.f.1,Analyze health-related data.,6
15-1211.01,Health Informatics Specialists,4.A.2.b.2.b.11,Design healthcare-related software applications.,3
15-1211.01,Health Informatics Specialists,4.A.2.b.2.b.12,Apply information technology to solve business or other applied problems.,2
15-1211.01,Health Informatics Specialists,4.A.2.b.2.s.4,Design research studies to obtain scientific information.,13
15-1211.01,Health Informatics Specialists,4.A.2.b.3.a.7,Update knowledge about emerging industry or technology trends.,15
15-1211.01,Health Informatics Specialists,4.A.3.b.1.b.1,Implement security measures for computer or information systems.,5
15-1211.01,Health Informatics Specialists,4.A.3.b.1.c.1,Install computer software.,17
15-1211.01,Health Informatics Specialists,4.A.3.b.1.d.2,Troubleshoot issues with computer applications or systems.,19
15-1211.01,Health Informatics Specialists,4.A.3.b.2.f.8,Develop guidelines for system implementation.,11
15-1211.01,Health Informatics Specialists,4.A.3.b.2.f.9,Develop computer or information security policies or procedures.,4
15-1211.01,Health Informatics Specialists,4.A.3.b.6.h.11,Document operational activities.,7
15-1211.01,Health Informatics Specialists,4.A.4.a.2.h.9,Communicate project information to others.,1
15-1211.01,Health Informatics Specialists,4.A.4.a.3.b.5,Provide technical information or assistance to public.,10
15-1211.01,Health Informatics Specialists,4.A.4.b.3.e.4,Train others in computer interface or software use.,14
15-1211.01,Health Informatics Specialists,4.A.4.b.6.d.2,Provide technical support for software maintenance or use.,18
15-1211.01,Health Informatics Specialists,4.A.4.b.6.d.3,Provide recommendations to others about computer hardware.,16
15-1212.00,Information Security Analysts,4.A.1.a.2.j.1,Monitor the security of digital information.,9
15-1212.00,Information Security Analysts,4.A.1.b.2.h.2,Test computer system operations to ensure proper functioning.,4
15-1212.00,Information Security Analysts,4.A.2.b.3.a.7,Update knowledge about emerging industry or technology trends.,2
15-1212.00,Information Security Analysts,4.A.3.b.1.b.1,Implement security measures for computer or information systems.,3
15-1212.00,Information Security Analysts,4.A.3.b.1.d.2,Troubleshoot issues with computer applications or systems.,7
15-1212.00,Information Security Analysts,4.A.3.b.2.f.9,Develop computer or information security policies or procedures.,1
15-1212.00,Information Security Analysts,4.A.3.b.6.h.2,Document operational procedures.,6
15-1212.00,Information Security Analysts,4.A.4.b.1.a.3,Collaborate with others to resolve information technology issues.,5
15-1212.00,Information Security Analysts,4.A.4.b.3.e.4,Train others in computer interface or software use.,10
15-1212.00,Information Security Analysts,4.A.4.b.4.j.32,Coordinate project activities with other personnel or departments.,8
15-1221.00,Computer and Information Research Scientists,4.A.1.a.2.j.2,Monitor the performance of computer networks.,5
15-1221.00,Computer and Information Research Scientists,4.A.2.a.1.j.1,Evaluate project designs to determine adequacy or feasibility.,9
15-1221.00,Computer and Information Research Scientists,4.A.2.a.4.d.2,Analyze data to identify trends or relationships among variables.,8
15-1221.00,Computer and Information Research Scientists,4.A.2.a.4.g.14,Analyze data to identify or resolve operational problems.,1
15-1221.00,Computer and Information Research Scientists,4.A.2.b.2.b.12,Apply information technology to solve business or other applied problems.,2
15-1221.00,Computer and Information Research Scientists,4.A.2.b.2.b.5,Design integrated computer systems.,7
15-1221.00,Computer and Information Research Scientists,4.A.2.b.2.v.2,Develop organizational goals or objectives.,14
15-1221.00,Computer and Information Research Scientists,4.A.3.b.2.a.7,Develop performance metrics or standards related to information technology.,15
15-1221.00,Computer and Information Research Scientists,4.A.3.b.5.c.1,Maintain computer hardware.,4
15-1221.00,Computer and Information Research Scientists,4.A.4.a.2.b.1,Collaborate on research activities with scientists or technical specialists.,10
15-1221.00,Computer and Information Research Scientists,4.A.4.a.2.h.7,Collaborate with others to determine design specifications or details.,11
15-1221.00,Computer and Information Research Scientists,4.A.4.b.1.a.3,Collaborate with others to resolve information technology issues.,6
15-1221.00,Computer and Information Research Scientists,4.A.4.b.1.f.6,Assign duties or work schedules to employees.,3
15-1221.00,Computer and Information Research Scientists,4.A.4.b.3.e.4,Train others in computer interface or software use.,17
15-1221.00,Computer and Information Research Scientists,4.A.4.b.4.e.7,Manage information technology projects or system activities.,13
15-1221.00,Computer and Information Research Scientists,4.A.4.b.4.h.7,Manage budgets for appropriate resource allocation.,18
15-1221.00,Computer and Information Research Scientists,4.A.4.b.4.j.32,Coordinate project activities with other personnel or departments.,12
15-1221.00,Computer and Information Research Scientists,4.A.4.c.2.a.4,Participate in staffing decisions.,16
15-1231.00,Computer Network Support Specialists,4.A.1.a.1.t.4,Conduct research to gain information about products or processes.,21
15-1231.00,Computer Network Support Specialists,4.A.1.a.2.j.2,Monitor the performance of computer networks.,10
15-1231.00,Computer Network Support Specialists,4.A.1.b.2.h.1,Test computer hardware performance.,16
15-1231.00,Computer Network Support Specialists,4.A.1.b.2.h.2,Test computer system operations to ensure proper functioning.,8
15-1231.00,Computer Network Support Specialists,4.A.1.b.2.h.3,Test software performance.,17
15-1231.00,Computer Network Support Specialists,4.A.2.a.4.g.14,Analyze data to identify or resolve operational problems.,9
15-1231.00,Computer Network Support Specialists,4.A.2.a.4.l.2,"Analyze security of systems, network, or data.",3
15-1231.00,Computer Network Support Specialists,4.A.2.b.3.a.7,Update knowledge about emerging industry or technology trends.,18
15-1231.00,Computer Network Support Specialists,4.A.3.b.1.b.1,Implement security measures for computer or information systems.,2
15-1231.00,Computer Network Support Specialists,4.A.3.b.1.b.2,Create electronic data backup to prevent loss of information.,1
15-1231.00,Computer Network Support Specialists,4.A.3.b.1.c.1,Install computer software.,7
15-1231.00,Computer Network Support Specialists,4.A.3.b.1.c.2,Install computer hardware.,14
15-1231.00,Computer Network Support Specialists,4.A.3.b.1.c.4,Configure computer networks.,6
15-1231.00,Computer Network Support Specialists,4.A.3.b.1.d.1,Resolve computer network problems.,4
15-1231.00,Computer Network Support Specialists,4.A.3.b.1.d.2,Troubleshoot issues with computer applications or systems.,12
15-1231.00,Computer Network Support Specialists,4.A.3.b.2.a.5,Develop specifications for computer network operation.,15
15-1231.00,Computer Network Support Specialists,4.A.3.b.5.c.1,Maintain computer hardware.,13
15-1231.00,Computer Network Support Specialists,4.A.3.b.6.h.11,Document operational activities.,20
15-1231.00,Computer Network Support Specialists,4.A.3.b.6.i.3,Document network-related activities or tasks.,5
15-1231.00,Computer Network Support Specialists,4.A.3.b.6.l.8,Prepare instruction manuals.,22
15-1231.00,Computer Network Support Specialists,4.A.4.b.3.e.4,Train others in computer interface or software use.,19
15-1231.00,Computer Network Support Specialists,4.A.4.b.6.d.5,Provide technical support for computer network issues.,11
15-1232.00,Computer User Support Specialists,4.A.1.a.1.b.7,Read documents to gather technical information.,4
15-1232.00,Computer User Support Specialists,4.A.1.a.1.t.4,Conduct research to gain information about products or processes.,18
15-1232.00,Computer User Support Specialists,4.A.1.a.2.j.3,Monitor computer system performance to ensure proper operation.,1
15-1232.00,Computer User Support Specialists,4.A.1.b.2.h.1,Test computer hardware performance.,17
15-1232.00,Computer User Support Specialists,4.A.1.b.2.h.3,Test software performance.,10
15-1232.00,Computer User Support Specialists,4.A.2.a.1.g.8,Evaluate utility of software or hardware technologies.,12
15-1232.00,Computer User Support Specialists,4.A.2.b.2.b.7,Modify software programs to improve performance.,22
15-1232.00,Computer User Support Specialists,4.A.2.b.3.a.7,Update knowledge about emerging industry or technology trends.,19
15-1232.00,Computer User Support Specialists,4.A.3.b.1.c.1,Install computer software.,7
15-1232.00,Computer User Support Specialists,4.A.3.b.1.c.2,Install computer hardware.,3
15-1232.00,Computer User Support Specialists,4.A.3.b.1.d.3,Resolve computer software problems.,5
15-1232.00,Computer User Support Specialists,4.A.3.b.5.c.1,Maintain computer hardware.,8
15-1232.00,Computer User Support Specialists,4.A.3.b.6.h.11,Document operational activities.,11
15-1232.00,Computer User Support Specialists,4.A.4.a.2.h.7,Collaborate with others to determine design specifications or details.,9
15-1232.00,Computer User Support Specialists,4.A.4.b.1.a.3,Collaborate with others to resolve information technology issues.,2
15-1232.00,Computer User Support Specialists,4.A.4.b.3.e.3,Teach others to use computer equipment or hardware.,15
15-1232.00,Computer User Support Specialists,4.A.4.b.3.e.4,Train others in computer interface or software use.,16
15-1232.00,Computer User Support Specialists,4.A.4.b.4.a.7,Supervise information technology personnel.,21
15-1232.00,Computer User Support Specialists,4.A.4.b.6.d.2,Provide technical support for software maintenance or use.,6
15-1232.00,Computer User Support Specialists,4.A.4.b.6.d.3,Provide recommendations to others about computer hardware.,13
15-1232.00,Computer User Support Specialists,4.A.4.b.6.d.6,Recommend changes to improve computer or information systems.,14
15-1232.00,Computer User Support Specialists,4.A.4.c.2.a.4,Participate in staffing decisions.,20
15-1241.00,Computer Network Architects,4.A.1.a.1.t.4,Conduct research to gain information about products or processes.,18
15-1241.00,Computer Network Architects,4.A.1.a.2.j.2,Monitor the performance of computer networks.,7
15-1241.00,Computer Network Architects,4.A.1.b.2.h.1,Test computer hardware performance.,25
15-1241.00,Computer Network Architects,4.A.1.b.3.b.1,Estimate time or monetary resources needed to complete projects.,26
15-1241.00,Computer Network Architects,4.A.2.a.1.j.1,Evaluate project designs to determine adequacy or feasibility.,20
15-1241.00,Computer Network Architects,4.A.2.a.4.b.5,Analyze website or related online data to track trends or usage.,29
15-1241.00,Computer Network Architects,4.A.2.a.4.g.14,Analyze data to identify or resolve operational problems.,8
15-1241.00,Computer Network Architects,4.A.2.b.2.b.5,Design integrated computer systems.,15
15-1241.00,Computer Network Architects,4.A.2.b.2.b.7,Modify software programs to improve performance.,13
15-1241.00,Computer Network Architects,4.A.2.b.2.p.2,Maintain contingency plans for disaster recovery.,1
15-1241.00,Computer Network Architects,4.A.2.b.3.a.7,Update knowledge about emerging industry or technology trends.,32
15-1241.00,Computer Network Architects,4.A.3.b.1.c.1,Install computer software.,12
15-1241.00,Computer Network Architects,4.A.3.b.1.c.2,Install computer hardware.,11
15-1241.00,Computer Network Architects,4.A.3.b.1.c.4,Configure computer networks.,14
15-1241.00,Computer Network Architects,4.A.3.b.1.d.1,Resolve computer network problems.,4
15-1241.00,Computer Network Architects,4.A.3.b.2.a.5,Develop specifications for computer network operation.,23
15-1241.00,Computer Network Architects,4.A.3.b.2.d.2,Develop models of information or communications systems.,17
15-1241.00,Computer Network Architects,4.A.3.b.2.f.15,Develop testing routines or procedures.,10
15-1241.00,Computer Network Architects,4.A.3.b.2.f.3,Develop information communication procedures.,33
15-1241.00,Computer Network Architects,4.A.3.b.2.f.9,Develop computer or information security policies or procedures.,2
15-1241.00,Computer Network Architects,4.A.3.b.5.c.1,Maintain computer hardware.,35
15-1241.00,Computer Network Architects,4.A.3.b.5.c.2,Maintain computer networks to enhance performance and user access.,5
15-1241.00,Computer Network Architects,4.A.3.b.6.i.3,Document network-related activities or tasks.,9
15-1241.00,Computer Network Architects,4.A.4.a.2.h.7,Collaborate with others to determine design specifications or details.,22
15-1241.00,Computer Network Architects,4.A.4.a.2.h.9,Communicate project information to others.,28
15-1241.00,Computer Network Architects,4.A.4.b.1.a.3,Collaborate with others to resolve information technology issues.,19
15-1241.00,Computer Network Architects,4.A.4.b.1.g.3,Manage documentation to ensure organization or accuracy.,34
15-1241.00,Computer Network Architects,4.A.4.b.3.e.3,Teach others to use computer equipment or hardware.,27
15-1241.00,Computer Network Architects,4.A.4.b.4.a.7,Supervise information technology personnel.,24
15-1241.00,Computer Network Architects,4.A.4.b.4.e.4,Coordinate software or hardware installation.,6
15-1241.00,Computer Network Architects,4.A.4.b.4.h.6,Manage financial activities of the organization.,31
15-1241.00,Computer Network Architects,4.A.4.b.4.h.7,Manage budgets for appropriate resource allocation.,21
15-1241.00,Computer Network Architects,4.A.4.b.4.j.32,Coordinate project activities with other personnel or departments.,30
15-1241.00,Computer Network Architects,4.A.4.b.6.d.5,Provide technical support for computer network issues.,16
15-1241.00,Computer Network Architects,4.A.4.b.6.d.6,Recommend changes to improve computer or information systems.,3
15-1241.01,Telecommunications Engineering Specialists,4.A.1.a.1.t.4,Conduct research to gain information about products or processes.,16
15-1241.01,Telecommunications Engineering Specialists,4.A.1.a.2.j.2,Monitor the performance of computer networks.,20
15-1241.01,Telecommunications Engineering Specialists,4.A.1.b.2.h.1,Test computer hardware performance.,25
15-1241.01,Telecommunications Engineering Specialists,4.A.1.b.3.b.1,Estimate time or monetary resources needed to complete projects.,10
15-1241.01,Telecommunications Engineering Specialists,4.A.2.a.1.g.2,Evaluate new technologies or methods.,13
15-1241.01,Telecommunications Engineering Specialists,4.A.2.a.1.j.1,Evaluate project designs to determine adequacy or feasibility.,24
15-1241.01,Telecommunications Engineering Specialists,4.A.2.a.4.e.5,Analyze project data to determine specifications or requirements.,23
15-1241.01,Telecommunications Engineering Specialists,4.A.2.a.4.l.2,"Analyze security of systems, network, or data.",19
15-1241.01,Telecommunications Engineering Specialists,4.A.2.b.1.h.2,Identify information technology project resource requirements.,15
15-1241.01,Telecommunications Engineering Specialists,4.A.2.b.2.p.2,Maintain contingency plans for disaster recovery.,12
15-1241.01,Telecommunications Engineering Specialists,4.A.2.b.3.a.7,Update knowledge about emerging industry or technology trends.,5
15-1241.01,Telecommunications Engineering Specialists,4.A.3.b.1.b.1,Implement security measures for computer or information systems.,6
15-1241.01,Telecommunications Engineering Specialists,4.A.3.b.1.b.2,Create electronic data backup to prevent loss of information.,14
15-1241.01,Telecommunications Engineering Specialists,4.A.3.b.1.c.1,Install computer software.,11
15-1241.01,Telecommunications Engineering Specialists,4.A.3.b.1.c.2,Install computer hardware.,8
15-1241.01,Telecommunications Engineering Specialists,4.A.3.b.1.d.2,Troubleshoot issues with computer applications or systems.,3
15-1241.01,Telecommunications Engineering Specialists,4.A.3.b.2.d.2,Develop models of information or communications systems.,7
15-1241.01,Telecommunications Engineering Specialists,4.A.3.b.5.c.1,Maintain computer hardware.,18
15-1241.01,Telecommunications Engineering Specialists,4.A.3.b.6.h.11,Document operational activities.,26
15-1241.01,Telecommunications Engineering Specialists,4.A.3.b.6.h.2,Document operational procedures.,17
15-1241.01,Telecommunications Engineering Specialists,4.A.3.b.6.i.3,Document network-related activities or tasks.,28
15-1241.01,Telecommunications Engineering Specialists,4.A.3.b.6.i.4,Document technical specifications or requirements.,1
15-1241.01,Telecommunications Engineering Specialists,4.A.4.a.2.h.7,Collaborate with others to determine design specifications or details.,22
15-1241.01,Telecommunications Engineering Specialists,4.A.4.b.3.e.3,Teach others to use computer equipment or hardware.,21
15-1241.01,Telecommunications Engineering Specialists,4.A.4.b.4.e.4,Coordinate software or hardware installation.,9
15-1241.01,Telecommunications Engineering Specialists,4.A.4.b.4.j.32,Coordinate project activities with other personnel or departments.,4
15-1241.01,Telecommunications Engineering Specialists,4.A.4.b.6.d.5,Provide technical support for computer network issues.,2
15-1241.01,Telecommunications Engineering Specialists,4.A.4.c.3.a.6,Maintain the inventory of equipment.,27
15-1242.00,Database Administrators,4.A.1.a.1.b.7,Read documents to gather technical information.,17
15-1242.00,Database Administrators,4.A.1.b.2.h.2,Test computer system operations to ensure proper functioning.,7
15-1242.00,Database Administrators,4.A.2.a.1.g.6,Assess database performance.,6
15-1242.00,Database Administrators,4.A.2.a.1.g.8,Evaluate utility of software or hardware technologies.,18
15-1242.00,Database Administrators,4.A.2.a.4.b.6,Analyze market or customer related data.,21
15-1242.00,Database Administrators,4.A.2.a.4.d.2,Analyze data to identify trends or relationships among variables.,20
15-1242.00,Database Administrators,4.A.2.b.2.b.7,Modify software programs to improve performance.,8
15-1242.00,Database Administrators,4.A.2.b.2.f.1,Develop database parameters or specifications.,14
15-1242.00,Database Administrators,4.A.2.b.2.f.4,Create databases to store electronic data.,1
15-1242.00,Database Administrators,4.A.2.b.6.b.8,Develop detailed project plans.,12
15-1242.00,Database Administrators,4.A.3.b.1.a.3,Write computer programming code.,16
15-1242.00,Database Administrators,4.A.3.b.1.b.1,Implement security measures for computer or information systems.,3
15-1242.00,Database Administrators,4.A.3.b.1.c.1,Install computer software.,5
15-1242.00,Database Administrators,4.A.3.b.1.f.5,Update computer database information.,2
15-1242.00,Database Administrators,4.A.3.b.2.a.7,Develop performance metrics or standards related to information technology.,13
15-1242.00,Database Administrators,4.A.3.b.2.d.2,Develop models of information or communications systems.,15
15-1242.00,Database Administrators,4.A.3.b.2.f.9,Develop computer or information security policies or procedures.,4
15-1242.00,Database Administrators,4.A.4.b.3.e.4,Train others in computer interface or software use.,9
15-1242.00,Database Administrators,4.A.4.b.4.e.4,Coordinate software or hardware installation.,11
15-1242.00,Database Administrators,4.A.4.b.6.d.2,Provide technical support for software maintenance or use.,10
15-1242.00,Database Administrators,4.A.4.b.6.d.3,Provide recommendations to others about computer hardware.,19
15-1243.00,Database Architects,4.A.1.b.3.b.1,Estimate time or monetary resources needed to complete projects.,22
15-1243.00,Database Architects,4.A.2.a.1.g.6,Assess database performance.,15
15-1243.00,Database Architects,4.A.2.a.1.g.8,Evaluate utility of software or hardware technologies.,18
15-1243.00,Database Architects,4.A.2.a.4.b.6,Analyze market or customer related data.,14
15-1243.00,Database Architects,4.A.2.a.4.d.2,Analyze data to identify trends or relationships among variables.,13
15-1243.00,Database Architects,4.A.2.b.2.b.3,Design computer modeling or simulation programs.,7
15-1243.00,Database Architects,4.A.2.b.2.b.7,Modify software programs to improve performance.,20
15-1243.00,Database Architects,4.A.2.b.2.f.1,Develop database parameters or specifications.,5
15-1243.00,Database Architects,4.A.2.b.2.f.4,Create databases to store electronic data.,1
15-1243.00,Database Architects,4.A.3.b.1.a.3,Write computer programming code.,23
15-1243.00,Database Architects,4.A.3.b.1.b.2,Create electronic data backup to prevent loss of information.,16
15-1243.00,Database Architects,4.A.3.b.1.c.1,Install computer software.,17
15-1243.00,Database Architects,4.A.3.b.1.d.3,Resolve computer software problems.,21
15-1243.00,Database Architects,4.A.3.b.2.a.7,Develop performance metrics or standards related to information technology.,9
15-1243.00,Database Architects,4.A.3.b.2.d.2,Develop models of information or communications systems.,6
15-1243.00,Database Architects,4.A.3.b.2.f.1,Develop procedures for data management.,4
15-1243.00,Database Architects,4.A.3.b.2.f.8,Develop guidelines for system implementation.,8
15-1243.00,Database Architects,4.A.3.b.6.i.4,Document technical specifications or requirements.,2
15-1243.00,Database Architects,4.A.3.b.6.i.5,Document design or development procedures.,11
15-1243.00,Database Architects,4.A.4.a.2.h.7,Collaborate with others to determine design specifications or details.,3
15-1243.00,Database Architects,4.A.4.a.2.h.9,Communicate project information to others.,10
15-1243.00,Database Architects,4.A.4.b.3.e.4,Train others in computer interface or software use.,25
15-1243.00,Database Architects,4.A.4.b.4.j.32,Coordinate project activities with other personnel or departments.,12
15-1243.00,Database Architects,4.A.4.b.6.d.2,Provide technical support for software maintenance or use.,24
15-1243.00,Database Architects,4.A.4.b.6.d.3,Provide recommendations to others about computer hardware.,19
15-1243.01,Data Warehousing Specialists,4.A.1.b.2.h.3,Test software performance.,17
15-1243.01,Data Warehousing Specialists,4.A.2.a.1.j.1,Evaluate project designs to determine adequacy or feasibility.,12
15-1243.01,Data Warehousing Specialists,4.A.2.a.2.a.6,Evaluate data quality.,2
15-1243.01,Data Warehousing Specialists,4.A.2.a.4.d.2,Analyze data to identify trends or relationships among variables.,10
15-1243.01,Data Warehousing Specialists,4.A.2.b.1.i.3,Apply new technologies to improve work processes.,16
15-1243.01,Data Warehousing Specialists,4.A.2.b.2.b.10,Design software applications.,6
15-1243.01,Data Warehousing Specialists,4.A.2.b.2.b.12,Apply information technology to solve business or other applied problems.,15
15-1243.01,Data Warehousing Specialists,4.A.2.b.2.b.7,Modify software programs to improve performance.,8
15-1243.01,Data Warehousing Specialists,4.A.2.b.2.f.4,Create databases to store electronic data.,5
15-1243.01,Data Warehousing Specialists,4.A.2.b.2.o.13,Develop diagrams or flow charts of system operation.,3
15-1243.01,Data Warehousing Specialists,4.A.3.b.1.a.3,Write computer programming code.,7
15-1243.01,Data Warehousing Specialists,4.A.3.b.1.d.2,Troubleshoot issues with computer applications or systems.,9
15-1243.01,Data Warehousing Specialists,4.A.3.b.2.a.7,Develop performance metrics or standards related to information technology.,13
15-1243.01,Data Warehousing Specialists,4.A.3.b.2.d.2,Develop models of information or communications systems.,1
15-1243.01,Data Warehousing Specialists,4.A.3.b.2.f.1,Develop procedures for data management.,4
15-1243.01,Data Warehousing Specialists,4.A.3.b.2.f.15,Develop testing routines or procedures.,14
15-1243.01,Data Warehousing Specialists,4.A.3.b.6.h.2,Document operational procedures.,11
15-1244.00,Network and Computer Systems Administrators,4.A.1.a.1.n.5,Collect data about customer needs.,22
15-1244.00,Network and Computer Systems Administrators,4.A.1.a.1.t.4,Conduct research to gain information about products or processes.,24
15-1244.00,Network and Computer Systems Administrators,4.A.1.a.2.j.2,Monitor the performance of computer networks.,10
15-1244.00,Network and Computer Systems Administrators,4.A.1.b.2.h.1,Test computer hardware performance.,13
15-1244.00,Network and Computer Systems Administrators,4.A.1.b.2.h.3,Test software performance.,14
15-1244.00,Network and Computer Systems Administrators,4.A.2.a.4.e.5,Analyze project data to determine specifications or requirements.,17
15-1244.00,Network and Computer Systems Administrators,4.A.2.a.4.g.14,Analyze data to identify or resolve operational problems.,21
15-1244.00,Network and Computer Systems Administrators,4.A.2.b.1.h.2,Identify information technology project resource requirements.,18
15-1244.00,Network and Computer Systems Administrators,4.A.2.b.2.b.5,Design integrated computer systems.,12
15-1244.00,Network and Computer Systems Administrators,4.A.2.b.3.a.7,Update knowledge about emerging industry or technology trends.,25
15-1244.00,Network and Computer Systems Administrators,4.A.3.b.1.b.1,Implement security measures for computer or information systems.,1
15-1244.00,Network and Computer Systems Administrators,4.A.3.b.1.b.2,Create electronic data backup to prevent loss of information.,3
15-1244.00,Network and Computer Systems Administrators,4.A.3.b.1.c.2,Install computer hardware.,26
15-1244.00,Network and Computer Systems Administrators,4.A.3.b.1.d.1,Resolve computer network problems.,4
15-1244.00,Network and Computer Systems Administrators,4.A.3.b.1.d.2,Troubleshoot issues with computer applications or systems.,6
15-1244.00,Network and Computer Systems Administrators,4.A.3.b.1.d.3,Resolve computer software problems.,5
15-1244.00,Network and Computer Systems Administrators,4.A.3.b.2.f.9,Develop computer or information security policies or procedures.,2
15-1244.00,Network and Computer Systems Administrators,4.A.3.b.5.c.2,Maintain computer networks to enhance performance and user access.,7
15-1244.00,Network and Computer Systems Administrators,4.A.3.b.6.h.11,Document operational activities.,16
15-1244.00,Network and Computer Systems Administrators,4.A.3.b.6.i.3,Document network-related activities or tasks.,11
15-1244.00,Network and Computer Systems Administrators,4.A.4.b.1.a.3,Collaborate with others to resolve information technology issues.,9
15-1244.00,Network and Computer Systems Administrators,4.A.4.b.3.e.4,Train others in computer interface or software use.,23
15-1244.00,Network and Computer Systems Administrators,4.A.4.b.4.j.36,Coordinate resource procurement activities.,20
15-1244.00,Network and Computer Systems Administrators,4.A.4.b.6.d.5,Provide technical support for computer network issues.,8
15-1244.00,Network and Computer Systems Administrators,4.A.4.b.6.d.6,Recommend changes to improve computer or information systems.,19
15-1244.00,Network and Computer Systems Administrators,4.A.4.c.3.a.6,Maintain the inventory of equipment.,15
15-1251.00,Computer Programmers,4.A.1.b.2.h.2,Test computer system operations to ensure proper functioning.,10
15-1251.00,Computer Programmers,4.A.1.b.2.h.3,Test software performance.,3
15-1251.00,Computer Programmers,4.A.2.b.2.b.4,Develop computer or online applications.,16
15-1251.00,Computer Programmers,4.A.2.b.2.b.7,Modify software programs to improve performance.,1
15-1251.00,Computer Programmers,4.A.2.b.2.b.8,Design websites or web applications.,15
15-1251.00,Computer Programmers,4.A.2.b.2.o.13,Develop diagrams or flow charts of system operation.,6
15-1251.00,Computer Programmers,4.A.3.b.1.a.3,Write computer programming code.,2
15-1251.00,Computer Programmers,4.A.3.b.1.d.3,Resolve computer software problems.,4
15-1251.00,Computer Programmers,4.A.3.b.2.d.2,Develop models of information or communications systems.,7
15-1251.00,Computer Programmers,4.A.3.b.6.i.5,Document design or development procedures.,8
15-1251.00,Computer Programmers,4.A.3.b.6.l.8,Prepare instruction manuals.,11
15-1251.00,Computer Programmers,4.A.4.b.1.a.3,Collaborate with others to resolve information technology issues.,5
15-1251.00,Computer Programmers,4.A.4.b.1.f.6,Assign duties or work schedules to employees.,12
15-1251.00,Computer Programmers,4.A.4.b.3.e.3,Teach others to use computer equipment or hardware.,17
15-1251.00,Computer Programmers,4.A.4.b.3.e.4,Train others in computer interface or software use.,9
15-1251.00,Computer Programmers,4.A.4.b.4.a.7,Supervise information technology personnel.,14
15-1251.00,Computer Programmers,4.A.4.b.4.e.7,Manage information technology projects or system activities.,13
15-1251.00,Computer Programmers,4.A.4.b.4.j.32,Coordinate project activities with other personnel or departments.,18
15-1252.00,Software Developers,4.A.1.a.2.j.3,Monitor computer system performance to ensure proper operation.,1
15-1252.00,Software Developers,4.A.2.a.1.g.6,Assess database performance.,9
15-1252.00,Software Developers,4.A.2.a.4.d.1,Apply mathematical principles or statistical approaches to solve problems in scientific or applied fields.,11
15-1252.00,Software Developers,4.A.2.a.4.e.5,Analyze project data to determine specifications or requirements.,2
15-1252.00,Software Developers,4.A.2.b.2.b.10,Design software applications.,12
15-1252.00,Software Developers,4.A.2.b.2.b.7,Modify software programs to improve performance.,5
15-1252.00,Software Developers,4.A.3.b.1.f.7,Prepare data for analysis.,10
15-1252.00,Software Developers,4.A.3.b.2.a.7,Develop performance metrics or standards related to information technology.,14
15-1252.00,Software Developers,4.A.3.b.2.f.15,Develop testing routines or procedures.,3
15-1252.00,Software Developers,4.A.4.a.2.h.7,Collaborate with others to determine design specifications or details.,6
15-1252.00,Software Developers,4.A.4.a.2.h.9,Communicate project information to others.,8
15-1252.00,Software Developers,4.A.4.b.1.a.3,Collaborate with others to resolve information technology issues.,16
15-1252.00,Software Developers,4.A.4.b.1.f.6,Assign duties or work schedules to employees.,17
15-1252.00,Software Developers,4.A.4.b.3.e.3,Teach others to use computer equipment or hardware.,18
15-1252.00,Software Developers,4.A.4.b.4.a.7,Supervise information technology personnel.,13
15-1252.00,Software Developers,4.A.4.b.4.e.4,Coordinate software or hardware installation.,7
15-1252.00,Software Developers,4.A.4.b.4.e.7,Manage information technology projects or system activities.,4
15-1252.00,Software Developers,4.A.4.b.6.d.2,Provide technical support for software maintenance or use.,15
15-1253.00,Software Quality Assurance Analysts and Testers,4.A.1.a.1.b.7,Read documents to gather technical information.,19
15-1253.00,Software Quality Assurance Analysts and Testers,4.A.1.a.2.j.3,Monitor computer system performance to ensure proper operation.,12
15-1253.00,Software Quality Assurance Analysts and Testers,4.A.1.b.2.h.2,Test computer system operations to ensure proper functioning.,10
15-1253.00,Software Quality Assurance Analysts and Testers,4.A.1.b.2.h.3,Test software performance.,16
15-1253.00,Software Quality Assurance Analysts and Testers,4.A.2.a.1.g.6,Assess database performance.,23
15-1253.00,Software Quality Assurance Analysts and Testers,4.A.2.a.1.g.8,Evaluate utility of software or hardware technologies.,22
15-1253.00,Software Quality Assurance Analysts and Testers,4.A.2.a.2.c.2,Compile technical information or documentation.,4
15-1253.00,Software Quality Assurance Analysts and Testers,4.A.2.a.4.d.2,Analyze data to identify trends or relationships among variables.,21
15-1253.00,Software Quality Assurance Analysts and Testers,4.A.2.a.4.g.14,Analyze data to identify or resolve operational problems.,2
15-1253.00,Software Quality Assurance Analysts and Testers,4.A.2.b.2.b.7,Modify software programs to improve performance.,24
15-1253.00,Software Quality Assurance Analysts and Testers,4.A.2.b.2.f.4,Create databases to store electronic data.,11
15-1253.00,Software Quality Assurance Analysts and Testers,4.A.2.b.6.b.8,Develop detailed project plans.,15
15-1253.00,Software Quality Assurance Analysts and Testers,4.A.3.b.1.c.1,Install computer software.,9
15-1253.00,Software Quality Assurance Analysts and Testers,4.A.3.b.1.d.2,Troubleshoot issues with computer applications or systems.,3
15-1253.00,Software Quality Assurance Analysts and Testers,4.A.3.b.1.f.7,Prepare data for analysis.,25
15-1253.00,Software Quality Assurance Analysts and Testers,4.A.3.b.2.a.7,Develop performance metrics or standards related to information technology.,13
15-1253.00,Software Quality Assurance Analysts and Testers,4.A.3.b.2.f.15,Develop testing routines or procedures.,6
15-1253.00,Software Quality Assurance Analysts and Testers,4.A.3.b.6.h.11,Document operational activities.,1
15-1253.00,Software Quality Assurance Analysts and Testers,4.A.3.b.6.i.5,Document design or development procedures.,7
15-1253.00,Software Quality Assurance Analysts and Testers,4.A.4.a.2.g.8,Report maintenance or equipment problems to appropriate personnel.,5
15-1253.00,Software Quality Assurance Analysts and Testers,4.A.4.a.2.h.7,Collaborate with others to determine design specifications or details.,14
15-1253.00,Software Quality Assurance Analysts and Testers,4.A.4.a.3.c.5,Provide customer service to clients or users.,17
15-1253.00,Software Quality Assurance Analysts and Testers,4.A.4.b.1.a.3,Collaborate with others to resolve information technology issues.,20
15-1253.00,Software Quality Assurance Analysts and Testers,4.A.4.b.1.g.3,Manage documentation to ensure organization or accuracy.,18
15-1253.00,Software Quality Assurance Analysts and Testers,4.A.4.b.6.d.3,Provide recommendations to others about computer hardware.,26
15-1253.00,Software Quality Assurance Analysts and Testers,4.A.4.b.6.d.6,Recommend changes to improve computer or information systems.,8
15-1254.00,Web Developers,4.A.1.a.1.t.4,Conduct research to gain information about products or processes.,23
15-1254.00,Web Developers,4.A.1.a.2.j.1,Monitor the security of digital information.,10
15-1254.00,Web Developers,4.A.1.b.2.h.3,Test software performance.,5
15-1254.00,Web Developers,4.A.2.a.1.g.8,Evaluate utility of software or hardware technologies.,20
15-1254.00,Web Developers,4.A.2.a.4.e.5,Analyze project data to determine specifications or requirements.,8
15-1254.00,Web Developers,4.A.2.b.2.b.8,Design websites or web applications.,1
15-1254.00,Web Developers,4.A.2.b.2.f.4,Create databases to store electronic data.,6
15-1254.00,Web Developers,4.A.2.b.2.o.13,Develop diagrams or flow charts of system operation.,24
15-1254.00,Web Developers,4.A.2.b.3.a.7,Update knowledge about emerging industry or technology trends.,7
15-1254.00,Web Developers,4.A.3.b.1.a.3,Write computer programming code.,2
15-1254.00,Web Developers,4.A.3.b.1.b.1,Implement security measures for computer or information systems.,26
15-1254.00,Web Developers,4.A.3.b.1.b.2,Create electronic data backup to prevent loss of information.,4
15-1254.00,Web Developers,4.A.3.b.1.c.2,Install computer hardware.,22
15-1254.00,Web Developers,4.A.3.b.1.c.4,Configure computer networks.,15
15-1254.00,Web Developers,4.A.3.b.1.f.4,Update website content.,3
15-1254.00,Web Developers,4.A.3.b.2.a.3,Develop specifications or procedures for website development or maintenance.,18
15-1254.00,Web Developers,4.A.3.b.2.d.2,Develop models of information or communications systems.,19
15-1254.00,Web Developers,4.A.3.b.2.f.9,Develop computer or information security policies or procedures.,25
15-1254.00,Web Developers,4.A.3.b.6.i.3,Document network-related activities or tasks.,17
15-1254.00,Web Developers,4.A.3.b.6.i.5,Document design or development procedures.,12
15-1254.00,Web Developers,4.A.4.a.2.e.2,Collaborate with others to develop or implement marketing strategies.,13
15-1254.00,Web Developers,4.A.4.a.3.c.5,Provide customer service to clients or users.,11
15-1254.00,Web Developers,4.A.4.b.1.a.3,Collaborate with others to resolve information technology issues.,9
15-1254.00,Web Developers,4.A.4.b.6.d.3,Provide recommendations to others about computer hardware.,21
15-1254.00,Web Developers,4.A.4.b.6.d.5,Provide technical support for computer network issues.,14
15-1254.00,Web Developers,4.A.4.b.6.d.6,Recommend changes to improve computer or information systems.,16
15-1255.00,Web and Digital Interface Designers,4.A.1.a.1.n.2,Gather customer or product information to determine customer needs.,16
15-1255.00,Web and Digital Interface Designers,4.A.1.a.1.t.4,Conduct research to gain information about products or processes.,21
15-1255.00,Web and Digital Interface Designers,4.A.1.b.2.h.3,Test software performance.,7
15-1255.00,Web and Digital Interface Designers,4.A.2.a.4.g.3,"Analyze operational data to evaluate operations, processes or products.",15
15-1255.00,Web and Digital Interface Designers,4.A.2.b.1.i.6,Implement design or process improvements.,11
15-1255.00,Web and Digital Interface Designers,4.A.2.b.2.b.8,Design websites or web applications.,4
15-1255.00,Web and Digital Interface Designers,4.A.2.b.2.o.13,Develop diagrams or flow charts of system operation.,27
15-1255.00,Web and Digital Interface Designers,4.A.2.b.2.o.14,Prepare graphics or other visual representations of information.,10
15-1255.00,Web and Digital Interface Designers,4.A.2.b.2.o.20,Create images or other visual displays.,17
15-1255.00,Web and Digital Interface Designers,4.A.2.b.3.a.7,Update knowledge about emerging industry or technology trends.,12
15-1255.00,Web and Digital Interface Designers,4.A.2.b.6.b.8,Develop detailed project plans.,18
15-1255.00,Web and Digital Interface Designers,4.A.3.b.1.a.3,Write computer programming code.,6
15-1255.00,Web and Digital Interface Designers,4.A.3.b.1.d.2,Troubleshoot issues with computer applications or systems.,3
15-1255.00,Web and Digital Interface Designers,4.A.3.b.1.d.3,Resolve computer software problems.,2
15-1255.00,Web and Digital Interface Designers,4.A.3.b.1.f.4,Update website content.,5
15-1255.00,Web and Digital Interface Designers,4.A.3.b.2.a.3,Develop specifications or procedures for website development or maintenance.,20
15-1255.00,Web and Digital Interface Designers,4.A.3.b.2.d.2,Develop models of information or communications systems.,14
15-1255.00,Web and Digital Interface Designers,4.A.3.b.2.f.15,Develop testing routines or procedures.,25
15-1255.00,Web and Digital Interface Designers,4.A.3.b.6.c.6,Write reports or evaluations.,24
15-1255.00,Web and Digital Interface Designers,4.A.3.b.6.i.3,Document network-related activities or tasks.,26
15-1255.00,Web and Digital Interface Designers,4.A.3.b.6.i.5,Document design or development procedures.,22
15-1255.00,Web and Digital Interface Designers,4.A.4.a.2.e.2,Collaborate with others to develop or implement marketing strategies.,9
15-1255.00,Web and Digital Interface Designers,4.A.4.a.2.h.7,Collaborate with others to determine design specifications or details.,8
15-1255.00,Web and Digital Interface Designers,4.A.4.a.3.c.5,Provide customer service to clients or users.,13
15-1255.00,Web and Digital Interface Designers,4.A.4.b.1.a.3,Collaborate with others to resolve information technology issues.,1
15-1255.00,Web and Digital Interface Designers,4.A.4.b.4.a.7,Supervise information technology personnel.,19
15-1255.00,Web and Digital Interface Designers,4.A.4.b.6.d.5,Provide technical support for computer network issues.,23
15-1255.01,Video Game Designers,4.A.1.b.2.h.3,Test software performance.,3
15-1255.01,Video Game Designers,4.A.2.a.4.b.6,Analyze market or customer related data.,10
15-1255.01,Video Game Designers,4.A.2.b.2.b.9,Design video game features or details.,1
15-1255.01,Video Game Designers,4.A.2.b.2.o.14,Prepare graphics or other visual representations of information.,8
15-1255.01,Video Game Designers,4.A.2.b.3.a.7,Update knowledge about emerging industry or technology trends.,9
15-1255.01,Video Game Designers,4.A.3.b.2.f.15,Develop testing routines or procedures.,12
15-1255.01,Video Game Designers,4.A.3.b.6.i.5,Document design or development procedures.,4
15-1255.01,Video Game Designers,4.A.4.a.2.h.7,Collaborate with others to determine design specifications or details.,2
15-1255.01,Video Game Designers,4.A.4.a.2.h.9,Communicate project information to others.,5
15-1255.01,Video Game Designers,4.A.4.b.1.g.3,Manage documentation to ensure organization or accuracy.,6
15-1255.01,Video Game Designers,4.A.4.b.4.a.7,Supervise information technology personnel.,11
15-1255.01,Video Game Designers,4.A.4.b.4.e.7,Manage information technology projects or system activities.,7
15-1299.01,Web Administrators,4.A.1.a.2.j.1,Monitor the security of digital information.,2
15-1299.01,Web Administrators,4.A.1.b.2.h.2,Test computer system operations to ensure proper functioning.,13
15-1299.01,Web Administrators,4.A.1.b.2.h.3,Test software performance.,30
15-1299.01,Web Administrators,4.A.2.a.1.g.8,Evaluate utility of software or hardware technologies.,32
15-1299.01,Web Administrators,4.A.2.a.4.b.5,Analyze website or related online data to track trends or usage.,12
15-1299.01,Web Administrators,4.A.2.a.4.g.14,Analyze data to identify or resolve operational problems.,18
15-1299.01,Web Administrators,4.A.2.b.1.h.2,Identify information technology project resource requirements.,26
15-1299.01,Web Administrators,4.A.2.b.1.i.4,Implement advertising or marketing initiatives.,31
15-1299.01,Web Administrators,4.A.2.b.2.b.7,Modify software programs to improve performance.,6
15-1299.01,Web Administrators,4.A.2.b.2.b.8,Design websites or web applications.,19
15-1299.01,Web Administrators,4.A.2.b.2.p.2,Maintain contingency plans for disaster recovery.,4
15-1299.01,Web Administrators,4.A.2.b.3.a.7,Update knowledge about emerging industry or technology trends.,24
15-1299.01,Web Administrators,4.A.3.b.1.b.1,Implement security measures for computer or information systems.,10
15-1299.01,Web Administrators,4.A.3.b.1.b.2,Create electronic data backup to prevent loss of information.,5
15-1299.01,Web Administrators,4.A.3.b.1.c.1,Install computer software.,16
15-1299.01,Web Administrators,4.A.3.b.1.c.2,Install computer hardware.,15
15-1299.01,Web Administrators,4.A.3.b.1.d.3,Resolve computer software problems.,7
15-1299.01,Web Administrators,4.A.3.b.1.f.4,Update website content.,17
15-1299.01,Web Administrators,4.A.3.b.2.a.3,Develop specifications or procedures for website development or maintenance.,21
15-1299.01,Web Administrators,4.A.3.b.2.a.7,Develop performance metrics or standards related to information technology.,22
15-1299.01,Web Administrators,4.A.3.b.2.f.15,Develop testing routines or procedures.,29
15-1299.01,Web Administrators,4.A.3.b.2.f.9,Develop computer or information security policies or procedures.,9
15-1299.01,Web Administrators,4.A.3.b.5.c.2,Maintain computer networks to enhance performance and user access.,11
15-1299.01,Web Administrators,4.A.3.b.6.h.11,Document operational activities.,20
15-1299.01,Web Administrators,4.A.3.b.6.h.2,Document operational procedures.,3
15-1299.01,Web Administrators,4.A.3.b.6.i.5,Document design or development procedures.,23
15-1299.01,Web Administrators,4.A.4.a.2.e.2,Collaborate with others to develop or implement marketing strategies.,25
15-1299.01,Web Administrators,4.A.4.b.1.a.3,Collaborate with others to resolve information technology issues.,1
15-1299.01,Web Administrators,4.A.4.b.3.e.4,Train others in computer interface or software use.,28
15-1299.01,Web Administrators,4.A.4.b.4.h.7,Manage budgets for appropriate resource allocation.,14
15-1299.01,Web Administrators,4.A.4.b.6.d.2,Provide technical support for software maintenance or use.,27
15-1299.01,Web Administrators,4.A.4.b.6.d.3,Provide recommendations to others about computer hardware.,33
15-1299.01,Web Administrators,4.A.4.b.6.d.6,Recommend changes to improve computer or information systems.,8
15-1299.02,Geographic Information Systems Technologists and Technicians,4.A.1.a.1.t.4,Conduct research to gain information about products or processes.,16
15-1299.02,Geographic Information Systems Technologists and Technicians,4.A.1.b.2.h.3,Test software performance.,20
15-1299.02,Geographic Information Systems Technologists and Technicians,4.A.2.a.2.a.6,Evaluate data quality.,1
15-1299.02,Geographic Information Systems Technologists and Technicians,4.A.2.a.4.a.6,Analyze Geographic Information Systems (GIS) data for use in green applications.,25
15-1299.02,Geographic Information Systems Technologists and Technicians,4.A.2.a.4.d.2,Analyze data to identify trends or relationships among variables.,6
15-1299.02,Geographic Information Systems Technologists and Technicians,4.A.2.b.2.b.10,Design software applications.,8
15-1299.02,Geographic Information Systems Technologists and Technicians,4.A.2.b.2.b.3,Design computer modeling or simulation programs.,18
15-1299.02,Geographic Information Systems Technologists and Technicians,4.A.2.b.2.b.5,Design integrated computer systems.,17
15-1299.02,Geographic Information Systems Technologists and Technicians,4.A.2.b.2.f.4,Create databases to store electronic data.,4
15-1299.02,Geographic Information Systems Technologists and Technicians,4.A.2.b.2.o.14,Prepare graphics or other visual representations of information.,2
15-1299.02,Geographic Information Systems Technologists and Technicians,4.A.2.b.2.u.3,Develop scientific or mathematical models.,11
15-1299.02,Geographic Information Systems Technologists and Technicians,4.A.2.b.3.a.7,Update knowledge about emerging industry or technology trends.,21
15-1299.02,Geographic Information Systems Technologists and Technicians,4.A.3.b.1.a.3,Write computer programming code.,9
15-1299.02,Geographic Information Systems Technologists and Technicians,4.A.3.b.1.d.2,Troubleshoot issues with computer applications or systems.,15
15-1299.02,Geographic Information Systems Technologists and Technicians,4.A.3.b.1.f.5,Update computer database information.,5
15-1299.02,Geographic Information Systems Technologists and Technicians,4.A.3.b.1.f.7,Prepare data for analysis.,7
15-1299.02,Geographic Information Systems Technologists and Technicians,4.A.3.b.2.d.2,Develop models of information or communications systems.,10
15-1299.02,Geographic Information Systems Technologists and Technicians,4.A.3.b.6.c.5,Prepare analytical reports.,3
15-1299.02,Geographic Information Systems Technologists and Technicians,4.A.3.b.6.i.4,Document technical specifications or requirements.,19
15-1299.02,Geographic Information Systems Technologists and Technicians,4.A.4.a.2.h.7,Collaborate with others to determine design specifications or details.,22
15-1299.02,Geographic Information Systems Technologists and Technicians,4.A.4.b.1.a.3,Collaborate with others to resolve information technology issues.,14
15-1299.02,Geographic Information Systems Technologists and Technicians,4.A.4.b.3.e.4,Train others in computer interface or software use.,23
15-1299.02,Geographic Information Systems Technologists and Technicians,4.A.4.b.4.j.32,Coordinate project activities with other personnel or departments.,13
15-1299.02,Geographic Information Systems Technologists and Technicians,4.A.4.b.6.d.2,Provide technical support for software maintenance or use.,12
15-1299.02,Geographic Information Systems Technologists and Technicians,4.A.4.b.6.d.6,Recommend changes to improve computer or information systems.,24
15-1299.03,Document Management Specialists,4.A.1.a.1.d.5,Retrieve information from electronic sources.,4
15-1299.03,Document Management Specialists,4.A.1.a.1.n.5,Collect data about customer needs.,13
15-1299.03,Document Management Specialists,4.A.1.a.2.j.1,Monitor the security of digital information.,16
15-1299.03,Document Management Specialists,4.A.1.a.2.k.8,Monitor operational activities to ensure compliance with regulations or standard operating procedures.,12
15-1299.03,Document Management Specialists,4.A.2.a.1.g.1,"Assess the cost effectiveness of products, projects, or services.",6
15-1299.03,Document Management Specialists,4.A.2.a.4.e.8,Analyze costs and benefits of proposed designs or projects.,5
15-1299.03,Document Management Specialists,4.A.2.a.4.g.14,Analyze data to identify or resolve operational problems.,20
15-1299.03,Document Management Specialists,4.A.2.b.3.a.7,Update knowledge about emerging industry or technology trends.,14
15-1299.03,Document Management Specialists,4.A.3.b.1.b.1,Implement security measures for computer or information systems.,9
15-1299.03,Document Management Specialists,4.A.3.b.1.f.7,Prepare data for analysis.,3
15-1299.03,Document Management Specialists,4.A.3.b.2.a.7,Develop performance metrics or standards related to information technology.,7
15-1299.03,Document Management Specialists,4.A.3.b.2.f.1,Develop procedures for data management.,1
15-1299.03,Document Management Specialists,4.A.3.b.2.f.15,Develop testing routines or procedures.,10
15-1299.03,Document Management Specialists,4.A.3.b.2.f.16,Develop procedures for data entry or processing.,2
15-1299.03,Document Management Specialists,4.A.3.b.6.h.2,Document operational procedures.,8
15-1299.03,Document Management Specialists,4.A.3.b.6.i.4,Document technical specifications or requirements.,15
15-1299.03,Document Management Specialists,4.A.3.b.6.l.8,Prepare instruction manuals.,19
15-1299.03,Document Management Specialists,4.A.4.b.1.g.3,Manage documentation to ensure organization or accuracy.,11
15-1299.03,Document Management Specialists,4.A.4.b.6.d.2,Provide technical support for software maintenance or use.,17
15-1299.03,Document Management Specialists,4.A.4.b.6.d.6,Recommend changes to improve computer or information systems.,18
15-1299.04,Penetration Testers,4.A.1.a.1.c.5,Examine records or other types of data to investigate criminal activities.,16
15-1299.04,Penetration Testers,4.A.1.a.1.c.7,Investigate illegal or suspicious activities.,6
15-1299.04,Penetration Testers,4.A.1.a.1.d.7,"Search files, databases or reference materials to obtain needed information.",4
15-1299.04,Penetration Testers,4.A.1.b.2.h.2,Test computer system operations to ensure proper functioning.,8
15-1299.04,Penetration Testers,4.A.1.b.2.l.2,"Test performance of electrical, electronic, mechanical, or integrated systems or equipment.",11
15-1299.04,Penetration Testers,4.A.2.a.1.g.7,Evaluate characteristics of equipment or systems.,15
15-1299.04,Penetration Testers,4.A.2.a.4.c.3,Analyze risks to minimize losses or damages.,13
15-1299.04,Penetration Testers,4.A.2.a.4.l.2,"Analyze security of systems, network, or data.",2
15-1299.04,Penetration Testers,4.A.2.a.4.l.3,Interpret design or operational test results.,9
15-1299.04,Penetration Testers,4.A.2.b.2.b.2,Develop computer or information systems.,18
15-1299.04,Penetration Testers,4.A.2.b.3.a.3,Stay informed about current developments in field of specialization.,5
15-1299.04,Penetration Testers,4.A.2.b.4.a.1,Develop organizational policies or programs.,14
15-1299.04,Penetration Testers,4.A.3.b.2.f.15,Develop testing routines or procedures.,7
15-1299.04,Penetration Testers,4.A.3.b.2.f.9,Develop computer or information security policies or procedures.,17
15-1299.04,Penetration Testers,4.A.3.b.6.c.4,Prepare scientific or technical reports or presentations.,10
15-1299.04,Penetration Testers,4.A.3.b.6.c.5,Prepare analytical reports.,3
15-1299.04,Penetration Testers,4.A.3.b.6.c.8,Prepare technical or operational reports.,1
15-1299.04,Penetration Testers,4.A.4.a.2.h.6,Discuss design or technical features of products or services with technical personnel.,12
15-1299.05,Information Security Engineers,4.A.1.a.1.b.7,Read documents to gather technical information.,17
15-1299.05,Information Security Engineers,4.A.1.a.1.c.7,Investigate illegal or suspicious activities.,8
15-1299.05,Information Security Engineers,4.A.1.a.2.k.6,Monitor processes for compliance with standards.,16
15-1299.05,Information Security Engineers,4.A.1.b.2.h.2,Test computer system operations to ensure proper functioning.,5
15-1299.05,Information Security Engineers,4.A.2.a.1.g.3,"Evaluate potential of products, technologies, or resources.",13
15-1299.05,Information Security Engineers,4.A.2.a.1.g.8,Evaluate utility of software or hardware technologies.,3
15-1299.05,Information Security Engineers,4.A.2.a.4.l.2,"Analyze security of systems, network, or data.",1
15-1299.05,Information Security Engineers,4.A.2.b.2.b.1,Develop software or computer applications.,9
15-1299.05,Information Security Engineers,4.A.2.b.2.l.1,Establish work standards.,12
15-1299.05,Information Security Engineers,4.A.2.b.4.a.2,"Develop operating strategies, plans, or procedures.",7
15-1299.05,Information Security Engineers,4.A.3.b.1.b.1,Implement security measures for computer or information systems.,14
15-1299.05,Information Security Engineers,4.A.3.b.1.c.1,Install computer software.,10
15-1299.05,Information Security Engineers,4.A.3.b.1.d.2,Troubleshoot issues with computer applications or systems.,18
15-1299.05,Information Security Engineers,4.A.3.b.2.a.7,Develop performance metrics or standards related to information technology.,11
15-1299.05,Information Security Engineers,4.A.3.b.6.c.6,Write reports or evaluations.,20
15-1299.05,Information Security Engineers,4.A.4.b.3.d.15,Train personnel in technical or scientific procedures.,6
15-1299.05,Information Security Engineers,4.A.4.b.4.a.7,Supervise information technology personnel.,4
15-1299.05,Information Security Engineers,4.A.4.b.4.e.7,Manage information technology projects or system activities.,2
15-1299.05,Information Security Engineers,4.A.4.b.4.j.34,Coordinate reporting or editing activities.,19
15-1299.05,Information Security Engineers,4.A.4.b.6.d.1,Provide technical guidance to other personnel.,21
15-1299.05,Information Security Engineers,4.A.4.b.6.d.6,Recommend changes to improve computer or information systems.,15
15-1299.06,Digital Forensics Analysts,4.A.1.a.1.c.5,Examine records or other types of data to investigate criminal activities.,4
15-1299.06,Digital Forensics Analysts,4.A.1.a.2.j.1,Monitor the security of digital information.,3
15-1299.06,Digital Forensics Analysts,4.A.2.a.2.c.2,Compile technical information or documentation.,7
15-1299.06,Digital Forensics Analysts,4.A.2.a.4.g.16,Analyze traffic data.,12
15-1299.06,Digital Forensics Analysts,4.A.2.a.4.l.2,"Analyze security of systems, network, or data.",17
15-1299.06,Digital Forensics Analysts,4.A.2.b.1.h.2,Identify information technology project resource requirements.,16
15-1299.06,Digital Forensics Analysts,4.A.2.b.2.l.5,Establish operational policies.,13
15-1299.06,Digital Forensics Analysts,4.A.2.b.3.a.15,Maintain knowledge of laws or regulations.,8
15-1299.06,Digital Forensics Analysts,4.A.2.b.6.b.9,Plan production or operational procedures or sequences.,10
15-1299.06,Digital Forensics Analysts,4.A.3.b.1.a.3,Write computer programming code.,19
15-1299.06,Digital Forensics Analysts,4.A.3.b.1.f.10,Enter codes or other information into computers.,18
15-1299.06,Digital Forensics Analysts,4.A.3.b.2.f.14,Develop technical methods or processes.,15
15-1299.06,Digital Forensics Analysts,4.A.3.b.5.c.6,Maintain computer equipment or software.,11
15-1299.06,Digital Forensics Analysts,4.A.3.b.6.c.6,Write reports or evaluations.,5
15-1299.06,Digital Forensics Analysts,4.A.3.b.6.e.1,Record images needed to address work issues.,1
15-1299.06,Digital Forensics Analysts,4.A.3.b.6.h.9,"Maintain records, documents, or other files.",2
15-1299.06,Digital Forensics Analysts,4.A.4.a.1.c.1,Translate information for others.,9
15-1299.06,Digital Forensics Analysts,4.A.4.a.3.a.1,Testify at legal or legislative proceedings.,6
15-1299.06,Digital Forensics Analysts,4.A.4.b.6.d.3,Provide recommendations to others about computer hardware.,20
15-1299.06,Digital Forensics Analysts,4.A.4.b.6.d.6,Recommend changes to improve computer or information systems.,14
15-1299.07,Blockchain Engineers,4.A.1.b.2.h.2,Test computer system operations to ensure proper functioning.,3
15-1299.07,Blockchain Engineers,4.A.2.a.1.g.2,Evaluate new technologies or methods.,12
15-1299.07,Blockchain Engineers,4.A.2.a.1.g.8,Evaluate utility of software or hardware technologies.,7
15-1299.07,Blockchain Engineers,4.A.2.a.4.l.2,"Analyze security of systems, network, or data.",4
15-1299.07,Blockchain Engineers,4.A.2.b.2.b.10,Design software applications.,13
15-1299.07,Blockchain Engineers,4.A.2.b.2.b.5,Design integrated computer systems.,5
15-1299.07,Blockchain Engineers,4.A.2.b.2.f.4,Create databases to store electronic data.,10
15-1299.07,Blockchain Engineers,4.A.3.b.1.a.3,Write computer programming code.,8
15-1299.07,Blockchain Engineers,4.A.3.b.1.b.1,Implement security measures for computer or information systems.,2
15-1299.07,Blockchain Engineers,4.A.3.b.1.c.1,Install computer software.,14
15-1299.07,Blockchain Engineers,4.A.3.b.2.f.1,Develop procedures for data management.,11
15-1299.07,Blockchain Engineers,4.A.3.b.2.f.9,Develop computer or information security policies or procedures.,6
15-1299.07,Blockchain Engineers,4.A.3.b.5.c.6,Maintain computer equipment or software.,9
15-1299.07,Blockchain Engineers,4.A.4.a.2.h.6,Discuss design or technical features of products or services with technical personnel.,1
15-1299.08,Computer Systems Engineers/Architects,4.A.1.a.1.t.4,Conduct research to gain information about products or processes.,13
15-1299.08,Computer Systems Engineers/Architects,4.A.1.a.2.j.3,Monitor computer system performance to ensure proper operation.,7
15-1299.08,Computer Systems Engineers/Architects,4.A.1.b.2.h.1,Test computer hardware performance.,17
15-1299.08,Computer Systems Engineers/Architects,4.A.1.b.2.h.2,Test computer system operations to ensure proper functioning.,8
15-1299.08,Computer Systems Engineers/Architects,4.A.1.b.2.h.3,Test software performance.,18
15-1299.08,Computer Systems Engineers/Architects,4.A.2.a.1.g.8,Evaluate utility of software or hardware technologies.,2
15-1299.08,Computer Systems Engineers/Architects,4.A.2.a.4.l.2,"Analyze security of systems, network, or data.",19
15-1299.08,Computer Systems Engineers/Architects,4.A.2.b.1.h.2,Identify information technology project resource requirements.,9
15-1299.08,Computer Systems Engineers/Architects,4.A.2.b.2.b.10,Design software applications.,30
15-1299.08,Computer Systems Engineers/Architects,4.A.2.b.2.b.3,Design computer modeling or simulation programs.,28
15-1299.08,Computer Systems Engineers/Architects,4.A.2.b.2.b.5,Design integrated computer systems.,22
15-1299.08,Computer Systems Engineers/Architects,4.A.2.b.2.v.2,Develop organizational goals or objectives.,20
15-1299.08,Computer Systems Engineers/Architects,4.A.2.b.6.b.8,Develop detailed project plans.,24
15-1299.08,Computer Systems Engineers/Architects,4.A.3.b.1.c.1,Install computer software.,11
15-1299.08,Computer Systems Engineers/Architects,4.A.3.b.1.c.2,Install computer hardware.,10
15-1299.08,Computer Systems Engineers/Architects,4.A.3.b.1.c.4,Configure computer networks.,14
15-1299.08,Computer Systems Engineers/Architects,4.A.3.b.2.a.7,Develop performance metrics or standards related to information technology.,23
15-1299.08,Computer Systems Engineers/Architects,4.A.3.b.2.d.2,Develop models of information or communications systems.,29
15-1299.08,Computer Systems Engineers/Architects,4.A.3.b.2.f.8,Develop guidelines for system implementation.,4
15-1299.08,Computer Systems Engineers/Architects,4.A.3.b.5.c.1,Maintain computer hardware.,12
15-1299.08,Computer Systems Engineers/Architects,4.A.3.b.6.c.5,Prepare analytical reports.,26
15-1299.08,Computer Systems Engineers/Architects,4.A.3.b.6.i.4,Document technical specifications or requirements.,16
15-1299.08,Computer Systems Engineers/Architects,4.A.4.a.2.h.7,Collaborate with others to determine design specifications or details.,1
15-1299.08,Computer Systems Engineers/Architects,4.A.4.a.2.h.9,Communicate project information to others.,25
15-1299.08,Computer Systems Engineers/Architects,4.A.4.b.3.e.4,Train others in computer interface or software use.,27
15-1299.08,Computer Systems Engineers/Architects,4.A.4.b.4.e.4,Coordinate software or hardware installation.,6
15-1299.08,Computer Systems Engineers/Architects,4.A.4.b.4.e.7,Manage information technology projects or system activities.,5
15-1299.08,Computer Systems Engineers/Architects,4.A.4.b.4.j.32,Coordinate project activities with other personnel or departments.,15
15-1299.08,Computer Systems Engineers/Architects,4.A.4.b.6.d.2,Provide technical support for software maintenance or use.,21
15-1299.08,Computer Systems Engineers/Architects,4.A.4.b.6.d.6,Recommend changes to improve computer or information systems.,3
15-1299.09,Information Technology Project Managers,4.A.1.a.1.n.5,Collect data about customer needs.,7
15-1299.09,Information Technology Project Managers,4.A.1.a.2.c.1,Monitor financial information.,3
15-1299.09,Information Technology Project Managers,4.A.1.a.2.k.2,Inspect products or operations to ensure that standards are met.,5
15-1299.09,Information Technology Project Managers,4.A.2.a.1.g.8,Evaluate utility of software or hardware technologies.,4
15-1299.09,Information Technology Project Managers,4.A.2.a.4.d.2,Analyze data to identify trends or relationships among variables.,12
15-1299.09,Information Technology Project Managers,4.A.2.a.4.l.2,"Analyze security of systems, network, or data.",9
15-1299.09,Information Technology Project Managers,4.A.2.b.1.h.2,Identify information technology project resource requirements.,11
15-1299.09,Information Technology Project Managers,4.A.2.b.6.b.8,Develop detailed project plans.,6
15-1299.09,Information Technology Project Managers,4.A.3.b.2.f.3,Develop information communication procedures.,16
15-1299.09,Information Technology Project Managers,4.A.3.b.2.f.8,Develop guidelines for system implementation.,10
15-1299.09,Information Technology Project Managers,4.A.3.b.6.c.5,Prepare analytical reports.,13
15-1299.09,Information Technology Project Managers,4.A.4.b.1.a.3,Collaborate with others to resolve information technology issues.,2
15-1299.09,Information Technology Project Managers,4.A.4.b.1.f.6,Assign duties or work schedules to employees.,17
15-1299.09,Information Technology Project Managers,4.A.4.b.4.a.7,Supervise information technology personnel.,8
15-1299.09,Information Technology Project Managers,4.A.4.b.4.e.7,Manage information technology projects or system activities.,1
15-1299.09,Information Technology Project Managers,4.A.4.b.4.h.7,Manage budgets for appropriate resource allocation.,15
15-1299.09,Information Technology Project Managers,4.A.4.b.4.j.36,Coordinate resource procurement activities.,18
15-1299.09,Information Technology Project Managers,4.A.4.c.2.a.4,Participate in staffing decisions.,14
15-2011.00,Actuaries,4.A.2.a.4.d.2,Analyze data to identify trends or relationships among variables.,9
15-2011.00,Actuaries,4.A.2.a.4.f.1,Analyze health-related data.,4
15-2011.00,Actuaries,4.A.2.a.4.g.12,Analyze data to inform operational decisions or activities.,2
15-2011.00,Actuaries,4.A.2.a.4.g.2,Analyze operational or research data.,3
15-2011.00,Actuaries,4.A.2.b.2.v.2,Develop organizational goals or objectives.,8
15-2011.00,Actuaries,4.A.4.a.2.e.2,Collaborate with others to develop or implement marketing strategies.,5
15-2011.00,Actuaries,4.A.4.a.3.a.1,Testify at legal or legislative proceedings.,12
15-2011.00,Actuaries,4.A.4.a.3.c.5,Provide customer service to clients or users.,11
15-2011.00,Actuaries,4.A.4.a.7.b.10,Negotiate contracts with clients or service providers.,10
15-2011.00,Actuaries,4.A.4.b.4.h.6,Manage financial activities of the organization.,1
15-2011.00,Actuaries,4.A.4.b.6.b.2,Advise customers on technical or procedural issues.,6
15-2011.00,Actuaries,4.A.4.b.6.h.4,Advise others on legal or regulatory compliance matters.,7
15-2021.00,Mathematicians,4.A.2.a.4.d.1,Apply mathematical principles or statistical approaches to solve problems in scientific or applied fields.,10
15-2021.00,Mathematicians,4.A.2.a.4.d.2,Analyze data to identify trends or relationships among variables.,7
15-2021.00,Mathematicians,4.A.2.a.4.l.2,"Analyze security of systems, network, or data.",13
15-2021.00,Mathematicians,4.A.2.b.1.d.10,Determine appropriate methods for data analysis.,12
15-2021.00,Mathematicians,4.A.2.b.2.b.3,Design computer modeling or simulation programs.,11
15-2021.00,Mathematicians,4.A.2.b.2.u.3,Develop scientific or mathematical models.,4
15-2021.00,Mathematicians,4.A.2.b.3.a.1,Review professional literature to maintain professional knowledge.,8
15-2021.00,Mathematicians,4.A.2.b.3.a.21,Update professional knowledge.,9
15-2021.00,Mathematicians,4.A.2.b.3.a.7,Update knowledge about emerging industry or technology trends.,3
15-2021.00,Mathematicians,4.A.3.b.2.f.9,Develop computer or information security policies or procedures.,14
15-2021.00,Mathematicians,4.A.3.b.6.c.1,Present research results to others.,6
15-2021.00,Mathematicians,4.A.3.b.6.c.5,Prepare analytical reports.,5
15-2021.00,Mathematicians,4.A.4.a.2.b.1,Collaborate on research activities with scientists or technical specialists.,1
15-2021.00,Mathematicians,4.A.4.b.6.d.1,Provide technical guidance to other personnel.,2
15-2031.00,Operations Research Analysts,4.A.1.a.1.t.4,Conduct research to gain information about products or processes.,8
15-2031.00,Operations Research Analysts,4.A.2.a.2.a.6,Evaluate data quality.,4
15-2031.00,Operations Research Analysts,4.A.2.a.4.d.1,Apply mathematical principles or statistical approaches to solve problems in scientific or applied fields.,2
15-2031.00,Operations Research Analysts,4.A.2.a.4.d.2,Analyze data to identify trends or relationships among variables.,15
15-2031.00,Operations Research Analysts,4.A.2.a.4.e.5,Analyze project data to determine specifications or requirements.,11
15-2031.00,Operations Research Analysts,4.A.2.a.4.g.14,Analyze data to identify or resolve operational problems.,10
15-2031.00,Operations Research Analysts,4.A.2.b.1.d.10,Determine appropriate methods for data analysis.,3
15-2031.00,Operations Research Analysts,4.A.2.b.2.b.12,Apply information technology to solve business or other applied problems.,17
15-2031.00,Operations Research Analysts,4.A.2.b.2.b.3,Design computer modeling or simulation programs.,12
15-2031.00,Operations Research Analysts,4.A.2.b.2.u.3,Develop scientific or mathematical models.,5
15-2031.00,Operations Research Analysts,4.A.2.b.3.a.1,Review professional literature to maintain professional knowledge.,18
15-2031.00,Operations Research Analysts,4.A.2.b.6.b.8,Develop detailed project plans.,13
15-2031.00,Operations Research Analysts,4.A.3.b.1.d.2,Troubleshoot issues with computer applications or systems.,9
15-2031.00,Operations Research Analysts,4.A.3.b.6.c.1,Present research results to others.,1
15-2031.00,Operations Research Analysts,4.A.3.b.6.h.11,Document operational activities.,6
15-2031.00,Operations Research Analysts,4.A.4.b.1.a.3,Collaborate with others to resolve information technology issues.,7
15-2031.00,Operations Research Analysts,4.A.4.b.3.d.18,Train others on work processes.,16
15-2031.00,Operations Research Analysts,4.A.4.b.4.h.7,Manage budgets for appropriate resource allocation.,14
15-2041.00,Statisticians,4.A.2.a.1.j.1,Evaluate project designs to determine adequacy or feasibility.,3
15-2041.00,Statisticians,4.A.2.a.2.a.6,Evaluate data quality.,7
15-2041.00,Statisticians,4.A.2.a.4.d.1,Apply mathematical principles or statistical approaches to solve problems in scientific or applied fields.,11
15-2041.00,Statisticians,4.A.2.a.4.d.2,Analyze data to identify trends or relationships among variables.,2
15-2041.00,Statisticians,4.A.2.a.4.e.1,Evaluate technical data to determine effect on designs or plans.,5
15-2041.00,Statisticians,4.A.2.b.1.d.10,Determine appropriate methods for data analysis.,1
15-2041.00,Statisticians,4.A.2.b.2.b.10,Design software applications.,12
15-2041.00,Statisticians,4.A.2.b.2.o.14,Prepare graphics or other visual representations of information.,6
15-2041.00,Statisticians,4.A.2.b.2.s.4,Design research studies to obtain scientific information.,9
15-2041.00,Statisticians,4.A.2.b.3.a.7,Update knowledge about emerging industry or technology trends.,13
15-2041.00,Statisticians,4.A.3.b.1.a.3,Write computer programming code.,16
15-2041.00,Statisticians,4.A.3.b.1.b.1,Implement security measures for computer or information systems.,14
15-2041.00,Statisticians,4.A.3.b.1.c.1,Install computer software.,15
15-2041.00,Statisticians,4.A.3.b.1.f.7,Prepare data for analysis.,8
15-2041.00,Statisticians,4.A.3.b.6.c.1,Present research results to others.,10
15-2041.00,Statisticians,4.A.3.b.6.c.5,Prepare analytical reports.,4
15-2041.00,Statisticians,4.A.4.b.4.a.7,Supervise information technology personnel.,17
15-2041.01,Biostatisticians,4.A.1.a.1.l.3,"Collect information from people through observation, interviews, or surveys.",18
15-2041.01,Biostatisticians,4.A.1.a.1.n.5,Collect data about customer needs.,17
15-2041.01,Biostatisticians,4.A.1.a.2.k.8,Monitor operational activities to ensure compliance with regulations or standard operating procedures.,13
15-2041.01,Biostatisticians,4.A.2.a.4.d.1,Apply mathematical principles or statistical approaches to solve problems in scientific or applied fields.,16
15-2041.01,Biostatisticians,4.A.2.a.4.d.2,Analyze data to identify trends or relationships among variables.,1
15-2041.01,Biostatisticians,4.A.2.a.4.f.1,Analyze health-related data.,2
15-2041.01,Biostatisticians,4.A.2.b.1.d.10,Determine appropriate methods for data analysis.,5
15-2041.01,Biostatisticians,4.A.2.b.2.b.3,Design computer modeling or simulation programs.,20
15-2041.01,Biostatisticians,4.A.2.b.2.f.4,Create databases to store electronic data.,15
15-2041.01,Biostatisticians,4.A.2.b.2.o.14,Prepare graphics or other visual representations of information.,7
15-2041.01,Biostatisticians,4.A.2.b.2.s.4,Design research studies to obtain scientific information.,6
15-2041.01,Biostatisticians,4.A.2.b.2.u.3,Develop scientific or mathematical models.,12
15-2041.01,Biostatisticians,4.A.2.b.3.a.7,Update knowledge about emerging industry or technology trends.,8
15-2041.01,Biostatisticians,4.A.2.b.6.b.8,Develop detailed project plans.,11
15-2041.01,Biostatisticians,4.A.3.b.1.a.3,Write computer programming code.,9
15-2041.01,Biostatisticians,4.A.3.b.6.c.1,Present research results to others.,4
15-2041.01,Biostatisticians,4.A.3.b.6.c.5,Prepare analytical reports.,3
15-2041.01,Biostatisticians,4.A.3.b.6.g.2,Write grant proposals.,14
15-2041.01,Biostatisticians,4.A.4.b.1.f.6,Assign duties or work schedules to employees.,19
15-2041.01,Biostatisticians,4.A.4.b.3.e.4,Train others in computer interface or software use.,21
15-2041.01,Biostatisticians,4.A.4.b.6.b.2,Advise customers on technical or procedural issues.,10
15-2051.00,Data Scientists,4.A.2.a.4.d.1,Apply mathematical principles or statistical approaches to solve problems in scientific or applied fields.,8
15-2051.00,Data Scientists,4.A.2.a.4.d.2,Analyze data to identify trends or relationships among variables.,12
15-2051.00,Data Scientists,4.A.2.a.4.g.12,Analyze data to inform operational decisions or activities.,1
15-2051.00,Data Scientists,4.A.2.a.4.g.14,Analyze data to identify or resolve operational problems.,10
15-2051.00,Data Scientists,4.A.2.a.4.k.4,Analyze business or financial data.,11
15-2051.00,Data Scientists,4.A.2.b.1.d.10,Determine appropriate methods for data analysis.,15
15-2051.00,Data Scientists,4.A.2.b.1.j.11,Select resources needed to accomplish tasks.,7
15-2051.00,Data Scientists,4.A.2.b.2.o.14,Prepare graphics or other visual representations of information.,3
15-2051.00,Data Scientists,4.A.2.b.2.u.3,Develop scientific or mathematical models.,4
15-2051.00,Data Scientists,4.A.2.b.3.a.20,Update technical knowledge.,14
15-2051.00,Data Scientists,4.A.3.b.1.a.3,Write computer programming code.,13
15-2051.00,Data Scientists,4.A.3.b.1.f.7,Prepare data for analysis.,9
15-2051.00,Data Scientists,4.A.3.b.2.f.13,Develop procedures to evaluate organizational activities.,16
15-2051.00,Data Scientists,4.A.3.b.6.c.1,Present research results to others.,5
15-2051.00,Data Scientists,4.A.3.b.6.c.5,Prepare analytical reports.,2
15-2051.00,Data Scientists,4.A.4.b.6.e.5,Advise others on analytical techniques.,6
15-2051.01,Business Intelligence Analysts,4.A.1.a.1.n.5,Collect data about customer needs.,8
15-2051.01,Business Intelligence Analysts,4.A.2.a.4.b.6,Analyze market or customer related data.,5
15-2051.01,Business Intelligence Analysts,4.A.2.b.2.f.4,Create databases to store electronic data.,6
15-2051.01,Business Intelligence Analysts,4.A.2.b.3.a.7,Update knowledge about emerging industry or technology trends.,10
15-2051.01,Business Intelligence Analysts,4.A.3.b.1.f.5,Update computer database information.,2
15-2051.01,Business Intelligence Analysts,4.A.3.b.2.d.2,Develop models of information or communications systems.,11
15-2051.01,Business Intelligence Analysts,4.A.3.b.2.f.3,Develop information communication procedures.,3
15-2051.01,Business Intelligence Analysts,4.A.3.b.6.c.5,Prepare analytical reports.,1
15-2051.01,Business Intelligence Analysts,4.A.3.b.6.h.2,Document operational procedures.,7
15-2051.01,Business Intelligence Analysts,4.A.3.b.6.i.4,Document technical specifications or requirements.,12
15-2051.01,Business Intelligence Analysts,4.A.4.a.2.c.10,Report information to managers or other personnel.,9
15-2051.01,Business Intelligence Analysts,4.A.4.b.6.d.2,Provide technical support for software maintenance or use.,4
15-2051.02,Clinical Data Managers,4.A.1.a.1.d.8,Collect archival data.,16
15-2051.02,Clinical Data Managers,4.A.1.a.2.k.8,Monitor operational activities to ensure compliance with regulations or standard operating procedures.,6
15-2051.02,Clinical Data Managers,4.A.2.a.1.g.8,Evaluate utility of software or hardware technologies.,11
15-2051.02,Clinical Data Managers,4.A.2.a.2.a.6,Evaluate data quality.,1
15-2051.02,Clinical Data Managers,4.A.2.a.4.f.1,Analyze health-related data.,10
15-2051.02,Clinical Data Managers,4.A.2.a.4.g.14,Analyze data to identify or resolve operational problems.,4
15-2051.02,Clinical Data Managers,4.A.2.b.2.b.10,Design software applications.,21
15-2051.02,Clinical Data Managers,4.A.2.b.2.f.4,Create databases to store electronic data.,2
15-2051.02,Clinical Data Managers,4.A.2.b.3.a.7,Update knowledge about emerging industry or technology trends.,19
15-2051.02,Clinical Data Managers,4.A.3.b.1.f.7,Prepare data for analysis.,3
15-2051.02,Clinical Data Managers,4.A.3.b.2.f.1,Develop procedures for data management.,5
15-2051.02,Clinical Data Managers,4.A.3.b.2.f.16,Develop procedures for data entry or processing.,7
15-2051.02,Clinical Data Managers,4.A.3.b.6.c.5,Prepare analytical reports.,8
15-2051.02,Clinical Data Managers,4.A.3.b.6.h.2,Document operational procedures.,14
15-2051.02,Clinical Data Managers,4.A.3.b.6.l.8,Prepare instruction manuals.,15
15-2051.02,Clinical Data Managers,4.A.4.a.2.h.7,Collaborate with others to determine design specifications or details.,9
15-2051.02,Clinical Data Managers,4.A.4.a.2.h.9,Communicate project information to others.,13
15-2051.02,Clinical Data Managers,4.A.4.b.1.g.3,Manage documentation to ensure organization or accuracy.,17
15-2051.02,Clinical Data Managers,4.A.4.b.3.e.4,Train others in computer interface or software use.,20
15-2051.02,Clinical Data Managers,4.A.4.b.4.a.7,Supervise information technology personnel.,18
15-2051.02,Clinical Data Managers,4.A.4.b.6.d.6,Recommend changes to improve computer or information systems.,12
15-2099.01,Bioinformatics Technicians,4.A.1.a.1.d.7,"Search files, databases or reference materials to obtain needed information.",5
15-2099.01,Bioinformatics Technicians,4.A.2.a.1.g.6,Assess database performance.,8
15-2099.01,Bioinformatics Technicians,4.A.2.a.4.g.2,Analyze operational or research data.,2
15-2099.01,Bioinformatics Technicians,4.A.2.b.2.b.4,Develop computer or online applications.,1
15-2099.01,Bioinformatics Technicians,4.A.2.b.3.a.5,Maintain current knowledge related to work activities.,11
15-2099.01,Bioinformatics Technicians,4.A.3.b.1.b.2,Create electronic data backup to prevent loss of information.,15
15-2099.01,Bioinformatics Technicians,4.A.3.b.1.d.2,Troubleshoot issues with computer applications or systems.,16
15-2099.01,Bioinformatics Technicians,4.A.3.b.1.f.12,"Format digital documents, data, or images.",13
15-2099.01,Bioinformatics Technicians,4.A.3.b.1.f.6,Enter information into databases or software programs.,4
15-2099.01,Bioinformatics Technicians,4.A.3.b.2.f.10,Develop data analysis or data management procedures.,6
15-2099.01,Bioinformatics Technicians,4.A.3.b.5.c.6,Maintain computer equipment or software.,9
15-2099.01,Bioinformatics Technicians,4.A.3.b.6.c.2,Prepare research or technical reports.,10
15-2099.01,Bioinformatics Technicians,4.A.3.b.6.h.5,Maintain operational records.,7
15-2099.01,Bioinformatics Technicians,4.A.4.a.2.c.14,Confer with organizational members to accomplish work activities.,14
15-2099.01,Bioinformatics Technicians,4.A.4.a.2.c.15,Confer with coworkers to coordinate work activities.,3
15-2099.01,Bioinformatics Technicians,4.A.4.b.3.d.4,Train personnel.,12
17-1011.00,"Architects, Except Landscape and Naval",4.A.1.a.1.j.3,Investigate the environmental impact of projects.,14
17-1011.00,"Architects, Except Landscape and Naval",4.A.1.b.2.c.4,Test characteristics of materials or structures.,11
17-1011.00,"Architects, Except Landscape and Naval",4.A.1.b.2.e.12,Inspect facilities or sites to determine if they meet specifications or standards.,6
17-1011.00,"Architects, Except Landscape and Naval",4.A.1.b.2.f.1,Verify alignment of structures or equipment.,12
17-1011.00,"Architects, Except Landscape and Naval",4.A.2.a.4.e.8,Analyze costs and benefits of proposed designs or projects.,17
17-1011.00,"Architects, Except Landscape and Naval",4.A.2.b.2.m.1,Design water conservation systems.,13
17-1011.00,"Architects, Except Landscape and Naval",4.A.2.b.2.o.16,Create graphical representations of structures or landscapes.,1
17-1011.00,"Architects, Except Landscape and Naval",4.A.2.b.6.b.7,Prepare detailed work plans.,5
17-1011.00,"Architects, Except Landscape and Naval",4.A.3.b.2.b.2,Incorporate green features into the design of structures or facilities.,2
17-1011.00,"Architects, Except Landscape and Naval",4.A.3.b.2.b.4,Design structures or facilities.,7
17-1011.00,"Architects, Except Landscape and Naval",4.A.3.b.6.i.1,Prepare procedural documents.,16
17-1011.00,"Architects, Except Landscape and Naval",4.A.3.b.6.i.2,Document technical design details.,9
17-1011.00,"Architects, Except Landscape and Naval",4.A.3.b.6.m.6,"Prepare contracts, disclosures, or applications.",4
17-1011.00,"Architects, Except Landscape and Naval",4.A.4.a.2.j.6,Discuss designs or plans with clients.,3
17-1011.00,"Architects, Except Landscape and Naval",4.A.4.a.6.c.1,Perform marketing activities.,15
17-1011.00,"Architects, Except Landscape and Naval",4.A.4.b.4.a.2,Supervise engineering or other technical personnel.,10
17-1011.00,"Architects, Except Landscape and Naval",4.A.4.b.4.e.10,Direct design or development activities.,8
17-1012.00,Landscape Architects,4.A.1.b.2.e.12,Inspect facilities or sites to determine if they meet specifications or standards.,3
17-1012.00,Landscape Architects,4.A.2.a.4.a.7,"Analyze physical, survey, or geographic data.",2
17-1012.00,Landscape Architects,4.A.2.b.1.j.2,Select project materials.,12
17-1012.00,Landscape Architects,4.A.2.b.2.m.1,Design water conservation systems.,14
17-1012.00,Landscape Architects,4.A.2.b.2.o.16,Create graphical representations of structures or landscapes.,7
17-1012.00,Landscape Architects,4.A.2.b.2.o.19,Create maps.,4
17-1012.00,Landscape Architects,4.A.2.b.3.a.20,Update technical knowledge.,13
17-1012.00,Landscape Architects,4.A.2.b.6.b.7,Prepare detailed work plans.,8
17-1012.00,Landscape Architects,4.A.3.b.2.b.2,Incorporate green features into the design of structures or facilities.,5
17-1012.00,Landscape Architects,4.A.4.a.2.h.3,Confer with technical personnel to prepare designs or operational plans.,6
17-1012.00,Landscape Architects,4.A.4.a.2.j.6,Discuss designs or plans with clients.,1
17-1012.00,Landscape Architects,4.A.4.a.3.b.6,Explain project details to the general public.,9
17-1012.00,Landscape Architects,4.A.4.a.6.c.1,Perform marketing activities.,11
17-1012.00,Landscape Architects,4.A.4.b.4.a.2,Supervise engineering or other technical personnel.,10
17-1012.00,Landscape Architects,4.A.4.b.6.b.3,Advise customers on the use of products or services.,15
17-1021.00,Cartographers and Photogrammetrists,4.A.1.a.1.f.3,Gather physical survey data.,1
17-1021.00,Cartographers and Photogrammetrists,4.A.1.b.2.f.8,Inspect finished products to locate flaws.,3
17-1021.00,Cartographers and Photogrammetrists,4.A.1.b.3.d.3,Calculate geographic positions from survey data.,4
17-1021.00,Cartographers and Photogrammetrists,4.A.1.b.3.d.4,Survey land or bodies of water to measure or determine features.,5
17-1021.00,Cartographers and Photogrammetrists,4.A.2.a.4.a.7,"Analyze physical, survey, or geographic data.",6
17-1021.00,Cartographers and Photogrammetrists,4.A.2.b.1.d.3,Determine operational methods.,9
17-1021.00,Cartographers and Photogrammetrists,4.A.2.b.1.j.1,"Select tools, equipment, or technologies for use in operations or projects.",10
17-1021.00,Cartographers and Photogrammetrists,4.A.2.b.2.o.19,Create maps.,2
17-1021.00,Cartographers and Photogrammetrists,4.A.3.b.1.e.2,Operate computer systems.,8
17-1021.00,Cartographers and Photogrammetrists,4.A.3.b.2.a.1,Determine design criteria or specifications.,7
17-1022.00,Surveyors,4.A.1.a.1.f.3,Gather physical survey data.,6
17-1022.00,Surveyors,4.A.1.a.1.t.4,Conduct research to gain information about products or processes.,14
17-1022.00,Surveyors,4.A.1.b.3.d.3,Calculate geographic positions from survey data.,7
17-1022.00,Surveyors,4.A.1.b.3.d.4,Survey land or bodies of water to measure or determine features.,5
17-1022.00,Surveyors,4.A.2.a.2.a.10,Verify mathematical calculations.,4
17-1022.00,Surveyors,4.A.2.a.4.a.7,"Analyze physical, survey, or geographic data.",10
17-1022.00,Surveyors,4.A.2.b.2.o.19,Create maps.,2
17-1022.00,Surveyors,4.A.2.b.3.a.10,Research topics in area of expertise.,15
17-1022.00,Surveyors,4.A.3.a.2.i.4,Calibrate scientific or technical equipment.,12
17-1022.00,Surveyors,4.A.3.b.2.a.6,Determine operational criteria or specifications.,13
17-1022.00,Surveyors,4.A.3.b.6.i.2,Document technical design details.,3
17-1022.00,Surveyors,4.A.4.a.3.a.1,Testify at legal or legislative proceedings.,11
17-1022.00,Surveyors,4.A.4.b.1.c.7,"Coordinate activities with suppliers, contractors, clients, or other departments.",9
17-1022.00,Surveyors,4.A.4.b.3.d.2,Train personnel on proper operational procedures.,8
17-1022.00,Surveyors,4.A.4.b.4.e.1,Direct surveying activities.,1
17-1022.01,Geodetic Surveyors,4.A.1.a.1.f.3,Gather physical survey data.,9
17-1022.01,Geodetic Surveyors,4.A.1.b.3.d.3,Calculate geographic positions from survey data.,2
17-1022.01,Geodetic Surveyors,4.A.1.b.3.d.4,Survey land or bodies of water to measure or determine features.,3
17-1022.01,Geodetic Surveyors,4.A.2.a.2.a.10,Verify mathematical calculations.,5
17-1022.01,Geodetic Surveyors,4.A.2.a.4.a.7,"Analyze physical, survey, or geographic data.",7
17-1022.01,Geodetic Surveyors,4.A.2.a.4.e.3,Evaluate designs or specifications to ensure quality.,12
17-1022.01,Geodetic Surveyors,4.A.2.a.4.g.3,"Analyze operational data to evaluate operations, processes or products.",1
17-1022.01,Geodetic Surveyors,4.A.2.b.3.a.20,Update technical knowledge.,10
17-1022.01,Geodetic Surveyors,4.A.3.b.6.h.21,Maintain operational records or records systems.,4
17-1022.01,Geodetic Surveyors,4.A.3.b.6.o.4,Prepare operational reports.,13
17-1022.01,Geodetic Surveyors,4.A.4.a.3.b.6,Explain project details to the general public.,8
17-1022.01,Geodetic Surveyors,4.A.4.b.3.d.2,Train personnel on proper operational procedures.,11
17-1022.01,Geodetic Surveyors,4.A.4.b.4.e.1,Direct surveying activities.,6
17-2011.00,Aerospace Engineers,4.A.1.a.1.f.1,Gather organizational performance information.,14
17-2011.00,Aerospace Engineers,4.A.1.a.1.v.1,"Investigate system, equipment, or product failures.",8
17-2011.00,Aerospace Engineers,4.A.1.a.2.b.16,Monitor operational procedures in technical environments to ensure conformance to standards.,17
17-2011.00,Aerospace Engineers,4.A.1.b.2.g.11,Inspect equipment or systems.,7
17-2011.00,Aerospace Engineers,4.A.1.b.2.l.2,"Test performance of electrical, electronic, mechanical, or integrated systems or equipment.",5
17-2011.00,Aerospace Engineers,4.A.2.a.3.b.4,Evaluate plans or specifications to determine technological or environmental implications.,16
17-2011.00,Aerospace Engineers,4.A.2.a.4.e.3,Evaluate designs or specifications to ensure quality.,2
17-2011.00,Aerospace Engineers,4.A.2.a.4.e.6,Analyze design or requirements information for mechanical equipment or systems.,11
17-2011.00,Aerospace Engineers,4.A.2.a.4.i.2,Analyze environmental regulations to ensure organizational compliance.,15
17-2011.00,Aerospace Engineers,4.A.2.b.1.c.4,Approve expenditures.,13
17-2011.00,Aerospace Engineers,4.A.3.b.2.a.1,Determine design criteria or specifications.,4
17-2011.00,Aerospace Engineers,4.A.3.b.2.d.1,Create models of engineering designs or methods.,6
17-2011.00,Aerospace Engineers,4.A.3.b.2.e.1,Design electromechanical equipment or systems.,1
17-2011.00,Aerospace Engineers,4.A.3.b.6.h.21,Maintain operational records or records systems.,10
17-2011.00,Aerospace Engineers,4.A.3.b.6.i.1,Prepare procedural documents.,9
17-2011.00,Aerospace Engineers,4.A.4.b.4.e.10,Direct design or development activities.,3
17-2011.00,Aerospace Engineers,4.A.4.b.4.g.1,Direct quality control activities.,12
17-2021.00,Agricultural Engineers,4.A.1.a.1.j.3,Investigate the environmental impact of projects.,5
17-2021.00,Agricultural Engineers,4.A.1.b.2.l.2,"Test performance of electrical, electronic, mechanical, or integrated systems or equipment.",8
17-2021.00,Agricultural Engineers,4.A.2.b.2.o.18,Create graphical representations of mechanical equipment.,1
17-2021.00,Agricultural Engineers,4.A.2.b.2.q.5,Develop operational methods or processes that use green materials or emphasize sustainability.,17
17-2021.00,Agricultural Engineers,4.A.2.b.6.b.7,Prepare detailed work plans.,11
17-2021.00,Agricultural Engineers,4.A.3.b.2.b.4,Design structures or facilities.,12
17-2021.00,Agricultural Engineers,4.A.3.b.2.c.1,Design industrial processing systems.,9
17-2021.00,Agricultural Engineers,4.A.3.b.2.e.3,Design electronic or computer equipment or instrumentation.,14
17-2021.00,Agricultural Engineers,4.A.3.b.6.g.3,Prepare proposal documents.,3
17-2021.00,Agricultural Engineers,4.A.3.b.6.i.2,Document technical design details.,2
17-2021.00,Agricultural Engineers,4.A.4.a.2.j.6,Discuss designs or plans with clients.,6
17-2021.00,Agricultural Engineers,4.A.4.b.1.a.2,Confer with other personnel to resolve design or operational problems.,4
17-2021.00,Agricultural Engineers,4.A.4.b.1.c.2,"Communicate technical information to suppliers, contractors, or regulatory agencies.",7
17-2021.00,Agricultural Engineers,4.A.4.b.3.d.2,Train personnel on proper operational procedures.,15
17-2021.00,Agricultural Engineers,4.A.4.b.4.i.3,Direct construction activities.,13
17-2021.00,Agricultural Engineers,4.A.4.b.4.j.2,Direct environmental development activities.,18
17-2021.00,Agricultural Engineers,4.A.4.b.4.j.24,Direct industrial production activities.,16
17-2021.00,Agricultural Engineers,4.A.4.b.6.c.2,Advise others regarding green practices or environmental concerns.,10
17-2031.00,Bioengineers and Biomedical Engineers,4.A.1.a.1.t.1,Research engineering aspects of biological or chemical processes.,5
17-2031.00,Bioengineers and Biomedical Engineers,4.A.1.b.3.b.4,Estimate operational costs.,16
17-2031.00,Bioengineers and Biomedical Engineers,4.A.2.a.1.g.7,Evaluate characteristics of equipment or systems.,1
17-2031.00,Bioengineers and Biomedical Engineers,4.A.2.a.4.g.3,"Analyze operational data to evaluate operations, processes or products.",15
17-2031.00,Bioengineers and Biomedical Engineers,4.A.2.b.1.h.10,Estimate time requirements for development or production projects.,17
17-2031.00,Bioengineers and Biomedical Engineers,4.A.2.b.2.b.1,Develop software or computer applications.,6
17-2031.00,Bioengineers and Biomedical Engineers,4.A.2.b.2.k.4,Design medical devices or appliances.,4
17-2031.00,Bioengineers and Biomedical Engineers,4.A.2.b.2.q.5,Develop operational methods or processes that use green materials or emphasize sustainability.,22
17-2031.00,Bioengineers and Biomedical Engineers,4.A.2.b.2.s.1,Devise research or testing protocols.,23
17-2031.00,Bioengineers and Biomedical Engineers,4.A.2.b.3.a.20,Update technical knowledge.,10
17-2031.00,Bioengineers and Biomedical Engineers,4.A.2.b.6.b.7,Prepare detailed work plans.,18
17-2031.00,Bioengineers and Biomedical Engineers,4.A.3.b.2.d.1,Create models of engineering designs or methods.,7
17-2031.00,Bioengineers and Biomedical Engineers,4.A.3.b.2.f.14,Develop technical methods or processes.,13
17-2031.00,Bioengineers and Biomedical Engineers,4.A.3.b.6.c.9,Prepare technical reports for internal use.,3
17-2031.00,Bioengineers and Biomedical Engineers,4.A.3.b.6.h.21,Maintain operational records or records systems.,8
17-2031.00,Bioengineers and Biomedical Engineers,4.A.3.b.6.i.1,Prepare procedural documents.,11
17-2031.00,Bioengineers and Biomedical Engineers,4.A.3.b.6.m.6,"Prepare contracts, disclosures, or applications.",2
17-2031.00,Bioengineers and Biomedical Engineers,4.A.4.a.2.h.3,Confer with technical personnel to prepare designs or operational plans.,14
17-2031.00,Bioengineers and Biomedical Engineers,4.A.4.b.1.c.2,"Communicate technical information to suppliers, contractors, or regulatory agencies.",12
17-2031.00,Bioengineers and Biomedical Engineers,4.A.4.b.3.d.2,Train personnel on proper operational procedures.,20
17-2031.00,Bioengineers and Biomedical Engineers,4.A.4.b.4.a.2,Supervise engineering or other technical personnel.,9
17-2031.00,Bioengineers and Biomedical Engineers,4.A.4.b.6.b.3,Advise customers on the use of products or services.,21
17-2031.00,Bioengineers and Biomedical Engineers,4.A.4.b.6.e.9,"Recommend technical design or process changes to improve efficiency, quality, or performance.",19
17-2041.00,Chemical Engineers,4.A.1.a.1.i.2,Research industrial processes or operations.,13
17-2041.00,Chemical Engineers,4.A.1.a.1.t.1,Research engineering aspects of biological or chemical processes.,3
17-2041.00,Chemical Engineers,4.A.1.a.2.b.15,Monitor the productivity or efficiency of industrial operations.,9
17-2041.00,Chemical Engineers,4.A.1.b.2.g.9,Conduct validation tests of equipment or processes.,8
17-2041.00,Chemical Engineers,4.A.1.b.3.b.4,Estimate operational costs.,6
17-2041.00,Chemical Engineers,4.A.2.a.1.g.7,Evaluate characteristics of equipment or systems.,4
17-2041.00,Chemical Engineers,4.A.2.b.1.b.1,Determine causes of operational problems or failures.,2
17-2041.00,Chemical Engineers,4.A.2.b.1.d.3,Determine operational methods.,10
17-2041.00,Chemical Engineers,4.A.2.b.2.b.3,Design computer modeling or simulation programs.,14
17-2041.00,Chemical Engineers,4.A.2.b.2.e.2,"Develop safety standards, policies, or procedures.",1
17-2041.00,Chemical Engineers,4.A.3.b.2.c.1,Design industrial processing systems.,5
17-2041.00,Chemical Engineers,4.A.3.b.2.c.6,Design control systems for mechanical or other equipment.,12
17-2041.00,Chemical Engineers,4.A.3.b.2.f.14,Develop technical methods or processes.,11
17-2041.00,Chemical Engineers,4.A.3.b.6.o.4,Prepare operational reports.,7
17-2041.00,Chemical Engineers,4.A.4.b.4.j.24,Direct industrial production activities.,15
17-2051.00,Civil Engineers,4.A.1.a.1.j.3,Investigate the environmental impact of projects.,11
17-2051.00,Civil Engineers,4.A.1.b.2.c.4,Test characteristics of materials or structures.,2
17-2051.00,Civil Engineers,4.A.1.b.2.e.12,Inspect facilities or sites to determine if they meet specifications or standards.,4
17-2051.00,Civil Engineers,4.A.1.b.3.b.4,Estimate operational costs.,12
17-2051.00,Civil Engineers,4.A.1.b.3.d.4,Survey land or bodies of water to measure or determine features.,9
17-2051.00,Civil Engineers,4.A.2.a.4.e.1,Evaluate technical data to determine effect on designs or plans.,8
17-2051.00,Civil Engineers,4.A.2.b.1.h.1,Estimate technical or resource requirements for development or production projects.,5
17-2051.00,Civil Engineers,4.A.2.b.1.i.6,Implement design or process improvements.,16
17-2051.00,Civil Engineers,4.A.2.b.2.m.7,Design systems to reduce harmful emissions.,17
17-2051.00,Civil Engineers,4.A.2.b.2.o.3,Create graphical representations of civil structures.,6
17-2051.00,Civil Engineers,4.A.3.b.2.b.2,Incorporate green features into the design of structures or facilities.,15
17-2051.00,Civil Engineers,4.A.3.b.2.f.14,Develop technical methods or processes.,10
17-2051.00,Civil Engineers,4.A.3.b.6.g.3,Prepare proposal documents.,14
17-2051.00,Civil Engineers,4.A.4.a.3.b.6,Explain project details to the general public.,13
17-2051.00,Civil Engineers,4.A.4.b.1.g.2,Coordinate safety or regulatory compliance activities.,1
17-2051.00,Civil Engineers,4.A.4.b.4.i.3,Direct construction activities.,3
17-2051.00,Civil Engineers,4.A.4.b.6.e.9,"Recommend technical design or process changes to improve efficiency, quality, or performance.",7
17-2051.01,Transportation Engineers,4.A.1.a.1.j.3,Investigate the environmental impact of projects.,17
17-2051.01,Transportation Engineers,4.A.1.b.2.c.4,Test characteristics of materials or structures.,19
17-2051.01,Transportation Engineers,4.A.1.b.2.e.12,Inspect facilities or sites to determine if they meet specifications or standards.,12
17-2051.01,Transportation Engineers,4.A.1.b.3.b.4,Estimate operational costs.,9
17-2051.01,Transportation Engineers,4.A.2.a.1.g.7,Evaluate characteristics of equipment or systems.,11
17-2051.01,Transportation Engineers,4.A.2.a.3.b.4,Evaluate plans or specifications to determine technological or environmental implications.,23
17-2051.01,Transportation Engineers,4.A.2.a.4.e.1,Evaluate technical data to determine effect on designs or plans.,16
17-2051.01,Transportation Engineers,4.A.2.a.4.e.3,Evaluate designs or specifications to ensure quality.,2
17-2051.01,Transportation Engineers,4.A.2.b.2.b.1,Develop software or computer applications.,26
17-2051.01,Transportation Engineers,4.A.2.b.2.m.4,Design environmental control systems.,10
17-2051.01,Transportation Engineers,4.A.2.b.2.o.3,Create graphical representations of civil structures.,7
17-2051.01,Transportation Engineers,4.A.2.b.5.b.7,Schedule operational activities.,15
17-2051.01,Transportation Engineers,4.A.2.b.6.b.7,Prepare detailed work plans.,4
17-2051.01,Transportation Engineers,4.A.3.b.2.a.6,Determine operational criteria or specifications.,13
17-2051.01,Transportation Engineers,4.A.3.b.2.b.2,Incorporate green features into the design of structures or facilities.,25
17-2051.01,Transportation Engineers,4.A.3.b.2.b.3,Design civil structures or systems.,1
17-2051.01,Transportation Engineers,4.A.3.b.2.d.1,Create models of engineering designs or methods.,20
17-2051.01,Transportation Engineers,4.A.3.b.6.c.8,Prepare technical or operational reports.,3
17-2051.01,Transportation Engineers,4.A.4.a.2.h.3,Confer with technical personnel to prepare designs or operational plans.,5
17-2051.01,Transportation Engineers,4.A.4.a.3.b.6,Explain project details to the general public.,6
17-2051.01,Transportation Engineers,4.A.4.a.7.b.10,Negotiate contracts with clients or service providers.,22
17-2051.01,Transportation Engineers,4.A.4.a.7.b.4,"Negotiate contracts for transportation, distribution, or logistics services.",21
17-2051.01,Transportation Engineers,4.A.4.b.4.e.1,Direct surveying activities.,24
17-2051.01,Transportation Engineers,4.A.4.b.4.h.10,Prepare project budgets.,14
17-2051.01,Transportation Engineers,4.A.4.b.4.j.4,Direct equipment maintenance or repair activities.,18
17-2051.01,Transportation Engineers,4.A.4.b.6.i.3,Advise others on health and safety issues.,8
17-2051.02,Water/Wastewater Engineers,4.A.1.a.1.j.3,Investigate the environmental impact of projects.,9
17-2051.02,Water/Wastewater Engineers,4.A.1.a.1.t.5,Research advanced engineering designs or applications.,14
17-2051.02,Water/Wastewater Engineers,4.A.1.b.1.b.6,Identify opportunities to improve operational efficiency.,7
17-2051.02,Water/Wastewater Engineers,4.A.2.a.1.g.7,Evaluate characteristics of equipment or systems.,6
17-2051.02,Water/Wastewater Engineers,4.A.2.a.4.a.7,"Analyze physical, survey, or geographic data.",15
17-2051.02,Water/Wastewater Engineers,4.A.2.a.4.e.3,Evaluate designs or specifications to ensure quality.,4
17-2051.02,Water/Wastewater Engineers,4.A.2.a.4.e.8,Analyze costs and benefits of proposed designs or projects.,12
17-2051.02,Water/Wastewater Engineers,4.A.2.a.4.g.3,"Analyze operational data to evaluate operations, processes or products.",17
17-2051.02,Water/Wastewater Engineers,4.A.2.b.1.j.1,"Select tools, equipment, or technologies for use in operations or projects.",10
17-2051.02,Water/Wastewater Engineers,4.A.2.b.6.b.7,Prepare detailed work plans.,19
17-2051.02,Water/Wastewater Engineers,4.A.3.b.2.b.3,Design civil structures or systems.,5
17-2051.02,Water/Wastewater Engineers,4.A.3.b.2.b.4,Design structures or facilities.,21
17-2051.02,Water/Wastewater Engineers,4.A.3.b.2.c.1,Design industrial processing systems.,8
17-2051.02,Water/Wastewater Engineers,4.A.3.b.2.d.1,Create models of engineering designs or methods.,18
17-2051.02,Water/Wastewater Engineers,4.A.3.b.2.f.14,Develop technical methods or processes.,11
17-2051.02,Water/Wastewater Engineers,4.A.3.b.6.c.8,Prepare technical or operational reports.,20
17-2051.02,Water/Wastewater Engineers,4.A.4.b.4.a.2,Supervise engineering or other technical personnel.,3
17-2051.02,Water/Wastewater Engineers,4.A.4.b.4.j.2,Direct environmental development activities.,16
17-2051.02,Water/Wastewater Engineers,4.A.4.b.6.c.2,Advise others regarding green practices or environmental concerns.,13
17-2051.02,Water/Wastewater Engineers,4.A.4.b.6.d.1,Provide technical guidance to other personnel.,2
17-2051.02,Water/Wastewater Engineers,4.A.4.b.6.e.9,"Recommend technical design or process changes to improve efficiency, quality, or performance.",1
17-2061.00,Computer Hardware Engineers,4.A.1.a.2.k.6,Monitor processes for compliance with standards.,15
17-2061.00,Computer Hardware Engineers,4.A.1.b.2.g.9,Conduct validation tests of equipment or processes.,7
17-2061.00,Computer Hardware Engineers,4.A.1.b.2.l.2,"Test performance of electrical, electronic, mechanical, or integrated systems or equipment.",5
17-2061.00,Computer Hardware Engineers,4.A.2.a.4.e.2,Analyze design requirements for computer or electronics systems.,10
17-2061.00,Computer Hardware Engineers,4.A.2.b.1.j.2,Select project materials.,11
17-2061.00,Computer Hardware Engineers,4.A.2.b.3.a.20,Update technical knowledge.,1
17-2061.00,Computer Hardware Engineers,4.A.3.a.2.d.2,Assemble equipment or components.,17
17-2061.00,Computer Hardware Engineers,4.A.3.b.2.a.6,Determine operational criteria or specifications.,16
17-2061.00,Computer Hardware Engineers,4.A.3.b.2.d.3,Create physical models or prototypes.,4
17-2061.00,Computer Hardware Engineers,4.A.3.b.2.e.3,Design electronic or computer equipment or instrumentation.,2
17-2061.00,Computer Hardware Engineers,4.A.3.b.6.i.1,Prepare procedural documents.,6
17-2061.00,Computer Hardware Engineers,4.A.4.a.2.h.3,Confer with technical personnel to prepare designs or operational plans.,3
17-2061.00,Computer Hardware Engineers,4.A.4.b.3.d.2,Train personnel on proper operational procedures.,14
17-2061.00,Computer Hardware Engineers,4.A.4.b.4.a.2,Supervise engineering or other technical personnel.,8
17-2061.00,Computer Hardware Engineers,4.A.4.b.6.b.3,Advise customers on the use of products or services.,12
17-2061.00,Computer Hardware Engineers,4.A.4.b.6.d.1,Provide technical guidance to other personnel.,13
17-2061.00,Computer Hardware Engineers,4.A.4.b.6.e.9,"Recommend technical design or process changes to improve efficiency, quality, or performance.",9
17-2071.00,Electrical Engineers,4.A.1.a.1.f.4,Collect data about project sites.,14
17-2071.00,Electrical Engineers,4.A.1.a.1.v.1,"Investigate system, equipment, or product failures.",17
17-2071.00,Electrical Engineers,4.A.1.a.2.b.15,Monitor the productivity or efficiency of industrial operations.,15
17-2071.00,Electrical Engineers,4.A.1.a.2.b.9,Inspect operational processes.,13
17-2071.00,Electrical Engineers,4.A.1.b.2.c.2,Test products for functionality or quality.,12
17-2071.00,Electrical Engineers,4.A.1.b.3.b.4,Estimate operational costs.,23
17-2071.00,Electrical Engineers,4.A.1.b.3.d.4,Survey land or bodies of water to measure or determine features.,29
17-2071.00,Electrical Engineers,4.A.2.b.1.h.1,Estimate technical or resource requirements for development or production projects.,8
17-2071.00,Electrical Engineers,4.A.2.b.2.b.1,Develop software or computer applications.,22
17-2071.00,Electrical Engineers,4.A.2.b.2.b.6,Develop software or applications for scientific or technical use.,21
17-2071.00,Electrical Engineers,4.A.2.b.2.m.6,Design alternative energy systems.,18
17-2071.00,Electrical Engineers,4.A.2.b.2.m.8,Design energy-efficient equipment or systems.,28
17-2071.00,Electrical Engineers,4.A.2.b.2.o.5,Create electrical schematics.,16
17-2071.00,Electrical Engineers,4.A.2.b.2.s.1,Devise research or testing protocols.,25
17-2071.00,Electrical Engineers,4.A.3.b.1.e.2,Operate computer systems.,9
17-2071.00,Electrical Engineers,4.A.3.b.2.b.4,Design structures or facilities.,2
17-2071.00,Electrical Engineers,4.A.3.b.2.c.6,Design control systems for mechanical or other equipment.,20
17-2071.00,Electrical Engineers,4.A.3.b.2.e.2,Design electrical equipment or systems.,1
17-2071.00,Electrical Engineers,4.A.3.b.5.c.4,Maintain electronic equipment.,3
17-2071.00,Electrical Engineers,4.A.3.b.6.o.4,Prepare operational reports.,19
17-2071.00,Electrical Engineers,4.A.4.a.2.h.3,Confer with technical personnel to prepare designs or operational plans.,10
17-2071.00,Electrical Engineers,4.A.4.a.2.j.6,Discuss designs or plans with clients.,11
17-2071.00,Electrical Engineers,4.A.4.b.3.d.2,Train personnel on proper operational procedures.,27
17-2071.00,Electrical Engineers,4.A.4.b.4.a.2,Supervise engineering or other technical personnel.,26
17-2071.00,Electrical Engineers,4.A.4.b.4.h.10,Prepare project budgets.,24
17-2071.00,Electrical Engineers,4.A.4.b.4.i.3,Direct construction activities.,5
17-2071.00,Electrical Engineers,4.A.4.b.4.i.4,Direct installation activities.,7
17-2071.00,Electrical Engineers,4.A.4.b.4.j.24,Direct industrial production activities.,4
17-2071.00,Electrical Engineers,4.A.4.b.4.j.4,Direct equipment maintenance or repair activities.,6
17-2072.00,"Electronics Engineers, Except Computer",4.A.1.a.1.t.3,Research design or application of green technologies.,22
17-2072.00,"Electronics Engineers, Except Computer",4.A.1.b.2.c.2,Test products for functionality or quality.,13
17-2072.00,"Electronics Engineers, Except Computer",4.A.1.b.2.f.8,Inspect finished products to locate flaws.,17
17-2072.00,"Electronics Engineers, Except Computer",4.A.1.b.3.b.4,Estimate operational costs.,20
17-2072.00,"Electronics Engineers, Except Computer",4.A.2.a.1.g.7,Evaluate characteristics of equipment or systems.,3
17-2072.00,"Electronics Engineers, Except Computer",4.A.2.a.4.e.2,Analyze design requirements for computer or electronics systems.,14
17-2072.00,"Electronics Engineers, Except Computer",4.A.2.b.1.h.1,Estimate technical or resource requirements for development or production projects.,18
17-2072.00,"Electronics Engineers, Except Computer",4.A.2.b.2.o.8,Create schematic drawings for electronics.,19
17-2072.00,"Electronics Engineers, Except Computer",4.A.2.b.5.b.7,Schedule operational activities.,16
17-2072.00,"Electronics Engineers, Except Computer",4.A.3.b.1.e.2,Operate computer systems.,2
17-2072.00,"Electronics Engineers, Except Computer",4.A.3.b.2.a.6,Determine operational criteria or specifications.,12
17-2072.00,"Electronics Engineers, Except Computer",4.A.3.b.2.e.3,Design electronic or computer equipment or instrumentation.,1
17-2072.00,"Electronics Engineers, Except Computer",4.A.3.b.6.i.2,Document technical design details.,11
17-2072.00,"Electronics Engineers, Except Computer",4.A.3.b.6.o.4,Prepare operational reports.,15
17-2072.00,"Electronics Engineers, Except Computer",4.A.4.a.2.h.3,Confer with technical personnel to prepare designs or operational plans.,6
17-2072.00,"Electronics Engineers, Except Computer",4.A.4.a.2.j.6,Discuss designs or plans with clients.,7
17-2072.00,"Electronics Engineers, Except Computer",4.A.4.a.3.b.6,Explain project details to the general public.,23
17-2072.00,"Electronics Engineers, Except Computer",4.A.4.b.1.c.2,"Communicate technical information to suppliers, contractors, or regulatory agencies.",5
17-2072.00,"Electronics Engineers, Except Computer",4.A.4.b.4.h.10,Prepare project budgets.,21
17-2072.00,"Electronics Engineers, Except Computer",4.A.4.b.4.j.24,Direct industrial production activities.,4
17-2072.00,"Electronics Engineers, Except Computer",4.A.4.b.6.b.3,Advise customers on the use of products or services.,8
17-2072.00,"Electronics Engineers, Except Computer",4.A.4.b.6.d.1,Provide technical guidance to other personnel.,9
17-2072.00,"Electronics Engineers, Except Computer",4.A.4.b.6.e.9,"Recommend technical design or process changes to improve efficiency, quality, or performance.",10
17-2072.01,Radio Frequency Identification Device Specialists,4.A.1.a.1.f.4,Collect data about project sites.,8
17-2072.01,Radio Frequency Identification Device Specialists,4.A.1.b.2.g.11,Inspect equipment or systems.,14
17-2072.01,Radio Frequency Identification Device Specialists,4.A.1.b.2.g.9,Conduct validation tests of equipment or processes.,9
17-2072.01,Radio Frequency Identification Device Specialists,4.A.1.b.2.l.2,"Test performance of electrical, electronic, mechanical, or integrated systems or equipment.",4
17-2072.01,Radio Frequency Identification Device Specialists,4.A.2.a.1.g.5,Assess product or process usefulness.,11
17-2072.01,Radio Frequency Identification Device Specialists,4.A.2.a.4.e.2,Analyze design requirements for computer or electronics systems.,5
17-2072.01,Radio Frequency Identification Device Specialists,4.A.2.a.4.g.3,"Analyze operational data to evaluate operations, processes or products.",20
17-2072.01,Radio Frequency Identification Device Specialists,4.A.2.b.1.d.3,Determine operational methods.,10
17-2072.01,Radio Frequency Identification Device Specialists,4.A.2.b.1.h.1,Estimate technical or resource requirements for development or production projects.,2
17-2072.01,Radio Frequency Identification Device Specialists,4.A.2.b.1.j.2,Select project materials.,6
17-2072.01,Radio Frequency Identification Device Specialists,4.A.2.b.2.b.1,Develop software or computer applications.,3
17-2072.01,Radio Frequency Identification Device Specialists,4.A.2.b.2.o.8,Create schematic drawings for electronics.,19
17-2072.01,Radio Frequency Identification Device Specialists,4.A.2.b.3.a.20,Update technical knowledge.,17
17-2072.01,Radio Frequency Identification Device Specialists,4.A.3.a.2.t.5,Install instrumentation or electronic equipment or systems.,12
17-2072.01,Radio Frequency Identification Device Specialists,4.A.3.b.2.e.3,Design electronic or computer equipment or instrumentation.,1
17-2072.01,Radio Frequency Identification Device Specialists,4.A.3.b.2.f.14,Develop technical methods or processes.,15
17-2072.01,Radio Frequency Identification Device Specialists,4.A.3.b.5.c.4,Maintain electronic equipment.,13
17-2072.01,Radio Frequency Identification Device Specialists,4.A.3.b.6.i.2,Document technical design details.,18
17-2072.01,Radio Frequency Identification Device Specialists,4.A.4.b.3.d.2,Train personnel on proper operational procedures.,16
17-2072.01,Radio Frequency Identification Device Specialists,4.A.4.b.6.b.3,Advise customers on the use of products or services.,7
17-2081.00,Environmental Engineers,4.A.1.a.1.j.3,Investigate the environmental impact of projects.,3
17-2081.00,Environmental Engineers,4.A.1.a.2.i.4,Monitor activities affecting environmental quality.,7
17-2081.00,Environmental Engineers,4.A.1.b.2.c.4,Test characteristics of materials or structures.,23
17-2081.00,Environmental Engineers,4.A.1.b.2.e.12,Inspect facilities or sites to determine if they meet specifications or standards.,15
17-2081.00,Environmental Engineers,4.A.2.b.2.m.4,Design environmental control systems.,1
17-2081.00,Environmental Engineers,4.A.2.b.3.a.9,Attend conferences or workshops to maintain professional knowledge.,24
17-2081.00,Environmental Engineers,4.A.2.b.6.b.7,Prepare detailed work plans.,21
17-2081.00,Environmental Engineers,4.A.3.a.2.ap.4,Package materials for transport.,22
17-2081.00,Environmental Engineers,4.A.3.b.2.a.6,Determine operational criteria or specifications.,5
17-2081.00,Environmental Engineers,4.A.3.b.2.f.14,Develop technical methods or processes.,10
17-2081.00,Environmental Engineers,4.A.3.b.6.c.6,Write reports or evaluations.,27
17-2081.00,Environmental Engineers,4.A.3.b.6.c.7,Prepare research or technical reports on environmental issues.,26
17-2081.00,Environmental Engineers,4.A.3.b.6.c.8,Prepare technical or operational reports.,9
17-2081.00,Environmental Engineers,4.A.3.b.6.h.21,Maintain operational records or records systems.,8
17-2081.00,Environmental Engineers,4.A.3.b.6.i.1,Prepare procedural documents.,11
17-2081.00,Environmental Engineers,4.A.3.b.6.o.4,Prepare operational reports.,6
17-2081.00,Environmental Engineers,4.A.4.a.2.b.3,Assist engineers or scientists with research.,19
17-2081.00,Environmental Engineers,4.A.4.a.2.c.20,Exchange information with colleagues.,25
17-2081.00,Environmental Engineers,4.A.4.a.2.h.3,Confer with technical personnel to prepare designs or operational plans.,17
17-2081.00,Environmental Engineers,4.A.4.a.3.b.6,Explain project details to the general public.,13
17-2081.00,Environmental Engineers,4.A.4.b.1.a.2,Confer with other personnel to resolve design or operational problems.,2
17-2081.00,Environmental Engineers,4.A.4.b.3.c.2,Teach safety standards or environmental compliance methods.,20
17-2081.00,Environmental Engineers,4.A.4.b.3.d.2,Train personnel on proper operational procedures.,18
17-2081.00,Environmental Engineers,4.A.4.b.4.h.10,Prepare project budgets.,14
17-2081.00,Environmental Engineers,4.A.4.b.4.j.2,Direct environmental development activities.,12
17-2081.00,Environmental Engineers,4.A.4.b.6.c.2,Advise others regarding green practices or environmental concerns.,4
17-2081.00,Environmental Engineers,4.A.4.c.3.e.3,"Purchase materials, equipment, or other resources.",16
17-2111.00,"Health and Safety Engineers, Except Mining Safety Engineers and Inspectors",4.A.1.a.1.j.3,Investigate the environmental impact of projects.,16
17-2111.00,"Health and Safety Engineers, Except Mining Safety Engineers and Inspectors",4.A.1.a.1.t.7,Research human performance or health factors related to engineering or design activities.,15
17-2111.00,"Health and Safety Engineers, Except Mining Safety Engineers and Inspectors",4.A.1.a.1.t.9,Research product safety.,2
17-2111.00,"Health and Safety Engineers, Except Mining Safety Engineers and Inspectors",4.A.1.a.1.v.3,Investigate safety of work environment.,1
17-2111.00,"Health and Safety Engineers, Except Mining Safety Engineers and Inspectors",4.A.1.a.2.g.13,Monitor work environment to ensure safety or adherence to specifications.,25
17-2111.00,"Health and Safety Engineers, Except Mining Safety Engineers and Inspectors",4.A.1.b.2.e.12,Inspect facilities or sites to determine if they meet specifications or standards.,20
17-2111.00,"Health and Safety Engineers, Except Mining Safety Engineers and Inspectors",4.A.1.b.2.g.14,Inspect equipment to ensure safety or proper functioning.,22
17-2111.00,"Health and Safety Engineers, Except Mining Safety Engineers and Inspectors",4.A.1.b.2.g.2,Inspect safety equipment to ensure proper functioning.,23
17-2111.00,"Health and Safety Engineers, Except Mining Safety Engineers and Inspectors",4.A.1.b.2.k.2,Test facilities for environmental hazards.,11
17-2111.00,"Health and Safety Engineers, Except Mining Safety Engineers and Inspectors",4.A.2.a.4.e.3,Evaluate designs or specifications to ensure quality.,9
17-2111.00,"Health and Safety Engineers, Except Mining Safety Engineers and Inspectors",4.A.2.b.2.e.2,"Develop safety standards, policies, or procedures.",14
17-2111.00,"Health and Safety Engineers, Except Mining Safety Engineers and Inspectors",4.A.2.b.3.a.20,Update technical knowledge.,5
17-2111.00,"Health and Safety Engineers, Except Mining Safety Engineers and Inspectors",4.A.3.a.2.a.10,Install safety or support equipment.,24
17-2111.00,"Health and Safety Engineers, Except Mining Safety Engineers and Inspectors",4.A.3.a.2.aa.1,Fabricate devices or components.,18
17-2111.00,"Health and Safety Engineers, Except Mining Safety Engineers and Inspectors",4.A.3.b.2.c.3,Design industrial equipment.,17
17-2111.00,"Health and Safety Engineers, Except Mining Safety Engineers and Inspectors",4.A.3.b.6.h.21,Maintain operational records or records systems.,7
17-2111.00,"Health and Safety Engineers, Except Mining Safety Engineers and Inspectors",4.A.3.b.6.i.1,Prepare procedural documents.,10
17-2111.00,"Health and Safety Engineers, Except Mining Safety Engineers and Inspectors",4.A.3.b.6.i.7,Document design or operational test results.,6
17-2111.00,"Health and Safety Engineers, Except Mining Safety Engineers and Inspectors",4.A.4.a.1.a.4,"Explain engineering drawings, specifications, or other technical information.",8
17-2111.00,"Health and Safety Engineers, Except Mining Safety Engineers and Inspectors",4.A.4.a.2.h.3,Confer with technical personnel to prepare designs or operational plans.,13
17-2111.00,"Health and Safety Engineers, Except Mining Safety Engineers and Inspectors",4.A.4.a.3.a.1,Testify at legal or legislative proceedings.,12
17-2111.00,"Health and Safety Engineers, Except Mining Safety Engineers and Inspectors",4.A.4.b.1.a.2,Confer with other personnel to resolve design or operational problems.,19
17-2111.00,"Health and Safety Engineers, Except Mining Safety Engineers and Inspectors",4.A.4.b.3.c.2,Teach safety standards or environmental compliance methods.,4
17-2111.00,"Health and Safety Engineers, Except Mining Safety Engineers and Inspectors",4.A.4.b.4.i.4,Direct installation activities.,21
17-2111.00,"Health and Safety Engineers, Except Mining Safety Engineers and Inspectors",4.A.4.b.6.i.3,Advise others on health and safety issues.,3
17-2111.02,Fire-Prevention and Protection Engineers,4.A.1.a.1.u.2,Examine debris to obtain information about causes of fires.,16
17-2111.02,Fire-Prevention and Protection Engineers,4.A.1.a.2.k.9,Evaluate construction projects to determine compliance with external standards or regulations.,3
17-2111.02,Fire-Prevention and Protection Engineers,4.A.1.b.2.e.12,Inspect facilities or sites to determine if they meet specifications or standards.,5
17-2111.02,Fire-Prevention and Protection Engineers,4.A.2.a.3.a.2,Examine documents to verify adherence to requirements.,4
17-2111.02,Fire-Prevention and Protection Engineers,4.A.2.a.3.a.4,Review documents or materials for compliance with policies or regulations.,7
17-2111.02,Fire-Prevention and Protection Engineers,4.A.2.a.4.i.4,Evaluate applicable laws and regulations to determine impact on organizational activities.,8
17-2111.02,Fire-Prevention and Protection Engineers,4.A.2.b.1.b.1,Determine causes of operational problems or failures.,13
17-2111.02,Fire-Prevention and Protection Engineers,4.A.2.b.2.e.4,Develop fire safety or prevention programs or plans.,2
17-2111.02,Fire-Prevention and Protection Engineers,4.A.2.b.3.a.10,Research topics in area of expertise.,15
17-2111.02,Fire-Prevention and Protection Engineers,4.A.2.b.3.a.13,"Conduct research to inform art, designs, or other work.",18
17-2111.02,Fire-Prevention and Protection Engineers,4.A.2.b.3.a.20,Update technical knowledge.,12
17-2111.02,Fire-Prevention and Protection Engineers,4.A.2.b.6.b.7,Prepare detailed work plans.,17
17-2111.02,Fire-Prevention and Protection Engineers,4.A.3.b.6.c.8,Prepare technical or operational reports.,6
17-2111.02,Fire-Prevention and Protection Engineers,4.A.4.b.1.g.2,Coordinate safety or regulatory compliance activities.,9
17-2111.02,Fire-Prevention and Protection Engineers,4.A.4.b.3.c.2,Teach safety standards or environmental compliance methods.,14
17-2111.02,Fire-Prevention and Protection Engineers,4.A.4.b.4.i.4,Direct installation activities.,11
17-2111.02,Fire-Prevention and Protection Engineers,4.A.4.b.4.j.4,Direct equipment maintenance or repair activities.,10
17-2111.02,Fire-Prevention and Protection Engineers,4.A.4.b.6.i.3,Advise others on health and safety issues.,1
17-2112.00,Industrial Engineers,4.A.1.a.1.b.8,Review technical documents to plan work.,13
17-2112.00,Industrial Engineers,4.A.1.b.3.b.4,Estimate operational costs.,1
17-2112.00,Industrial Engineers,4.A.2.a.4.e.3,Evaluate designs or specifications to ensure quality.,8
17-2112.00,Industrial Engineers,4.A.2.a.4.e.5,Analyze project data to determine specifications or requirements.,4
17-2112.00,Industrial Engineers,4.A.2.a.4.e.6,Analyze design or requirements information for mechanical equipment or systems.,19
17-2112.00,Industrial Engineers,4.A.2.b.1.d.3,Determine operational methods.,2
17-2112.00,Industrial Engineers,4.A.2.b.1.i.6,Implement design or process improvements.,15
17-2112.00,Industrial Engineers,4.A.2.b.2.o.21,Create graphical representations of industrial production systems.,10
17-2112.00,Industrial Engineers,4.A.2.b.2.s.1,Devise research or testing protocols.,21
17-2112.00,Industrial Engineers,4.A.2.b.5.b.7,Schedule operational activities.,20
17-2112.00,Industrial Engineers,4.A.3.b.2.f.14,Develop technical methods or processes.,12
17-2112.00,Industrial Engineers,4.A.3.b.6.i.1,Prepare procedural documents.,18
17-2112.00,Industrial Engineers,4.A.3.b.6.i.2,Document technical design details.,7
17-2112.00,Industrial Engineers,4.A.3.b.6.m.6,"Prepare contracts, disclosures, or applications.",16
17-2112.00,Industrial Engineers,4.A.3.b.6.o.4,Prepare operational reports.,17
17-2112.00,Industrial Engineers,4.A.4.a.2.h.3,Confer with technical personnel to prepare designs or operational plans.,3
17-2112.00,Industrial Engineers,4.A.4.a.2.j.6,Discuss designs or plans with clients.,6
17-2112.00,Industrial Engineers,4.A.4.b.1.c.2,"Communicate technical information to suppliers, contractors, or regulatory agencies.",5
17-2112.00,Industrial Engineers,4.A.4.b.4.a.2,Supervise engineering or other technical personnel.,11
17-2112.00,Industrial Engineers,4.A.4.b.4.g.1,Direct quality control activities.,14
17-2112.00,Industrial Engineers,4.A.4.b.6.e.9,"Recommend technical design or process changes to improve efficiency, quality, or performance.",9
17-2112.01,Human Factors Engineers and Ergonomists,4.A.1.a.1.t.7,Research human performance or health factors related to engineering or design activities.,1
17-2112.01,Human Factors Engineers and Ergonomists,4.A.1.a.1.v.3,Investigate safety of work environment.,10
17-2112.01,Human Factors Engineers and Ergonomists,4.A.1.b.2.e.12,Inspect facilities or sites to determine if they meet specifications or standards.,3
17-2112.01,Human Factors Engineers and Ergonomists,4.A.1.b.2.l.2,"Test performance of electrical, electronic, mechanical, or integrated systems or equipment.",19
17-2112.01,Human Factors Engineers and Ergonomists,4.A.2.a.1.g.5,Assess product or process usefulness.,6
17-2112.01,Human Factors Engineers and Ergonomists,4.A.2.a.4.g.3,"Analyze operational data to evaluate operations, processes or products.",8
17-2112.01,Human Factors Engineers and Ergonomists,4.A.2.b.1.h.1,Estimate technical or resource requirements for development or production projects.,15
17-2112.01,Human Factors Engineers and Ergonomists,4.A.2.b.1.h.10,Estimate time requirements for development or production projects.,16
17-2112.01,Human Factors Engineers and Ergonomists,4.A.2.b.2.s.1,Devise research or testing protocols.,14
17-2112.01,Human Factors Engineers and Ergonomists,4.A.3.b.2.a.6,Determine operational criteria or specifications.,7
17-2112.01,Human Factors Engineers and Ergonomists,4.A.3.b.2.d.1,Create models of engineering designs or methods.,18
17-2112.01,Human Factors Engineers and Ergonomists,4.A.3.b.2.f.14,Develop technical methods or processes.,9
17-2112.01,Human Factors Engineers and Ergonomists,4.A.3.b.6.g.3,Prepare proposal documents.,11
17-2112.01,Human Factors Engineers and Ergonomists,4.A.3.b.6.i.1,Prepare procedural documents.,17
17-2112.01,Human Factors Engineers and Ergonomists,4.A.3.b.6.i.7,Document design or operational test results.,4
17-2112.01,Human Factors Engineers and Ergonomists,4.A.4.a.2.h.3,Confer with technical personnel to prepare designs or operational plans.,2
17-2112.01,Human Factors Engineers and Ergonomists,4.A.4.b.3.d.2,Train personnel on proper operational procedures.,12
17-2112.01,Human Factors Engineers and Ergonomists,4.A.4.b.6.e.9,"Recommend technical design or process changes to improve efficiency, quality, or performance.",13
17-2112.01,Human Factors Engineers and Ergonomists,4.A.4.b.6.i.3,Advise others on health and safety issues.,5
17-2112.02,Validation Engineers,4.A.1.a.1.b.8,Review technical documents to plan work.,1
17-2112.02,Validation Engineers,4.A.1.a.2.b.9,Inspect operational processes.,14
17-2112.02,Validation Engineers,4.A.1.b.2.f.8,Inspect finished products to locate flaws.,9
17-2112.02,Validation Engineers,4.A.1.b.2.g.9,Conduct validation tests of equipment or processes.,6
17-2112.02,Validation Engineers,4.A.2.a.4.l.4,Analyze test or validation data.,2
17-2112.02,Validation Engineers,4.A.2.b.2.s.1,Devise research or testing protocols.,11
17-2112.02,Validation Engineers,4.A.2.b.3.a.20,Update technical knowledge.,17
17-2112.02,Validation Engineers,4.A.2.b.6.b.7,Prepare detailed work plans.,3
17-2112.02,Validation Engineers,4.A.3.a.2.b.2,Collect samples of raw materials or finished products.,15
17-2112.02,Validation Engineers,4.A.3.b.1.e.2,Operate computer systems.,12
17-2112.02,Validation Engineers,4.A.3.b.2.e.3,Design electronic or computer equipment or instrumentation.,19
17-2112.02,Validation Engineers,4.A.3.b.5.c.7,Maintain test equipment.,5
17-2112.02,Validation Engineers,4.A.3.b.6.h.21,Maintain operational records or records systems.,8
17-2112.02,Validation Engineers,4.A.3.b.6.i.2,Document technical design details.,4
17-2112.02,Validation Engineers,4.A.4.a.7.c.2,Resolve operational performance problems.,13
17-2112.02,Validation Engineers,4.A.4.b.1.c.2,"Communicate technical information to suppliers, contractors, or regulatory agencies.",7
17-2112.02,Validation Engineers,4.A.4.b.3.d.2,Train personnel on proper operational procedures.,18
17-2112.02,Validation Engineers,4.A.4.b.4.g.1,Direct quality control activities.,16
17-2112.02,Validation Engineers,4.A.4.b.6.e.9,"Recommend technical design or process changes to improve efficiency, quality, or performance.",10
17-2112.03,Manufacturing Engineers,4.A.1.a.1.j.3,Investigate the environmental impact of projects.,26
17-2112.03,Manufacturing Engineers,4.A.1.b.3.b.4,Estimate operational costs.,19
17-2112.03,Manufacturing Engineers,4.A.2.a.1.g.5,Assess product or process usefulness.,15
17-2112.03,Manufacturing Engineers,4.A.2.a.4.e.3,Evaluate designs or specifications to ensure quality.,9
17-2112.03,Manufacturing Engineers,4.A.2.a.4.e.8,Analyze costs and benefits of proposed designs or projects.,24
17-2112.03,Manufacturing Engineers,4.A.2.a.4.g.3,"Analyze operational data to evaluate operations, processes or products.",2
17-2112.03,Manufacturing Engineers,4.A.2.b.1.b.1,Determine causes of operational problems or failures.,1
17-2112.03,Manufacturing Engineers,4.A.2.b.1.d.3,Determine operational methods.,6
17-2112.03,Manufacturing Engineers,4.A.2.b.1.h.1,Estimate technical or resource requirements for development or production projects.,20
17-2112.03,Manufacturing Engineers,4.A.2.b.1.h.10,Estimate time requirements for development or production projects.,21
17-2112.03,Manufacturing Engineers,4.A.2.b.1.i.6,Implement design or process improvements.,5
17-2112.03,Manufacturing Engineers,4.A.2.b.2.o.21,Create graphical representations of industrial production systems.,12
17-2112.03,Manufacturing Engineers,4.A.2.b.2.q.5,Develop operational methods or processes that use green materials or emphasize sustainability.,28
17-2112.03,Manufacturing Engineers,4.A.2.b.2.s.1,Devise research or testing protocols.,23
17-2112.03,Manufacturing Engineers,4.A.2.b.3.a.20,Update technical knowledge.,27
17-2112.03,Manufacturing Engineers,4.A.3.a.2.t.4,Install production equipment or systems.,17
17-2112.03,Manufacturing Engineers,4.A.3.b.2.c.1,Design industrial processing systems.,8
17-2112.03,Manufacturing Engineers,4.A.3.b.2.c.3,Design industrial equipment.,16
17-2112.03,Manufacturing Engineers,4.A.3.b.2.f.14,Develop technical methods or processes.,4
17-2112.03,Manufacturing Engineers,4.A.3.b.6.i.1,Prepare procedural documents.,13
17-2112.03,Manufacturing Engineers,4.A.3.b.6.o.4,Prepare operational reports.,11
17-2112.03,Manufacturing Engineers,4.A.4.a.2.h.3,Confer with technical personnel to prepare designs or operational plans.,14
17-2112.03,Manufacturing Engineers,4.A.4.a.7.c.2,Resolve operational performance problems.,3
17-2112.03,Manufacturing Engineers,4.A.4.b.3.d.2,Train personnel on proper operational procedures.,22
17-2112.03,Manufacturing Engineers,4.A.4.b.4.a.5,Supervise production or support personnel.,18
17-2112.03,Manufacturing Engineers,4.A.4.b.6.d.1,Provide technical guidance to other personnel.,7
17-2112.03,Manufacturing Engineers,4.A.4.b.6.e.9,"Recommend technical design or process changes to improve efficiency, quality, or performance.",10
17-2112.03,Manufacturing Engineers,4.A.4.c.3.e.3,"Purchase materials, equipment, or other resources.",25
17-2121.00,Marine Engineers and Naval Architects,4.A.1.a.1.b.8,Review technical documents to plan work.,4
17-2121.00,Marine Engineers and Naval Architects,4.A.1.a.1.t.5,Research advanced engineering designs or applications.,17
17-2121.00,Marine Engineers and Naval Architects,4.A.1.a.2.k.6,Monitor processes for compliance with standards.,1
17-2121.00,Marine Engineers and Naval Architects,4.A.1.b.2.g.11,Inspect equipment or systems.,15
17-2121.00,Marine Engineers and Naval Architects,4.A.1.b.2.l.2,"Test performance of electrical, electronic, mechanical, or integrated systems or equipment.",9
17-2121.00,Marine Engineers and Naval Architects,4.A.2.a.1.g.7,Evaluate characteristics of equipment or systems.,3
17-2121.00,Marine Engineers and Naval Architects,4.A.2.a.4.e.6,Analyze design or requirements information for mechanical equipment or systems.,26
17-2121.00,Marine Engineers and Naval Architects,4.A.2.b.2.o.16,Create graphical representations of structures or landscapes.,11
17-2121.00,Marine Engineers and Naval Architects,4.A.2.b.2.s.1,Devise research or testing protocols.,23
17-2121.00,Marine Engineers and Naval Architects,4.A.2.b.5.b.7,Schedule operational activities.,20
17-2121.00,Marine Engineers and Naval Architects,4.A.2.b.6.b.7,Prepare detailed work plans.,22
17-2121.00,Marine Engineers and Naval Architects,4.A.3.b.2.b.4,Design structures or facilities.,2
17-2121.00,Marine Engineers and Naval Architects,4.A.3.b.2.e.1,Design electromechanical equipment or systems.,19
17-2121.00,Marine Engineers and Naval Architects,4.A.3.b.5.a.1,Maintain mechanical equipment.,13
17-2121.00,Marine Engineers and Naval Architects,4.A.3.b.5.c.4,Maintain electronic equipment.,10
17-2121.00,Marine Engineers and Naval Architects,4.A.3.b.6.c.9,Prepare technical reports for internal use.,5
17-2121.00,Marine Engineers and Naval Architects,4.A.3.b.6.h.21,Maintain operational records or records systems.,14
17-2121.00,Marine Engineers and Naval Architects,4.A.3.b.6.m.6,"Prepare contracts, disclosures, or applications.",21
17-2121.00,Marine Engineers and Naval Architects,4.A.4.a.2.c.6,Communicate with others to coordinate vehicle movement.,12
17-2121.00,Marine Engineers and Naval Architects,4.A.4.a.2.h.3,Confer with technical personnel to prepare designs or operational plans.,28
17-2121.00,Marine Engineers and Naval Architects,4.A.4.b.1.a.2,Confer with other personnel to resolve design or operational problems.,27
17-2121.00,Marine Engineers and Naval Architects,4.A.4.b.1.c.2,"Communicate technical information to suppliers, contractors, or regulatory agencies.",6
17-2121.00,Marine Engineers and Naval Architects,4.A.4.b.1.g.2,Coordinate safety or regulatory compliance activities.,8
17-2121.00,Marine Engineers and Naval Architects,4.A.4.b.4.a.2,Supervise engineering or other technical personnel.,7
17-2121.00,Marine Engineers and Naval Architects,4.A.4.b.4.i.3,Direct construction activities.,16
17-2121.00,Marine Engineers and Naval Architects,4.A.4.b.4.i.4,Direct installation activities.,25
17-2121.00,Marine Engineers and Naval Architects,4.A.4.b.4.j.4,Direct equipment maintenance or repair activities.,24
17-2121.00,Marine Engineers and Naval Architects,4.A.4.c.3.e.3,"Purchase materials, equipment, or other resources.",18
17-2131.00,Materials Engineers,4.A.1.a.2.b.15,Monitor the productivity or efficiency of industrial operations.,14
17-2131.00,Materials Engineers,4.A.1.b.2.c.4,Test characteristics of materials or structures.,1
17-2131.00,Materials Engineers,4.A.2.a.3.b.4,Evaluate plans or specifications to determine technological or environmental implications.,2
17-2131.00,Materials Engineers,4.A.2.a.4.e.1,Evaluate technical data to determine effect on designs or plans.,4
17-2131.00,Materials Engineers,4.A.2.a.4.l.1,Conduct quantitative failure analyses of operational data.,7
17-2131.00,Materials Engineers,4.A.2.b.1.d.3,Determine operational methods.,8
17-2131.00,Materials Engineers,4.A.2.b.6.b.7,Prepare detailed work plans.,6
17-2131.00,Materials Engineers,4.A.3.a.2.m.9,Prepare materials for processing.,19
17-2131.00,Materials Engineers,4.A.3.b.2.c.1,Design industrial processing systems.,23
17-2131.00,Materials Engineers,4.A.3.b.2.d.1,Create models of engineering designs or methods.,18
17-2131.00,Materials Engineers,4.A.3.b.6.c.1,Present research results to others.,24
17-2131.00,Materials Engineers,4.A.3.b.6.g.3,Prepare proposal documents.,17
17-2131.00,Materials Engineers,4.A.3.b.6.o.4,Prepare operational reports.,15
17-2131.00,Materials Engineers,4.A.3.b.6.p.1,"Write articles, books or other original materials in area of expertise.",25
17-2131.00,Materials Engineers,4.A.4.a.2.h.3,Confer with technical personnel to prepare designs or operational plans.,11
17-2131.00,Materials Engineers,4.A.4.a.7.c.2,Resolve operational performance problems.,5
17-2131.00,Materials Engineers,4.A.4.b.3.b.2,Teach classes in area of specialization.,21
17-2131.00,Materials Engineers,4.A.4.b.3.b.3,Teach social science courses at the college level.,22
17-2131.00,Materials Engineers,4.A.4.b.3.d.2,Train personnel on proper operational procedures.,20
17-2131.00,Materials Engineers,4.A.4.b.4.a.2,Supervise engineering or other technical personnel.,12
17-2131.00,Materials Engineers,4.A.4.b.4.e.10,Direct design or development activities.,9
17-2131.00,Materials Engineers,4.A.4.b.4.g.1,Direct quality control activities.,10
17-2131.00,Materials Engineers,4.A.4.b.4.h.10,Prepare project budgets.,16
17-2131.00,Materials Engineers,4.A.4.b.4.j.24,Direct industrial production activities.,13
17-2131.00,Materials Engineers,4.A.4.b.6.e.9,"Recommend technical design or process changes to improve efficiency, quality, or performance.",3
17-2141.00,Mechanical Engineers,4.A.1.a.1.b.8,Review technical documents to plan work.,1
17-2141.00,Mechanical Engineers,4.A.1.a.1.i.2,Research industrial processes or operations.,26
17-2141.00,Mechanical Engineers,4.A.1.a.1.v.1,"Investigate system, equipment, or product failures.",10
17-2141.00,Mechanical Engineers,4.A.1.b.1.b.5,Identify new applications for existing technologies.,13
17-2141.00,Mechanical Engineers,4.A.1.b.2.l.2,"Test performance of electrical, electronic, mechanical, or integrated systems or equipment.",22
17-2141.00,Mechanical Engineers,4.A.1.b.3.b.4,Estimate operational costs.,8
17-2141.00,Mechanical Engineers,4.A.2.a.1.g.7,Evaluate characteristics of equipment or systems.,4
17-2141.00,Mechanical Engineers,4.A.2.a.3.b.4,Evaluate plans or specifications to determine technological or environmental implications.,23
17-2141.00,Mechanical Engineers,4.A.2.a.4.e.6,Analyze design or requirements information for mechanical equipment or systems.,12
17-2141.00,Mechanical Engineers,4.A.2.b.1.d.3,Determine operational methods.,30
17-2141.00,Mechanical Engineers,4.A.2.b.1.i.6,Implement design or process improvements.,5
17-2141.00,Mechanical Engineers,4.A.2.b.1.j.1,"Select tools, equipment, or technologies for use in operations or projects.",21
17-2141.00,Mechanical Engineers,4.A.2.b.2.o.20,Create images or other visual displays.,18
17-2141.00,Mechanical Engineers,4.A.3.a.2.t.4,Install production equipment or systems.,20
17-2141.00,Mechanical Engineers,4.A.3.b.2.b.4,Design structures or facilities.,19
17-2141.00,Mechanical Engineers,4.A.3.b.2.c.1,Design industrial processing systems.,2
17-2141.00,Mechanical Engineers,4.A.3.b.2.c.3,Design industrial equipment.,3
17-2141.00,Mechanical Engineers,4.A.3.b.2.d.1,Create models of engineering designs or methods.,24
17-2141.00,Mechanical Engineers,4.A.3.b.2.e.3,Design electronic or computer equipment or instrumentation.,28
17-2141.00,Mechanical Engineers,4.A.3.b.6.g.3,Prepare proposal documents.,27
17-2141.00,Mechanical Engineers,4.A.3.b.6.i.2,Document technical design details.,25
17-2141.00,Mechanical Engineers,4.A.4.a.2.h.3,Confer with technical personnel to prepare designs or operational plans.,7
17-2141.00,Mechanical Engineers,4.A.4.a.6.c.1,Perform marketing activities.,32
17-2141.00,Mechanical Engineers,4.A.4.b.1.a.2,Confer with other personnel to resolve design or operational problems.,6
17-2141.00,Mechanical Engineers,4.A.4.b.1.g.2,Coordinate safety or regulatory compliance activities.,29
17-2141.00,Mechanical Engineers,4.A.4.b.4.a.5,Supervise production or support personnel.,14
17-2141.00,Mechanical Engineers,4.A.4.b.4.i.4,Direct installation activities.,15
17-2141.00,Mechanical Engineers,4.A.4.b.4.j.24,Direct industrial production activities.,31
17-2141.00,Mechanical Engineers,4.A.4.b.4.j.4,Direct equipment maintenance or repair activities.,16
17-2141.00,Mechanical Engineers,4.A.4.b.6.b.3,Advise customers on the use of products or services.,17
17-2141.00,Mechanical Engineers,4.A.4.b.6.c.2,Advise others regarding green practices or environmental concerns.,11
17-2141.00,Mechanical Engineers,4.A.4.b.6.e.9,"Recommend technical design or process changes to improve efficiency, quality, or performance.",9
17-2141.01,Fuel Cell Engineers,4.A.1.a.1.j.3,Investigate the environmental impact of projects.,25
17-2141.01,Fuel Cell Engineers,4.A.1.a.1.t.6,"Research energy production, use, or conservation.",1
17-2141.01,Fuel Cell Engineers,4.A.1.b.2.b.1,Test green technologies or processes.,8
17-2141.01,Fuel Cell Engineers,4.A.1.b.2.g.9,Conduct validation tests of equipment or processes.,12
17-2141.01,Fuel Cell Engineers,4.A.2.a.1.g.4,Evaluate the characteristics of green technologies.,28
17-2141.01,Fuel Cell Engineers,4.A.2.a.4.e.4,Analyze green technology design requirements.,21
17-2141.01,Fuel Cell Engineers,4.A.2.a.4.e.8,Analyze costs and benefits of proposed designs or projects.,22
17-2141.01,Fuel Cell Engineers,4.A.2.a.4.l.1,Conduct quantitative failure analyses of operational data.,9
17-2141.01,Fuel Cell Engineers,4.A.2.a.4.l.4,Analyze test or validation data.,4
17-2141.01,Fuel Cell Engineers,4.A.2.b.1.i.6,Implement design or process improvements.,6
17-2141.01,Fuel Cell Engineers,4.A.2.b.2.k.2,Design materials for industrial or commercial applications.,14
17-2141.01,Fuel Cell Engineers,4.A.2.b.2.m.5,Design energy-efficient vehicles or vehicle components.,26
17-2141.01,Fuel Cell Engineers,4.A.2.b.2.m.6,Design alternative energy systems.,2
17-2141.01,Fuel Cell Engineers,4.A.2.b.2.s.1,Devise research or testing protocols.,17
17-2141.01,Fuel Cell Engineers,4.A.2.b.3.a.20,Update technical knowledge.,13
17-2141.01,Fuel Cell Engineers,4.A.2.b.6.b.7,Prepare detailed work plans.,7
17-2141.01,Fuel Cell Engineers,4.A.3.a.3.f.13,Operate industrial equipment.,15
17-2141.01,Fuel Cell Engineers,4.A.3.b.2.a.1,Determine design criteria or specifications.,10
17-2141.01,Fuel Cell Engineers,4.A.3.b.2.d.1,Create models of engineering designs or methods.,20
17-2141.01,Fuel Cell Engineers,4.A.3.b.2.d.3,Create physical models or prototypes.,16
17-2141.01,Fuel Cell Engineers,4.A.3.b.2.f.14,Develop technical methods or processes.,27
17-2141.01,Fuel Cell Engineers,4.A.3.b.6.c.9,Prepare technical reports for internal use.,19
17-2141.01,Fuel Cell Engineers,4.A.3.b.6.g.3,Prepare proposal documents.,18
17-2141.01,Fuel Cell Engineers,4.A.4.a.2.h.3,Confer with technical personnel to prepare designs or operational plans.,5
17-2141.01,Fuel Cell Engineers,4.A.4.b.1.c.7,"Coordinate activities with suppliers, contractors, clients, or other departments.",23
17-2141.01,Fuel Cell Engineers,4.A.4.b.6.d.1,Provide technical guidance to other personnel.,3
17-2141.01,Fuel Cell Engineers,4.A.4.b.6.e.9,"Recommend technical design or process changes to improve efficiency, quality, or performance.",11
17-2141.01,Fuel Cell Engineers,4.A.4.c.3.a.5,"Maintain inventories of materials, equipment, or products.",24
17-2141.02,Automotive Engineers,4.A.1.a.1.t.3,Research design or application of green technologies.,15
17-2141.02,Automotive Engineers,4.A.1.a.1.t.5,Research advanced engineering designs or applications.,9
17-2141.02,Automotive Engineers,4.A.1.b.2.l.2,"Test performance of electrical, electronic, mechanical, or integrated systems or equipment.",3
17-2141.02,Automotive Engineers,4.A.1.b.3.b.4,Estimate operational costs.,17
17-2141.02,Automotive Engineers,4.A.2.a.1.g.7,Evaluate characteristics of equipment or systems.,7
17-2141.02,Automotive Engineers,4.A.2.a.4.e.1,Evaluate technical data to determine effect on designs or plans.,18
17-2141.02,Automotive Engineers,4.A.2.a.4.l.1,Conduct quantitative failure analyses of operational data.,4
17-2141.02,Automotive Engineers,4.A.2.b.1.i.6,Implement design or process improvements.,14
17-2141.02,Automotive Engineers,4.A.2.b.2.m.5,Design energy-efficient vehicles or vehicle components.,11
17-2141.02,Automotive Engineers,4.A.2.b.2.s.1,Devise research or testing protocols.,13
17-2141.02,Automotive Engineers,4.A.2.b.3.a.20,Update technical knowledge.,24
17-2141.02,Automotive Engineers,4.A.3.a.2.i.4,Calibrate scientific or technical equipment.,5
17-2141.02,Automotive Engineers,4.A.3.b.2.a.1,Determine design criteria or specifications.,16
17-2141.02,Automotive Engineers,4.A.3.b.2.a.6,Determine operational criteria or specifications.,10
17-2141.02,Automotive Engineers,4.A.3.b.2.c.6,Design control systems for mechanical or other equipment.,23
17-2141.02,Automotive Engineers,4.A.3.b.2.d.1,Create models of engineering designs or methods.,21
17-2141.02,Automotive Engineers,4.A.3.b.2.e.1,Design electromechanical equipment or systems.,6
17-2141.02,Automotive Engineers,4.A.3.b.2.f.14,Develop technical methods or processes.,12
17-2141.02,Automotive Engineers,4.A.3.b.6.c.9,Prepare technical reports for internal use.,20
17-2141.02,Automotive Engineers,4.A.3.b.6.h.21,Maintain operational records or records systems.,19
17-2141.02,Automotive Engineers,4.A.3.b.6.o.4,Prepare operational reports.,8
17-2141.02,Automotive Engineers,4.A.4.b.1.c.7,"Coordinate activities with suppliers, contractors, clients, or other departments.",22
17-2141.02,Automotive Engineers,4.A.4.b.4.e.10,Direct design or development activities.,1
17-2141.02,Automotive Engineers,4.A.4.b.6.d.1,Provide technical guidance to other personnel.,2
17-2151.00,"Mining and Geological Engineers, Including Mining Safety Engineers",4.A.1.a.1.b.8,Review technical documents to plan work.,15
17-2151.00,"Mining and Geological Engineers, Including Mining Safety Engineers",4.A.1.a.1.i.2,Research industrial processes or operations.,24
17-2151.00,"Mining and Geological Engineers, Including Mining Safety Engineers",4.A.1.a.1.v.3,Investigate safety of work environment.,4
17-2151.00,"Mining and Geological Engineers, Including Mining Safety Engineers",4.A.1.a.2.b.15,Monitor the productivity or efficiency of industrial operations.,9
17-2151.00,"Mining and Geological Engineers, Including Mining Safety Engineers",4.A.1.b.2.e.12,Inspect facilities or sites to determine if they meet specifications or standards.,2
17-2151.00,"Mining and Geological Engineers, Including Mining Safety Engineers",4.A.1.b.3.b.4,Estimate operational costs.,10
17-2151.00,"Mining and Geological Engineers, Including Mining Safety Engineers",4.A.2.a.4.e.6,Analyze design or requirements information for mechanical equipment or systems.,22
17-2151.00,"Mining and Geological Engineers, Including Mining Safety Engineers",4.A.2.b.1.d.3,Determine operational methods.,5
17-2151.00,"Mining and Geological Engineers, Including Mining Safety Engineers",4.A.2.b.1.j.1,"Select tools, equipment, or technologies for use in operations or projects.",6
17-2151.00,"Mining and Geological Engineers, Including Mining Safety Engineers",4.A.2.b.2.b.1,Develop software or computer applications.,18
17-2151.00,"Mining and Geological Engineers, Including Mining Safety Engineers",4.A.2.b.3.a.10,Research topics in area of expertise.,25
17-2151.00,"Mining and Geological Engineers, Including Mining Safety Engineers",4.A.2.b.3.a.13,"Conduct research to inform art, designs, or other work.",23
17-2151.00,"Mining and Geological Engineers, Including Mining Safety Engineers",4.A.2.b.5.b.7,Schedule operational activities.,12
17-2151.00,"Mining and Geological Engineers, Including Mining Safety Engineers",4.A.2.b.6.b.7,Prepare detailed work plans.,7
17-2151.00,"Mining and Geological Engineers, Including Mining Safety Engineers",4.A.3.b.2.b.4,Design structures or facilities.,20
17-2151.00,"Mining and Geological Engineers, Including Mining Safety Engineers",4.A.3.b.2.c.3,Design industrial equipment.,19
17-2151.00,"Mining and Geological Engineers, Including Mining Safety Engineers",4.A.3.b.2.f.14,Develop technical methods or processes.,21
17-2151.00,"Mining and Geological Engineers, Including Mining Safety Engineers",4.A.3.b.6.c.9,Prepare technical reports for internal use.,1
17-2151.00,"Mining and Geological Engineers, Including Mining Safety Engineers",4.A.3.b.6.o.4,Prepare operational reports.,11
17-2151.00,"Mining and Geological Engineers, Including Mining Safety Engineers",4.A.4.a.7.c.2,Resolve operational performance problems.,14
17-2151.00,"Mining and Geological Engineers, Including Mining Safety Engineers",4.A.4.b.1.g.2,Coordinate safety or regulatory compliance activities.,8
17-2151.00,"Mining and Geological Engineers, Including Mining Safety Engineers",4.A.4.b.3.d.2,Train personnel on proper operational procedures.,17
17-2151.00,"Mining and Geological Engineers, Including Mining Safety Engineers",4.A.4.b.4.a.2,Supervise engineering or other technical personnel.,16
17-2151.00,"Mining and Geological Engineers, Including Mining Safety Engineers",4.A.4.b.4.i.3,Direct construction activities.,13
17-2151.00,"Mining and Geological Engineers, Including Mining Safety Engineers",4.A.4.b.6.i.3,Advise others on health and safety issues.,3
17-2161.00,Nuclear Engineers,4.A.1.a.1.j.3,Investigate the environmental impact of projects.,19
17-2161.00,Nuclear Engineers,4.A.1.a.1.t.6,"Research energy production, use, or conservation.",18
17-2161.00,Nuclear Engineers,4.A.1.a.1.v.3,Investigate safety of work environment.,4
17-2161.00,Nuclear Engineers,4.A.1.a.2.k.6,Monitor processes for compliance with standards.,2
17-2161.00,Nuclear Engineers,4.A.1.b.2.l.2,"Test performance of electrical, electronic, mechanical, or integrated systems or equipment.",13
17-2161.00,Nuclear Engineers,4.A.2.a.4.l.4,Analyze test or validation data.,8
17-2161.00,Nuclear Engineers,4.A.2.b.2.q.5,Develop operational methods or processes that use green materials or emphasize sustainability.,14
17-2161.00,Nuclear Engineers,4.A.2.b.3.a.20,Update technical knowledge.,20
17-2161.00,Nuclear Engineers,4.A.2.b.6.b.7,Prepare detailed work plans.,12
17-2161.00,Nuclear Engineers,4.A.3.b.2.c.4,Design energy production or management equipment or systems.,1
17-2161.00,Nuclear Engineers,4.A.3.b.6.c.8,Prepare technical or operational reports.,11
17-2161.00,Nuclear Engineers,4.A.3.b.6.i.1,Prepare procedural documents.,10
17-2161.00,Nuclear Engineers,4.A.3.b.6.i.7,Document design or operational test results.,9
17-2161.00,Nuclear Engineers,4.A.4.a.2.h.3,Confer with technical personnel to prepare designs or operational plans.,16
17-2161.00,Nuclear Engineers,4.A.4.a.7.c.2,Resolve operational performance problems.,3
17-2161.00,Nuclear Engineers,4.A.4.b.1.c.2,"Communicate technical information to suppliers, contractors, or regulatory agencies.",17
17-2161.00,Nuclear Engineers,4.A.4.b.1.g.2,Coordinate safety or regulatory compliance activities.,7
17-2161.00,Nuclear Engineers,4.A.4.b.4.j.26,Direct energy production or management activities.,5
17-2161.00,Nuclear Engineers,4.A.4.b.4.j.4,Direct equipment maintenance or repair activities.,6
17-2161.00,Nuclear Engineers,4.A.4.b.6.i.3,Advise others on health and safety issues.,15
17-2171.00,Petroleum Engineers,4.A.1.a.1.t.5,Research advanced engineering designs or applications.,25
17-2171.00,Petroleum Engineers,4.A.1.a.2.b.15,Monitor the productivity or efficiency of industrial operations.,5
17-2171.00,Petroleum Engineers,4.A.1.b.2.g.11,Inspect equipment or systems.,19
17-2171.00,Petroleum Engineers,4.A.1.b.2.l.2,"Test performance of electrical, electronic, mechanical, or integrated systems or equipment.",3
17-2171.00,Petroleum Engineers,4.A.2.a.4.a.7,"Analyze physical, survey, or geographic data.",7
17-2171.00,Petroleum Engineers,4.A.2.a.4.e.8,Analyze costs and benefits of proposed designs or projects.,12
17-2171.00,Petroleum Engineers,4.A.2.a.4.l.3,Interpret design or operational test results.,20
17-2171.00,Petroleum Engineers,4.A.2.b.1.d.3,Determine operational methods.,2
17-2171.00,Petroleum Engineers,4.A.2.b.2.m.4,Design environmental control systems.,15
17-2171.00,Petroleum Engineers,4.A.2.b.6.b.7,Prepare detailed work plans.,10
17-2171.00,Petroleum Engineers,4.A.3.a.2.b.2,Collect samples of raw materials or finished products.,23
17-2171.00,Petroleum Engineers,4.A.3.b.2.c.3,Design industrial equipment.,24
17-2171.00,Petroleum Engineers,4.A.3.b.2.d.1,Create models of engineering designs or methods.,13
17-2171.00,Petroleum Engineers,4.A.3.b.2.f.14,Develop technical methods or processes.,4
17-2171.00,Petroleum Engineers,4.A.3.b.6.c.9,Prepare technical reports for internal use.,18
17-2171.00,Petroleum Engineers,4.A.3.b.6.h.21,Maintain operational records or records systems.,6
17-2171.00,Petroleum Engineers,4.A.4.a.1.a.4,"Explain engineering drawings, specifications, or other technical information.",16
17-2171.00,Petroleum Engineers,4.A.4.a.7.c.2,Resolve operational performance problems.,8
17-2171.00,Petroleum Engineers,4.A.4.b.1.a.2,Confer with other personnel to resolve design or operational problems.,14
17-2171.00,Petroleum Engineers,4.A.4.b.4.a.2,Supervise engineering or other technical personnel.,11
17-2171.00,Petroleum Engineers,4.A.4.b.4.e.10,Direct design or development activities.,17
17-2171.00,Petroleum Engineers,4.A.4.b.4.g.1,Direct quality control activities.,9
17-2171.00,Petroleum Engineers,4.A.4.b.4.i.4,Direct installation activities.,22
17-2171.00,Petroleum Engineers,4.A.4.b.4.j.26,Direct energy production or management activities.,1
17-2171.00,Petroleum Engineers,4.A.4.b.4.j.4,Direct equipment maintenance or repair activities.,21
17-2199.03,"Energy Engineers, Except Wind and Solar",4.A.1.a.1.t.3,Research design or application of green technologies.,14
17-2199.03,"Energy Engineers, Except Wind and Solar",4.A.1.a.1.t.6,"Research energy production, use, or conservation.",3
17-2199.03,"Energy Engineers, Except Wind and Solar",4.A.1.a.2.b.1,Monitor industrial energy consumption or management.,4
17-2199.03,"Energy Engineers, Except Wind and Solar",4.A.1.b.2.g.11,Inspect equipment or systems.,10
17-2199.03,"Energy Engineers, Except Wind and Solar",4.A.2.a.3.b.4,Evaluate plans or specifications to determine technological or environmental implications.,9
17-2199.03,"Energy Engineers, Except Wind and Solar",4.A.2.a.4.g.17,Analyze energy usage data.,2
17-2199.03,"Energy Engineers, Except Wind and Solar",4.A.3.b.1.e.2,Operate computer systems.,13
17-2199.03,"Energy Engineers, Except Wind and Solar",4.A.3.b.2.d.1,Create models of engineering designs or methods.,7
17-2199.03,"Energy Engineers, Except Wind and Solar",4.A.3.b.6.c.8,Prepare technical or operational reports.,5
17-2199.03,"Energy Engineers, Except Wind and Solar",4.A.4.a.6.c.1,Perform marketing activities.,11
17-2199.03,"Energy Engineers, Except Wind and Solar",4.A.4.b.3.d.2,Train personnel on proper operational procedures.,8
17-2199.03,"Energy Engineers, Except Wind and Solar",4.A.4.b.4.j.26,Direct energy production or management activities.,6
17-2199.03,"Energy Engineers, Except Wind and Solar",4.A.4.b.6.c.2,Advise others regarding green practices or environmental concerns.,1
17-2199.03,"Energy Engineers, Except Wind and Solar",4.A.4.b.6.e.9,"Recommend technical design or process changes to improve efficiency, quality, or performance.",12
17-2199.03,"Energy Engineers, Except Wind and Solar",4.A.4.c.3.e.3,"Purchase materials, equipment, or other resources.",15
17-2199.05,Mechatronics Engineers,4.A.1.a.1.t.2,Research engineering applications of emerging technologies.,9
17-2199.05,Mechatronics Engineers,4.A.1.a.2.b.15,Monitor the productivity or efficiency of industrial operations.,21
17-2199.05,Mechatronics Engineers,4.A.1.b.2.l.2,"Test performance of electrical, electronic, mechanical, or integrated systems or equipment.",5
17-2199.05,Mechatronics Engineers,4.A.1.b.3.b.4,Estimate operational costs.,23
17-2199.05,Mechatronics Engineers,4.A.2.a.4.e.6,Analyze design or requirements information for mechanical equipment or systems.,17
17-2199.05,Mechatronics Engineers,4.A.2.b.1.h.1,Estimate technical or resource requirements for development or production projects.,6
17-2199.05,Mechatronics Engineers,4.A.2.b.1.i.6,Implement design or process improvements.,4
17-2199.05,Mechatronics Engineers,4.A.2.b.1.j.1,"Select tools, equipment, or technologies for use in operations or projects.",10
17-2199.05,Mechatronics Engineers,4.A.2.b.1.j.2,Select project materials.,8
17-2199.05,Mechatronics Engineers,4.A.2.b.2.b.1,Develop software or computer applications.,20
17-2199.05,Mechatronics Engineers,4.A.2.b.2.m.4,Design environmental control systems.,24
17-2199.05,Mechatronics Engineers,4.A.2.b.2.o.18,Create graphical representations of mechanical equipment.,1
17-2199.05,Mechatronics Engineers,4.A.3.a.2.i.4,Calibrate scientific or technical equipment.,19
17-2199.05,Mechatronics Engineers,4.A.3.b.2.c.1,Design industrial processing systems.,3
17-2199.05,Mechatronics Engineers,4.A.3.b.2.c.6,Design control systems for mechanical or other equipment.,22
17-2199.05,Mechatronics Engineers,4.A.3.b.2.d.3,Create physical models or prototypes.,18
17-2199.05,Mechatronics Engineers,4.A.3.b.2.e.1,Design electromechanical equipment or systems.,2
17-2199.05,Mechatronics Engineers,4.A.3.b.2.f.14,Develop technical methods or processes.,15
17-2199.05,Mechatronics Engineers,4.A.3.b.6.h.21,Maintain operational records or records systems.,7
17-2199.05,Mechatronics Engineers,4.A.3.b.6.i.7,Document design or operational test results.,16
17-2199.05,Mechatronics Engineers,4.A.4.b.3.d.2,Train personnel on proper operational procedures.,14
17-2199.05,Mechatronics Engineers,4.A.4.b.4.a.2,Supervise engineering or other technical personnel.,13
17-2199.05,Mechatronics Engineers,4.A.4.b.6.d.1,Provide technical guidance to other personnel.,12
17-2199.05,Mechatronics Engineers,4.A.4.b.6.e.9,"Recommend technical design or process changes to improve efficiency, quality, or performance.",11
17-2199.06,Microsystems Engineers,4.A.1.a.1.i.2,Research industrial processes or operations.,3
17-2199.06,Microsystems Engineers,4.A.1.a.1.j.3,Investigate the environmental impact of projects.,29
17-2199.06,Microsystems Engineers,4.A.1.a.1.t.2,Research engineering applications of emerging technologies.,9
17-2199.06,Microsystems Engineers,4.A.1.a.2.b.9,Inspect operational processes.,17
17-2199.06,Microsystems Engineers,4.A.1.b.2.g.9,Conduct validation tests of equipment or processes.,12
17-2199.06,Microsystems Engineers,4.A.1.b.2.l.2,"Test performance of electrical, electronic, mechanical, or integrated systems or equipment.",5
17-2199.06,Microsystems Engineers,4.A.2.a.4.l.1,Conduct quantitative failure analyses of operational data.,10
17-2199.06,Microsystems Engineers,4.A.2.b.1.j.1,"Select tools, equipment, or technologies for use in operations or projects.",23
17-2199.06,Microsystems Engineers,4.A.2.b.2.k.3,"Design micro- or nano-scale materials, devices, or systems.",2
17-2199.06,Microsystems Engineers,4.A.2.b.2.m.6,Design alternative energy systems.,26
17-2199.06,Microsystems Engineers,4.A.2.b.2.m.7,Design systems to reduce harmful emissions.,28
17-2199.06,Microsystems Engineers,4.A.2.b.2.o.18,Create graphical representations of mechanical equipment.,1
17-2199.06,Microsystems Engineers,4.A.2.b.2.s.1,Devise research or testing protocols.,11
17-2199.06,Microsystems Engineers,4.A.2.b.5.b.7,Schedule operational activities.,14
17-2199.06,Microsystems Engineers,4.A.3.a.3.i.2,Operate precision equipment to control microscopic or nanoscopic processes.,24
17-2199.06,Microsystems Engineers,4.A.3.b.2.c.1,Design industrial processing systems.,13
17-2199.06,Microsystems Engineers,4.A.3.b.2.c.4,Design energy production or management equipment or systems.,27
17-2199.06,Microsystems Engineers,4.A.3.b.2.d.1,Create models of engineering designs or methods.,4
17-2199.06,Microsystems Engineers,4.A.3.b.2.e.1,Design electromechanical equipment or systems.,21
17-2199.06,Microsystems Engineers,4.A.3.b.2.e.3,Design electronic or computer equipment or instrumentation.,25
17-2199.06,Microsystems Engineers,4.A.3.b.2.f.14,Develop technical methods or processes.,15
17-2199.06,Microsystems Engineers,4.A.3.b.6.g.3,Prepare proposal documents.,16
17-2199.06,Microsystems Engineers,4.A.3.b.6.i.1,Prepare procedural documents.,19
17-2199.06,Microsystems Engineers,4.A.3.b.6.i.2,Document technical design details.,8
17-2199.06,Microsystems Engineers,4.A.3.b.6.m.6,"Prepare contracts, disclosures, or applications.",6
17-2199.06,Microsystems Engineers,4.A.4.a.2.h.3,Confer with technical personnel to prepare designs or operational plans.,20
17-2199.06,Microsystems Engineers,4.A.4.b.3.d.2,Train personnel on proper operational procedures.,18
17-2199.06,Microsystems Engineers,4.A.4.b.4.e.10,Direct design or development activities.,7
17-2199.06,Microsystems Engineers,4.A.4.c.3.e.3,"Purchase materials, equipment, or other resources.",22
17-2199.07,Photonics Engineers,4.A.1.a.1.t.5,Research advanced engineering designs or applications.,11
17-2199.07,Photonics Engineers,4.A.1.b.1.b.5,Identify new applications for existing technologies.,10
17-2199.07,Photonics Engineers,4.A.1.b.2.l.2,"Test performance of electrical, electronic, mechanical, or integrated systems or equipment.",3
17-2199.07,Photonics Engineers,4.A.2.a.4.g.3,"Analyze operational data to evaluate operations, processes or products.",1
17-2199.07,Photonics Engineers,4.A.2.b.1.j.1,"Select tools, equipment, or technologies for use in operations or projects.",21
17-2199.07,Photonics Engineers,4.A.2.b.3.a.20,Update technical knowledge.,6
17-2199.07,Photonics Engineers,4.A.2.b.6.b.7,Prepare detailed work plans.,5
17-2199.07,Photonics Engineers,4.A.3.a.2.aa.1,Fabricate devices or components.,13
17-2199.07,Photonics Engineers,4.A.3.a.3.f.13,Operate industrial equipment.,19
17-2199.07,Photonics Engineers,4.A.3.b.2.c.1,Design industrial processing systems.,18
17-2199.07,Photonics Engineers,4.A.3.b.2.c.4,Design energy production or management equipment or systems.,17
17-2199.07,Photonics Engineers,4.A.3.b.2.d.3,Create physical models or prototypes.,4
17-2199.07,Photonics Engineers,4.A.3.b.2.e.3,Design electronic or computer equipment or instrumentation.,2
17-2199.07,Photonics Engineers,4.A.3.b.6.c.2,Prepare research or technical reports.,7
17-2199.07,Photonics Engineers,4.A.3.b.6.c.6,Write reports or evaluations.,8
17-2199.07,Photonics Engineers,4.A.3.b.6.g.3,Prepare proposal documents.,9
17-2199.07,Photonics Engineers,4.A.3.b.6.h.21,Maintain operational records or records systems.,15
17-2199.07,Photonics Engineers,4.A.3.b.6.i.2,Document technical design details.,14
17-2199.07,Photonics Engineers,4.A.4.b.3.d.2,Train personnel on proper operational procedures.,12
17-2199.07,Photonics Engineers,4.A.4.b.4.j.24,Direct industrial production activities.,16
17-2199.07,Photonics Engineers,4.A.4.c.3.e.3,"Purchase materials, equipment, or other resources.",20
17-2199.08,Robotics Engineers,4.A.1.a.1.t.5,Research advanced engineering designs or applications.,9
17-2199.08,Robotics Engineers,4.A.1.a.1.v.1,"Investigate system, equipment, or product failures.",12
17-2199.08,Robotics Engineers,4.A.1.b.2.l.2,"Test performance of electrical, electronic, mechanical, or integrated systems or equipment.",5
17-2199.08,Robotics Engineers,4.A.2.a.1.g.7,Evaluate characteristics of equipment or systems.,14
17-2199.08,Robotics Engineers,4.A.2.a.4.e.3,Evaluate designs or specifications to ensure quality.,1
17-2199.08,Robotics Engineers,4.A.2.a.4.l.3,Interpret design or operational test results.,2
17-2199.08,Robotics Engineers,4.A.2.b.2.b.1,Develop software or computer applications.,10
17-2199.08,Robotics Engineers,4.A.2.b.2.q.5,Develop operational methods or processes that use green materials or emphasize sustainability.,19
17-2199.08,Robotics Engineers,4.A.3.a.2.i.4,Calibrate scientific or technical equipment.,13
17-2199.08,Robotics Engineers,4.A.3.a.2.t.4,Install production equipment or systems.,15
17-2199.08,Robotics Engineers,4.A.3.a.3.f.13,Operate industrial equipment.,16
17-2199.08,Robotics Engineers,4.A.3.b.1.a.4,Program robotic equipment.,3
17-2199.08,Robotics Engineers,4.A.3.b.2.c.1,Design industrial processing systems.,18
17-2199.08,Robotics Engineers,4.A.3.b.2.c.3,Design industrial equipment.,8
17-2199.08,Robotics Engineers,4.A.3.b.2.e.1,Design electromechanical equipment or systems.,4
17-2199.08,Robotics Engineers,4.A.3.b.6.h.21,Maintain operational records or records systems.,6
17-2199.08,Robotics Engineers,4.A.3.b.6.i.2,Document technical design details.,20
17-2199.08,Robotics Engineers,4.A.3.b.6.o.4,Prepare operational reports.,17
17-2199.08,Robotics Engineers,4.A.4.b.4.a.2,Supervise engineering or other technical personnel.,11
17-2199.08,Robotics Engineers,4.A.4.b.6.b.3,Advise customers on the use of products or services.,7
17-2199.09,Nanosystems Engineers,4.A.1.a.1.t.1,Research engineering aspects of biological or chemical processes.,21
17-2199.09,Nanosystems Engineers,4.A.1.a.1.t.2,Research engineering applications of emerging technologies.,3
17-2199.09,Nanosystems Engineers,4.A.1.b.1.b.5,Identify new applications for existing technologies.,16
17-2199.09,Nanosystems Engineers,4.A.1.b.2.l.2,"Test performance of electrical, electronic, mechanical, or integrated systems or equipment.",8
17-2199.09,Nanosystems Engineers,4.A.1.b.3.a.3,Measure physical or chemical properties of materials or objects.,14
17-2199.09,Nanosystems Engineers,4.A.2.b.2.k.2,Design materials for industrial or commercial applications.,17
17-2199.09,Nanosystems Engineers,4.A.2.b.2.k.3,"Design micro- or nano-scale materials, devices, or systems.",9
17-2199.09,Nanosystems Engineers,4.A.2.b.2.m.6,Design alternative energy systems.,15
17-2199.09,Nanosystems Engineers,4.A.2.b.2.q.5,Develop operational methods or processes that use green materials or emphasize sustainability.,19
17-2199.09,Nanosystems Engineers,4.A.2.b.2.s.1,Devise research or testing protocols.,7
17-2199.09,Nanosystems Engineers,4.A.3.a.3.i.2,Operate precision equipment to control microscopic or nanoscopic processes.,4
17-2199.09,Nanosystems Engineers,4.A.3.b.2.d.3,Create physical models or prototypes.,10
17-2199.09,Nanosystems Engineers,4.A.3.b.2.f.14,Develop technical methods or processes.,12
17-2199.09,Nanosystems Engineers,4.A.3.b.6.g.3,Prepare proposal documents.,11
17-2199.09,Nanosystems Engineers,4.A.3.b.6.m.6,"Prepare contracts, disclosures, or applications.",20
17-2199.09,Nanosystems Engineers,4.A.3.b.6.o.4,Prepare operational reports.,6
17-2199.09,Nanosystems Engineers,4.A.4.a.1.a.4,"Explain engineering drawings, specifications, or other technical information.",5
17-2199.09,Nanosystems Engineers,4.A.4.b.1.c.7,"Coordinate activities with suppliers, contractors, clients, or other departments.",18
17-2199.09,Nanosystems Engineers,4.A.4.b.4.a.2,Supervise engineering or other technical personnel.,2
17-2199.09,Nanosystems Engineers,4.A.4.b.6.b.3,Advise customers on the use of products or services.,13
17-2199.09,Nanosystems Engineers,4.A.4.b.6.d.1,Provide technical guidance to other personnel.,1
17-2199.10,Wind Energy Engineers,4.A.1.a.1.t.3,Research design or application of green technologies.,4
17-2199.10,Wind Energy Engineers,4.A.1.a.2.k.6,Monitor processes for compliance with standards.,9
17-2199.10,Wind Energy Engineers,4.A.1.b.2.b.1,Test green technologies or processes.,8
17-2199.10,Wind Energy Engineers,4.A.2.a.1.g.4,Evaluate the characteristics of green technologies.,10
17-2199.10,Wind Energy Engineers,4.A.2.a.4.l.1,Conduct quantitative failure analyses of operational data.,11
17-2199.10,Wind Energy Engineers,4.A.2.b.2.o.6,Create graphical representations of energy production systems.,1
17-2199.10,Wind Energy Engineers,4.A.3.b.2.a.1,Determine design criteria or specifications.,6
17-2199.10,Wind Energy Engineers,4.A.3.b.2.c.4,Design energy production or management equipment or systems.,5
17-2199.10,Wind Energy Engineers,4.A.3.b.6.i.7,Document design or operational test results.,12
17-2199.10,Wind Energy Engineers,4.A.4.b.4.j.26,Direct energy production or management activities.,7
17-2199.10,Wind Energy Engineers,4.A.4.b.6.d.1,Provide technical guidance to other personnel.,2
17-2199.10,Wind Energy Engineers,4.A.4.b.6.e.9,"Recommend technical design or process changes to improve efficiency, quality, or performance.",3
17-2199.11,Solar Energy Systems Engineers,4.A.1.a.1.f.4,Collect data about project sites.,1
17-2199.11,Solar Energy Systems Engineers,4.A.1.b.2.b.1,Test green technologies or processes.,14
17-2199.11,Solar Energy Systems Engineers,4.A.1.b.2.f.8,Inspect finished products to locate flaws.,11
17-2199.11,Solar Energy Systems Engineers,4.A.2.a.3.b.4,Evaluate plans or specifications to determine technological or environmental implications.,7
17-2199.11,Solar Energy Systems Engineers,4.A.2.a.4.e.4,Analyze green technology design requirements.,13
17-2199.11,Solar Energy Systems Engineers,4.A.2.a.4.e.8,Analyze costs and benefits of proposed designs or projects.,12
17-2199.11,Solar Energy Systems Engineers,4.A.2.b.1.d.3,Determine operational methods.,10
17-2199.11,Solar Energy Systems Engineers,4.A.2.b.2.m.6,Design alternative energy systems.,3
17-2199.11,Solar Energy Systems Engineers,4.A.2.b.2.o.6,Create graphical representations of energy production systems.,5
17-2199.11,Solar Energy Systems Engineers,4.A.2.b.6.b.7,Prepare detailed work plans.,2
17-2199.11,Solar Energy Systems Engineers,4.A.3.b.2.a.1,Determine design criteria or specifications.,9
17-2199.11,Solar Energy Systems Engineers,4.A.3.b.2.d.1,Create models of engineering designs or methods.,6
17-2199.11,Solar Energy Systems Engineers,4.A.4.b.6.d.1,Provide technical guidance to other personnel.,4
17-2199.11,Solar Energy Systems Engineers,4.A.4.b.6.e.9,"Recommend technical design or process changes to improve efficiency, quality, or performance.",8
17-3011.00,Architectural and Civil Drafters,4.A.1.a.1.b.15,Review details of technical drawings or specifications.,10
17-3011.00,Architectural and Civil Drafters,4.A.1.a.1.b.8,Review technical documents to plan work.,22
17-3011.00,Architectural and Civil Drafters,4.A.1.a.1.f.4,Collect data about project sites.,5
17-3011.00,Architectural and Civil Drafters,4.A.1.a.2.k.6,Monitor processes for compliance with standards.,7
17-3011.00,Architectural and Civil Drafters,4.A.1.b.3.b.4,Estimate operational costs.,12
17-3011.00,Architectural and Civil Drafters,4.A.1.b.3.d.4,Survey land or bodies of water to measure or determine features.,16
17-3011.00,Architectural and Civil Drafters,4.A.2.a.2.a.10,Verify mathematical calculations.,21
17-3011.00,Architectural and Civil Drafters,4.A.2.a.4.e.1,Evaluate technical data to determine effect on designs or plans.,3
17-3011.00,Architectural and Civil Drafters,4.A.2.a.4.e.3,Evaluate designs or specifications to ensure quality.,6
17-3011.00,Architectural and Civil Drafters,4.A.2.a.4.g.3,"Analyze operational data to evaluate operations, processes or products.",23
17-3011.00,Architectural and Civil Drafters,4.A.2.b.1.d.3,Determine operational methods.,17
17-3011.00,Architectural and Civil Drafters,4.A.2.b.1.h.1,Estimate technical or resource requirements for development or production projects.,19
17-3011.00,Architectural and Civil Drafters,4.A.2.b.2.o.16,Create graphical representations of structures or landscapes.,2
17-3011.00,Architectural and Civil Drafters,4.A.2.b.2.o.19,Create maps.,11
17-3011.00,Architectural and Civil Drafters,4.A.2.b.2.o.3,Create graphical representations of civil structures.,1
17-3011.00,Architectural and Civil Drafters,4.A.2.b.6.b.7,Prepare detailed work plans.,15
17-3011.00,Architectural and Civil Drafters,4.A.3.b.6.c.9,Prepare technical reports for internal use.,14
17-3011.00,Architectural and Civil Drafters,4.A.3.b.6.i.1,Prepare procedural documents.,20
17-3011.00,Architectural and Civil Drafters,4.A.3.b.6.m.6,"Prepare contracts, disclosures, or applications.",13
17-3011.00,Architectural and Civil Drafters,4.A.4.a.1.a.4,"Explain engineering drawings, specifications, or other technical information.",4
17-3011.00,Architectural and Civil Drafters,4.A.4.b.4.a.2,Supervise engineering or other technical personnel.,18
17-3011.00,Architectural and Civil Drafters,4.A.4.b.6.d.1,Provide technical guidance to other personnel.,8
17-3011.00,Architectural and Civil Drafters,4.A.4.b.6.e.9,"Recommend technical design or process changes to improve efficiency, quality, or performance.",9
17-3012.00,Electrical and Electronics Drafters,4.A.1.a.1.b.8,Review technical documents to plan work.,9
17-3012.00,Electrical and Electronics Drafters,4.A.1.a.1.f.4,Collect data about project sites.,7
17-3012.00,Electrical and Electronics Drafters,4.A.2.a.2.a.10,Verify mathematical calculations.,11
17-3012.00,Electrical and Electronics Drafters,4.A.2.a.4.e.3,Evaluate designs or specifications to ensure quality.,4
17-3012.00,Electrical and Electronics Drafters,4.A.2.b.1.h.1,Estimate technical or resource requirements for development or production projects.,19
17-3012.00,Electrical and Electronics Drafters,4.A.2.b.1.j.1,"Select tools, equipment, or technologies for use in operations or projects.",15
17-3012.00,Electrical and Electronics Drafters,4.A.2.b.2.o.5,Create electrical schematics.,2
17-3012.00,Electrical and Electronics Drafters,4.A.2.b.2.o.8,Create schematic drawings for electronics.,1
17-3012.00,Electrical and Electronics Drafters,4.A.2.b.6.b.7,Prepare detailed work plans.,13
17-3012.00,Electrical and Electronics Drafters,4.A.3.b.1.e.2,Operate computer systems.,10
17-3012.00,Electrical and Electronics Drafters,4.A.3.b.1.f.2,Operate digital imaging equipment.,12
17-3012.00,Electrical and Electronics Drafters,4.A.3.b.2.e.2,Design electrical equipment or systems.,8
17-3012.00,Electrical and Electronics Drafters,4.A.3.b.6.c.9,Prepare technical reports for internal use.,17
17-3012.00,Electrical and Electronics Drafters,4.A.3.b.6.i.2,Document technical design details.,3
17-3012.00,Electrical and Electronics Drafters,4.A.4.a.1.a.4,"Explain engineering drawings, specifications, or other technical information.",14
17-3012.00,Electrical and Electronics Drafters,4.A.4.a.2.h.3,Confer with technical personnel to prepare designs or operational plans.,5
17-3012.00,Electrical and Electronics Drafters,4.A.4.b.1.a.2,Confer with other personnel to resolve design or operational problems.,6
17-3012.00,Electrical and Electronics Drafters,4.A.4.b.3.d.2,Train personnel on proper operational procedures.,18
17-3012.00,Electrical and Electronics Drafters,4.A.4.b.4.a.2,Supervise engineering or other technical personnel.,16
17-3013.00,Mechanical Drafters,4.A.2.a.2.a.10,Verify mathematical calculations.,3
17-3013.00,Mechanical Drafters,4.A.2.a.2.c.2,Compile technical information or documentation.,5
17-3013.00,Mechanical Drafters,4.A.2.a.4.e.6,Analyze design or requirements information for mechanical equipment or systems.,4
17-3013.00,Mechanical Drafters,4.A.2.b.2.o.10,Create diagrams or blueprints for workpieces or products.,6
17-3013.00,Mechanical Drafters,4.A.2.b.2.o.18,Create graphical representations of mechanical equipment.,2
17-3013.00,Mechanical Drafters,4.A.2.b.2.o.20,Create images or other visual displays.,1
17-3013.00,Mechanical Drafters,4.A.3.b.2.e.1,Design electromechanical equipment or systems.,7
17-3013.00,Mechanical Drafters,4.A.4.a.2.h.3,Confer with technical personnel to prepare designs or operational plans.,8
17-3013.00,Mechanical Drafters,4.A.4.a.2.j.6,Discuss designs or plans with clients.,9
17-3013.00,Mechanical Drafters,4.A.4.b.4.a.2,Supervise engineering or other technical personnel.,10
17-3021.00,Aerospace Engineering and Operations Technologists and Technicians,4.A.1.b.2.c.7,Test quality of materials or finished products.,8
17-3021.00,Aerospace Engineering and Operations Technologists and Technicians,4.A.1.b.2.g.11,Inspect equipment or systems.,3
17-3021.00,Aerospace Engineering and Operations Technologists and Technicians,4.A.1.b.2.l.2,"Test performance of electrical, electronic, mechanical, or integrated systems or equipment.",1
17-3021.00,Aerospace Engineering and Operations Technologists and Technicians,4.A.2.a.4.l.3,Interpret design or operational test results.,6
17-3021.00,Aerospace Engineering and Operations Technologists and Technicians,4.A.2.b.1.h.1,Estimate technical or resource requirements for development or production projects.,2
17-3021.00,Aerospace Engineering and Operations Technologists and Technicians,4.A.3.a.2.aa.1,Fabricate devices or components.,11
17-3021.00,Aerospace Engineering and Operations Technologists and Technicians,4.A.3.a.2.d.2,Assemble equipment or components.,13
17-3021.00,Aerospace Engineering and Operations Technologists and Technicians,4.A.3.a.2.i.4,Calibrate scientific or technical equipment.,10
17-3021.00,Aerospace Engineering and Operations Technologists and Technicians,4.A.3.a.2.t.4,Install production equipment or systems.,12
17-3021.00,Aerospace Engineering and Operations Technologists and Technicians,4.A.3.b.1.e.2,Operate computer systems.,7
17-3021.00,Aerospace Engineering and Operations Technologists and Technicians,4.A.3.b.2.e.2,Design electrical equipment or systems.,14
17-3021.00,Aerospace Engineering and Operations Technologists and Technicians,4.A.3.b.5.c.7,Maintain test equipment.,9
17-3021.00,Aerospace Engineering and Operations Technologists and Technicians,4.A.3.b.6.i.2,Document technical design details.,15
17-3021.00,Aerospace Engineering and Operations Technologists and Technicians,4.A.3.b.6.i.7,Document design or operational test results.,5
17-3021.00,Aerospace Engineering and Operations Technologists and Technicians,4.A.4.a.2.h.3,Confer with technical personnel to prepare designs or operational plans.,4
17-3022.00,Civil Engineering Technologists and Technicians,4.A.1.a.1.b.8,Review technical documents to plan work.,2
17-3022.00,Civil Engineering Technologists and Technicians,4.A.1.b.2.c.4,Test characteristics of materials or structures.,5
17-3022.00,Civil Engineering Technologists and Technicians,4.A.1.b.2.e.12,Inspect facilities or sites to determine if they meet specifications or standards.,3
17-3022.00,Civil Engineering Technologists and Technicians,4.A.1.b.3.b.4,Estimate operational costs.,6
17-3022.00,Civil Engineering Technologists and Technicians,4.A.1.b.3.d.4,Survey land or bodies of water to measure or determine features.,12
17-3022.00,Civil Engineering Technologists and Technicians,4.A.2.b.1.h.1,Estimate technical or resource requirements for development or production projects.,1
17-3022.00,Civil Engineering Technologists and Technicians,4.A.2.b.2.o.19,Create maps.,9
17-3022.00,Civil Engineering Technologists and Technicians,4.A.2.b.2.o.3,Create graphical representations of civil structures.,4
17-3022.00,Civil Engineering Technologists and Technicians,4.A.2.b.6.b.7,Prepare detailed work plans.,7
17-3022.00,Civil Engineering Technologists and Technicians,4.A.3.b.6.o.4,Prepare operational reports.,10
17-3022.00,Civil Engineering Technologists and Technicians,4.A.4.a.2.h.3,Confer with technical personnel to prepare designs or operational plans.,8
17-3022.00,Civil Engineering Technologists and Technicians,4.A.4.a.7.b.7,Negotiate prices or other sales terms.,15
17-3022.00,Civil Engineering Technologists and Technicians,4.A.4.a.8.c.1,Respond to customer problems or complaints.,14
17-3022.00,Civil Engineering Technologists and Technicians,4.A.4.a.8.c.6,Correspond with customers to answer questions or resolve complaints.,13
17-3022.00,Civil Engineering Technologists and Technicians,4.A.4.b.1.a.2,Confer with other personnel to resolve design or operational problems.,16
17-3022.00,Civil Engineering Technologists and Technicians,4.A.4.b.4.h.10,Prepare project budgets.,11
17-3023.00,Electrical and Electronic Engineering Technologists and Technicians,4.A.1.a.1.b.8,Review technical documents to plan work.,4
17-3023.00,Electrical and Electronic Engineering Technologists and Technicians,4.A.1.b.2.l.2,"Test performance of electrical, electronic, mechanical, or integrated systems or equipment.",7
17-3023.00,Electrical and Electronic Engineering Technologists and Technicians,4.A.1.b.3.b.4,Estimate operational costs.,17
17-3023.00,Electrical and Electronic Engineering Technologists and Technicians,4.A.2.a.4.e.3,Evaluate designs or specifications to ensure quality.,3
17-3023.00,Electrical and Electronic Engineering Technologists and Technicians,4.A.2.a.4.e.8,Analyze costs and benefits of proposed designs or projects.,28
17-3023.00,Electrical and Electronic Engineering Technologists and Technicians,4.A.2.a.4.l.3,Interpret design or operational test results.,26
17-3023.00,Electrical and Electronic Engineering Technologists and Technicians,4.A.2.b.1.h.1,Estimate technical or resource requirements for development or production projects.,16
17-3023.00,Electrical and Electronic Engineering Technologists and Technicians,4.A.2.b.1.j.1,"Select tools, equipment, or technologies for use in operations or projects.",19
17-3023.00,Electrical and Electronic Engineering Technologists and Technicians,4.A.2.b.2.o.5,Create electrical schematics.,21
17-3023.00,Electrical and Electronic Engineering Technologists and Technicians,4.A.2.b.2.o.8,Create schematic drawings for electronics.,9
17-3023.00,Electrical and Electronic Engineering Technologists and Technicians,4.A.2.b.3.a.20,Update technical knowledge.,24
17-3023.00,Electrical and Electronic Engineering Technologists and Technicians,4.A.3.a.2.d.2,Assemble equipment or components.,6
17-3023.00,Electrical and Electronic Engineering Technologists and Technicians,4.A.3.a.2.t.5,Install instrumentation or electronic equipment or systems.,2
17-3023.00,Electrical and Electronic Engineering Technologists and Technicians,4.A.3.b.1.e.2,Operate computer systems.,23
17-3023.00,Electrical and Electronic Engineering Technologists and Technicians,4.A.3.b.2.a.6,Determine operational criteria or specifications.,22
17-3023.00,Electrical and Electronic Engineering Technologists and Technicians,4.A.3.b.2.e.2,Design electrical equipment or systems.,25
17-3023.00,Electrical and Electronic Engineering Technologists and Technicians,4.A.3.b.5.c.4,Maintain electronic equipment.,1
17-3023.00,Electrical and Electronic Engineering Technologists and Technicians,4.A.3.b.6.h.21,Maintain operational records or records systems.,8
17-3023.00,Electrical and Electronic Engineering Technologists and Technicians,4.A.3.b.6.i.2,Document technical design details.,11
17-3023.00,Electrical and Electronic Engineering Technologists and Technicians,4.A.4.a.7.c.2,Resolve operational performance problems.,15
17-3023.00,Electrical and Electronic Engineering Technologists and Technicians,4.A.4.b.1.a.2,Confer with other personnel to resolve design or operational problems.,12
17-3023.00,Electrical and Electronic Engineering Technologists and Technicians,4.A.4.b.3.d.2,Train personnel on proper operational procedures.,20
17-3023.00,Electrical and Electronic Engineering Technologists and Technicians,4.A.4.b.4.g.1,Direct quality control activities.,5
17-3023.00,Electrical and Electronic Engineering Technologists and Technicians,4.A.4.b.4.h.10,Prepare project budgets.,18
17-3023.00,Electrical and Electronic Engineering Technologists and Technicians,4.A.4.b.4.i.4,Direct installation activities.,14
17-3023.00,Electrical and Electronic Engineering Technologists and Technicians,4.A.4.b.4.j.24,Direct industrial production activities.,13
17-3023.00,Electrical and Electronic Engineering Technologists and Technicians,4.A.4.b.6.b.3,Advise customers on the use of products or services.,27
17-3023.00,Electrical and Electronic Engineering Technologists and Technicians,4.A.4.c.3.e.3,"Purchase materials, equipment, or other resources.",10
17-3024.00,Electro-Mechanical and Mechatronics Technologists and Technicians,4.A.1.a.1.b.8,Review technical documents to plan work.,7
17-3024.00,Electro-Mechanical and Mechatronics Technologists and Technicians,4.A.1.b.2.f.8,Inspect finished products to locate flaws.,9
17-3024.00,Electro-Mechanical and Mechatronics Technologists and Technicians,4.A.1.b.2.l.2,"Test performance of electrical, electronic, mechanical, or integrated systems or equipment.",1
17-3024.00,Electro-Mechanical and Mechatronics Technologists and Technicians,4.A.2.a.1.g.7,Evaluate characteristics of equipment or systems.,16
17-3024.00,Electro-Mechanical and Mechatronics Technologists and Technicians,4.A.2.a.4.e.2,Analyze design requirements for computer or electronics systems.,22
17-3024.00,Electro-Mechanical and Mechatronics Technologists and Technicians,4.A.2.a.4.e.8,Analyze costs and benefits of proposed designs or projects.,23
17-3024.00,Electro-Mechanical and Mechatronics Technologists and Technicians,4.A.2.b.1.d.3,Determine operational methods.,18
17-3024.00,Electro-Mechanical and Mechatronics Technologists and Technicians,4.A.2.b.1.i.6,Implement design or process improvements.,29
17-3024.00,Electro-Mechanical and Mechatronics Technologists and Technicians,4.A.2.b.1.j.2,Select project materials.,17
17-3024.00,Electro-Mechanical and Mechatronics Technologists and Technicians,4.A.2.b.2.b.1,Develop software or computer applications.,4
17-3024.00,Electro-Mechanical and Mechatronics Technologists and Technicians,4.A.2.b.2.o.8,Create schematic drawings for electronics.,14
17-3024.00,Electro-Mechanical and Mechatronics Technologists and Technicians,4.A.2.b.2.q.5,Develop operational methods or processes that use green materials or emphasize sustainability.,27
17-3024.00,Electro-Mechanical and Mechatronics Technologists and Technicians,4.A.3.a.2.aa.1,Fabricate devices or components.,13
17-3024.00,Electro-Mechanical and Mechatronics Technologists and Technicians,4.A.3.a.2.aa.3,Fabricate products or components using machine tools.,25
17-3024.00,Electro-Mechanical and Mechatronics Technologists and Technicians,4.A.3.a.2.d.2,Assemble equipment or components.,12
17-3024.00,Electro-Mechanical and Mechatronics Technologists and Technicians,4.A.3.a.2.i.4,Calibrate scientific or technical equipment.,11
17-3024.00,Electro-Mechanical and Mechatronics Technologists and Technicians,4.A.3.a.2.t.5,Install instrumentation or electronic equipment or systems.,10
17-3024.00,Electro-Mechanical and Mechatronics Technologists and Technicians,4.A.3.a.3.f.13,Operate industrial equipment.,15
17-3024.00,Electro-Mechanical and Mechatronics Technologists and Technicians,4.A.3.b.1.a.4,Program robotic equipment.,3
17-3024.00,Electro-Mechanical and Mechatronics Technologists and Technicians,4.A.3.b.2.a.1,Determine design criteria or specifications.,26
17-3024.00,Electro-Mechanical and Mechatronics Technologists and Technicians,4.A.3.b.2.e.1,Design electromechanical equipment or systems.,2
17-3024.00,Electro-Mechanical and Mechatronics Technologists and Technicians,4.A.3.b.2.f.14,Develop technical methods or processes.,19
17-3024.00,Electro-Mechanical and Mechatronics Technologists and Technicians,4.A.3.b.5.a.18,Maintain electromechanical equipment.,5
17-3024.00,Electro-Mechanical and Mechatronics Technologists and Technicians,4.A.3.b.5.c.4,Maintain electronic equipment.,6
17-3024.00,Electro-Mechanical and Mechatronics Technologists and Technicians,4.A.3.b.6.h.21,Maintain operational records or records systems.,20
17-3024.00,Electro-Mechanical and Mechatronics Technologists and Technicians,4.A.3.b.6.i.7,Document design or operational test results.,8
17-3024.00,Electro-Mechanical and Mechatronics Technologists and Technicians,4.A.4.a.2.h.6,Discuss design or technical features of products or services with technical personnel.,28
17-3024.00,Electro-Mechanical and Mechatronics Technologists and Technicians,4.A.4.b.3.d.2,Train personnel on proper operational procedures.,21
17-3024.00,Electro-Mechanical and Mechatronics Technologists and Technicians,4.A.4.b.4.g.1,Direct quality control activities.,24
17-3024.01,Robotics Technicians,4.A.1.b.2.e.12,Inspect facilities or sites to determine if they meet specifications or standards.,16
17-3024.01,Robotics Technicians,4.A.1.b.2.l.2,"Test performance of electrical, electronic, mechanical, or integrated systems or equipment.",9
17-3024.01,Robotics Technicians,4.A.2.a.1.g.7,Evaluate characteristics of equipment or systems.,8
17-3024.01,Robotics Technicians,4.A.2.b.1.b.1,Determine causes of operational problems or failures.,4
17-3024.01,Robotics Technicians,4.A.2.b.2.o.21,Create graphical representations of industrial production systems.,18
17-3024.01,Robotics Technicians,4.A.3.a.2.aa.3,Fabricate products or components using machine tools.,11
17-3024.01,Robotics Technicians,4.A.3.a.2.d.2,Assemble equipment or components.,1
17-3024.01,Robotics Technicians,4.A.3.a.2.i.4,Calibrate scientific or technical equipment.,7
17-3024.01,Robotics Technicians,4.A.3.a.2.t.4,Install production equipment or systems.,15
17-3024.01,Robotics Technicians,4.A.3.b.1.a.4,Program robotic equipment.,5
17-3024.01,Robotics Technicians,4.A.3.b.2.e.1,Design electromechanical equipment or systems.,12
17-3024.01,Robotics Technicians,4.A.3.b.5.a.18,Maintain electromechanical equipment.,2
17-3024.01,Robotics Technicians,4.A.3.b.5.b.3,Repair electronic equipment.,3
17-3024.01,Robotics Technicians,4.A.3.b.6.h.21,Maintain operational records or records systems.,6
17-3024.01,Robotics Technicians,4.A.3.b.6.i.1,Prepare procedural documents.,14
17-3024.01,Robotics Technicians,4.A.3.b.6.i.7,Document design or operational test results.,13
17-3024.01,Robotics Technicians,4.A.4.b.3.d.2,Train personnel on proper operational procedures.,10
17-3024.01,Robotics Technicians,4.A.4.c.3.a.5,"Maintain inventories of materials, equipment, or products.",17
17-3025.00,Environmental Engineering Technologists and Technicians,4.A.1.a.1.j.3,Investigate the environmental impact of projects.,22
17-3025.00,Environmental Engineering Technologists and Technicians,4.A.1.a.1.j.7,Evaluate environmental impact of operational or development activities.,4
17-3025.00,Environmental Engineering Technologists and Technicians,4.A.1.a.1.t.1,Research engineering aspects of biological or chemical processes.,25
17-3025.00,Environmental Engineering Technologists and Technicians,4.A.1.a.1.v.1,"Investigate system, equipment, or product failures.",19
17-3025.00,Environmental Engineering Technologists and Technicians,4.A.1.a.2.i.2,Monitor environmental conditions to detect hazards.,5
17-3025.00,Environmental Engineering Technologists and Technicians,4.A.1.a.2.k.6,Monitor processes for compliance with standards.,6
17-3025.00,Environmental Engineering Technologists and Technicians,4.A.1.b.2.e.12,Inspect facilities or sites to determine if they meet specifications or standards.,10
17-3025.00,Environmental Engineering Technologists and Technicians,4.A.1.b.2.l.2,"Test performance of electrical, electronic, mechanical, or integrated systems or equipment.",9
17-3025.00,Environmental Engineering Technologists and Technicians,4.A.2.a.1.g.5,Assess product or process usefulness.,17
17-3025.00,Environmental Engineering Technologists and Technicians,4.A.2.a.4.e.3,Evaluate designs or specifications to ensure quality.,2
17-3025.00,Environmental Engineering Technologists and Technicians,4.A.2.a.4.l.4,Analyze test or validation data.,15
17-3025.00,Environmental Engineering Technologists and Technicians,4.A.2.b.5.b.7,Schedule operational activities.,11
17-3025.00,Environmental Engineering Technologists and Technicians,4.A.2.b.6.b.7,Prepare detailed work plans.,24
17-3025.00,Environmental Engineering Technologists and Technicians,4.A.3.a.1.c.10,Maintain clean work areas.,14
17-3025.00,Environmental Engineering Technologists and Technicians,4.A.3.a.1.e.2,Dispose of hazardous materials.,3
17-3025.00,Environmental Engineering Technologists and Technicians,4.A.3.a.2.ap.4,Package materials for transport.,1
17-3025.00,Environmental Engineering Technologists and Technicians,4.A.3.a.2.b.2,Collect samples of raw materials or finished products.,16
17-3025.00,Environmental Engineering Technologists and Technicians,4.A.3.b.6.c.8,Prepare technical or operational reports.,18
17-3025.00,Environmental Engineering Technologists and Technicians,4.A.3.b.6.h.21,Maintain operational records or records systems.,12
17-3025.00,Environmental Engineering Technologists and Technicians,4.A.3.b.6.i.7,Document design or operational test results.,13
17-3025.00,Environmental Engineering Technologists and Technicians,4.A.3.b.6.m.6,"Prepare contracts, disclosures, or applications.",7
17-3025.00,Environmental Engineering Technologists and Technicians,4.A.4.b.4.a.5,Supervise production or support personnel.,8
17-3025.00,Environmental Engineering Technologists and Technicians,4.A.4.b.6.b.3,Advise customers on the use of products or services.,23
17-3025.00,Environmental Engineering Technologists and Technicians,4.A.4.b.6.d.1,Provide technical guidance to other personnel.,21
17-3025.00,Environmental Engineering Technologists and Technicians,4.A.4.c.3.e.3,"Purchase materials, equipment, or other resources.",20
17-3026.00,Industrial Engineering Technologists and Technicians,4.A.1.a.1.t.7,Research human performance or health factors related to engineering or design activities.,20
17-3026.00,Industrial Engineering Technologists and Technicians,4.A.1.a.2.b.15,Monitor the productivity or efficiency of industrial operations.,17
17-3026.00,Industrial Engineering Technologists and Technicians,4.A.1.a.2.b.9,Inspect operational processes.,16
17-3026.00,Industrial Engineering Technologists and Technicians,4.A.1.a.2.i.4,Monitor activities affecting environmental quality.,1
17-3026.00,Industrial Engineering Technologists and Technicians,4.A.1.a.2.k.6,Monitor processes for compliance with standards.,11
17-3026.00,Industrial Engineering Technologists and Technicians,4.A.1.b.2.c.2,Test products for functionality or quality.,7
17-3026.00,Industrial Engineering Technologists and Technicians,4.A.1.b.3.b.4,Estimate operational costs.,23
17-3026.00,Industrial Engineering Technologists and Technicians,4.A.2.a.1.g.5,Assess product or process usefulness.,8
17-3026.00,Industrial Engineering Technologists and Technicians,4.A.2.a.4.e.8,Analyze costs and benefits of proposed designs or projects.,22
17-3026.00,Industrial Engineering Technologists and Technicians,4.A.2.b.1.d.3,Determine operational methods.,15
17-3026.00,Industrial Engineering Technologists and Technicians,4.A.2.b.1.i.6,Implement design or process improvements.,6
17-3026.00,Industrial Engineering Technologists and Technicians,4.A.2.b.1.j.2,Select project materials.,14
17-3026.00,Industrial Engineering Technologists and Technicians,4.A.2.b.2.o.1,Prepare drawings or diagrams of products or services.,10
17-3026.00,Industrial Engineering Technologists and Technicians,4.A.2.b.2.o.21,Create graphical representations of industrial production systems.,19
17-3026.00,Industrial Engineering Technologists and Technicians,4.A.2.b.6.b.7,Prepare detailed work plans.,28
17-3026.00,Industrial Engineering Technologists and Technicians,4.A.3.a.2.i.4,Calibrate scientific or technical equipment.,2
17-3026.00,Industrial Engineering Technologists and Technicians,4.A.3.a.3.f.13,Operate industrial equipment.,13
17-3026.00,Industrial Engineering Technologists and Technicians,4.A.3.b.2.b.4,Design structures or facilities.,29
17-3026.00,Industrial Engineering Technologists and Technicians,4.A.3.b.2.c.1,Design industrial processing systems.,27
17-3026.00,Industrial Engineering Technologists and Technicians,4.A.3.b.2.c.3,Design industrial equipment.,5
17-3026.00,Industrial Engineering Technologists and Technicians,4.A.3.b.2.d.3,Create physical models or prototypes.,18
17-3026.00,Industrial Engineering Technologists and Technicians,4.A.3.b.2.f.14,Develop technical methods or processes.,4
17-3026.00,Industrial Engineering Technologists and Technicians,4.A.3.b.6.o.4,Prepare operational reports.,25
17-3026.00,Industrial Engineering Technologists and Technicians,4.A.4.a.1.a.4,"Explain engineering drawings, specifications, or other technical information.",9
17-3026.00,Industrial Engineering Technologists and Technicians,4.A.4.b.3.d.2,Train personnel on proper operational procedures.,21
17-3026.00,Industrial Engineering Technologists and Technicians,4.A.4.b.4.g.1,Direct quality control activities.,24
17-3026.00,Industrial Engineering Technologists and Technicians,4.A.4.b.4.j.24,Direct industrial production activities.,3
17-3026.00,Industrial Engineering Technologists and Technicians,4.A.4.b.6.e.9,"Recommend technical design or process changes to improve efficiency, quality, or performance.",12
17-3026.00,Industrial Engineering Technologists and Technicians,4.A.4.c.3.e.3,"Purchase materials, equipment, or other resources.",26
17-3026.01,Nanotechnology Engineering Technologists and Technicians,4.A.1.a.1.j.3,Investigate the environmental impact of projects.,13
17-3026.01,Nanotechnology Engineering Technologists and Technicians,4.A.1.a.1.t.2,Research engineering applications of emerging technologies.,7
17-3026.01,Nanotechnology Engineering Technologists and Technicians,4.A.1.a.2.i.4,Monitor activities affecting environmental quality.,8
17-3026.01,Nanotechnology Engineering Technologists and Technicians,4.A.1.a.2.k.6,Monitor processes for compliance with standards.,9
17-3026.01,Nanotechnology Engineering Technologists and Technicians,4.A.1.b.2.l.2,"Test performance of electrical, electronic, mechanical, or integrated systems or equipment.",17
17-3026.01,Nanotechnology Engineering Technologists and Technicians,4.A.1.b.3.a.3,Measure physical or chemical properties of materials or objects.,1
17-3026.01,Nanotechnology Engineering Technologists and Technicians,4.A.2.b.1.i.6,Implement design or process improvements.,16
17-3026.01,Nanotechnology Engineering Technologists and Technicians,4.A.2.b.2.s.1,Devise research or testing protocols.,15
17-3026.01,Nanotechnology Engineering Technologists and Technicians,4.A.3.a.1.c.10,Maintain clean work areas.,4
17-3026.01,Nanotechnology Engineering Technologists and Technicians,4.A.3.a.2.d.2,Assemble equipment or components.,19
17-3026.01,Nanotechnology Engineering Technologists and Technicians,4.A.3.a.2.i.4,Calibrate scientific or technical equipment.,3
17-3026.01,Nanotechnology Engineering Technologists and Technicians,4.A.3.a.2.m.9,Prepare materials for processing.,10
17-3026.01,Nanotechnology Engineering Technologists and Technicians,4.A.3.a.3.i.2,Operate precision equipment to control microscopic or nanoscopic processes.,6
17-3026.01,Nanotechnology Engineering Technologists and Technicians,4.A.3.b.5.c.7,Maintain test equipment.,5
17-3026.01,Nanotechnology Engineering Technologists and Technicians,4.A.3.b.6.c.9,Prepare technical reports for internal use.,12
17-3026.01,Nanotechnology Engineering Technologists and Technicians,4.A.3.b.6.h.21,Maintain operational records or records systems.,2
17-3026.01,Nanotechnology Engineering Technologists and Technicians,4.A.3.b.6.i.1,Prepare procedural documents.,11
17-3026.01,Nanotechnology Engineering Technologists and Technicians,4.A.3.b.6.i.2,Document technical design details.,18
17-3026.01,Nanotechnology Engineering Technologists and Technicians,4.A.3.b.6.m.6,"Prepare contracts, disclosures, or applications.",14
17-3027.00,Mechanical Engineering Technologists and Technicians,4.A.1.a.1.b.8,Review technical documents to plan work.,5
17-3027.00,Mechanical Engineering Technologists and Technicians,4.A.1.a.2.b.15,Monitor the productivity or efficiency of industrial operations.,14
17-3027.00,Mechanical Engineering Technologists and Technicians,4.A.1.b.2.c.2,Test products for functionality or quality.,3
17-3027.00,Mechanical Engineering Technologists and Technicians,4.A.1.b.2.c.4,Test characteristics of materials or structures.,8
17-3027.00,Mechanical Engineering Technologists and Technicians,4.A.1.b.2.l.2,"Test performance of electrical, electronic, mechanical, or integrated systems or equipment.",17
17-3027.00,Mechanical Engineering Technologists and Technicians,4.A.1.b.3.b.4,Estimate operational costs.,20
17-3027.00,Mechanical Engineering Technologists and Technicians,4.A.2.a.4.e.3,Evaluate designs or specifications to ensure quality.,12
17-3027.00,Mechanical Engineering Technologists and Technicians,4.A.2.a.4.e.4,Analyze green technology design requirements.,15
17-3027.00,Mechanical Engineering Technologists and Technicians,4.A.2.a.4.e.8,Analyze costs and benefits of proposed designs or projects.,24
17-3027.00,Mechanical Engineering Technologists and Technicians,4.A.2.a.4.l.1,Conduct quantitative failure analyses of operational data.,18
17-3027.00,Mechanical Engineering Technologists and Technicians,4.A.2.a.4.l.4,Analyze test or validation data.,9
17-3027.00,Mechanical Engineering Technologists and Technicians,4.A.2.b.1.h.1,Estimate technical or resource requirements for development or production projects.,4
17-3027.00,Mechanical Engineering Technologists and Technicians,4.A.2.b.2.o.18,Create graphical representations of mechanical equipment.,7
17-3027.00,Mechanical Engineering Technologists and Technicians,4.A.2.b.2.o.21,Create graphical representations of industrial production systems.,21
17-3027.00,Mechanical Engineering Technologists and Technicians,4.A.2.b.5.b.7,Schedule operational activities.,22
17-3027.00,Mechanical Engineering Technologists and Technicians,4.A.3.a.2.aa.1,Fabricate devices or components.,27
17-3027.00,Mechanical Engineering Technologists and Technicians,4.A.3.a.2.d.12,Assemble mechanical components or machine parts.,25
17-3027.00,Mechanical Engineering Technologists and Technicians,4.A.3.a.2.d.2,Assemble equipment or components.,1
17-3027.00,Mechanical Engineering Technologists and Technicians,4.A.3.b.2.c.3,Design industrial equipment.,13
17-3027.00,Mechanical Engineering Technologists and Technicians,4.A.3.b.6.i.2,Document technical design details.,11
17-3027.00,Mechanical Engineering Technologists and Technicians,4.A.3.b.6.i.7,Document design or operational test results.,10
17-3027.00,Mechanical Engineering Technologists and Technicians,4.A.3.b.6.m.6,"Prepare contracts, disclosures, or applications.",16
17-3027.00,Mechanical Engineering Technologists and Technicians,4.A.4.a.1.a.4,"Explain engineering drawings, specifications, or other technical information.",2
17-3027.00,Mechanical Engineering Technologists and Technicians,4.A.4.a.2.b.3,Assist engineers or scientists with research.,23
17-3027.00,Mechanical Engineering Technologists and Technicians,4.A.4.a.2.h.4,Collaborate with others to develop or refine designs.,26
17-3027.00,Mechanical Engineering Technologists and Technicians,4.A.4.b.6.d.1,Provide technical guidance to other personnel.,6
17-3027.00,Mechanical Engineering Technologists and Technicians,4.A.4.b.6.e.9,"Recommend technical design or process changes to improve efficiency, quality, or performance.",19
17-3027.01,Automotive Engineering Technicians,4.A.1.a.1.b.8,Review technical documents to plan work.,3
17-3027.01,Automotive Engineering Technicians,4.A.1.a.1.t.5,Research advanced engineering designs or applications.,17
17-3027.01,Automotive Engineering Technicians,4.A.1.a.2.b.15,Monitor the productivity or efficiency of industrial operations.,7
17-3027.01,Automotive Engineering Technicians,4.A.1.b.2.b.1,Test green technologies or processes.,15
17-3027.01,Automotive Engineering Technicians,4.A.1.b.2.c.2,Test products for functionality or quality.,12
17-3027.01,Automotive Engineering Technicians,4.A.1.b.2.f.8,Inspect finished products to locate flaws.,5
17-3027.01,Automotive Engineering Technicians,4.A.1.b.2.l.2,"Test performance of electrical, electronic, mechanical, or integrated systems or equipment.",4
17-3027.01,Automotive Engineering Technicians,4.A.2.a.4.g.3,"Analyze operational data to evaluate operations, processes or products.",10
17-3027.01,Automotive Engineering Technicians,4.A.2.a.4.l.4,Analyze test or validation data.,6
17-3027.01,Automotive Engineering Technicians,4.A.3.a.2.t.5,Install instrumentation or electronic equipment or systems.,8
17-3027.01,Automotive Engineering Technicians,4.A.3.a.3.f.13,Operate industrial equipment.,2
17-3027.01,Automotive Engineering Technicians,4.A.3.b.2.d.3,Create physical models or prototypes.,11
17-3027.01,Automotive Engineering Technicians,4.A.3.b.2.e.3,Design electronic or computer equipment or instrumentation.,16
17-3027.01,Automotive Engineering Technicians,4.A.3.b.5.c.7,Maintain test equipment.,9
17-3027.01,Automotive Engineering Technicians,4.A.3.b.6.i.7,Document design or operational test results.,1
17-3027.01,Automotive Engineering Technicians,4.A.4.b.6.e.9,"Recommend technical design or process changes to improve efficiency, quality, or performance.",14
17-3027.01,Automotive Engineering Technicians,4.A.4.c.3.e.3,"Purchase materials, equipment, or other resources.",13
17-3028.00,Calibration Technologists and Technicians,4.A.1.a.1.b.9,Review blueprints or specifications to determine work requirements.,4
17-3028.00,Calibration Technologists and Technicians,4.A.1.b.2.e.15,Inspect condition or functioning of facilities or equipment.,6
17-3028.00,Calibration Technologists and Technicians,4.A.1.b.2.f.8,Inspect finished products to locate flaws.,3
17-3028.00,Calibration Technologists and Technicians,4.A.1.b.2.l.2,"Test performance of electrical, electronic, mechanical, or integrated systems or equipment.",5
17-3028.00,Calibration Technologists and Technicians,4.A.2.a.1.g.9,Evaluate characteristics of products.,12
17-3028.00,Calibration Technologists and Technicians,4.A.2.a.4.e.5,Analyze project data to determine specifications or requirements.,11
17-3028.00,Calibration Technologists and Technicians,4.A.2.b.2.o.15,Draw detailed or technical illustrations.,16
17-3028.00,Calibration Technologists and Technicians,4.A.2.b.3.a.20,Update technical knowledge.,17
17-3028.00,Calibration Technologists and Technicians,4.A.2.b.6.b.7,Prepare detailed work plans.,13
17-3028.00,Calibration Technologists and Technicians,4.A.3.a.2.d.3,Reassemble equipment after repair.,9
17-3028.00,Calibration Technologists and Technicians,4.A.3.a.2.i.4,Calibrate scientific or technical equipment.,7
17-3028.00,Calibration Technologists and Technicians,4.A.3.a.2.s.3,Disassemble equipment to inspect for deficiencies.,8
17-3028.00,Calibration Technologists and Technicians,4.A.3.b.2.f.14,Develop technical methods or processes.,15
17-3028.00,Calibration Technologists and Technicians,4.A.3.b.4.b.3,Repair precision devices or workpieces.,2
17-3028.00,Calibration Technologists and Technicians,4.A.3.b.5.c.7,Maintain test equipment.,1
17-3028.00,Calibration Technologists and Technicians,4.A.3.b.6.c.6,Write reports or evaluations.,10
17-3028.00,Calibration Technologists and Technicians,4.A.4.c.3.e.1,"Order materials, supplies, or equipment.",14
17-3029.01,Non-Destructive Testing Specialists,4.A.1.b.2.c.4,Test characteristics of materials or structures.,3
17-3029.01,Non-Destructive Testing Specialists,4.A.1.b.2.f.8,Inspect finished products to locate flaws.,6
17-3029.01,Non-Destructive Testing Specialists,4.A.1.b.2.g.11,Inspect equipment or systems.,9
17-3029.01,Non-Destructive Testing Specialists,4.A.1.b.2.l.2,"Test performance of electrical, electronic, mechanical, or integrated systems or equipment.",11
17-3029.01,Non-Destructive Testing Specialists,4.A.1.b.3.a.3,Measure physical or chemical properties of materials or objects.,1
17-3029.01,Non-Destructive Testing Specialists,4.A.2.a.4.l.3,Interpret design or operational test results.,2
17-3029.01,Non-Destructive Testing Specialists,4.A.2.b.1.j.1,"Select tools, equipment, or technologies for use in operations or projects.",8
17-3029.01,Non-Destructive Testing Specialists,4.A.2.b.2.s.1,Devise research or testing protocols.,12
17-3029.01,Non-Destructive Testing Specialists,4.A.3.a.2.i.4,Calibrate scientific or technical equipment.,5
17-3029.01,Non-Destructive Testing Specialists,4.A.3.a.3.f.13,Operate industrial equipment.,7
17-3029.01,Non-Destructive Testing Specialists,4.A.3.b.6.i.7,Document design or operational test results.,4
17-3029.01,Non-Destructive Testing Specialists,4.A.4.b.4.a.2,Supervise engineering or other technical personnel.,10
17-3029.08,Photonics Technicians,4.A.1.b.2.l.2,"Test performance of electrical, electronic, mechanical, or integrated systems or equipment.",12
17-3029.08,Photonics Technicians,4.A.2.a.4.g.3,"Analyze operational data to evaluate operations, processes or products.",17
17-3029.08,Photonics Technicians,4.A.2.a.4.l.1,Conduct quantitative failure analyses of operational data.,11
17-3029.08,Photonics Technicians,4.A.2.a.4.l.4,Analyze test or validation data.,1
17-3029.08,Photonics Technicians,4.A.2.b.2.o.8,Create schematic drawings for electronics.,19
17-3029.08,Photonics Technicians,4.A.3.a.1.c.10,Maintain clean work areas.,3
17-3029.08,Photonics Technicians,4.A.3.a.2.aa.1,Fabricate devices or components.,23
17-3029.08,Photonics Technicians,4.A.3.a.2.d.2,Assemble equipment or components.,18
17-3029.08,Photonics Technicians,4.A.3.a.2.d.4,Assemble precision electronics or optical equipment.,6
17-3029.08,Photonics Technicians,4.A.3.a.2.i.4,Calibrate scientific or technical equipment.,4
17-3029.08,Photonics Technicians,4.A.3.a.2.m.9,Prepare materials for processing.,20
17-3029.08,Photonics Technicians,4.A.3.a.2.t.5,Install instrumentation or electronic equipment or systems.,10
17-3029.08,Photonics Technicians,4.A.3.a.3.f.13,Operate industrial equipment.,16
17-3029.08,Photonics Technicians,4.A.3.b.2.d.3,Create physical models or prototypes.,7
17-3029.08,Photonics Technicians,4.A.3.b.2.e.3,Design electronic or computer equipment or instrumentation.,13
17-3029.08,Photonics Technicians,4.A.3.b.2.f.14,Develop technical methods or processes.,14
17-3029.08,Photonics Technicians,4.A.3.b.5.c.4,Maintain electronic equipment.,5
17-3029.08,Photonics Technicians,4.A.3.b.6.i.1,Prepare procedural documents.,8
17-3029.08,Photonics Technicians,4.A.3.b.6.i.7,Document design or operational test results.,2
17-3029.08,Photonics Technicians,4.A.4.a.2.b.3,Assist engineers or scientists with research.,9
17-3029.08,Photonics Technicians,4.A.4.b.6.e.9,"Recommend technical design or process changes to improve efficiency, quality, or performance.",15
17-3029.08,Photonics Technicians,4.A.4.c.3.a.5,"Maintain inventories of materials, equipment, or products.",21
17-3029.08,Photonics Technicians,4.A.4.c.3.e.3,"Purchase materials, equipment, or other resources.",22
17-3031.00,Surveying and Mapping Technicians,4.A.1.a.1.f.3,Gather physical survey data.,7
17-3031.00,Surveying and Mapping Technicians,4.A.1.a.2.k.6,Monitor processes for compliance with standards.,13
17-3031.00,Surveying and Mapping Technicians,4.A.1.b.3.b.6,Estimate costs for projects or productions.,18
17-3031.00,Surveying and Mapping Technicians,4.A.1.b.3.d.1,Survey land or properties.,6
17-3031.00,Surveying and Mapping Technicians,4.A.1.b.3.d.3,Calculate geographic positions from survey data.,3
17-3031.00,Surveying and Mapping Technicians,4.A.1.b.3.d.4,Survey land or bodies of water to measure or determine features.,1
17-3031.00,Surveying and Mapping Technicians,4.A.2.a.2.a.10,Verify mathematical calculations.,15
17-3031.00,Surveying and Mapping Technicians,4.A.2.a.4.a.2,Determine geographic coordinates.,2
17-3031.00,Surveying and Mapping Technicians,4.A.2.a.4.e.3,Evaluate designs or specifications to ensure quality.,8
17-3031.00,Surveying and Mapping Technicians,4.A.2.b.2.b.1,Develop software or computer applications.,11
17-3031.00,Surveying and Mapping Technicians,4.A.2.b.2.o.11,Prepare maps.,19
17-3031.00,Surveying and Mapping Technicians,4.A.2.b.2.o.16,Create graphical representations of structures or landscapes.,4
17-3031.00,Surveying and Mapping Technicians,4.A.2.b.2.o.19,Create maps.,9
17-3031.00,Surveying and Mapping Technicians,4.A.3.b.1.e.2,Operate computer systems.,17
17-3031.00,Surveying and Mapping Technicians,4.A.3.b.1.f.10,Enter codes or other information into computers.,5
17-3031.00,Surveying and Mapping Technicians,4.A.3.b.6.i.2,Document technical design details.,12
17-3031.00,Surveying and Mapping Technicians,4.A.4.a.2.b.3,Assist engineers or scientists with research.,14
17-3031.00,Surveying and Mapping Technicians,4.A.4.a.3.b.6,Explain project details to the general public.,16
17-3031.00,Surveying and Mapping Technicians,4.A.4.b.4.a.2,Supervise engineering or other technical personnel.,10
19-1011.00,Animal Scientists,4.A.1.a.1.m.1,Research livestock management methods.,1
19-1011.00,Animal Scientists,4.A.1.a.1.p.1,Research genetic characteristics or expression.,6
19-1011.00,Animal Scientists,4.A.3.b.2.f.18,Develop agricultural methods.,3
19-1011.00,Animal Scientists,4.A.3.b.6.c.4,Prepare scientific or technical reports or presentations.,2
19-1011.00,Animal Scientists,4.A.4.a.5.d.3,Perform animal breeding procedures.,7
19-1011.00,Animal Scientists,4.A.4.b.6.e.10,Advise others on business or operational matters.,4
19-1011.00,Animal Scientists,4.A.4.b.6.e.11,Advise others on ways to improve processes or products.,5
19-1012.00,Food Scientists and Technologists,4.A.1.a.1.t.10,Research methods to improve food products.,2
19-1012.00,Food Scientists and Technologists,4.A.1.b.2.c.7,Test quality of materials or finished products.,7
19-1012.00,Food Scientists and Technologists,4.A.1.b.2.e.9,Inspect areas for compliance with sanitation standards.,1
19-1012.00,Food Scientists and Technologists,4.A.2.a.1.e.3,Evaluate quality of materials or products.,3
19-1012.00,Food Scientists and Technologists,4.A.2.a.1.g.2,Evaluate new technologies or methods.,9
19-1012.00,Food Scientists and Technologists,4.A.2.b.3.a.1,Review professional literature to maintain professional knowledge.,6
19-1012.00,Food Scientists and Technologists,4.A.3.b.2.a.2,Develop specifications for new products or processes.,8
19-1012.00,Food Scientists and Technologists,4.A.3.b.2.f.17,"Establish standards for products, processes, or procedures.",4
19-1012.00,Food Scientists and Technologists,4.A.4.a.2.j.2,Confer with clients to exchange information.,10
19-1012.00,Food Scientists and Technologists,4.A.4.b.1.a.5,Collaborate with technical specialists to resolve design or development problems.,5
19-1013.00,Soil and Plant Scientists,4.A.1.a.1.h.1,Research hydrologic features or processes.,5
19-1013.00,Soil and Plant Scientists,4.A.1.a.1.h.2,Research geological features or processes.,11
19-1013.00,Soil and Plant Scientists,4.A.1.a.1.h.3,Conduct climatological research.,8
19-1013.00,Soil and Plant Scientists,4.A.1.a.1.j.1,Research impacts of environmental conservation initiatives.,18
19-1013.00,Soil and Plant Scientists,4.A.1.a.1.m.2,Research crop management methods.,6
19-1013.00,Soil and Plant Scientists,4.A.1.a.1.m.3,Research sustainable agricultural processes or practices.,4
19-1013.00,Soil and Plant Scientists,4.A.1.a.1.p.2,Research diseases or parasites.,20
19-1013.00,Soil and Plant Scientists,4.A.1.a.1.p.3,Conduct research of processes in natural or industrial ecosystems.,17
19-1013.00,Soil and Plant Scientists,4.A.1.a.1.p.5,Classify organisms based on their characteristics or behavior.,19
19-1013.00,Soil and Plant Scientists,4.A.1.b.3.d.1,Survey land or properties.,14
19-1013.00,Soil and Plant Scientists,4.A.2.a.4.a.4,Analyze environmental data.,7
19-1013.00,Soil and Plant Scientists,4.A.2.a.4.j.5,Analyze biological samples.,12
19-1013.00,Soil and Plant Scientists,4.A.2.b.2.g.1,Plan natural resources conservation or restoration programs.,9
19-1013.00,Soil and Plant Scientists,4.A.2.b.2.g.3,Develop environmental sustainability plans or projects.,16
19-1013.00,Soil and Plant Scientists,4.A.2.b.2.q.4,Develop sustainable industrial or development methods.,2
19-1013.00,Soil and Plant Scientists,4.A.3.b.2.f.18,Develop agricultural methods.,10
19-1013.00,Soil and Plant Scientists,4.A.3.b.6.c.4,Prepare scientific or technical reports or presentations.,1
19-1013.00,Soil and Plant Scientists,4.A.4.b.1.a.5,Collaborate with technical specialists to resolve design or development problems.,13
19-1013.00,Soil and Plant Scientists,4.A.4.b.4.e.6,Direct natural resources management or conservation programs.,15
19-1013.00,Soil and Plant Scientists,4.A.4.b.6.c.1,Advise others about environmental management or conservation.,21
19-1013.00,Soil and Plant Scientists,4.A.4.b.6.c.4,Advise others about land management or conservation.,3
19-1021.00,Biochemists and Biophysicists,4.A.1.a.1.p.1,Research genetic characteristics or expression.,13
19-1021.00,Biochemists and Biophysicists,4.A.1.a.1.p.2,Research diseases or parasites.,11
19-1021.00,Biochemists and Biophysicists,4.A.1.a.1.p.4,Research microbiological or chemical processes or structures.,3
19-1021.00,Biochemists and Biophysicists,4.A.1.a.1.t.10,Research methods to improve food products.,14
19-1021.00,Biochemists and Biophysicists,4.A.2.a.4.j.5,Analyze biological samples.,8
19-1021.00,Biochemists and Biophysicists,4.A.2.b.2.s.2,Develop biological research methods.,5
19-1021.00,Biochemists and Biophysicists,4.A.2.b.2.s.4,Design research studies to obtain scientific information.,7
19-1021.00,Biochemists and Biophysicists,4.A.3.a.2.at.10,Set up laboratory or field equipment.,9
19-1021.00,Biochemists and Biophysicists,4.A.3.a.2.au.4,Prepare compounds or solutions for products or testing.,10
19-1021.00,Biochemists and Biophysicists,4.A.3.b.2.f.12,Develop new or advanced products or production methods.,12
19-1021.00,Biochemists and Biophysicists,4.A.3.b.6.c.4,Prepare scientific or technical reports or presentations.,1
19-1021.00,Biochemists and Biophysicists,4.A.3.b.6.g.2,Write grant proposals.,6
19-1021.00,Biochemists and Biophysicists,4.A.4.b.3.b.9,Instruct college students in physical or life sciences.,2
19-1021.00,Biochemists and Biophysicists,4.A.4.b.4.a.10,Supervise scientific or technical personnel.,4
19-1022.00,Microbiologists,4.A.1.a.1.j.4,Monitor environmental impacts of production or development activities.,6
19-1022.00,Microbiologists,4.A.1.a.1.p.2,Research diseases or parasites.,9
19-1022.00,Microbiologists,4.A.1.a.1.p.4,Research microbiological or chemical processes or structures.,13
19-1022.00,Microbiologists,4.A.1.a.1.p.5,Classify organisms based on their characteristics or behavior.,4
19-1022.00,Microbiologists,4.A.1.a.1.p.6,Examine characteristics or behavior of living organisms.,12
19-1022.00,Microbiologists,4.A.1.a.2.i.6,Inspect condition of natural environments.,5
19-1022.00,Microbiologists,4.A.2.a.4.j.5,Analyze biological samples.,3
19-1022.00,Microbiologists,4.A.2.a.4.j.6,Analyze chemical compounds or substances.,14
19-1022.00,Microbiologists,4.A.3.a.2.au.1,"Cultivate micro-organisms for study, testing, or medical preparations.",1
19-1022.00,Microbiologists,4.A.3.a.2.au.3,Prepare biological samples for testing or analysis.,2
19-1022.00,Microbiologists,4.A.3.a.3.i.1,Operate laboratory or field equipment.,8
19-1022.00,Microbiologists,4.A.3.b.2.f.12,Develop new or advanced products or production methods.,11
19-1022.00,Microbiologists,4.A.3.b.6.c.4,Prepare scientific or technical reports or presentations.,10
19-1022.00,Microbiologists,4.A.4.b.4.a.10,Supervise scientific or technical personnel.,7
19-1023.00,Zoologists and Wildlife Biologists,4.A.1.a.1.j.5,Research environmental impact of industrial or development activities.,4
19-1023.00,Zoologists and Wildlife Biologists,4.A.1.a.1.p.1,Research genetic characteristics or expression.,7
19-1023.00,Zoologists and Wildlife Biologists,4.A.1.a.1.p.2,Research diseases or parasites.,6
19-1023.00,Zoologists and Wildlife Biologists,4.A.1.a.1.p.6,Examine characteristics or behavior of living organisms.,5
19-1023.00,Zoologists and Wildlife Biologists,4.A.1.a.2.i.3,Measure environmental characteristics.,1
19-1023.00,Zoologists and Wildlife Biologists,4.A.2.a.3.b.1,Assess compliance with environmental laws.,12
19-1023.00,Zoologists and Wildlife Biologists,4.A.2.a.4.j.5,Analyze biological samples.,18
19-1023.00,Zoologists and Wildlife Biologists,4.A.2.b.1.i.4,Implement advertising or marketing initiatives.,14
19-1023.00,Zoologists and Wildlife Biologists,4.A.2.b.2.s.5,Plan biological research.,9
19-1023.00,Zoologists and Wildlife Biologists,4.A.2.b.3.a.1,Review professional literature to maintain professional knowledge.,10
19-1023.00,Zoologists and Wildlife Biologists,4.A.3.a.2.al.2,Collect biological specimens.,19
19-1023.00,Zoologists and Wildlife Biologists,4.A.3.a.2.au.3,Prepare biological samples for testing or analysis.,17
19-1023.00,Zoologists and Wildlife Biologists,4.A.3.b.6.c.4,Prepare scientific or technical reports or presentations.,2
19-1023.00,Zoologists and Wildlife Biologists,4.A.4.a.2.a.1,Communicate with the public on environmental issues.,8
19-1023.00,Zoologists and Wildlife Biologists,4.A.4.b.1.g.2,Coordinate safety or regulatory compliance activities.,11
19-1023.00,Zoologists and Wildlife Biologists,4.A.4.b.4.a.13,Supervise employees.,16
19-1023.00,Zoologists and Wildlife Biologists,4.A.4.b.4.h.3,Direct fundraising or financing activities.,13
19-1023.00,Zoologists and Wildlife Biologists,4.A.4.b.4.h.5,Manage organizational or project budgets.,15
19-1023.00,Zoologists and Wildlife Biologists,4.A.4.b.6.c.1,Advise others about environmental management or conservation.,3
19-1029.01,Bioinformatics Scientists,4.A.1.a.1.p.1,Research genetic characteristics or expression.,4
19-1029.01,Bioinformatics Scientists,4.A.2.a.4.j.5,Analyze biological samples.,3
19-1029.01,Bioinformatics Scientists,4.A.2.b.2.b.6,Develop software or applications for scientific or technical use.,1
19-1029.01,Bioinformatics Scientists,4.A.2.b.2.f.2,Develop technical or scientific databases.,6
19-1029.01,Bioinformatics Scientists,4.A.2.b.3.a.1,Review professional literature to maintain professional knowledge.,7
19-1029.01,Bioinformatics Scientists,4.A.3.b.6.c.4,Prepare scientific or technical reports or presentations.,5
19-1029.01,Bioinformatics Scientists,4.A.4.b.1.a.5,Collaborate with technical specialists to resolve design or development problems.,8
19-1029.01,Bioinformatics Scientists,4.A.4.b.3.d.15,Train personnel in technical or scientific procedures.,10
19-1029.01,Bioinformatics Scientists,4.A.4.b.4.a.10,Supervise scientific or technical personnel.,9
19-1029.01,Bioinformatics Scientists,4.A.4.b.6.d.4,Advise others on the development or use of new technologies.,2
19-1029.01,Bioinformatics Scientists,4.A.4.b.6.e.10,Advise others on business or operational matters.,11
19-1029.02,Molecular and Cellular Biologists,4.A.1.a.1.b.7,Read documents to gather technical information.,9
19-1029.02,Molecular and Cellular Biologists,4.A.1.a.1.m.2,Research crop management methods.,17
19-1029.02,Molecular and Cellular Biologists,4.A.1.a.1.p.4,Research microbiological or chemical processes or structures.,6
19-1029.02,Molecular and Cellular Biologists,4.A.1.b.2.g.18,Inspect equipment to ensure proper functioning.,22
19-1029.02,Molecular and Cellular Biologists,4.A.2.a.1.g.2,Evaluate new technologies or methods.,12
19-1029.02,Molecular and Cellular Biologists,4.A.2.a.3.a.8,"Proofread documents, records, or other files to ensure accuracy.",8
19-1029.02,Molecular and Cellular Biologists,4.A.2.a.4.j.5,Analyze biological samples.,5
19-1029.02,Molecular and Cellular Biologists,4.A.2.b.2.f.2,Develop technical or scientific databases.,25
19-1029.02,Molecular and Cellular Biologists,4.A.2.b.2.s.2,Develop biological research methods.,18
19-1029.02,Molecular and Cellular Biologists,4.A.2.b.2.s.5,Plan biological research.,2
19-1029.02,Molecular and Cellular Biologists,4.A.3.a.3.i.1,Operate laboratory or field equipment.,15
19-1029.02,Molecular and Cellular Biologists,4.A.3.b.2.f.12,Develop new or advanced products or production methods.,21
19-1029.02,Molecular and Cellular Biologists,4.A.3.b.2.f.7,Establish standards for medical care.,16
19-1029.02,Molecular and Cellular Biologists,4.A.3.b.6.c.4,Prepare scientific or technical reports or presentations.,7
19-1029.02,Molecular and Cellular Biologists,4.A.3.b.6.g.2,Write grant proposals.,4
19-1029.02,Molecular and Cellular Biologists,4.A.3.b.6.g.4,Prepare proposals or grant applications to obtain project funding.,3
19-1029.02,Molecular and Cellular Biologists,4.A.3.b.6.h.18,Record research or operational data.,1
19-1029.02,Molecular and Cellular Biologists,4.A.4.a.2.h.6,Discuss design or technical features of products or services with technical personnel.,24
19-1029.02,Molecular and Cellular Biologists,4.A.4.a.2.h.7,Collaborate with others to determine design specifications or details.,23
19-1029.02,Molecular and Cellular Biologists,4.A.4.b.3.b.9,Instruct college students in physical or life sciences.,10
19-1029.02,Molecular and Cellular Biologists,4.A.4.b.4.a.10,Supervise scientific or technical personnel.,14
19-1029.02,Molecular and Cellular Biologists,4.A.4.b.4.e.11,Coordinate cross-disciplinary research programs.,19
19-1029.02,Molecular and Cellular Biologists,4.A.4.b.4.e.5,Direct scientific activities.,11
19-1029.02,Molecular and Cellular Biologists,4.A.4.b.4.e.8,Manage scientific or technical project resources.,20
19-1029.02,Molecular and Cellular Biologists,4.A.4.b.4.e.9,Direct medical science or healthcare programs.,13
19-1029.03,Geneticists,4.A.1.a.1.p.1,Research genetic characteristics or expression.,2
19-1029.03,Geneticists,4.A.1.a.1.p.2,Research diseases or parasites.,11
19-1029.03,Geneticists,4.A.1.b.2.g.18,Inspect equipment to ensure proper functioning.,15
19-1029.03,Geneticists,4.A.2.a.4.g.5,Interpret research or operational data.,8
19-1029.03,Geneticists,4.A.2.a.4.j.5,Analyze biological samples.,10
19-1029.03,Geneticists,4.A.2.b.2.b.6,Develop software or applications for scientific or technical use.,17
19-1029.03,Geneticists,4.A.2.b.2.f.2,Develop technical or scientific databases.,19
19-1029.03,Geneticists,4.A.2.b.2.g.1,Plan natural resources conservation or restoration programs.,20
19-1029.03,Geneticists,4.A.2.b.2.s.5,Plan biological research.,3
19-1029.03,Geneticists,4.A.2.b.3.a.1,Review professional literature to maintain professional knowledge.,5
19-1029.03,Geneticists,4.A.2.b.3.a.9,Attend conferences or workshops to maintain professional knowledge.,9
19-1029.03,Geneticists,4.A.3.b.2.f.7,Establish standards for medical care.,18
19-1029.03,Geneticists,4.A.3.b.6.c.4,Prepare scientific or technical reports or presentations.,4
19-1029.03,Geneticists,4.A.3.b.6.g.5,Prepare proposal documents or grant applications.,6
19-1029.03,Geneticists,4.A.3.b.6.h.18,Record research or operational data.,7
19-1029.03,Geneticists,4.A.4.a.2.b.1,Collaborate on research activities with scientists or technical specialists.,12
19-1029.03,Geneticists,4.A.4.b.1.a.5,Collaborate with technical specialists to resolve design or development problems.,16
19-1029.03,Geneticists,4.A.4.b.3.b.9,Instruct college students in physical or life sciences.,13
19-1029.03,Geneticists,4.A.4.b.3.d.15,Train personnel in technical or scientific procedures.,14
19-1029.03,Geneticists,4.A.4.b.4.a.10,Supervise scientific or technical personnel.,1
19-1029.04,Biologists,4.A.1.a.1.j.5,Research environmental impact of industrial or development activities.,1
19-1029.04,Biologists,4.A.1.a.1.j.6,Identify environmental concerns.,16
19-1029.04,Biologists,4.A.1.a.1.p.2,Research diseases or parasites.,27
19-1029.04,Biologists,4.A.1.a.1.p.3,Conduct research of processes in natural or industrial ecosystems.,12
19-1029.04,Biologists,4.A.1.a.1.p.5,Classify organisms based on their characteristics or behavior.,10
19-1029.04,Biologists,4.A.1.a.1.p.6,Examine characteristics or behavior of living organisms.,9
19-1029.04,Biologists,4.A.2.a.3.a.9,Review plans or proposals for environmental conservation.,14
19-1029.04,Biologists,4.A.2.a.4.d.2,Analyze data to identify trends or relationships among variables.,2
19-1029.04,Biologists,4.A.2.a.4.j.6,Analyze chemical compounds or substances.,20
19-1029.04,Biologists,4.A.2.b.2.e.2,"Develop safety standards, policies, or procedures.",23
19-1029.04,Biologists,4.A.2.b.2.g.4,Develop plans to manage natural or renewable resources.,17
19-1029.04,Biologists,4.A.2.b.2.s.2,Develop biological research methods.,24
19-1029.04,Biologists,4.A.2.b.2.s.5,Plan biological research.,26
19-1029.04,Biologists,4.A.2.b.3.a.10,Research topics in area of expertise.,11
19-1029.04,Biologists,4.A.3.a.2.al.5,Collect environmental data or samples.,13
19-1029.04,Biologists,4.A.3.b.1.a.3,Write computer programming code.,4
19-1029.04,Biologists,4.A.3.b.1.e.1,Operate computers or computerized equipment.,3
19-1029.04,Biologists,4.A.3.b.6.c.4,Prepare scientific or technical reports or presentations.,25
19-1029.04,Biologists,4.A.3.b.6.c.7,Prepare research or technical reports on environmental issues.,6
19-1029.04,Biologists,4.A.3.b.6.g.2,Write grant proposals.,15
19-1029.04,Biologists,4.A.3.b.6.g.5,Prepare proposal documents or grant applications.,19
19-1029.04,Biologists,4.A.4.a.2.a.3,Communicate results of environmental research.,5
19-1029.04,Biologists,4.A.4.a.3.b.5,Provide technical information or assistance to public.,22
19-1029.04,Biologists,4.A.4.a.4.a.1,Develop collaborative relationships between departments or with external organizations.,8
19-1029.04,Biologists,4.A.4.b.1.c.1,Communicate with government agencies.,21
19-1029.04,Biologists,4.A.4.b.3.b.9,Instruct college students in physical or life sciences.,18
19-1029.04,Biologists,4.A.4.b.4.a.10,Supervise scientific or technical personnel.,7
19-1031.00,Conservation Scientists,4.A.1.a.1.m.3,Research sustainable agricultural processes or practices.,14
19-1031.00,Conservation Scientists,4.A.1.a.2.b.16,Monitor operational procedures in technical environments to ensure conformance to standards.,3
19-1031.00,Conservation Scientists,4.A.1.a.2.i.6,Inspect condition of natural environments.,9
19-1031.00,Conservation Scientists,4.A.1.b.3.b.5,Estimate green project costs.,8
19-1031.00,Conservation Scientists,4.A.2.a.2.c.5,Compile environmental or climatological data.,19
19-1031.00,Conservation Scientists,4.A.2.a.3.a.7,"Review environmental permits, plans, or reports.",23
19-1031.00,Conservation Scientists,4.A.2.a.3.a.9,Review plans or proposals for environmental conservation.,20
19-1031.00,Conservation Scientists,4.A.2.a.3.b.1,Assess compliance with environmental laws.,22
19-1031.00,Conservation Scientists,4.A.2.a.4.a.4,Analyze environmental data.,17
19-1031.00,Conservation Scientists,4.A.2.b.2.g.1,Plan natural resources conservation or restoration programs.,2
19-1031.00,Conservation Scientists,4.A.2.b.2.g.4,Develop plans to manage natural or renewable resources.,5
19-1031.00,Conservation Scientists,4.A.2.b.2.m.2,Apply knowledge or research findings to address environmental problems.,1
19-1031.00,Conservation Scientists,4.A.2.b.2.o.19,Create maps.,21
19-1031.00,Conservation Scientists,4.A.2.b.2.s.6,Plan environmental research.,15
19-1031.00,Conservation Scientists,4.A.3.a.2.al.3,Collect geographical or geological field data.,7
19-1031.00,Conservation Scientists,4.A.3.b.2.a.1,Determine design criteria or specifications.,6
19-1031.00,Conservation Scientists,4.A.3.b.6.h.18,Record research or operational data.,12
19-1031.00,Conservation Scientists,4.A.4.a.2.a.1,Communicate with the public on environmental issues.,18
19-1031.00,Conservation Scientists,4.A.4.a.4.a.1,Develop collaborative relationships between departments or with external organizations.,10
19-1031.00,Conservation Scientists,4.A.4.a.7.a.3,Mediate disputes.,24
19-1031.00,Conservation Scientists,4.A.4.b.3.d.15,Train personnel in technical or scientific procedures.,13
19-1031.00,Conservation Scientists,4.A.4.b.4.e.6,Direct natural resources management or conservation programs.,16
19-1031.00,Conservation Scientists,4.A.4.b.6.c.1,Advise others about environmental management or conservation.,11
19-1031.00,Conservation Scientists,4.A.4.b.6.c.4,Advise others about land management or conservation.,4
19-1031.02,Range Managers,4.A.1.a.1.m.1,Research livestock management methods.,2
19-1031.02,Range Managers,4.A.1.a.1.m.2,Research crop management methods.,13
19-1031.02,Range Managers,4.A.1.a.2.i.3,Measure environmental characteristics.,8
19-1031.02,Range Managers,4.A.1.a.2.k.10,Determine operational compliance with regulations or standards.,10
19-1031.02,Range Managers,4.A.2.b.2.g.1,Plan natural resources conservation or restoration programs.,1
19-1031.02,Range Managers,4.A.2.b.2.g.3,Develop environmental sustainability plans or projects.,12
19-1031.02,Range Managers,4.A.2.b.2.g.4,Develop plans to manage natural or renewable resources.,3
19-1031.02,Range Managers,4.A.3.a.2.ag.5,Apply chemical solutions to plants to protect against disease or insects or to enhance growth.,15
19-1031.02,Range Managers,4.A.3.b.2.f.18,Develop agricultural methods.,14
19-1031.02,Range Managers,4.A.4.a.2.c.18,Confer with others to conduct or arrange operational activities.,7
19-1031.02,Range Managers,4.A.4.a.5.d.1,Care for plants or animals.,16
19-1031.02,Range Managers,4.A.4.a.7.a.3,Mediate disputes.,4
19-1031.02,Range Managers,4.A.4.b.1.c.1,Communicate with government agencies.,6
19-1031.02,Range Managers,4.A.4.b.4.c.2,Manage agricultural or forestry operations.,9
19-1031.02,Range Managers,4.A.4.b.6.c.4,Advise others about land management or conservation.,5
19-1031.02,Range Managers,4.A.4.c.1.d.1,Issue permits or other legal documents.,11
19-1031.03,Park Naturalists,4.A.1.a.1.l.3,"Collect information from people through observation, interviews, or surveys.",29
19-1031.03,Park Naturalists,4.A.1.a.1.r.2,Conduct historical research.,25
19-1031.03,Park Naturalists,4.A.1.a.2.e.4,Monitor animal behavior or condition.,2
19-1031.03,Park Naturalists,4.A.1.a.2.i.3,Measure environmental characteristics.,17
19-1031.03,Park Naturalists,4.A.2.a.2.c.6,Compile geographic or related data.,28
19-1031.03,Park Naturalists,4.A.2.b.2.j.1,Develop promotional materials.,26
19-1031.03,Park Naturalists,4.A.2.b.2.l.8,Develop educational programs.,8
19-1031.03,Park Naturalists,4.A.2.b.2.m.3,Protect wildlife or natural areas.,15
19-1031.03,Park Naturalists,4.A.2.b.2.o.14,Prepare graphics or other visual representations of information.,18
19-1031.03,Park Naturalists,4.A.2.b.2.o.20,Create images or other visual displays.,19
19-1031.03,Park Naturalists,4.A.2.b.2.o.9,"Design layout of art or product exhibits, displays, or promotional materials.",20
19-1031.03,Park Naturalists,4.A.2.b.5.a.4,Schedule activities or facility use.,13
19-1031.03,Park Naturalists,4.A.2.b.6.a.1,Plan special events.,4
19-1031.03,Park Naturalists,4.A.2.b.6.b.3,Plan work operations.,10
19-1031.03,Park Naturalists,4.A.3.a.1.b.2,Protect property from fire or water damage.,14
19-1031.03,Park Naturalists,4.A.3.b.4.a.1,Maintain facilities.,23
19-1031.03,Park Naturalists,4.A.3.b.4.a.4,Repair structural components.,24
19-1031.03,Park Naturalists,4.A.3.b.6.e.3,"Document events or evidence, using photographic or audiovisual equipment.",22
19-1031.03,Park Naturalists,4.A.3.b.6.p.1,"Write articles, books or other original materials in area of expertise.",27
19-1031.03,Park Naturalists,4.A.4.a.2.c.18,Confer with others to conduct or arrange operational activities.,12
19-1031.03,Park Naturalists,4.A.4.a.3.b.3,Present information to the public.,21
19-1031.03,Park Naturalists,4.A.4.a.3.b.5,Provide technical information or assistance to public.,3
19-1031.03,Park Naturalists,4.A.4.a.5.d.2,Care for animals.,1
19-1031.03,Park Naturalists,4.A.4.a.5.g.1,Provide first aid or rescue assistance in emergencies.,16
19-1031.03,Park Naturalists,4.A.4.b.3.d.1,Train personnel to enhance job skills.,6
19-1031.03,Park Naturalists,4.A.4.b.3.d.6,Instruct staff in work policies or procedures.,5
19-1031.03,Park Naturalists,4.A.4.b.3.d.8,Train staff members.,7
19-1031.03,Park Naturalists,4.A.4.b.4.a.13,Supervise employees.,11
19-1031.03,Park Naturalists,4.A.4.b.4.a.6,Direct activities of subordinates.,9
19-1032.00,Foresters,4.A.1.a.1.j.4,Monitor environmental impacts of production or development activities.,14
19-1032.00,Foresters,4.A.1.a.1.m.2,Research crop management methods.,20
19-1032.00,Foresters,4.A.1.a.1.p.3,Conduct research of processes in natural or industrial ecosystems.,16
19-1032.00,Foresters,4.A.1.a.1.q.3,Obtain written authorization to perform activities.,24
19-1032.00,Foresters,4.A.1.a.2.i.3,Measure environmental characteristics.,10
19-1032.00,Foresters,4.A.1.a.2.i.6,Inspect condition of natural environments.,3
19-1032.00,Foresters,4.A.2.a.3.b.1,Assess compliance with environmental laws.,7
19-1032.00,Foresters,4.A.2.b.1.d.5,Determine methods to minimize environmental impact of activities.,2
19-1032.00,Foresters,4.A.2.b.2.g.1,Plan natural resources conservation or restoration programs.,15
19-1032.00,Foresters,4.A.2.b.2.g.4,Develop plans to manage natural or renewable resources.,1
19-1032.00,Foresters,4.A.2.b.2.l.8,Develop educational programs.,19
19-1032.00,Foresters,4.A.2.b.2.s.6,Plan environmental research.,12
19-1032.00,Foresters,4.A.3.a.1.q.7,Cultivate land.,13
19-1032.00,Foresters,4.A.3.b.2.f.18,Develop agricultural methods.,8
19-1032.00,Foresters,4.A.4.a.4.a.4,Establish interpersonal business relationships to facilitate work activities.,23
19-1032.00,Foresters,4.A.4.a.7.b.1,Negotiate sales or lease agreements for products or services.,5
19-1032.00,Foresters,4.A.4.a.7.b.10,Negotiate contracts with clients or service providers.,18
19-1032.00,Foresters,4.A.4.a.7.b.8,"Negotiate contracts for environmental remediation, green energy, or renewable resources.",4
19-1032.00,Foresters,4.A.4.b.4.c.1,Coordinate forestry or agricultural activities.,22
19-1032.00,Foresters,4.A.4.b.4.c.2,Manage agricultural or forestry operations.,6
19-1032.00,Foresters,4.A.4.b.4.e.6,Direct natural resources management or conservation programs.,11
19-1032.00,Foresters,4.A.4.b.6.c.1,Advise others about environmental management or conservation.,9
19-1032.00,Foresters,4.A.4.c.2.a.7,"Hire farming, fishing or forestry workers.",17
19-1032.00,Foresters,4.A.4.c.3.e.3,"Purchase materials, equipment, or other resources.",21
19-1041.00,Epidemiologists,4.A.1.a.1.p.2,Research diseases or parasites.,4
19-1041.00,Epidemiologists,4.A.2.a.4.f.1,Analyze health-related data.,9
19-1041.00,Epidemiologists,4.A.2.a.4.j.5,Analyze biological samples.,18
19-1041.00,Epidemiologists,4.A.2.b.2.s.3,Develop methods of social or economic research.,7
19-1041.00,Epidemiologists,4.A.2.b.2.s.5,Plan biological research.,6
19-1041.00,Epidemiologists,4.A.2.b.3.a.10,Research topics in area of expertise.,14
19-1041.00,Epidemiologists,4.A.3.b.2.f.17,"Establish standards for products, processes, or procedures.",10
19-1041.00,Epidemiologists,4.A.3.b.6.c.1,Present research results to others.,13
19-1041.00,Epidemiologists,4.A.3.b.6.c.4,Prepare scientific or technical reports or presentations.,2
19-1041.00,Epidemiologists,4.A.3.b.6.g.2,Write grant proposals.,12
19-1041.00,Epidemiologists,4.A.3.b.6.g.4,Prepare proposals or grant applications to obtain project funding.,11
19-1041.00,Epidemiologists,4.A.3.b.6.p.1,"Write articles, books or other original materials in area of expertise.",8
19-1041.00,Epidemiologists,4.A.4.b.1.c.1,Communicate with government agencies.,1
19-1041.00,Epidemiologists,4.A.4.b.3.b.9,Instruct college students in physical or life sciences.,17
19-1041.00,Epidemiologists,4.A.4.b.3.d.15,Train personnel in technical or scientific procedures.,5
19-1041.00,Epidemiologists,4.A.4.b.4.a.10,Supervise scientific or technical personnel.,16
19-1041.00,Epidemiologists,4.A.4.b.4.e.9,Direct medical science or healthcare programs.,3
19-1041.00,Epidemiologists,4.A.4.b.6.f.5,Advise others on healthcare matters.,15
19-1042.00,"Medical Scientists, Except Epidemiologists",4.A.1.a.1.p.2,Research diseases or parasites.,2
19-1042.00,"Medical Scientists, Except Epidemiologists",4.A.1.a.1.s.2,Collect information about community health needs.,12
19-1042.00,"Medical Scientists, Except Epidemiologists",4.A.1.a.2.b.16,Monitor operational procedures in technical environments to ensure conformance to standards.,1
19-1042.00,"Medical Scientists, Except Epidemiologists",4.A.1.b.2.i.1,Check physical condition of people or animals.,11
19-1042.00,"Medical Scientists, Except Epidemiologists",4.A.1.b.2.i.5,Measure the physical or physiological attributes of patients.,13
19-1042.00,"Medical Scientists, Except Epidemiologists",4.A.2.a.4.f.1,Analyze health-related data.,8
19-1042.00,"Medical Scientists, Except Epidemiologists",4.A.2.a.4.j.5,Analyze biological samples.,3
19-1042.00,"Medical Scientists, Except Epidemiologists",4.A.2.b.2.s.5,Plan biological research.,5
19-1042.00,"Medical Scientists, Except Epidemiologists",4.A.2.b.3.a.10,Research topics in area of expertise.,7
19-1042.00,"Medical Scientists, Except Epidemiologists",4.A.3.a.3.i.1,Operate laboratory or field equipment.,17
19-1042.00,"Medical Scientists, Except Epidemiologists",4.A.3.b.2.f.17,"Establish standards for products, processes, or procedures.",18
19-1042.00,"Medical Scientists, Except Epidemiologists",4.A.3.b.2.f.7,Establish standards for medical care.,6
19-1042.00,"Medical Scientists, Except Epidemiologists",4.A.3.b.6.c.1,Present research results to others.,10
19-1042.00,"Medical Scientists, Except Epidemiologists",4.A.3.b.6.c.4,Prepare scientific or technical reports or presentations.,15
19-1042.00,"Medical Scientists, Except Epidemiologists",4.A.3.b.6.g.2,Write grant proposals.,16
19-1042.00,"Medical Scientists, Except Epidemiologists",4.A.3.b.6.g.4,Prepare proposals or grant applications to obtain project funding.,14
19-1042.00,"Medical Scientists, Except Epidemiologists",4.A.4.b.3.b.9,Instruct college students in physical or life sciences.,9
19-1042.00,"Medical Scientists, Except Epidemiologists",4.A.4.b.4.e.9,Direct medical science or healthcare programs.,4
19-1042.00,"Medical Scientists, Except Epidemiologists",4.A.4.b.6.f.5,Advise others on healthcare matters.,19
19-2011.00,Astronomers,4.A.1.a.2.i.3,Measure environmental characteristics.,10
19-2011.00,Astronomers,4.A.1.b.3.a.5,Measure radiation levels.,12
19-2011.00,Astronomers,4.A.2.a.4.d.1,Apply mathematical principles or statistical approaches to solve problems in scientific or applied fields.,16
19-2011.00,Astronomers,4.A.2.a.4.g.2,Analyze operational or research data.,1
19-2011.00,Astronomers,4.A.2.b.2.b.6,Develop software or applications for scientific or technical use.,11
19-2011.00,Astronomers,4.A.2.b.2.u.1,Develop theories or models of physical phenomena.,9
19-2011.00,Astronomers,4.A.2.b.3.a.1,Review professional literature to maintain professional knowledge.,13
19-2011.00,Astronomers,4.A.3.b.6.c.4,Prepare scientific or technical reports or presentations.,2
19-2011.00,Astronomers,4.A.3.b.6.g.4,Prepare proposals or grant applications to obtain project funding.,14
19-2011.00,Astronomers,4.A.4.a.2.b.1,Collaborate on research activities with scientists or technical specialists.,5
19-2011.00,Astronomers,4.A.4.a.3.b.5,Provide technical information or assistance to public.,15
19-2011.00,Astronomers,4.A.4.b.2.a.5,Support the professional development of others.,6
19-2011.00,Astronomers,4.A.4.b.3.b.9,Instruct college students in physical or life sciences.,8
19-2011.00,Astronomers,4.A.4.b.4.a.18,Supervise student research or internship work.,7
19-2011.00,Astronomers,4.A.4.b.4.b.1,Serve on institutional or departmental committees.,17
19-2011.00,Astronomers,4.A.4.b.4.e.5,Direct scientific activities.,3
19-2011.00,Astronomers,4.A.4.b.6.g.2,Advise students on academic or career matters.,4
19-2012.00,Physicists,4.A.1.a.1.j.5,Research environmental impact of industrial or development activities.,22
19-2012.00,Physicists,4.A.1.a.1.j.7,Evaluate environmental impact of operational or development activities.,21
19-2012.00,Physicists,4.A.1.a.1.p.3,Conduct research of processes in natural or industrial ecosystems.,11
19-2012.00,Physicists,4.A.2.a.1.g.2,Evaluate new technologies or methods.,9
19-2012.00,Physicists,4.A.2.a.1.g.9,Evaluate characteristics of products.,20
19-2012.00,Physicists,4.A.2.a.1.h.1,Evaluate scholarly materials.,10
19-2012.00,Physicists,4.A.2.a.4.a.5,Analyze geological or geographical data.,1
19-2012.00,Physicists,4.A.2.a.4.d.1,Apply mathematical principles or statistical approaches to solve problems in scientific or applied fields.,3
19-2012.00,Physicists,4.A.2.b.2.e.2,"Develop safety standards, policies, or procedures.",23
19-2012.00,Physicists,4.A.2.b.2.k.2,Design materials for industrial or commercial applications.,13
19-2012.00,Physicists,4.A.2.b.2.u.1,Develop theories or models of physical phenomena.,7
19-2012.00,Physicists,4.A.3.a.2.d.4,Assemble precision electronics or optical equipment.,12
19-2012.00,Physicists,4.A.3.a.3.i.1,Operate laboratory or field equipment.,5
19-2012.00,Physicists,4.A.3.b.2.a.2,Develop specifications for new products or processes.,15
19-2012.00,Physicists,4.A.3.b.2.a.4,Develop technical specifications for systems or equipment.,16
19-2012.00,Physicists,4.A.3.b.2.c.5,"Design tools, fixtures, or other devices for production equipment.",14
19-2012.00,Physicists,4.A.3.b.2.f.17,"Establish standards for products, processes, or procedures.",24
19-2012.00,Physicists,4.A.3.b.6.c.4,Prepare scientific or technical reports or presentations.,2
19-2012.00,Physicists,4.A.3.b.6.g.4,Prepare proposals or grant applications to obtain project funding.,6
19-2012.00,Physicists,4.A.4.a.2.b.1,Collaborate on research activities with scientists or technical specialists.,4
19-2012.00,Physicists,4.A.4.b.3.b.9,Instruct college students in physical or life sciences.,8
19-2012.00,Physicists,4.A.4.b.6.e.2,Advise others on logistics topics.,18
19-2012.00,Physicists,4.A.4.b.6.i.1,Advise others on management of emergencies or hazardous situations or materials.,19
19-2012.00,Physicists,4.A.4.b.6.i.3,Advise others on health and safety issues.,17
19-2021.00,Atmospheric and Space Scientists,4.A.1.a.1.h.3,Conduct climatological research.,3
19-2021.00,Atmospheric and Space Scientists,4.A.1.a.1.j.5,Research environmental impact of industrial or development activities.,19
19-2021.00,Atmospheric and Space Scientists,4.A.1.a.2.i.3,Measure environmental characteristics.,26
19-2021.00,Atmospheric and Space Scientists,4.A.1.b.2.h.2,Test computer system operations to ensure proper functioning.,10
19-2021.00,Atmospheric and Space Scientists,4.A.2.a.4.a.4,Analyze environmental data.,4
19-2021.00,Atmospheric and Space Scientists,4.A.2.a.4.e.2,Analyze design requirements for computer or electronics systems.,9
19-2021.00,Atmospheric and Space Scientists,4.A.2.a.4.g.5,Interpret research or operational data.,2
19-2021.00,Atmospheric and Space Scientists,4.A.2.b.2.m.2,Apply knowledge or research findings to address environmental problems.,23
19-2021.00,Atmospheric and Space Scientists,4.A.2.b.2.o.20,Create images or other visual displays.,27
19-2021.00,Atmospheric and Space Scientists,4.A.2.b.2.s.7,Develop environmental research methods.,18
19-2021.00,Atmospheric and Space Scientists,4.A.2.b.2.u.1,Develop theories or models of physical phenomena.,1
19-2021.00,Atmospheric and Space Scientists,4.A.2.b.2.u.2,Develop mathematical models of environmental conditions.,20
19-2021.00,Atmospheric and Space Scientists,4.A.3.a.2.al.5,Collect environmental data or samples.,8
19-2021.00,Atmospheric and Space Scientists,4.A.3.b.1.a.3,Write computer programming code.,11
19-2021.00,Atmospheric and Space Scientists,4.A.3.b.6.c.4,Prepare scientific or technical reports or presentations.,6
19-2021.00,Atmospheric and Space Scientists,4.A.3.b.6.c.7,Prepare research or technical reports on environmental issues.,13
19-2021.00,Atmospheric and Space Scientists,4.A.3.b.6.l.10,Develop training materials.,12
19-2021.00,Atmospheric and Space Scientists,4.A.4.a.2.a.1,Communicate with the public on environmental issues.,21
19-2021.00,Atmospheric and Space Scientists,4.A.4.a.2.b.1,Collaborate on research activities with scientists or technical specialists.,16
19-2021.00,Atmospheric and Space Scientists,4.A.4.a.3.b.3,Present information to the public.,14
19-2021.00,Atmospheric and Space Scientists,4.A.4.a.3.b.4,Provide educational information to the public.,22
19-2021.00,Atmospheric and Space Scientists,4.A.4.a.3.b.5,Provide technical information or assistance to public.,5
19-2021.00,Atmospheric and Space Scientists,4.A.4.b.3.b.2,Teach classes in area of specialization.,15
19-2021.00,Atmospheric and Space Scientists,4.A.4.b.3.b.9,Instruct college students in physical or life sciences.,17
19-2021.00,Atmospheric and Space Scientists,4.A.4.b.4.e.2,Direct technical activities or operations.,7
19-2021.00,Atmospheric and Space Scientists,4.A.4.b.4.f.1,Coordinate training activities.,24
19-2021.00,Atmospheric and Space Scientists,4.A.4.b.4.f.4,Manage human resources activities.,25
19-2031.00,Chemists,4.A.1.a.2.b.16,Monitor operational procedures in technical environments to ensure conformance to standards.,12
19-2031.00,Chemists,4.A.1.b.2.c.7,Test quality of materials or finished products.,7
19-2031.00,Chemists,4.A.2.a.4.g.2,Analyze operational or research data.,8
19-2031.00,Chemists,4.A.2.a.4.j.6,Analyze chemical compounds or substances.,2
19-2031.00,Chemists,4.A.2.a.4.l.5,Analyze test or performance data to assess equipment operation.,9
19-2031.00,Chemists,4.A.2.b.1.b.3,Diagnose equipment malfunctions.,10
19-2031.00,Chemists,4.A.3.a.2.au.4,Prepare compounds or solutions for products or testing.,5
19-2031.00,Chemists,4.A.3.b.2.f.12,Develop new or advanced products or production methods.,1
19-2031.00,Chemists,4.A.3.b.2.f.17,"Establish standards for products, processes, or procedures.",3
19-2031.00,Chemists,4.A.3.b.5.c.5,Maintain laboratory or technical equipment.,4
19-2031.00,Chemists,4.A.3.b.6.c.4,Prepare scientific or technical reports or presentations.,6
19-2031.00,Chemists,4.A.4.a.2.b.1,Collaborate on research activities with scientists or technical specialists.,11
19-2031.00,Chemists,4.A.4.b.4.a.10,Supervise scientific or technical personnel.,13
19-2031.00,Chemists,4.A.4.b.4.e.8,Manage scientific or technical project resources.,14
19-2032.00,Materials Scientists,4.A.1.a.1.l.3,"Collect information from people through observation, interviews, or surveys.",11
19-2032.00,Materials Scientists,4.A.1.a.1.t.4,Conduct research to gain information about products or processes.,1
19-2032.00,Materials Scientists,4.A.1.a.2.b.16,Monitor operational procedures in technical environments to ensure conformance to standards.,7
19-2032.00,Materials Scientists,4.A.1.b.2.c.7,Test quality of materials or finished products.,2
19-2032.00,Materials Scientists,4.A.2.b.2.s.1,Devise research or testing protocols.,9
19-2032.00,Materials Scientists,4.A.2.b.2.s.4,Design research studies to obtain scientific information.,5
19-2032.00,Materials Scientists,4.A.2.b.2.u.1,Develop theories or models of physical phenomena.,8
19-2032.00,Materials Scientists,4.A.3.b.2.f.12,Develop new or advanced products or production methods.,3
19-2032.00,Materials Scientists,4.A.3.b.6.c.4,Prepare scientific or technical reports or presentations.,4
19-2032.00,Materials Scientists,4.A.3.b.6.p.1,"Write articles, books or other original materials in area of expertise.",13
19-2032.00,Materials Scientists,4.A.4.a.2.j.2,Confer with clients to exchange information.,10
19-2032.00,Materials Scientists,4.A.4.b.3.b.9,Instruct college students in physical or life sciences.,12
19-2032.00,Materials Scientists,4.A.4.b.6.d.4,Advise others on the development or use of new technologies.,6
19-2041.00,"Environmental Scientists and Specialists, Including Health",4.A.1.a.1.j.1,Research impacts of environmental conservation initiatives.,16
19-2041.00,"Environmental Scientists and Specialists, Including Health",4.A.1.a.1.j.4,Monitor environmental impacts of production or development activities.,3
19-2041.00,"Environmental Scientists and Specialists, Including Health",4.A.1.a.1.j.5,Research environmental impact of industrial or development activities.,8
19-2041.00,"Environmental Scientists and Specialists, Including Health",4.A.2.a.2.c.5,Compile environmental or climatological data.,4
19-2041.00,"Environmental Scientists and Specialists, Including Health",4.A.2.a.3.a.7,"Review environmental permits, plans, or reports.",7
19-2041.00,"Environmental Scientists and Specialists, Including Health",4.A.2.a.3.b.1,Assess compliance with environmental laws.,6
19-2041.00,"Environmental Scientists and Specialists, Including Health",4.A.2.b.2.g.3,Develop environmental sustainability plans or projects.,5
19-2041.00,"Environmental Scientists and Specialists, Including Health",4.A.2.b.2.g.4,Develop plans to manage natural or renewable resources.,17
19-2041.00,"Environmental Scientists and Specialists, Including Health",4.A.2.b.2.q.4,Develop sustainable industrial or development methods.,18
19-2041.00,"Environmental Scientists and Specialists, Including Health",4.A.2.b.2.s.6,Plan environmental research.,12
19-2041.00,"Environmental Scientists and Specialists, Including Health",4.A.2.b.2.u.1,Develop theories or models of physical phenomena.,19
19-2041.00,"Environmental Scientists and Specialists, Including Health",4.A.3.b.6.c.7,Prepare research or technical reports on environmental issues.,11
19-2041.00,"Environmental Scientists and Specialists, Including Health",4.A.3.b.6.n.6,Prepare information or documentation related to legal or regulatory matters.,10
19-2041.00,"Environmental Scientists and Specialists, Including Health",4.A.4.a.3.b.5,Provide technical information or assistance to public.,1
19-2041.00,"Environmental Scientists and Specialists, Including Health",4.A.4.b.4.a.10,Supervise scientific or technical personnel.,13
19-2041.00,"Environmental Scientists and Specialists, Including Health",4.A.4.b.4.a.3,Supervise trainees.,14
19-2041.00,"Environmental Scientists and Specialists, Including Health",4.A.4.b.4.e.2,Direct technical activities or operations.,15
19-2041.00,"Environmental Scientists and Specialists, Including Health",4.A.4.b.6.c.1,Advise others about environmental management or conservation.,2
19-2041.00,"Environmental Scientists and Specialists, Including Health",4.A.4.b.6.h.2,Advise others on matters of public policy.,9
19-2041.01,Climate Change Policy Analysts,4.A.1.a.1.h.3,Conduct climatological research.,3
19-2041.01,Climate Change Policy Analysts,4.A.2.a.1.b.7,Evaluate civic projects or public policies.,1
19-2041.01,Climate Change Policy Analysts,4.A.2.a.2.c.5,Compile environmental or climatological data.,10
19-2041.01,Climate Change Policy Analysts,4.A.2.a.4.g.5,Interpret research or operational data.,5
19-2041.01,Climate Change Policy Analysts,4.A.2.a.4.i.1,Appraise environmental impact of regulations or policies.,9
19-2041.01,Climate Change Policy Analysts,4.A.2.b.2.g.3,Develop environmental sustainability plans or projects.,2
19-2041.01,Climate Change Policy Analysts,4.A.2.b.2.l.8,Develop educational programs.,11
19-2041.01,Climate Change Policy Analysts,4.A.3.b.6.c.7,Prepare research or technical reports on environmental issues.,4
19-2041.01,Climate Change Policy Analysts,4.A.3.b.6.g.5,Prepare proposal documents or grant applications.,12
19-2041.01,Climate Change Policy Analysts,4.A.4.a.2.a.3,Communicate results of environmental research.,7
19-2041.01,Climate Change Policy Analysts,4.A.4.a.6.c.3,Promote environmental sustainability or conservation initiatives.,8
19-2041.01,Climate Change Policy Analysts,4.A.4.b.6.h.2,Advise others on matters of public policy.,6
19-2041.02,Environmental Restoration Planners,4.A.1.a.1.j.1,Research impacts of environmental conservation initiatives.,13
19-2041.02,Environmental Restoration Planners,4.A.1.a.1.j.5,Research environmental impact of industrial or development activities.,21
19-2041.02,Environmental Restoration Planners,4.A.1.a.2.i.6,Inspect condition of natural environments.,3
19-2041.02,Environmental Restoration Planners,4.A.1.b.1.b.7,Identify sustainable business practices.,12
19-2041.02,Environmental Restoration Planners,4.A.2.a.3.a.7,"Review environmental permits, plans, or reports.",19
19-2041.02,Environmental Restoration Planners,4.A.2.a.3.b.1,Assess compliance with environmental laws.,9
19-2041.02,Environmental Restoration Planners,4.A.2.a.4.a.4,Analyze environmental data.,4
19-2041.02,Environmental Restoration Planners,4.A.2.b.2.g.1,Plan natural resources conservation or restoration programs.,1
19-2041.02,Environmental Restoration Planners,4.A.2.b.2.g.4,Develop plans to manage natural or renewable resources.,10
19-2041.02,Environmental Restoration Planners,4.A.2.b.2.o.20,Create images or other visual displays.,23
19-2041.02,Environmental Restoration Planners,4.A.2.b.2.s.6,Plan environmental research.,16
19-2041.02,Environmental Restoration Planners,4.A.2.b.2.u.2,Develop mathematical models of environmental conditions.,22
19-2041.02,Environmental Restoration Planners,4.A.3.a.2.al.5,Collect environmental data or samples.,5
19-2041.02,Environmental Restoration Planners,4.A.3.b.6.g.2,Write grant proposals.,18
19-2041.02,Environmental Restoration Planners,4.A.3.b.6.g.4,Prepare proposals or grant applications to obtain project funding.,17
19-2041.02,Environmental Restoration Planners,4.A.3.b.6.m.3,Prepare documentation for permits or licenses.,11
19-2041.02,Environmental Restoration Planners,4.A.4.a.2.a.3,Communicate results of environmental research.,8
19-2041.02,Environmental Restoration Planners,4.A.4.b.1.c.1,Communicate with government agencies.,14
19-2041.02,Environmental Restoration Planners,4.A.4.b.3.d.15,Train personnel in technical or scientific procedures.,7
19-2041.02,Environmental Restoration Planners,4.A.4.b.4.a.10,Supervise scientific or technical personnel.,6
19-2041.02,Environmental Restoration Planners,4.A.4.b.4.e.6,Direct natural resources management or conservation programs.,15
19-2041.02,Environmental Restoration Planners,4.A.4.b.6.c.1,Advise others about environmental management or conservation.,2
19-2041.02,Environmental Restoration Planners,4.A.4.b.6.c.4,Advise others about land management or conservation.,20
19-2041.03,Industrial Ecologists,4.A.1.a.1.i.2,Research industrial processes or operations.,18
19-2041.03,Industrial Ecologists,4.A.1.a.1.j.1,Research impacts of environmental conservation initiatives.,4
19-2041.03,Industrial Ecologists,4.A.1.a.1.j.4,Monitor environmental impacts of production or development activities.,8
19-2041.03,Industrial Ecologists,4.A.1.a.1.j.5,Research environmental impact of industrial or development activities.,1
19-2041.03,Industrial Ecologists,4.A.1.a.1.p.3,Conduct research of processes in natural or industrial ecosystems.,27
19-2041.03,Industrial Ecologists,4.A.1.a.1.r.3,Conduct research on social issues.,16
19-2041.03,Industrial Ecologists,4.A.1.a.1.t.6,"Research energy production, use, or conservation.",10
19-2041.03,Industrial Ecologists,4.A.1.a.2.b.1,Monitor industrial energy consumption or management.,9
19-2041.03,Industrial Ecologists,4.A.1.b.1.b.7,Identify sustainable business practices.,3
19-2041.03,Industrial Ecologists,4.A.2.a.4.a.4,Analyze environmental data.,21
19-2041.03,Industrial Ecologists,4.A.2.a.4.e.5,Analyze project data to determine specifications or requirements.,25
19-2041.03,Industrial Ecologists,4.A.2.a.4.g.4,Evaluate energy production data.,26
19-2041.03,Industrial Ecologists,4.A.2.a.4.i.1,Appraise environmental impact of regulations or policies.,20
19-2041.03,Industrial Ecologists,4.A.2.b.2.f.2,Develop technical or scientific databases.,11
19-2041.03,Industrial Ecologists,4.A.2.b.2.g.1,Plan natural resources conservation or restoration programs.,24
19-2041.03,Industrial Ecologists,4.A.2.b.2.g.3,Develop environmental sustainability plans or projects.,14
19-2041.03,Industrial Ecologists,4.A.2.b.2.g.4,Develop plans to manage natural or renewable resources.,19
19-2041.03,Industrial Ecologists,4.A.2.b.2.m.2,Apply knowledge or research findings to address environmental problems.,13
19-2041.03,Industrial Ecologists,4.A.2.b.2.q.4,Develop sustainable industrial or development methods.,2
19-2041.03,Industrial Ecologists,4.A.2.b.2.s.6,Plan environmental research.,15
19-2041.03,Industrial Ecologists,4.A.2.b.2.u.2,Develop mathematical models of environmental conditions.,17
19-2041.03,Industrial Ecologists,4.A.2.b.3.a.1,Review professional literature to maintain professional knowledge.,5
19-2041.03,Industrial Ecologists,4.A.3.b.6.c.7,Prepare research or technical reports on environmental issues.,7
19-2041.03,Industrial Ecologists,4.A.3.b.6.n.6,Prepare information or documentation related to legal or regulatory matters.,23
19-2041.03,Industrial Ecologists,4.A.4.a.2.a.3,Communicate results of environmental research.,6
19-2041.03,Industrial Ecologists,4.A.4.a.6.c.3,Promote environmental sustainability or conservation initiatives.,22
19-2041.03,Industrial Ecologists,4.A.4.b.6.c.1,Advise others about environmental management or conservation.,12
19-2042.00,"Geoscientists, Except Hydrologists and Geographers",4.A.1.a.1.f.4,Collect data about project sites.,23
19-2042.00,"Geoscientists, Except Hydrologists and Geographers",4.A.1.a.1.h.1,Research hydrologic features or processes.,12
19-2042.00,"Geoscientists, Except Hydrologists and Geographers",4.A.1.a.1.h.2,Research geological features or processes.,9
19-2042.00,"Geoscientists, Except Hydrologists and Geographers",4.A.1.a.1.j.1,Research impacts of environmental conservation initiatives.,27
19-2042.00,"Geoscientists, Except Hydrologists and Geographers",4.A.1.a.1.t.4,Conduct research to gain information about products or processes.,6
19-2042.00,"Geoscientists, Except Hydrologists and Geographers",4.A.1.a.2.b.6,Monitor construction operations.,21
19-2042.00,"Geoscientists, Except Hydrologists and Geographers",4.A.1.a.2.i.3,Measure environmental characteristics.,14
19-2042.00,"Geoscientists, Except Hydrologists and Geographers",4.A.1.b.2.e.12,Inspect facilities or sites to determine if they meet specifications or standards.,25
19-2042.00,"Geoscientists, Except Hydrologists and Geographers",4.A.1.b.2.e.2,Inspect work sites to identify potential environmental or safety hazards.,20
19-2042.00,"Geoscientists, Except Hydrologists and Geographers",4.A.2.a.3.a.8,"Proofread documents, records, or other files to ensure accuracy.",19
19-2042.00,"Geoscientists, Except Hydrologists and Geographers",4.A.2.a.3.a.9,Review plans or proposals for environmental conservation.,13
19-2042.00,"Geoscientists, Except Hydrologists and Geographers",4.A.2.a.4.a.1,Locate natural resources using geospatial or other environmental data.,11
19-2042.00,"Geoscientists, Except Hydrologists and Geographers",4.A.2.a.4.a.3,Analyze geological samples.,28
19-2042.00,"Geoscientists, Except Hydrologists and Geographers",4.A.2.a.4.a.4,Analyze environmental data.,16
19-2042.00,"Geoscientists, Except Hydrologists and Geographers",4.A.2.a.4.a.5,Analyze geological or geographical data.,10
19-2042.00,"Geoscientists, Except Hydrologists and Geographers",4.A.2.a.4.g.5,Interpret research or operational data.,8
19-2042.00,"Geoscientists, Except Hydrologists and Geographers",4.A.2.b.1.d.5,Determine methods to minimize environmental impact of activities.,22
19-2042.00,"Geoscientists, Except Hydrologists and Geographers",4.A.2.b.2.b.6,Develop software or applications for scientific or technical use.,24
19-2042.00,"Geoscientists, Except Hydrologists and Geographers",4.A.2.b.2.g.4,Develop plans to manage natural or renewable resources.,18
19-2042.00,"Geoscientists, Except Hydrologists and Geographers",4.A.2.b.2.o.11,Prepare maps.,5
19-2042.00,"Geoscientists, Except Hydrologists and Geographers",4.A.2.b.2.q.4,Develop sustainable industrial or development methods.,26
19-2042.00,"Geoscientists, Except Hydrologists and Geographers",4.A.2.b.2.s.4,Design research studies to obtain scientific information.,7
19-2042.00,"Geoscientists, Except Hydrologists and Geographers",4.A.2.b.3.a.1,Review professional literature to maintain professional knowledge.,1
19-2042.00,"Geoscientists, Except Hydrologists and Geographers",4.A.3.b.6.c.4,Prepare scientific or technical reports or presentations.,4
19-2042.00,"Geoscientists, Except Hydrologists and Geographers",4.A.4.a.2.a.3,Communicate results of environmental research.,2
19-2042.00,"Geoscientists, Except Hydrologists and Geographers",4.A.4.b.3.b.9,Instruct college students in physical or life sciences.,3
19-2042.00,"Geoscientists, Except Hydrologists and Geographers",4.A.4.b.4.e.11,Coordinate cross-disciplinary research programs.,29
19-2042.00,"Geoscientists, Except Hydrologists and Geographers",4.A.4.b.6.c.1,Advise others about environmental management or conservation.,17
19-2042.00,"Geoscientists, Except Hydrologists and Geographers",4.A.4.b.6.i.1,Advise others on management of emergencies or hazardous situations or materials.,15
19-2043.00,Hydrologists,4.A.1.a.1.f.4,Collect data about project sites.,19
19-2043.00,Hydrologists,4.A.1.a.1.h.1,Research hydrologic features or processes.,1
19-2043.00,Hydrologists,4.A.1.a.1.h.3,Conduct climatological research.,16
19-2043.00,Hydrologists,4.A.1.a.1.j.1,Research impacts of environmental conservation initiatives.,7
19-2043.00,Hydrologists,4.A.1.a.2.i.3,Measure environmental characteristics.,10
19-2043.00,Hydrologists,4.A.2.a.1.b.7,Evaluate civic projects or public policies.,22
19-2043.00,Hydrologists,4.A.2.a.2.c.6,Compile geographic or related data.,24
19-2043.00,Hydrologists,4.A.2.a.3.a.7,"Review environmental permits, plans, or reports.",29
19-2043.00,Hydrologists,4.A.2.a.3.b.1,Assess compliance with environmental laws.,18
19-2043.00,Hydrologists,4.A.2.a.4.a.4,Analyze environmental data.,13
19-2043.00,Hydrologists,4.A.2.a.4.a.5,Analyze geological or geographical data.,23
19-2043.00,Hydrologists,4.A.2.b.2.m.1,Design water conservation systems.,26
19-2043.00,Hydrologists,4.A.2.b.2.m.2,Apply knowledge or research findings to address environmental problems.,6
19-2043.00,Hydrologists,4.A.2.b.2.o.20,Create images or other visual displays.,4
19-2043.00,Hydrologists,4.A.2.b.2.s.6,Plan environmental research.,2
19-2043.00,Hydrologists,4.A.2.b.2.s.7,Develop environmental research methods.,17
19-2043.00,Hydrologists,4.A.2.b.2.u.2,Develop mathematical models of environmental conditions.,9
19-2043.00,Hydrologists,4.A.3.a.2.al.5,Collect environmental data or samples.,12
19-2043.00,Hydrologists,4.A.3.a.2.i.4,Calibrate scientific or technical equipment.,14
19-2043.00,Hydrologists,4.A.3.b.5.a.3,Maintain equipment or systems to ensure proper functioning.,27
19-2043.00,Hydrologists,4.A.3.b.5.c.5,Maintain laboratory or technical equipment.,15
19-2043.00,Hydrologists,4.A.3.b.6.c.4,Prepare scientific or technical reports or presentations.,5
19-2043.00,Hydrologists,4.A.3.b.6.h.18,Record research or operational data.,3
19-2043.00,Hydrologists,4.A.4.a.2.a.3,Communicate results of environmental research.,8
19-2043.00,Hydrologists,4.A.4.a.3.b.5,Provide technical information or assistance to public.,28
19-2043.00,Hydrologists,4.A.4.a.8.c.1,Respond to customer problems or complaints.,21
19-2043.00,Hydrologists,4.A.4.b.4.a.10,Supervise scientific or technical personnel.,11
19-2043.00,Hydrologists,4.A.4.b.4.i.1,Direct natural resources extraction projects.,30
19-2043.00,Hydrologists,4.A.4.b.4.i.6,Coordinate construction or installation activities.,25
19-2043.00,Hydrologists,4.A.4.c.3.e.1,"Order materials, supplies, or equipment.",20
19-2099.01,Remote Sensing Scientists and Technologists,4.A.1.a.2.a.9,Assess equipment functioning.,12
19-2099.01,Remote Sensing Scientists and Technologists,4.A.2.a.1.g.2,Evaluate new technologies or methods.,19
19-2099.01,Remote Sensing Scientists and Technologists,4.A.2.a.2.c.6,Compile geographic or related data.,7
19-2099.01,Remote Sensing Scientists and Technologists,4.A.2.a.4.a.5,Analyze geological or geographical data.,1
19-2099.01,Remote Sensing Scientists and Technologists,4.A.2.a.4.a.7,"Analyze physical, survey, or geographic data.",11
19-2099.01,Remote Sensing Scientists and Technologists,4.A.2.b.2.b.6,Develop software or applications for scientific or technical use.,22
19-2099.01,Remote Sensing Scientists and Technologists,4.A.2.b.2.f.2,Develop technical or scientific databases.,9
19-2099.01,Remote Sensing Scientists and Technologists,4.A.2.b.2.m.2,Apply knowledge or research findings to address environmental problems.,21
19-2099.01,Remote Sensing Scientists and Technologists,4.A.2.b.2.o.20,Create images or other visual displays.,3
19-2099.01,Remote Sensing Scientists and Technologists,4.A.2.b.2.s.7,Develop environmental research methods.,8
19-2099.01,Remote Sensing Scientists and Technologists,4.A.2.b.3.a.1,Review professional literature to maintain professional knowledge.,18
19-2099.01,Remote Sensing Scientists and Technologists,4.A.2.b.3.a.9,Attend conferences or workshops to maintain professional knowledge.,17
19-2099.01,Remote Sensing Scientists and Technologists,4.A.3.a.2.al.3,Collect geographical or geological field data.,10
19-2099.01,Remote Sensing Scientists and Technologists,4.A.3.a.2.al.5,Collect environmental data or samples.,13
19-2099.01,Remote Sensing Scientists and Technologists,4.A.3.a.2.at.10,Set up laboratory or field equipment.,15
19-2099.01,Remote Sensing Scientists and Technologists,4.A.3.b.2.a.2,Develop specifications for new products or processes.,23
19-2099.01,Remote Sensing Scientists and Technologists,4.A.3.b.2.a.4,Develop technical specifications for systems or equipment.,24
19-2099.01,Remote Sensing Scientists and Technologists,4.A.3.b.6.c.4,Prepare scientific or technical reports or presentations.,4
19-2099.01,Remote Sensing Scientists and Technologists,4.A.3.b.6.h.18,Record research or operational data.,2
19-2099.01,Remote Sensing Scientists and Technologists,4.A.4.a.2.h.4,Collaborate with others to develop or refine designs.,5
19-2099.01,Remote Sensing Scientists and Technologists,4.A.4.a.2.h.6,Discuss design or technical features of products or services with technical personnel.,6
19-2099.01,Remote Sensing Scientists and Technologists,4.A.4.b.3.d.15,Train personnel in technical or scientific procedures.,14
19-2099.01,Remote Sensing Scientists and Technologists,4.A.4.b.4.e.2,Direct technical activities or operations.,16
19-2099.01,Remote Sensing Scientists and Technologists,4.A.4.b.6.d.4,Advise others on the development or use of new technologies.,20
19-3011.00,Economists,4.A.1.a.1.b.8,Review technical documents to plan work.,7
19-3011.00,Economists,4.A.1.a.1.r.3,Conduct research on social issues.,3
19-3011.00,Economists,4.A.2.a.3.a.8,"Proofread documents, records, or other files to ensure accuracy.",6
19-3011.00,Economists,4.A.2.a.4.b.3,"Forecast economic, political, or social trends.",2
19-3011.00,Economists,4.A.2.b.3.a.1,Review professional literature to maintain professional knowledge.,1
19-3011.00,Economists,4.A.3.b.2.f.17,"Establish standards for products, processes, or procedures.",12
19-3011.00,Economists,4.A.3.b.6.c.4,Prepare scientific or technical reports or presentations.,10
19-3011.00,Economists,4.A.4.a.1.b.4,"Explain regulations, policies, or procedures.",4
19-3011.00,Economists,4.A.4.a.3.a.1,Testify at legal or legislative proceedings.,14
19-3011.00,Economists,4.A.4.a.3.b.3,Present information to the public.,5
19-3011.00,Economists,4.A.4.b.3.b.8,Instruct college students in social sciences or humanities disciplines.,13
19-3011.00,Economists,4.A.4.b.4.a.3,Supervise trainees.,11
19-3011.00,Economists,4.A.4.b.6.e.10,Advise others on business or operational matters.,8
19-3011.00,Economists,4.A.4.b.6.h.2,Advise others on matters of public policy.,9
19-3011.01,Environmental Economists,4.A.1.a.1.j.1,Research impacts of environmental conservation initiatives.,2
19-3011.01,Environmental Economists,4.A.1.a.1.j.5,Research environmental impact of industrial or development activities.,10
19-3011.01,Environmental Economists,4.A.1.a.2.h.1,Monitor market conditions or trends.,18
19-3011.01,Environmental Economists,4.A.1.b.1.b.7,Identify sustainable business practices.,20
19-3011.01,Environmental Economists,4.A.2.a.4.b.3,"Forecast economic, political, or social trends.",1
19-3011.01,Environmental Economists,4.A.2.a.4.b.4,Analyze market conditions or trends.,17
19-3011.01,Environmental Economists,4.A.2.a.4.g.5,Interpret research or operational data.,21
19-3011.01,Environmental Economists,4.A.2.a.4.i.1,Appraise environmental impact of regulations or policies.,3
19-3011.01,Environmental Economists,4.A.2.b.2.g.3,Develop environmental sustainability plans or projects.,5
19-3011.01,Environmental Economists,4.A.2.b.2.s.6,Plan environmental research.,19
19-3011.01,Environmental Economists,4.A.2.b.2.s.7,Develop environmental research methods.,15
19-3011.01,Environmental Economists,4.A.2.b.2.u.2,Develop mathematical models of environmental conditions.,8
19-3011.01,Environmental Economists,4.A.3.a.2.al.5,Collect environmental data or samples.,4
19-3011.01,Environmental Economists,4.A.3.b.6.c.4,Prepare scientific or technical reports or presentations.,7
19-3011.01,Environmental Economists,4.A.3.b.6.g.5,Prepare proposal documents or grant applications.,16
19-3011.01,Environmental Economists,4.A.3.b.6.n.6,Prepare information or documentation related to legal or regulatory matters.,11
19-3011.01,Environmental Economists,4.A.4.a.2.a.3,Communicate results of environmental research.,6
19-3011.01,Environmental Economists,4.A.4.a.6.c.3,Promote environmental sustainability or conservation initiatives.,9
19-3011.01,Environmental Economists,4.A.4.b.3.b.2,Teach classes in area of specialization.,12
19-3011.01,Environmental Economists,4.A.4.b.3.b.3,Teach social science courses at the college level.,13
19-3011.01,Environmental Economists,4.A.4.b.6.c.1,Advise others about environmental management or conservation.,14
19-3022.00,Survey Researchers,4.A.1.a.1.b.12,Evaluate reports or designs to determine work needs.,7
19-3022.00,Survey Researchers,4.A.1.a.1.l.3,"Collect information from people through observation, interviews, or surveys.",1
19-3022.00,Survey Researchers,4.A.1.a.1.p.5,Classify organisms based on their characteristics or behavior.,13
19-3022.00,Survey Researchers,4.A.1.a.1.r.3,Conduct research on social issues.,15
19-3022.00,Survey Researchers,4.A.2.a.4.g.3,"Analyze operational data to evaluate operations, processes or products.",6
19-3022.00,Survey Researchers,4.A.2.b.2.s.8,Plan social sciences research.,4
19-3022.00,Survey Researchers,4.A.3.b.6.c.4,Prepare scientific or technical reports or presentations.,2
19-3022.00,Survey Researchers,4.A.3.b.6.g.2,Write grant proposals.,12
19-3022.00,Survey Researchers,4.A.3.b.6.g.4,Prepare proposals or grant applications to obtain project funding.,11
19-3022.00,Survey Researchers,4.A.3.b.6.h.18,Record research or operational data.,14
19-3022.00,Survey Researchers,4.A.3.b.6.l.10,Develop training materials.,16
19-3022.00,Survey Researchers,4.A.3.b.6.o.4,Prepare operational reports.,10
19-3022.00,Survey Researchers,4.A.4.a.2.b.1,Collaborate on research activities with scientists or technical specialists.,8
19-3022.00,Survey Researchers,4.A.4.a.2.j.2,Confer with clients to exchange information.,3
19-3022.00,Survey Researchers,4.A.4.b.3.d.15,Train personnel in technical or scientific procedures.,17
19-3022.00,Survey Researchers,4.A.4.b.4.a.10,Supervise scientific or technical personnel.,9
19-3022.00,Survey Researchers,4.A.4.b.4.e.5,Direct scientific activities.,5
19-3032.00,Industrial-Organizational Psychologists,4.A.1.a.1.i.3,Conduct scientific research of organizational behavior or processes.,3
19-3032.00,Industrial-Organizational Psychologists,4.A.1.a.1.l.3,"Collect information from people through observation, interviews, or surveys.",4
19-3032.00,Industrial-Organizational Psychologists,4.A.2.a.1.d.4,Evaluate employee performance.,10
19-3032.00,Industrial-Organizational Psychologists,4.A.2.a.1.d.5,Evaluate capabilities or training needs.,14
19-3032.00,Industrial-Organizational Psychologists,4.A.2.a.1.d.6,"Evaluate performance of applicants, trainees, or employees.",11
19-3032.00,Industrial-Organizational Psychologists,4.A.2.b.1.i.1,Implement organizational process or policy changes.,5
19-3032.00,Industrial-Organizational Psychologists,4.A.2.b.2.l.8,Develop educational programs.,15
19-3032.00,Industrial-Organizational Psychologists,4.A.2.b.2.l.9,Develop educational or training programs.,13
19-3032.00,Industrial-Organizational Psychologists,4.A.2.b.2.s.3,Develop methods of social or economic research.,2
19-3032.00,Industrial-Organizational Psychologists,4.A.2.b.3.a.1,Review professional literature to maintain professional knowledge.,18
19-3032.00,Industrial-Organizational Psychologists,4.A.3.b.6.c.4,Prepare scientific or technical reports or presentations.,7
19-3032.00,Industrial-Organizational Psychologists,4.A.4.a.2.j.2,Confer with clients to exchange information.,17
19-3032.00,Industrial-Organizational Psychologists,4.A.4.a.3.a.1,Testify at legal or legislative proceedings.,16
19-3032.00,Industrial-Organizational Psychologists,4.A.4.a.7.a.3,Mediate disputes.,19
19-3032.00,Industrial-Organizational Psychologists,4.A.4.b.3.d.15,Train personnel in technical or scientific procedures.,12
19-3032.00,Industrial-Organizational Psychologists,4.A.4.b.6.e.10,Advise others on business or operational matters.,1
19-3032.00,Industrial-Organizational Psychologists,4.A.4.b.6.e.7,Recommend organizational process or policy changes.,6
19-3032.00,Industrial-Organizational Psychologists,4.A.4.b.6.j.6,Counsel clients on mental health or personal achievement.,8
19-3032.00,Industrial-Organizational Psychologists,4.A.4.c.2.b.3,Administer standardized physical or psychological tests.,9
19-3033.00,Clinical and Counseling Psychologists,4.A.1.a.1.d.8,Collect archival data.,12
19-3033.00,Clinical and Counseling Psychologists,4.A.1.a.1.l.3,"Collect information from people through observation, interviews, or surveys.",6
19-3033.00,Clinical and Counseling Psychologists,4.A.2.a.1.b.2,Evaluate the effectiveness of counseling or educational programs.,7
19-3033.00,Clinical and Counseling Psychologists,4.A.2.a.1.f.2,"Evaluate patient functioning, capabilities, or health.",1
19-3033.00,Clinical and Counseling Psychologists,4.A.2.b.1.f.3,Diagnose neural or psychological disorders.,3
19-3033.00,Clinical and Counseling Psychologists,4.A.2.b.2.a.5,Modify treatment plans to accommodate client needs.,8
19-3033.00,Clinical and Counseling Psychologists,4.A.2.b.2.l.2,Design psychological or educational treatment procedures or programs.,9
19-3033.00,Clinical and Counseling Psychologists,4.A.2.b.2.l.8,Develop educational programs.,19
19-3033.00,Clinical and Counseling Psychologists,4.A.2.b.2.s.8,Plan social sciences research.,22
19-3033.00,Clinical and Counseling Psychologists,4.A.2.b.3.a.1,Review professional literature to maintain professional knowledge.,11
19-3033.00,Clinical and Counseling Psychologists,4.A.3.b.6.c.4,Prepare scientific or technical reports or presentations.,4
19-3033.00,Clinical and Counseling Psychologists,4.A.3.b.6.c.6,Write reports or evaluations.,21
19-3033.00,Clinical and Counseling Psychologists,4.A.3.b.6.h.18,Record research or operational data.,2
19-3033.00,Clinical and Counseling Psychologists,4.A.4.a.2.d.3,Collaborate with other professionals to assess client needs or plan treatments.,18
19-3033.00,Clinical and Counseling Psychologists,4.A.4.b.3.d.8,Train staff members.,17
19-3033.00,Clinical and Counseling Psychologists,4.A.4.b.4.a.12,Supervise workers providing client or patient services.,16
19-3033.00,Clinical and Counseling Psychologists,4.A.4.b.4.a.3,Supervise trainees.,15
19-3033.00,Clinical and Counseling Psychologists,4.A.4.b.4.e.9,Direct medical science or healthcare programs.,10
19-3033.00,Clinical and Counseling Psychologists,4.A.4.b.6.f.5,Advise others on healthcare matters.,14
19-3033.00,Clinical and Counseling Psychologists,4.A.4.b.6.g.7,Advise others on educational matters.,20
19-3033.00,Clinical and Counseling Psychologists,4.A.4.b.6.j.6,Counsel clients on mental health or personal achievement.,5
19-3033.00,Clinical and Counseling Psychologists,4.A.4.c.2.b.3,Administer standardized physical or psychological tests.,13
19-3034.00,School Psychologists,4.A.1.a.1.i.3,Conduct scientific research of organizational behavior or processes.,13
19-3034.00,School Psychologists,4.A.1.a.1.l.3,"Collect information from people through observation, interviews, or surveys.",11
19-3034.00,School Psychologists,4.A.1.a.1.l.4,Collect information about clients.,8
19-3034.00,School Psychologists,4.A.1.a.1.o.1,Observe individuals' activities to gather information or compile evidence.,19
19-3034.00,School Psychologists,4.A.2.a.1.c.1,Assess educational needs of students.,7
19-3034.00,School Psychologists,4.A.2.a.4.g.5,Interpret research or operational data.,3
19-3034.00,School Psychologists,4.A.2.b.2.l.2,Design psychological or educational treatment procedures or programs.,15
19-3034.00,School Psychologists,4.A.2.b.2.l.8,Develop educational programs.,12
19-3034.00,School Psychologists,4.A.2.b.3.a.10,Research topics in area of expertise.,20
19-3034.00,School Psychologists,4.A.2.b.3.a.9,Attend conferences or workshops to maintain professional knowledge.,16
19-3034.00,School Psychologists,4.A.3.b.6.c.4,Prepare scientific or technical reports or presentations.,4
19-3034.00,School Psychologists,4.A.3.b.6.h.12,Maintain student records.,6
19-3034.00,School Psychologists,4.A.3.b.6.h.9,"Maintain records, documents, or other files.",5
19-3034.00,School Psychologists,4.A.4.b.1.c.4,Coordinate with external parties to exchange information.,2
19-3034.00,School Psychologists,4.A.4.b.1.c.5,Collaborate with law enforcement or security agencies to share information.,1
19-3034.00,School Psychologists,4.A.4.b.4.e.11,Coordinate cross-disciplinary research programs.,9
19-3034.00,School Psychologists,4.A.4.b.6.f.5,Advise others on healthcare matters.,18
19-3034.00,School Psychologists,4.A.4.b.6.g.7,Advise others on educational matters.,14
19-3034.00,School Psychologists,4.A.4.b.6.j.6,Counsel clients on mental health or personal achievement.,17
19-3034.00,School Psychologists,4.A.4.c.2.b.3,Administer standardized physical or psychological tests.,10
19-3039.02,Neuropsychologists,4.A.1.a.1.l.3,"Collect information from people through observation, interviews, or surveys.",4
19-3039.02,Neuropsychologists,4.A.1.a.1.s.1,Conduct research to increase knowledge about medical issues.,13
19-3039.02,Neuropsychologists,4.A.2.b.1.f.3,Diagnose neural or psychological disorders.,3
19-3039.02,Neuropsychologists,4.A.2.b.2.l.2,Design psychological or educational treatment procedures or programs.,11
19-3039.02,Neuropsychologists,4.A.2.b.3.a.1,Review professional literature to maintain professional knowledge.,8
19-3039.02,Neuropsychologists,4.A.2.b.3.a.9,Attend conferences or workshops to maintain professional knowledge.,7
19-3039.02,Neuropsychologists,4.A.3.b.2.f.7,Establish standards for medical care.,6
19-3039.02,Neuropsychologists,4.A.3.b.6.c.4,Prepare scientific or technical reports or presentations.,2
19-3039.02,Neuropsychologists,4.A.4.a.2.d.5,Collaborate with healthcare professionals to plan or provide treatment.,9
19-3039.02,Neuropsychologists,4.A.4.b.3.b.8,Instruct college students in social sciences or humanities disciplines.,10
19-3039.02,Neuropsychologists,4.A.4.b.4.e.9,Direct medical science or healthcare programs.,12
19-3039.02,Neuropsychologists,4.A.4.b.6.j.6,Counsel clients on mental health or personal achievement.,5
19-3039.02,Neuropsychologists,4.A.4.c.2.b.3,Administer standardized physical or psychological tests.,1
19-3039.03,Clinical Neuropsychologists,4.A.1.a.1.l.3,"Collect information from people through observation, interviews, or surveys.",2
19-3039.03,Clinical Neuropsychologists,4.A.1.a.2.e.2,Monitor clients to evaluate treatment progress.,10
19-3039.03,Clinical Neuropsychologists,4.A.2.a.1.f.4,Evaluate treatment options to guide medical decisions.,15
19-3039.03,Clinical Neuropsychologists,4.A.2.b.1.f.3,Diagnose neural or psychological disorders.,4
19-3039.03,Clinical Neuropsychologists,4.A.2.b.2.l.2,Design psychological or educational treatment procedures or programs.,11
19-3039.03,Clinical Neuropsychologists,4.A.2.b.3.a.1,Review professional literature to maintain professional knowledge.,8
19-3039.03,Clinical Neuropsychologists,4.A.2.b.3.a.9,Attend conferences or workshops to maintain professional knowledge.,7
19-3039.03,Clinical Neuropsychologists,4.A.3.b.2.f.7,Establish standards for medical care.,9
19-3039.03,Clinical Neuropsychologists,4.A.3.b.6.c.4,Prepare scientific or technical reports or presentations.,3
19-3039.03,Clinical Neuropsychologists,4.A.4.a.1.e.3,Confer with clients to discuss treatment plans or progress.,14
19-3039.03,Clinical Neuropsychologists,4.A.4.a.2.d.5,Collaborate with healthcare professionals to plan or provide treatment.,6
19-3039.03,Clinical Neuropsychologists,4.A.4.b.3.b.8,Instruct college students in social sciences or humanities disciplines.,13
19-3039.03,Clinical Neuropsychologists,4.A.4.b.4.e.9,Direct medical science or healthcare programs.,12
19-3039.03,Clinical Neuropsychologists,4.A.4.b.6.j.6,Counsel clients on mental health or personal achievement.,5
19-3039.03,Clinical Neuropsychologists,4.A.4.c.2.b.3,Administer standardized physical or psychological tests.,1
19-3041.00,Sociologists,4.A.1.a.1.l.3,"Collect information from people through observation, interviews, or surveys.",4
19-3041.00,Sociologists,4.A.1.a.1.r.3,Conduct research on social issues.,1
19-3041.00,Sociologists,4.A.2.a.4.g.5,Interpret research or operational data.,2
19-3041.00,Sociologists,4.A.2.b.2.l.2,Design psychological or educational treatment procedures or programs.,11
19-3041.00,Sociologists,4.A.2.b.2.s.3,Develop methods of social or economic research.,5
19-3041.00,Sociologists,4.A.2.b.2.s.8,Plan social sciences research.,7
19-3041.00,Sociologists,4.A.3.b.6.c.1,Present research results to others.,8
19-3041.00,Sociologists,4.A.3.b.6.c.4,Prepare scientific or technical reports or presentations.,3
19-3041.00,Sociologists,4.A.3.b.6.g.2,Write grant proposals.,16
19-3041.00,Sociologists,4.A.3.b.6.g.4,Prepare proposals or grant applications to obtain project funding.,15
19-3041.00,Sociologists,4.A.4.a.3.b.10,"Inform viewers, listeners, or audiences.",9
19-3041.00,Sociologists,4.A.4.a.3.b.3,Present information to the public.,10
19-3041.00,Sociologists,4.A.4.b.3.b.8,Instruct college students in social sciences or humanities disciplines.,6
19-3041.00,Sociologists,4.A.4.b.4.a.10,Supervise scientific or technical personnel.,13
19-3041.00,Sociologists,4.A.4.b.4.e.11,Coordinate cross-disciplinary research programs.,14
19-3041.00,Sociologists,4.A.4.b.6.h.2,Advise others on matters of public policy.,12
19-3051.00,Urban and Regional Planners,4.A.1.a.1.d.1,Obtain property information.,17
19-3051.00,Urban and Regional Planners,4.A.1.a.1.j.1,Research impacts of environmental conservation initiatives.,8
19-3051.00,Urban and Regional Planners,4.A.1.a.1.l.3,"Collect information from people through observation, interviews, or surveys.",19
19-3051.00,Urban and Regional Planners,4.A.2.a.2.c.6,Compile geographic or related data.,20
19-3051.00,Urban and Regional Planners,4.A.2.a.3.a.7,"Review environmental permits, plans, or reports.",12
19-3051.00,Urban and Regional Planners,4.A.2.a.3.a.9,Review plans or proposals for environmental conservation.,7
19-3051.00,Urban and Regional Planners,4.A.2.a.4.a.5,Analyze geological or geographical data.,18
19-3051.00,Urban and Regional Planners,4.A.2.a.4.i.3,Analyze impact of legal or regulatory changes.,11
19-3051.00,Urban and Regional Planners,4.A.2.b.2.g.3,Develop environmental sustainability plans or projects.,13
19-3051.00,Urban and Regional Planners,4.A.2.b.2.o.11,Prepare maps.,21
19-3051.00,Urban and Regional Planners,4.A.2.b.3.a.1,Review professional literature to maintain professional knowledge.,10
19-3051.00,Urban and Regional Planners,4.A.3.b.2.b.3,Design civil structures or systems.,1
19-3051.00,Urban and Regional Planners,4.A.3.b.6.c.4,Prepare scientific or technical reports or presentations.,4
19-3051.00,Urban and Regional Planners,4.A.3.b.6.h.18,Record research or operational data.,23
19-3051.00,Urban and Regional Planners,4.A.4.a.1.b.2,"Inform the public about policies, services or procedures.",2
19-3051.00,Urban and Regional Planners,4.A.4.a.2.a.1,Communicate with the public on environmental issues.,5
19-3051.00,Urban and Regional Planners,4.A.4.a.3.b.5,Provide technical information or assistance to public.,22
19-3051.00,Urban and Regional Planners,4.A.4.a.6.c.3,Promote environmental sustainability or conservation initiatives.,16
19-3051.00,Urban and Regional Planners,4.A.4.a.7.a.3,Mediate disputes.,6
19-3051.00,Urban and Regional Planners,4.A.4.b.1.a.5,Collaborate with technical specialists to resolve design or development problems.,15
19-3051.00,Urban and Regional Planners,4.A.4.b.1.c.1,Communicate with government agencies.,9
19-3051.00,Urban and Regional Planners,4.A.4.b.4.a.10,Supervise scientific or technical personnel.,14
19-3051.00,Urban and Regional Planners,4.A.4.b.6.e.10,Advise others on business or operational matters.,3
19-3091.00,Anthropologists and Archeologists,4.A.1.a.1.d.8,Collect archival data.,19
19-3091.00,Anthropologists and Archeologists,4.A.1.a.1.i.3,Conduct scientific research of organizational behavior or processes.,18
19-3091.00,Anthropologists and Archeologists,4.A.1.a.1.l.3,"Collect information from people through observation, interviews, or surveys.",1
19-3091.00,Anthropologists and Archeologists,4.A.1.a.1.r.1,Conduct anthropological or archaeological research.,11
19-3091.00,Anthropologists and Archeologists,4.A.1.a.1.r.2,Conduct historical research.,29
19-3091.00,Anthropologists and Archeologists,4.A.1.a.1.r.3,Conduct research on social issues.,13
19-3091.00,Anthropologists and Archeologists,4.A.1.a.2.i.6,Inspect condition of natural environments.,9
19-3091.00,Anthropologists and Archeologists,4.A.1.b.1.a.3,Mark materials or objects for identification.,16
19-3091.00,Anthropologists and Archeologists,4.A.1.b.2.j.6,Evaluate characteristics of archival or historical objects.,15
19-3091.00,Anthropologists and Archeologists,4.A.2.a.4.j.2,Analyze forensic evidence to solve crimes.,27
19-3091.00,Anthropologists and Archeologists,4.A.2.b.2.l.2,Design psychological or educational treatment procedures or programs.,26
19-3091.00,Anthropologists and Archeologists,4.A.2.b.2.m.2,Apply knowledge or research findings to address environmental problems.,14
19-3091.00,Anthropologists and Archeologists,4.A.2.b.2.s.8,Plan social sciences research.,5
19-3091.00,Anthropologists and Archeologists,4.A.2.b.2.u.4,Develop theories or models of social phenomena.,30
19-3091.00,Anthropologists and Archeologists,4.A.2.b.6.a.4,Plan community programs or activities for the general public.,21
19-3091.00,Anthropologists and Archeologists,4.A.3.a.1.h.6,Clean objects.,23
19-3091.00,Anthropologists and Archeologists,4.A.3.a.2.al.2,Collect biological specimens.,12
19-3091.00,Anthropologists and Archeologists,4.A.3.a.2.ap.5,Package materials or products.,17
19-3091.00,Anthropologists and Archeologists,4.A.3.b.6.c.4,Prepare scientific or technical reports or presentations.,3
19-3091.00,Anthropologists and Archeologists,4.A.3.b.6.e.3,"Document events or evidence, using photographic or audiovisual equipment.",7
19-3091.00,Anthropologists and Archeologists,4.A.3.b.6.g.2,Write grant proposals.,22
19-3091.00,Anthropologists and Archeologists,4.A.3.b.6.h.18,Record research or operational data.,6
19-3091.00,Anthropologists and Archeologists,4.A.4.b.1.a.5,Collaborate with technical specialists to resolve design or development problems.,24
19-3091.00,Anthropologists and Archeologists,4.A.4.b.1.c.1,Communicate with government agencies.,25
19-3091.00,Anthropologists and Archeologists,4.A.4.b.3.b.8,Instruct college students in social sciences or humanities disciplines.,2
19-3091.00,Anthropologists and Archeologists,4.A.4.b.3.d.15,Train personnel in technical or scientific procedures.,10
19-3091.00,Anthropologists and Archeologists,4.A.4.b.4.e.5,Direct scientific activities.,4
19-3091.00,Anthropologists and Archeologists,4.A.4.b.6.c.1,Advise others about environmental management or conservation.,8
19-3091.00,Anthropologists and Archeologists,4.A.4.b.6.g.7,Advise others on educational matters.,28
19-3091.00,Anthropologists and Archeologists,4.A.4.b.6.h.2,Advise others on matters of public policy.,20
19-3092.00,Geographers,4.A.1.a.1.d.8,Collect archival data.,8
19-3092.00,Geographers,4.A.1.a.1.r.1,Conduct anthropological or archaeological research.,7
19-3092.00,Geographers,4.A.2.a.2.c.6,Compile geographic or related data.,3
19-3092.00,Geographers,4.A.2.b.2.b.6,Develop software or applications for scientific or technical use.,6
19-3092.00,Geographers,4.A.2.b.2.o.11,Prepare maps.,1
19-3092.00,Geographers,4.A.3.a.2.al.3,Collect geographical or geological field data.,2
19-3092.00,Geographers,4.A.3.b.6.c.4,Prepare scientific or technical reports or presentations.,5
19-3092.00,Geographers,4.A.4.b.3.b.8,Instruct college students in social sciences or humanities disciplines.,4
19-3092.00,Geographers,4.A.4.b.6.e.10,Advise others on business or operational matters.,9
19-3094.00,Political Scientists,4.A.1.a.1.r.3,Conduct research on social issues.,8
19-3094.00,Political Scientists,4.A.2.a.1.b.7,Evaluate civic projects or public policies.,13
19-3094.00,Political Scientists,4.A.2.a.4.b.3,"Forecast economic, political, or social trends.",11
19-3094.00,Political Scientists,4.A.2.a.4.g.5,Interpret research or operational data.,7
19-3094.00,Political Scientists,4.A.2.b.2.s.8,Plan social sciences research.,9
19-3094.00,Political Scientists,4.A.2.b.2.u.1,Develop theories or models of physical phenomena.,2
19-3094.00,Political Scientists,4.A.2.b.3.a.1,Review professional literature to maintain professional knowledge.,3
19-3094.00,Political Scientists,4.A.3.b.6.c.4,Prepare scientific or technical reports or presentations.,4
19-3094.00,Political Scientists,4.A.3.b.6.n.6,Prepare information or documentation related to legal or regulatory matters.,15
19-3094.00,Political Scientists,4.A.4.a.3.b.3,Present information to the public.,14
19-3094.00,Political Scientists,4.A.4.b.3.b.8,Instruct college students in social sciences or humanities disciplines.,1
19-3094.00,Political Scientists,4.A.4.b.4.b.1,Serve on institutional or departmental committees.,10
19-3094.00,Political Scientists,4.A.4.b.6.g.2,Advise students on academic or career matters.,6
19-3094.00,Political Scientists,4.A.4.b.6.g.7,Advise others on educational matters.,5
19-3094.00,Political Scientists,4.A.4.b.6.h.2,Advise others on matters of public policy.,12
19-3099.01,Transportation Planners,4.A.2.a.1.b.7,Evaluate civic projects or public policies.,14
19-3099.01,Transportation Planners,4.A.2.a.4.d.2,Analyze data to identify trends or relationships among variables.,12
19-3099.01,Transportation Planners,4.A.2.a.4.e.8,Analyze costs and benefits of proposed designs or projects.,11
19-3099.01,Transportation Planners,4.A.2.a.4.g.14,Analyze data to identify or resolve operational problems.,1
19-3099.01,Transportation Planners,4.A.2.a.4.g.16,Analyze traffic data.,13
19-3099.01,Transportation Planners,4.A.2.a.4.g.5,Interpret research or operational data.,10
19-3099.01,Transportation Planners,4.A.2.a.4.i.1,Appraise environmental impact of regulations or policies.,8
19-3099.01,Transportation Planners,4.A.2.b.1.b.1,Determine causes of operational problems or failures.,2
19-3099.01,Transportation Planners,4.A.2.b.2.s.3,Develop methods of social or economic research.,9
19-3099.01,Transportation Planners,4.A.2.b.2.u.1,Develop theories or models of physical phenomena.,7
19-3099.01,Transportation Planners,4.A.3.b.2.b.3,Design civil structures or systems.,17
19-3099.01,Transportation Planners,4.A.3.b.6.c.4,Prepare scientific or technical reports or presentations.,4
19-3099.01,Transportation Planners,4.A.3.b.6.c.7,Prepare research or technical reports on environmental issues.,16
19-3099.01,Transportation Planners,4.A.3.b.6.m.3,Prepare documentation for permits or licenses.,15
19-3099.01,Transportation Planners,4.A.3.b.6.n.6,Prepare information or documentation related to legal or regulatory matters.,18
19-3099.01,Transportation Planners,4.A.4.a.2.a.1,Communicate with the public on environmental issues.,3
19-3099.01,Transportation Planners,4.A.4.a.3.a.2,Represent the interests of clients in legal proceedings.,19
19-3099.01,Transportation Planners,4.A.4.b.1.a.5,Collaborate with technical specialists to resolve design or development problems.,5
19-3099.01,Transportation Planners,4.A.4.b.1.c.9,Represent the organization in external relations.,20
19-3099.01,Transportation Planners,4.A.4.b.4.e.5,Direct scientific activities.,21
19-3099.01,Transportation Planners,4.A.4.b.6.h.2,Advise others on matters of public policy.,6
19-4012.00,Agricultural Technicians,4.A.1.a.1.m.2,Research crop management methods.,20
19-4012.00,Agricultural Technicians,4.A.1.a.1.m.3,Research sustainable agricultural processes or practices.,5
19-4012.00,Agricultural Technicians,4.A.1.a.1.p.2,Research diseases or parasites.,18
19-4012.00,Agricultural Technicians,4.A.1.a.1.p.6,Examine characteristics or behavior of living organisms.,12
19-4012.00,Agricultural Technicians,4.A.1.b.2.c.7,Test quality of materials or finished products.,8
19-4012.00,Agricultural Technicians,4.A.1.b.3.a.9,Measure ingredients.,7
19-4012.00,Agricultural Technicians,4.A.2.b.2.q.4,Develop sustainable industrial or development methods.,17
19-4012.00,Agricultural Technicians,4.A.3.a.1.q.7,Cultivate land.,1
19-4012.00,Agricultural Technicians,4.A.3.a.2.al.2,Collect biological specimens.,10
19-4012.00,Agricultural Technicians,4.A.3.a.2.at.10,Set up laboratory or field equipment.,14
19-4012.00,Agricultural Technicians,4.A.3.a.2.au.3,Prepare biological samples for testing or analysis.,6
19-4012.00,Agricultural Technicians,4.A.3.a.2.au.4,Prepare compounds or solutions for products or testing.,21
19-4012.00,Agricultural Technicians,4.A.3.a.3.i.1,Operate laboratory or field equipment.,11
19-4012.00,Agricultural Technicians,4.A.3.a.3.k.4,Operate farming equipment.,2
19-4012.00,Agricultural Technicians,4.A.3.b.5.c.5,Maintain laboratory or technical equipment.,4
19-4012.00,Agricultural Technicians,4.A.3.b.6.c.4,Prepare scientific or technical reports or presentations.,9
19-4012.00,Agricultural Technicians,4.A.3.b.6.h.18,Record research or operational data.,3
19-4012.00,Agricultural Technicians,4.A.4.a.3.b.5,Provide technical information or assistance to public.,22
19-4012.00,Agricultural Technicians,4.A.4.a.5.d.1,Care for plants or animals.,19
19-4012.00,Agricultural Technicians,4.A.4.b.3.d.15,Train personnel in technical or scientific procedures.,16
19-4012.00,Agricultural Technicians,4.A.4.b.4.a.10,Supervise scientific or technical personnel.,15
19-4012.00,Agricultural Technicians,4.A.4.b.4.c.2,Manage agricultural or forestry operations.,13
19-4012.01,Precision Agriculture Technicians,4.A.1.a.1.h.3,Conduct climatological research.,15
19-4012.01,Precision Agriculture Technicians,4.A.1.a.1.m.2,Research crop management methods.,9
19-4012.01,Precision Agriculture Technicians,4.A.2.a.4.a.2,Determine geographic coordinates.,5
19-4012.01,Precision Agriculture Technicians,4.A.2.a.4.a.4,Analyze environmental data.,4
19-4012.01,Precision Agriculture Technicians,4.A.2.a.4.a.5,Analyze geological or geographical data.,3
19-4012.01,Precision Agriculture Technicians,4.A.2.b.2.m.2,Apply knowledge or research findings to address environmental problems.,10
19-4012.01,Precision Agriculture Technicians,4.A.2.b.2.o.11,Prepare maps.,7
19-4012.01,Precision Agriculture Technicians,4.A.3.a.2.al.3,Collect geographical or geological field data.,2
19-4012.01,Precision Agriculture Technicians,4.A.3.a.2.i.4,Calibrate scientific or technical equipment.,6
19-4012.01,Precision Agriculture Technicians,4.A.3.b.2.f.18,Develop agricultural methods.,14
19-4012.01,Precision Agriculture Technicians,4.A.3.b.5.c.5,Maintain laboratory or technical equipment.,8
19-4012.01,Precision Agriculture Technicians,4.A.3.b.6.h.18,Record research or operational data.,1
19-4012.01,Precision Agriculture Technicians,4.A.3.b.6.o.4,Prepare operational reports.,13
19-4012.01,Precision Agriculture Technicians,4.A.4.a.2.h.6,Discuss design or technical features of products or services with technical personnel.,17
19-4012.01,Precision Agriculture Technicians,4.A.4.a.2.h.8,Consult with others regarding safety or health equipment or facilities.,16
19-4012.01,Precision Agriculture Technicians,4.A.4.b.6.b.3,Advise customers on the use of products or services.,11
19-4012.01,Precision Agriculture Technicians,4.A.4.b.6.d.4,Advise others on the development or use of new technologies.,12
19-4013.00,Food Science Technicians,4.A.1.a.1.p.6,Examine characteristics or behavior of living organisms.,9
19-4013.00,Food Science Technicians,4.A.1.a.1.t.10,Research methods to improve food products.,11
19-4013.00,Food Science Technicians,4.A.1.b.2.c.7,Test quality of materials or finished products.,2
19-4013.00,Food Science Technicians,4.A.1.b.3.a.3,Measure physical or chemical properties of materials or objects.,4
19-4013.00,Food Science Technicians,4.A.2.a.1.e.3,Evaluate quality of materials or products.,1
19-4013.00,Food Science Technicians,4.A.2.a.4.j.6,Analyze chemical compounds or substances.,5
19-4013.00,Food Science Technicians,4.A.3.a.1.h.6,Clean objects.,6
19-4013.00,Food Science Technicians,4.A.3.a.2.au.3,Prepare biological samples for testing or analysis.,8
19-4013.00,Food Science Technicians,4.A.3.a.2.au.4,Prepare compounds or solutions for products or testing.,10
19-4013.00,Food Science Technicians,4.A.3.b.5.c.5,Maintain laboratory or technical equipment.,7
19-4013.00,Food Science Technicians,4.A.3.b.6.h.18,Record research or operational data.,3
19-4013.00,Food Science Technicians,4.A.4.b.3.d.15,Train personnel in technical or scientific procedures.,12
19-4013.00,Food Science Technicians,4.A.4.b.4.a.17,Supervise laboratory work.,13
19-4013.00,Food Science Technicians,4.A.4.b.4.e.8,Manage scientific or technical project resources.,14
19-4021.00,Biological Technicians,4.A.1.a.1.m.1,Research livestock management methods.,13
19-4021.00,Biological Technicians,4.A.1.a.1.p.4,Research microbiological or chemical processes or structures.,3
19-4021.00,Biological Technicians,4.A.1.a.1.p.6,Examine characteristics or behavior of living organisms.,6
19-4021.00,Biological Technicians,4.A.1.a.1.t.4,Conduct research to gain information about products or processes.,5
19-4021.00,Biological Technicians,4.A.1.a.2.b.16,Monitor operational procedures in technical environments to ensure conformance to standards.,2
19-4021.00,Biological Technicians,4.A.1.b.3.a.10,Measure ingredients or substances to be used in production processes.,15
19-4021.00,Biological Technicians,4.A.1.b.3.a.8,"Calculate weights, volumes or other characteristics of materials.",14
19-4021.00,Biological Technicians,4.A.2.a.4.g.5,Interpret research or operational data.,10
19-4021.00,Biological Technicians,4.A.2.a.4.j.6,Analyze chemical compounds or substances.,18
19-4021.00,Biological Technicians,4.A.3.a.1.h.6,Clean objects.,16
19-4021.00,Biological Technicians,4.A.3.a.2.al.2,Collect biological specimens.,1
19-4021.00,Biological Technicians,4.A.3.a.2.at.10,Set up laboratory or field equipment.,17
19-4021.00,Biological Technicians,4.A.3.a.2.au.3,Prepare biological samples for testing or analysis.,8
19-4021.00,Biological Technicians,4.A.3.b.1.e.1,Operate computers or computerized equipment.,9
19-4021.00,Biological Technicians,4.A.3.b.6.h.18,Record research or operational data.,7
19-4021.00,Biological Technicians,4.A.4.a.2.b.1,Collaborate on research activities with scientists or technical specialists.,20
19-4021.00,Biological Technicians,4.A.4.a.2.b.3,Assist engineers or scientists with research.,19
19-4021.00,Biological Technicians,4.A.4.a.5.d.1,Care for plants or animals.,4
19-4021.00,Biological Technicians,4.A.4.b.4.c.1,Coordinate forestry or agricultural activities.,11
19-4021.00,Biological Technicians,4.A.4.b.4.c.2,Manage agricultural or forestry operations.,12
19-4021.00,Biological Technicians,4.A.4.c.3.e.1,"Order materials, supplies, or equipment.",21
19-4031.00,Chemical Technicians,4.A.1.a.2.k.6,Monitor processes for compliance with standards.,12
19-4031.00,Chemical Technicians,4.A.2.a.1.e.3,Evaluate quality of materials or products.,4
19-4031.00,Chemical Technicians,4.A.2.a.4.g.5,Interpret research or operational data.,7
19-4031.00,Chemical Technicians,4.A.2.a.4.j.6,Analyze chemical compounds or substances.,1
19-4031.00,Chemical Technicians,4.A.3.a.1.h.6,Clean objects.,2
19-4031.00,Chemical Technicians,4.A.3.a.2.at.10,Set up laboratory or field equipment.,6
19-4031.00,Chemical Technicians,4.A.3.a.2.au.4,Prepare compounds or solutions for products or testing.,5
19-4031.00,Chemical Technicians,4.A.3.a.2.b.1,Collect samples for analysis or testing.,11
19-4031.00,Chemical Technicians,4.A.3.a.3.i.1,Operate laboratory or field equipment.,16
19-4031.00,Chemical Technicians,4.A.3.b.2.f.12,Develop new or advanced products or production methods.,18
19-4031.00,Chemical Technicians,4.A.3.b.5.c.5,Maintain laboratory or technical equipment.,3
19-4031.00,Chemical Technicians,4.A.3.b.6.c.4,Prepare scientific or technical reports or presentations.,14
19-4031.00,Chemical Technicians,4.A.4.a.2.b.1,Collaborate on research activities with scientists or technical specialists.,10
19-4031.00,Chemical Technicians,4.A.4.a.2.b.3,Assist engineers or scientists with research.,9
19-4031.00,Chemical Technicians,4.A.4.b.3.d.15,Train personnel in technical or scientific procedures.,13
19-4031.00,Chemical Technicians,4.A.4.b.4.a.10,Supervise scientific or technical personnel.,17
19-4031.00,Chemical Technicians,4.A.4.b.4.b.1,Serve on institutional or departmental committees.,8
19-4031.00,Chemical Technicians,4.A.4.b.4.e.8,Manage scientific or technical project resources.,15
19-4042.00,"Environmental Science and Protection Technicians, Including Health",4.A.1.a.1.j.5,Research environmental impact of industrial or development activities.,26
19-4042.00,"Environmental Science and Protection Technicians, Including Health",4.A.1.a.1.v.1,"Investigate system, equipment, or product failures.",3
19-4042.00,"Environmental Science and Protection Technicians, Including Health",4.A.1.b.2.e.5,Inspect work environments to ensure safety.,8
19-4042.00,"Environmental Science and Protection Technicians, Including Health",4.A.1.b.2.e.9,Inspect areas for compliance with sanitation standards.,14
19-4042.00,"Environmental Science and Protection Technicians, Including Health",4.A.1.b.2.g.18,Inspect equipment to ensure proper functioning.,18
19-4042.00,"Environmental Science and Protection Technicians, Including Health",4.A.1.b.3.a.3,Measure physical or chemical properties of materials or objects.,22
19-4042.00,"Environmental Science and Protection Technicians, Including Health",4.A.1.b.3.a.8,"Calculate weights, volumes or other characteristics of materials.",21
19-4042.00,"Environmental Science and Protection Technicians, Including Health",4.A.2.a.3.b.1,Assess compliance with environmental laws.,17
19-4042.00,"Environmental Science and Protection Technicians, Including Health",4.A.2.a.4.a.3,Analyze geological samples.,11
19-4042.00,"Environmental Science and Protection Technicians, Including Health",4.A.2.a.4.a.4,Analyze environmental data.,23
19-4042.00,"Environmental Science and Protection Technicians, Including Health",4.A.2.a.4.j.6,Analyze chemical compounds or substances.,28
19-4042.00,"Environmental Science and Protection Technicians, Including Health",4.A.2.b.1.d.5,Determine methods to minimize environmental impact of activities.,25
19-4042.00,"Environmental Science and Protection Technicians, Including Health",4.A.2.b.2.g.3,Develop environmental sustainability plans or projects.,15
19-4042.00,"Environmental Science and Protection Technicians, Including Health",4.A.2.b.2.s.7,Develop environmental research methods.,24
19-4042.00,"Environmental Science and Protection Technicians, Including Health",4.A.3.a.1.k.10,Enforce rules or regulations.,10
19-4042.00,"Environmental Science and Protection Technicians, Including Health",4.A.3.a.2.al.5,Collect environmental data or samples.,1
19-4042.00,"Environmental Science and Protection Technicians, Including Health",4.A.3.a.2.at.10,Set up laboratory or field equipment.,19
19-4042.00,"Environmental Science and Protection Technicians, Including Health",4.A.3.a.2.au.3,Prepare biological samples for testing or analysis.,6
19-4042.00,"Environmental Science and Protection Technicians, Including Health",4.A.3.a.2.b.1,Collect samples for analysis or testing.,2
19-4042.00,"Environmental Science and Protection Technicians, Including Health",4.A.3.a.2.i.4,Calibrate scientific or technical equipment.,12
19-4042.00,"Environmental Science and Protection Technicians, Including Health",4.A.3.b.6.c.4,Prepare scientific or technical reports or presentations.,5
19-4042.00,"Environmental Science and Protection Technicians, Including Health",4.A.3.b.6.h.18,Record research or operational data.,4
19-4042.00,"Environmental Science and Protection Technicians, Including Health",4.A.3.b.6.m.3,Prepare documentation for permits or licenses.,29
19-4042.00,"Environmental Science and Protection Technicians, Including Health",4.A.4.a.2.j.2,Confer with clients to exchange information.,7
19-4042.00,"Environmental Science and Protection Technicians, Including Health",4.A.4.b.4.a.10,Supervise scientific or technical personnel.,27
19-4042.00,"Environmental Science and Protection Technicians, Including Health",4.A.4.b.4.e.6,Direct natural resources management or conservation programs.,16
19-4042.00,"Environmental Science and Protection Technicians, Including Health",4.A.4.b.4.k.4,Coordinate enforcement of laws or regulations.,9
19-4042.00,"Environmental Science and Protection Technicians, Including Health",4.A.4.b.6.e.10,Advise others on business or operational matters.,20
19-4042.00,"Environmental Science and Protection Technicians, Including Health",4.A.4.b.6.h.2,Advise others on matters of public policy.,13
19-4043.00,"Geological Technicians, Except Hydrologic Technicians",4.A.1.a.1.d.8,Collect archival data.,11
19-4043.00,"Geological Technicians, Except Hydrologic Technicians",4.A.1.a.1.h.2,Research geological features or processes.,7
19-4043.00,"Geological Technicians, Except Hydrologic Technicians",4.A.1.a.1.j.5,Research environmental impact of industrial or development activities.,18
19-4043.00,"Geological Technicians, Except Hydrologic Technicians",4.A.1.a.1.l.3,"Collect information from people through observation, interviews, or surveys.",16
19-4043.00,"Geological Technicians, Except Hydrologic Technicians",4.A.1.b.2.g.18,Inspect equipment to ensure proper functioning.,20
19-4043.00,"Geological Technicians, Except Hydrologic Technicians",4.A.1.b.3.d.1,Survey land or properties.,25
19-4043.00,"Geological Technicians, Except Hydrologic Technicians",4.A.2.a.2.c.5,Compile environmental or climatological data.,24
19-4043.00,"Geological Technicians, Except Hydrologic Technicians",4.A.2.a.2.c.6,Compile geographic or related data.,17
19-4043.00,"Geological Technicians, Except Hydrologic Technicians",4.A.2.a.4.a.1,Locate natural resources using geospatial or other environmental data.,15
19-4043.00,"Geological Technicians, Except Hydrologic Technicians",4.A.2.a.4.a.3,Analyze geological samples.,1
19-4043.00,"Geological Technicians, Except Hydrologic Technicians",4.A.2.a.4.a.5,Analyze geological or geographical data.,10
19-4043.00,"Geological Technicians, Except Hydrologic Technicians",4.A.2.b.2.o.11,Prepare maps.,4
19-4043.00,"Geological Technicians, Except Hydrologic Technicians",4.A.3.a.2.al.3,Collect geographical or geological field data.,23
19-4043.00,"Geological Technicians, Except Hydrologic Technicians",4.A.3.a.2.al.5,Collect environmental data or samples.,22
19-4043.00,"Geological Technicians, Except Hydrologic Technicians",4.A.3.a.2.at.10,Set up laboratory or field equipment.,9
19-4043.00,"Geological Technicians, Except Hydrologic Technicians",4.A.3.a.2.b.1,Collect samples for analysis or testing.,2
19-4043.00,"Geological Technicians, Except Hydrologic Technicians",4.A.3.a.2.i.4,Calibrate scientific or technical equipment.,12
19-4043.00,"Geological Technicians, Except Hydrologic Technicians",4.A.3.a.3.i.1,Operate laboratory or field equipment.,5
19-4043.00,"Geological Technicians, Except Hydrologic Technicians",4.A.3.b.5.c.5,Maintain laboratory or technical equipment.,13
19-4043.00,"Geological Technicians, Except Hydrologic Technicians",4.A.3.b.6.e.3,"Document events or evidence, using photographic or audiovisual equipment.",14
19-4043.00,"Geological Technicians, Except Hydrologic Technicians",4.A.3.b.6.h.18,Record research or operational data.,3
19-4043.00,"Geological Technicians, Except Hydrologic Technicians",4.A.4.a.2.b.1,Collaborate on research activities with scientists or technical specialists.,21
19-4043.00,"Geological Technicians, Except Hydrologic Technicians",4.A.4.b.4.a.10,Supervise scientific or technical personnel.,6
19-4043.00,"Geological Technicians, Except Hydrologic Technicians",4.A.4.b.4.e.2,Direct technical activities or operations.,8
19-4043.00,"Geological Technicians, Except Hydrologic Technicians",4.A.4.b.4.i.1,Direct natural resources extraction projects.,19
19-4044.00,Hydrologic Technicians,4.A.1.a.1.d.7,"Search files, databases or reference materials to obtain needed information.",18
19-4044.00,Hydrologic Technicians,4.A.1.a.1.h.1,Research hydrologic features or processes.,17
19-4044.00,Hydrologic Technicians,4.A.1.b.3.a.17,Measure the level or depth of water or other liquids.,15
19-4044.00,Hydrologic Technicians,4.A.2.a.2.a.6,Evaluate data quality.,13
19-4044.00,Hydrologic Technicians,4.A.2.a.2.c.5,Compile environmental or climatological data.,11
19-4044.00,Hydrologic Technicians,4.A.2.a.4.a.4,Analyze environmental data.,5
19-4044.00,Hydrologic Technicians,4.A.2.a.4.e.8,Analyze costs and benefits of proposed designs or projects.,4
19-4044.00,Hydrologic Technicians,4.A.2.b.2.m.2,Apply knowledge or research findings to address environmental problems.,6
19-4044.00,Hydrologic Technicians,4.A.2.b.2.o.14,Prepare graphics or other visual representations of information.,16
19-4044.00,Hydrologic Technicians,4.A.2.b.2.u.2,Develop mathematical models of environmental conditions.,12
19-4044.00,Hydrologic Technicians,4.A.3.a.1.c.16,"Clean equipment, parts, or tools to repair or maintain them in good working order.",8
19-4044.00,Hydrologic Technicians,4.A.3.a.1.g.7,Assist skilled construction or extraction personnel.,7
19-4044.00,Hydrologic Technicians,4.A.3.a.2.al.5,Collect environmental data or samples.,9
19-4044.00,Hydrologic Technicians,4.A.3.a.2.d.13,Install gauges or controls.,14
19-4044.00,Hydrologic Technicians,4.A.3.b.6.c.6,Write reports or evaluations.,2
19-4044.00,Hydrologic Technicians,4.A.4.a.2.a.1,Communicate with the public on environmental issues.,10
19-4044.00,Hydrologic Technicians,4.A.4.b.6.c.1,Advise others about environmental management or conservation.,1
19-4044.00,Hydrologic Technicians,4.A.4.b.6.i.1,Advise others on management of emergencies or hazardous situations or materials.,3
19-4051.00,Nuclear Technicians,4.A.1.a.2.b.16,Monitor operational procedures in technical environments to ensure conformance to standards.,3
19-4051.00,Nuclear Technicians,4.A.1.a.2.k.3,Monitor operations to ensure compliance with safety or security policies or regulations.,1
19-4051.00,Nuclear Technicians,4.A.1.b.1.b.7,Identify sustainable business practices.,11
19-4051.00,Nuclear Technicians,4.A.1.b.2.e.2,Inspect work sites to identify potential environmental or safety hazards.,2
19-4051.00,Nuclear Technicians,4.A.1.b.2.g.18,Inspect equipment to ensure proper functioning.,7
19-4051.00,Nuclear Technicians,4.A.1.b.2.l.7,Test mechanical systems to ensure proper functioning.,5
19-4051.00,Nuclear Technicians,4.A.1.b.3.a.5,Measure radiation levels.,9
19-4051.00,Nuclear Technicians,4.A.3.a.1.h.6,Clean objects.,12
19-4051.00,Nuclear Technicians,4.A.3.a.2.al.5,Collect environmental data or samples.,13
19-4051.00,Nuclear Technicians,4.A.3.a.2.at.10,Set up laboratory or field equipment.,15
19-4051.00,Nuclear Technicians,4.A.3.b.5.a.16,Maintain work equipment or machinery.,4
19-4051.00,Nuclear Technicians,4.A.3.b.5.c.5,Maintain laboratory or technical equipment.,6
19-4051.00,Nuclear Technicians,4.A.4.a.2.c.1,Communicate with other workers to coordinate activities.,10
19-4051.00,Nuclear Technicians,4.A.4.a.2.c.21,Communicate safety or hazard information to others.,8
19-4051.00,Nuclear Technicians,4.A.4.b.6.i.1,Advise others on management of emergencies or hazardous situations or materials.,14
19-4051.02,Nuclear Monitoring Technicians,4.A.1.a.2.g.8,Monitor alarm systems.,3
19-4051.02,Nuclear Monitoring Technicians,4.A.1.b.3.a.5,Measure radiation levels.,2
19-4051.02,Nuclear Monitoring Technicians,4.A.2.a.4.a.4,Analyze environmental data.,7
19-4051.02,Nuclear Monitoring Technicians,4.A.3.a.1.e.2,Dispose of hazardous materials.,14
19-4051.02,Nuclear Monitoring Technicians,4.A.3.a.1.e.7,Dispose of trash or waste materials.,15
19-4051.02,Nuclear Monitoring Technicians,4.A.3.a.1.h.6,Clean objects.,16
19-4051.02,Nuclear Monitoring Technicians,4.A.3.a.2.al.5,Collect environmental data or samples.,6
19-4051.02,Nuclear Monitoring Technicians,4.A.3.a.2.at.10,Set up laboratory or field equipment.,10
19-4051.02,Nuclear Monitoring Technicians,4.A.3.a.2.i.4,Calibrate scientific or technical equipment.,11
19-4051.02,Nuclear Monitoring Technicians,4.A.3.b.5.c.5,Maintain laboratory or technical equipment.,12
19-4051.02,Nuclear Monitoring Technicians,4.A.3.b.6.h.18,Record research or operational data.,8
19-4051.02,Nuclear Monitoring Technicians,4.A.3.b.6.o.4,Prepare operational reports.,13
19-4051.02,Nuclear Monitoring Technicians,4.A.4.a.2.c.21,Communicate safety or hazard information to others.,1
19-4051.02,Nuclear Monitoring Technicians,4.A.4.a.5.e.2,Respond to emergencies to provide assistance.,4
19-4051.02,Nuclear Monitoring Technicians,4.A.4.b.3.d.15,Train personnel in technical or scientific procedures.,5
19-4051.02,Nuclear Monitoring Technicians,4.A.4.b.6.i.1,Advise others on management of emergencies or hazardous situations or materials.,9
19-4061.00,Social Science Research Assistants,4.A.1.a.1.d.8,Collect archival data.,18
19-4061.00,Social Science Research Assistants,4.A.1.a.1.l.3,"Collect information from people through observation, interviews, or surveys.",2
19-4061.00,Social Science Research Assistants,4.A.1.a.1.r.3,Conduct research on social issues.,8
19-4061.00,Social Science Research Assistants,4.A.2.a.2.a.7,Verify accuracy of data.,11
19-4061.00,Social Science Research Assistants,4.A.2.a.2.a.8,Check data for recording errors.,10
19-4061.00,Social Science Research Assistants,4.A.2.b.2.b.6,Develop software or applications for scientific or technical use.,1
19-4061.00,Social Science Research Assistants,4.A.2.b.2.f.2,Develop technical or scientific databases.,13
19-4061.00,Social Science Research Assistants,4.A.2.b.2.s.3,Develop methods of social or economic research.,19
19-4061.00,Social Science Research Assistants,4.A.2.b.2.s.8,Plan social sciences research.,12
19-4061.00,Social Science Research Assistants,4.A.2.b.5.c.1,Schedule appointments.,6
19-4061.00,Social Science Research Assistants,4.A.3.b.1.f.7,Prepare data for analysis.,15
19-4061.00,Social Science Research Assistants,4.A.3.b.1.f.8,Code data or other information.,14
19-4061.00,Social Science Research Assistants,4.A.3.b.6.c.4,Prepare scientific or technical reports or presentations.,4
19-4061.00,Social Science Research Assistants,4.A.3.b.6.h.18,Record research or operational data.,9
19-4061.00,Social Science Research Assistants,4.A.3.b.6.n.6,Prepare information or documentation related to legal or regulatory matters.,16
19-4061.00,Social Science Research Assistants,4.A.4.a.2.j.2,Confer with clients to exchange information.,20
19-4061.00,Social Science Research Assistants,4.A.4.b.4.a.10,Supervise scientific or technical personnel.,21
19-4061.00,Social Science Research Assistants,4.A.4.b.4.e.8,Manage scientific or technical project resources.,17
19-4061.00,Social Science Research Assistants,4.A.4.c.2.a.2,Conduct eligibility or selection interviews.,7
19-4061.00,Social Science Research Assistants,4.A.4.c.2.a.5,Recruit personnel.,5
19-4061.00,Social Science Research Assistants,4.A.4.c.2.b.3,Administer standardized physical or psychological tests.,3
19-4071.00,Forest and Conservation Technicians,4.A.1.a.1.p.3,Conduct research of processes in natural or industrial ecosystems.,20
19-4071.00,Forest and Conservation Technicians,4.A.1.a.2.g.12,Patrol natural areas to ensure safety or enforce regulations.,9
19-4071.00,Forest and Conservation Technicians,4.A.1.a.2.g.5,Patrol properties to maintain safety.,10
19-4071.00,Forest and Conservation Technicians,4.A.1.a.2.i.6,Inspect condition of natural environments.,14
19-4071.00,Forest and Conservation Technicians,4.A.1.b.3.d.1,Survey land or properties.,12
19-4071.00,Forest and Conservation Technicians,4.A.2.b.2.f.2,Develop technical or scientific databases.,11
19-4071.00,Forest and Conservation Technicians,4.A.2.b.2.o.11,Prepare maps.,15
19-4071.00,Forest and Conservation Technicians,4.A.2.b.2.o.19,Create maps.,6
19-4071.00,Forest and Conservation Technicians,4.A.3.a.1.q.7,Cultivate land.,2
19-4071.00,Forest and Conservation Technicians,4.A.3.a.2.al.2,Collect biological specimens.,13
19-4071.00,Forest and Conservation Technicians,4.A.3.a.2.al.3,Collect geographical or geological field data.,19
19-4071.00,Forest and Conservation Technicians,4.A.3.a.2.al.5,Collect environmental data or samples.,18
19-4071.00,Forest and Conservation Technicians,4.A.3.b.6.h.18,Record research or operational data.,1
19-4071.00,Forest and Conservation Technicians,4.A.3.b.6.h.8,Record agricultural or forestry inventory data.,7
19-4071.00,Forest and Conservation Technicians,4.A.3.b.6.m.3,Prepare documentation for permits or licenses.,16
19-4071.00,Forest and Conservation Technicians,4.A.4.b.3.d.15,Train personnel in technical or scientific procedures.,5
19-4071.00,Forest and Conservation Technicians,4.A.4.b.4.a.10,Supervise scientific or technical personnel.,4
19-4071.00,Forest and Conservation Technicians,4.A.4.b.4.c.2,Manage agricultural or forestry operations.,3
19-4071.00,Forest and Conservation Technicians,4.A.4.b.6.c.1,Advise others about environmental management or conservation.,17
19-4071.00,Forest and Conservation Technicians,4.A.4.b.6.i.1,Advise others on management of emergencies or hazardous situations or materials.,8
19-4092.00,Forensic Science Technicians,4.A.1.a.1.c.1,Collect evidence for legal proceedings.,7
19-4092.00,Forensic Science Technicians,4.A.1.a.1.c.2,Examine crime scenes to obtain evidence.,6
19-4092.00,Forensic Science Technicians,4.A.1.b.2.c.6,Test fluids to identify contamination or other problems.,19
19-4092.00,Forensic Science Technicians,4.A.1.b.3.a.6,Measure distances or dimensions.,8
19-4092.00,Forensic Science Technicians,4.A.2.a.2.a.2,Verify information or specifications.,16
19-4092.00,Forensic Science Technicians,4.A.2.a.2.a.7,Verify accuracy of data.,15
19-4092.00,Forensic Science Technicians,4.A.2.a.4.d.2,Analyze data to identify trends or relationships among variables.,13
19-4092.00,Forensic Science Technicians,4.A.2.a.4.g.5,Interpret research or operational data.,14
19-4092.00,Forensic Science Technicians,4.A.2.a.4.j.2,Analyze forensic evidence to solve crimes.,1
19-4092.00,Forensic Science Technicians,4.A.2.a.4.j.3,Analyze crime scene evidence.,12
19-4092.00,Forensic Science Technicians,4.A.2.a.4.j.5,Analyze biological samples.,18
19-4092.00,Forensic Science Technicians,4.A.3.a.2.au.4,Prepare compounds or solutions for products or testing.,20
19-4092.00,Forensic Science Technicians,4.A.3.a.3.i.1,Operate laboratory or field equipment.,11
19-4092.00,Forensic Science Technicians,4.A.3.b.5.c.5,Maintain laboratory or technical equipment.,10
19-4092.00,Forensic Science Technicians,4.A.3.b.6.c.4,Prepare scientific or technical reports or presentations.,2
19-4092.00,Forensic Science Technicians,4.A.3.b.6.e.3,"Document events or evidence, using photographic or audiovisual equipment.",4
19-4092.00,Forensic Science Technicians,4.A.3.b.6.h.18,Record research or operational data.,3
19-4092.00,Forensic Science Technicians,4.A.4.a.2.b.1,Collaborate on research activities with scientists or technical specialists.,17
19-4092.00,Forensic Science Technicians,4.A.4.a.3.a.1,Testify at legal or legislative proceedings.,5
19-4092.00,Forensic Science Technicians,4.A.4.b.3.d.15,Train personnel in technical or scientific procedures.,9
19-4099.01,Quality Control Analysts,4.A.1.a.2.b.16,Monitor operational procedures in technical environments to ensure conformance to standards.,11
19-4099.01,Quality Control Analysts,4.A.1.b.2.c.3,Analyze test results.,10
19-4099.01,Quality Control Analysts,4.A.1.b.2.c.7,Test quality of materials or finished products.,2
19-4099.01,Quality Control Analysts,4.A.1.b.2.e.9,Inspect areas for compliance with sanitation standards.,6
19-4099.01,Quality Control Analysts,4.A.2.a.1.e.3,Evaluate quality of materials or products.,5
19-4099.01,Quality Control Analysts,4.A.2.a.1.g.2,Evaluate new technologies or methods.,22
19-4099.01,Quality Control Analysts,4.A.2.a.2.a.7,Verify accuracy of data.,20
19-4099.01,Quality Control Analysts,4.A.2.a.3.c.1,Conduct financial or regulatory audits.,17
19-4099.01,Quality Control Analysts,4.A.2.a.4.d.1,Apply mathematical principles or statistical approaches to solve problems in scientific or applied fields.,8
19-4099.01,Quality Control Analysts,4.A.2.a.4.g.5,Interpret research or operational data.,1
19-4099.01,Quality Control Analysts,4.A.2.a.4.l.1,Conduct quantitative failure analyses of operational data.,13
19-4099.01,Quality Control Analysts,4.A.2.b.1.d.10,Determine appropriate methods for data analysis.,18
19-4099.01,Quality Control Analysts,4.A.3.a.2.i.4,Calibrate scientific or technical equipment.,4
19-4099.01,Quality Control Analysts,4.A.3.b.2.f.15,Develop testing routines or procedures.,21
19-4099.01,Quality Control Analysts,4.A.3.b.2.f.17,"Establish standards for products, processes, or procedures.",19
19-4099.01,Quality Control Analysts,4.A.3.b.5.c.5,Maintain laboratory or technical equipment.,3
19-4099.01,Quality Control Analysts,4.A.3.b.6.h.18,Record research or operational data.,7
19-4099.01,Quality Control Analysts,4.A.3.b.6.n.6,Prepare information or documentation related to legal or regulatory matters.,15
19-4099.01,Quality Control Analysts,4.A.3.b.6.o.4,Prepare operational reports.,9
19-4099.01,Quality Control Analysts,4.A.4.a.4.a.1,Develop collaborative relationships between departments or with external organizations.,16
19-4099.01,Quality Control Analysts,4.A.4.b.1.c.7,"Coordinate activities with suppliers, contractors, clients, or other departments.",23
19-4099.01,Quality Control Analysts,4.A.4.b.3.d.15,Train personnel in technical or scientific procedures.,14
19-4099.01,Quality Control Analysts,4.A.4.b.6.d.4,Advise others on the development or use of new technologies.,24
19-4099.01,Quality Control Analysts,4.A.4.b.6.e.10,Advise others on business or operational matters.,12
19-4099.03,Remote Sensing Technicians,4.A.2.a.1.g.7,Evaluate characteristics of equipment or systems.,15
19-4099.03,Remote Sensing Technicians,4.A.2.a.2.a.6,Evaluate data quality.,2
19-4099.03,Remote Sensing Technicians,4.A.2.a.2.a.7,Verify accuracy of data.,3
19-4099.03,Remote Sensing Technicians,4.A.2.a.4.a.5,Analyze geological or geographical data.,4
19-4099.03,Remote Sensing Technicians,4.A.2.a.4.a.7,"Analyze physical, survey, or geographic data.",5
19-4099.03,Remote Sensing Technicians,4.A.2.b.1.h.11,"Determine types of equipment, tools, or materials needed for jobs.",14
19-4099.03,Remote Sensing Technicians,4.A.2.b.2.b.6,Develop software or applications for scientific or technical use.,7
19-4099.03,Remote Sensing Technicians,4.A.2.b.2.f.2,Develop technical or scientific databases.,10
19-4099.03,Remote Sensing Technicians,4.A.2.b.2.o.19,Create maps.,11
19-4099.03,Remote Sensing Technicians,4.A.2.b.2.o.20,Create images or other visual displays.,6
19-4099.03,Remote Sensing Technicians,4.A.2.b.2.s.6,Plan environmental research.,12
19-4099.03,Remote Sensing Technicians,4.A.3.a.2.al.3,Collect geographical or geological field data.,1
19-4099.03,Remote Sensing Technicians,4.A.3.a.2.al.5,Collect environmental data or samples.,18
19-4099.03,Remote Sensing Technicians,4.A.3.a.2.i.4,Calibrate scientific or technical equipment.,9
19-4099.03,Remote Sensing Technicians,4.A.3.b.6.c.4,Prepare scientific or technical reports or presentations.,16
19-4099.03,Remote Sensing Technicians,4.A.3.b.6.h.18,Record research or operational data.,13
19-4099.03,Remote Sensing Technicians,4.A.4.a.2.a.3,Communicate results of environmental research.,20
19-4099.03,Remote Sensing Technicians,4.A.4.a.2.h.9,Communicate project information to others.,19
19-4099.03,Remote Sensing Technicians,4.A.4.b.1.a.5,Collaborate with technical specialists to resolve design or development problems.,8
19-4099.03,Remote Sensing Technicians,4.A.4.b.1.c.3,Collaborate with outside groups to develop programs or projects.,17
25-1021.00,"Computer Science Teachers, Postsecondary",4.A.2.a.1.b.5,Evaluate effectiveness of educational programs.,11
25-1021.00,"Computer Science Teachers, Postsecondary",4.A.2.a.1.c.2,Administer tests to assess educational needs or progress.,2
25-1021.00,"Computer Science Teachers, Postsecondary",4.A.2.a.1.c.3,Prepare tests.,4
25-1021.00,"Computer Science Teachers, Postsecondary",4.A.2.a.1.c.4,Evaluate student work.,1
25-1021.00,"Computer Science Teachers, Postsecondary",4.A.2.a.2.c.4,Compile specialized bibliographies or lists of materials.,26
25-1021.00,"Computer Science Teachers, Postsecondary",4.A.2.b.1.j.10,Select educational materials or equipment.,24
25-1021.00,"Computer Science Teachers, Postsecondary",4.A.2.b.2.b.8,Design websites or web applications.,18
25-1021.00,"Computer Science Teachers, Postsecondary",4.A.2.b.2.l.3,Develop instructional objectives.,10
25-1021.00,"Computer Science Teachers, Postsecondary",4.A.2.b.3.a.10,Research topics in area of expertise.,13
25-1021.00,"Computer Science Teachers, Postsecondary",4.A.2.b.3.a.18,Attend training sessions or professional meetings to develop or maintain professional knowledge.,9
25-1021.00,"Computer Science Teachers, Postsecondary",4.A.2.b.3.a.3,Stay informed about current developments in field of specialization.,12
25-1021.00,"Computer Science Teachers, Postsecondary",4.A.2.b.6.a.4,Plan community programs or activities for the general public.,27
25-1021.00,"Computer Science Teachers, Postsecondary",4.A.3.b.5.c.6,Maintain computer equipment or software.,17
25-1021.00,"Computer Science Teachers, Postsecondary",4.A.3.b.6.g.2,Write grant proposals.,22
25-1021.00,"Computer Science Teachers, Postsecondary",4.A.3.b.6.l.9,Develop instructional materials.,3
25-1021.00,"Computer Science Teachers, Postsecondary",4.A.3.b.6.p.1,"Write articles, books or other original materials in area of expertise.",14
25-1021.00,"Computer Science Teachers, Postsecondary",4.A.4.a.6.c.6,Promote educational institutions or programs.,20
25-1021.00,"Computer Science Teachers, Postsecondary",4.A.4.b.3.b.12,Teach physical science or mathematics courses at the college level.,5
25-1021.00,"Computer Science Teachers, Postsecondary",4.A.4.b.3.b.5,Guide class discussions.,16
25-1021.00,"Computer Science Teachers, Postsecondary",4.A.4.b.4.a.17,Supervise laboratory work.,15
25-1021.00,"Computer Science Teachers, Postsecondary",4.A.4.b.4.a.18,Supervise student research or internship work.,8
25-1021.00,"Computer Science Teachers, Postsecondary",4.A.4.b.4.a.6,Direct activities of subordinates.,6
25-1021.00,"Computer Science Teachers, Postsecondary",4.A.4.b.4.b.1,Serve on institutional or departmental committees.,25
25-1021.00,"Computer Science Teachers, Postsecondary",4.A.4.b.4.j.33,Direct department activities.,21
25-1021.00,"Computer Science Teachers, Postsecondary",4.A.4.b.6.g.2,Advise students on academic or career matters.,7
25-1021.00,"Computer Science Teachers, Postsecondary",4.A.4.b.6.g.5,"Advise educators on curricula, instructional methods, or policies.",28
25-1021.00,"Computer Science Teachers, Postsecondary",4.A.4.c.1.a.5,Perform student enrollment or registration activities.,19
25-1021.00,"Computer Science Teachers, Postsecondary",4.A.4.c.3.e.2,Order instructional or library materials or equipment.,23
25-1022.00,"Mathematical Science Teachers, Postsecondary",4.A.1.a.2.f.1,Monitor performance of organizational members or partners.,22
25-1022.00,"Mathematical Science Teachers, Postsecondary",4.A.2.a.1.b.5,Evaluate effectiveness of educational programs.,8
25-1022.00,"Mathematical Science Teachers, Postsecondary",4.A.2.a.1.c.2,Administer tests to assess educational needs or progress.,2
25-1022.00,"Mathematical Science Teachers, Postsecondary",4.A.2.a.1.c.3,Prepare tests.,3
25-1022.00,"Mathematical Science Teachers, Postsecondary",4.A.2.a.1.c.4,Evaluate student work.,1
25-1022.00,"Mathematical Science Teachers, Postsecondary",4.A.2.a.1.d.1,Evaluate performance of educational staff.,21
25-1022.00,"Mathematical Science Teachers, Postsecondary",4.A.2.a.2.c.4,Compile specialized bibliographies or lists of materials.,29
25-1022.00,"Mathematical Science Teachers, Postsecondary",4.A.2.b.1.j.10,Select educational materials or equipment.,16
25-1022.00,"Mathematical Science Teachers, Postsecondary",4.A.2.b.2.l.3,Develop instructional objectives.,7
25-1022.00,"Mathematical Science Teachers, Postsecondary",4.A.2.b.3.a.10,Research topics in area of expertise.,11
25-1022.00,"Mathematical Science Teachers, Postsecondary",4.A.2.b.3.a.18,Attend training sessions or professional meetings to develop or maintain professional knowledge.,13
25-1022.00,"Mathematical Science Teachers, Postsecondary",4.A.2.b.3.a.3,Stay informed about current developments in field of specialization.,14
25-1022.00,"Mathematical Science Teachers, Postsecondary",4.A.2.b.5.b.3,Schedule instructional activities.,20
25-1022.00,"Mathematical Science Teachers, Postsecondary",4.A.2.b.6.a.4,Plan community programs or activities for the general public.,28
25-1022.00,"Mathematical Science Teachers, Postsecondary",4.A.3.b.6.g.2,Write grant proposals.,27
25-1022.00,"Mathematical Science Teachers, Postsecondary",4.A.3.b.6.h.12,Maintain student records.,5
25-1022.00,"Mathematical Science Teachers, Postsecondary",4.A.3.b.6.l.9,Develop instructional materials.,6
25-1022.00,"Mathematical Science Teachers, Postsecondary",4.A.3.b.6.p.1,"Write articles, books or other original materials in area of expertise.",12
25-1022.00,"Mathematical Science Teachers, Postsecondary",4.A.4.a.6.c.6,Promote educational institutions or programs.,26
25-1022.00,"Mathematical Science Teachers, Postsecondary",4.A.4.b.1.f.2,Prepare staff schedules or work assignments.,19
25-1022.00,"Mathematical Science Teachers, Postsecondary",4.A.4.b.1.f.3,Prepare activity or work schedules.,18
25-1022.00,"Mathematical Science Teachers, Postsecondary",4.A.4.b.3.b.12,Teach physical science or mathematics courses at the college level.,4
25-1022.00,"Mathematical Science Teachers, Postsecondary",4.A.4.b.3.b.5,Guide class discussions.,10
25-1022.00,"Mathematical Science Teachers, Postsecondary",4.A.4.b.4.a.18,Supervise student research or internship work.,23
25-1022.00,"Mathematical Science Teachers, Postsecondary",4.A.4.b.4.b.1,Serve on institutional or departmental committees.,24
25-1022.00,"Mathematical Science Teachers, Postsecondary",4.A.4.b.4.j.33,Direct department activities.,17
25-1022.00,"Mathematical Science Teachers, Postsecondary",4.A.4.b.6.g.2,Advise students on academic or career matters.,9
25-1022.00,"Mathematical Science Teachers, Postsecondary",4.A.4.c.1.a.5,Perform student enrollment or registration activities.,25
25-1022.00,"Mathematical Science Teachers, Postsecondary",4.A.4.c.3.e.2,Order instructional or library materials or equipment.,15
25-1031.00,"Architecture Teachers, Postsecondary",4.A.2.a.1.b.5,Evaluate effectiveness of educational programs.,2
25-1031.00,"Architecture Teachers, Postsecondary",4.A.2.a.1.c.2,Administer tests to assess educational needs or progress.,8
25-1031.00,"Architecture Teachers, Postsecondary",4.A.2.a.1.c.3,Prepare tests.,10
25-1031.00,"Architecture Teachers, Postsecondary",4.A.2.a.1.c.4,Evaluate student work.,5
25-1031.00,"Architecture Teachers, Postsecondary",4.A.2.a.2.c.4,Compile specialized bibliographies or lists of materials.,23
25-1031.00,"Architecture Teachers, Postsecondary",4.A.2.b.1.j.10,Select educational materials or equipment.,22
25-1031.00,"Architecture Teachers, Postsecondary",4.A.2.b.2.l.3,Develop instructional objectives.,1
25-1031.00,"Architecture Teachers, Postsecondary",4.A.2.b.3.a.10,Research topics in area of expertise.,13
25-1031.00,"Architecture Teachers, Postsecondary",4.A.2.b.3.a.18,Attend training sessions or professional meetings to develop or maintain professional knowledge.,9
25-1031.00,"Architecture Teachers, Postsecondary",4.A.2.b.3.a.3,Stay informed about current developments in field of specialization.,11
25-1031.00,"Architecture Teachers, Postsecondary",4.A.2.b.6.a.4,Plan community programs or activities for the general public.,25
25-1031.00,"Architecture Teachers, Postsecondary",4.A.3.b.6.g.2,Write grant proposals.,17
25-1031.00,"Architecture Teachers, Postsecondary",4.A.3.b.6.h.12,Maintain student records.,6
25-1031.00,"Architecture Teachers, Postsecondary",4.A.3.b.6.l.9,Develop instructional materials.,3
25-1031.00,"Architecture Teachers, Postsecondary",4.A.3.b.6.p.1,"Write articles, books or other original materials in area of expertise.",14
25-1031.00,"Architecture Teachers, Postsecondary",4.A.4.a.6.c.6,Promote educational institutions or programs.,19
25-1031.00,"Architecture Teachers, Postsecondary",4.A.4.b.3.b.11,Teach humanities courses at the college level.,4
25-1031.00,"Architecture Teachers, Postsecondary",4.A.4.b.3.b.5,Guide class discussions.,7
25-1031.00,"Architecture Teachers, Postsecondary",4.A.4.b.4.a.18,Supervise student research or internship work.,15
25-1031.00,"Architecture Teachers, Postsecondary",4.A.4.b.4.b.1,Serve on institutional or departmental committees.,20
25-1031.00,"Architecture Teachers, Postsecondary",4.A.4.b.4.j.33,Direct department activities.,16
25-1031.00,"Architecture Teachers, Postsecondary",4.A.4.b.6.g.2,Advise students on academic or career matters.,12
25-1031.00,"Architecture Teachers, Postsecondary",4.A.4.b.6.g.5,"Advise educators on curricula, instructional methods, or policies.",24
25-1031.00,"Architecture Teachers, Postsecondary",4.A.4.c.1.a.5,Perform student enrollment or registration activities.,18
25-1031.00,"Architecture Teachers, Postsecondary",4.A.4.c.3.e.2,Order instructional or library materials or equipment.,21
25-1032.00,"Engineering Teachers, Postsecondary",4.A.2.a.1.b.5,Evaluate effectiveness of educational programs.,15
25-1032.00,"Engineering Teachers, Postsecondary",4.A.2.a.1.c.2,Administer tests to assess educational needs or progress.,12
25-1032.00,"Engineering Teachers, Postsecondary",4.A.2.a.1.c.3,Prepare tests.,13
25-1032.00,"Engineering Teachers, Postsecondary",4.A.2.a.1.c.4,Evaluate student work.,4
25-1032.00,"Engineering Teachers, Postsecondary",4.A.2.a.2.c.4,Compile specialized bibliographies or lists of materials.,29
25-1032.00,"Engineering Teachers, Postsecondary",4.A.2.a.3.a.8,"Proofread documents, records, or other files to ensure accuracy.",26
25-1032.00,"Engineering Teachers, Postsecondary",4.A.2.b.1.g.1,Edit written materials.,25
25-1032.00,"Engineering Teachers, Postsecondary",4.A.2.b.1.g.2,Edit documents.,24
25-1032.00,"Engineering Teachers, Postsecondary",4.A.2.b.1.j.10,Select educational materials or equipment.,21
25-1032.00,"Engineering Teachers, Postsecondary",4.A.2.b.2.l.3,Develop instructional objectives.,14
25-1032.00,"Engineering Teachers, Postsecondary",4.A.2.b.3.a.10,Research topics in area of expertise.,1
25-1032.00,"Engineering Teachers, Postsecondary",4.A.2.b.3.a.18,Attend training sessions or professional meetings to develop or maintain professional knowledge.,6
25-1032.00,"Engineering Teachers, Postsecondary",4.A.2.b.3.a.3,Stay informed about current developments in field of specialization.,7
25-1032.00,"Engineering Teachers, Postsecondary",4.A.2.b.6.a.4,Plan community programs or activities for the general public.,27
25-1032.00,"Engineering Teachers, Postsecondary",4.A.3.b.6.g.2,Write grant proposals.,5
25-1032.00,"Engineering Teachers, Postsecondary",4.A.3.b.6.h.12,Maintain student records.,16
25-1032.00,"Engineering Teachers, Postsecondary",4.A.3.b.6.l.9,Develop instructional materials.,3
25-1032.00,"Engineering Teachers, Postsecondary",4.A.3.b.6.p.1,"Write articles, books or other original materials in area of expertise.",2
25-1032.00,"Engineering Teachers, Postsecondary",4.A.4.a.6.c.6,Promote educational institutions or programs.,20
25-1032.00,"Engineering Teachers, Postsecondary",4.A.4.b.3.b.12,Teach physical science or mathematics courses at the college level.,9
25-1032.00,"Engineering Teachers, Postsecondary",4.A.4.b.3.b.5,Guide class discussions.,10
25-1032.00,"Engineering Teachers, Postsecondary",4.A.4.b.4.a.17,Supervise laboratory work.,11
25-1032.00,"Engineering Teachers, Postsecondary",4.A.4.b.4.a.18,Supervise student research or internship work.,8
25-1032.00,"Engineering Teachers, Postsecondary",4.A.4.b.4.b.1,Serve on institutional or departmental committees.,23
25-1032.00,"Engineering Teachers, Postsecondary",4.A.4.b.4.j.33,Direct department activities.,22
25-1032.00,"Engineering Teachers, Postsecondary",4.A.4.b.6.g.2,Advise students on academic or career matters.,17
25-1032.00,"Engineering Teachers, Postsecondary",4.A.4.b.6.g.5,"Advise educators on curricula, instructional methods, or policies.",28
25-1032.00,"Engineering Teachers, Postsecondary",4.A.4.c.1.a.5,Perform student enrollment or registration activities.,19
25-1032.00,"Engineering Teachers, Postsecondary",4.A.4.c.3.e.2,Order instructional or library materials or equipment.,18
25-1041.00,"Agricultural Sciences Teachers, Postsecondary",4.A.2.a.1.b.5,Evaluate effectiveness of educational programs.,13
25-1041.00,"Agricultural Sciences Teachers, Postsecondary",4.A.2.a.1.c.2,Administer tests to assess educational needs or progress.,15
25-1041.00,"Agricultural Sciences Teachers, Postsecondary",4.A.2.a.1.c.3,Prepare tests.,17
25-1041.00,"Agricultural Sciences Teachers, Postsecondary",4.A.2.a.1.c.4,Evaluate student work.,10
25-1041.00,"Agricultural Sciences Teachers, Postsecondary",4.A.2.a.2.c.4,Compile specialized bibliographies or lists of materials.,26
25-1041.00,"Agricultural Sciences Teachers, Postsecondary",4.A.2.b.1.j.10,Select educational materials or equipment.,21
25-1041.00,"Agricultural Sciences Teachers, Postsecondary",4.A.2.b.2.l.3,Develop instructional objectives.,12
25-1041.00,"Agricultural Sciences Teachers, Postsecondary",4.A.2.b.3.a.10,Research topics in area of expertise.,6
25-1041.00,"Agricultural Sciences Teachers, Postsecondary",4.A.2.b.3.a.18,Attend training sessions or professional meetings to develop or maintain professional knowledge.,1
25-1041.00,"Agricultural Sciences Teachers, Postsecondary",4.A.2.b.3.a.3,Stay informed about current developments in field of specialization.,2
25-1041.00,"Agricultural Sciences Teachers, Postsecondary",4.A.2.b.6.a.4,Plan community programs or activities for the general public.,24
25-1041.00,"Agricultural Sciences Teachers, Postsecondary",4.A.3.b.6.g.2,Write grant proposals.,22
25-1041.00,"Agricultural Sciences Teachers, Postsecondary",4.A.3.b.6.h.12,Maintain student records.,16
25-1041.00,"Agricultural Sciences Teachers, Postsecondary",4.A.3.b.6.l.9,Develop instructional materials.,9
25-1041.00,"Agricultural Sciences Teachers, Postsecondary",4.A.3.b.6.p.1,"Write articles, books or other original materials in area of expertise.",8
25-1041.00,"Agricultural Sciences Teachers, Postsecondary",4.A.4.a.6.c.6,Promote educational institutions or programs.,19
25-1041.00,"Agricultural Sciences Teachers, Postsecondary",4.A.4.b.3.b.12,Teach physical science or mathematics courses at the college level.,7
25-1041.00,"Agricultural Sciences Teachers, Postsecondary",4.A.4.b.3.b.5,Guide class discussions.,11
25-1041.00,"Agricultural Sciences Teachers, Postsecondary",4.A.4.b.4.a.17,Supervise laboratory work.,5
25-1041.00,"Agricultural Sciences Teachers, Postsecondary",4.A.4.b.4.a.18,Supervise student research or internship work.,4
25-1041.00,"Agricultural Sciences Teachers, Postsecondary",4.A.4.b.4.b.1,Serve on institutional or departmental committees.,23
25-1041.00,"Agricultural Sciences Teachers, Postsecondary",4.A.4.b.4.j.33,Direct department activities.,14
25-1041.00,"Agricultural Sciences Teachers, Postsecondary",4.A.4.b.6.g.2,Advise students on academic or career matters.,3
25-1041.00,"Agricultural Sciences Teachers, Postsecondary",4.A.4.b.6.g.5,"Advise educators on curricula, instructional methods, or policies.",25
25-1041.00,"Agricultural Sciences Teachers, Postsecondary",4.A.4.c.1.a.5,Perform student enrollment or registration activities.,18
25-1041.00,"Agricultural Sciences Teachers, Postsecondary",4.A.4.c.3.e.2,Order instructional or library materials or equipment.,20
25-1042.00,"Biological Science Teachers, Postsecondary",4.A.2.a.1.b.5,Evaluate effectiveness of educational programs.,4
25-1042.00,"Biological Science Teachers, Postsecondary",4.A.2.a.1.c.2,Administer tests to assess educational needs or progress.,11
25-1042.00,"Biological Science Teachers, Postsecondary",4.A.2.a.1.c.3,Prepare tests.,12
25-1042.00,"Biological Science Teachers, Postsecondary",4.A.2.a.1.c.4,Evaluate student work.,1
25-1042.00,"Biological Science Teachers, Postsecondary",4.A.2.a.1.h.1,Evaluate scholarly materials.,23
25-1042.00,"Biological Science Teachers, Postsecondary",4.A.2.a.2.c.4,Compile specialized bibliographies or lists of materials.,29
25-1042.00,"Biological Science Teachers, Postsecondary",4.A.2.b.1.j.10,Select educational materials or equipment.,19
25-1042.00,"Biological Science Teachers, Postsecondary",4.A.2.b.2.l.3,Develop instructional objectives.,3
25-1042.00,"Biological Science Teachers, Postsecondary",4.A.2.b.2.l.4,Plan experiential learning activities.,21
25-1042.00,"Biological Science Teachers, Postsecondary",4.A.2.b.3.a.10,Research topics in area of expertise.,16
25-1042.00,"Biological Science Teachers, Postsecondary",4.A.2.b.3.a.18,Attend training sessions or professional meetings to develop or maintain professional knowledge.,8
25-1042.00,"Biological Science Teachers, Postsecondary",4.A.2.b.3.a.3,Stay informed about current developments in field of specialization.,10
25-1042.00,"Biological Science Teachers, Postsecondary",4.A.2.b.6.a.4,Plan community programs or activities for the general public.,30
25-1042.00,"Biological Science Teachers, Postsecondary",4.A.3.a.1.c.16,"Clean equipment, parts, or tools to repair or maintain them in good working order.",26
25-1042.00,"Biological Science Teachers, Postsecondary",4.A.3.b.5.c.5,Maintain laboratory or technical equipment.,27
25-1042.00,"Biological Science Teachers, Postsecondary",4.A.3.b.6.g.2,Write grant proposals.,22
25-1042.00,"Biological Science Teachers, Postsecondary",4.A.3.b.6.h.12,Maintain student records.,9
25-1042.00,"Biological Science Teachers, Postsecondary",4.A.3.b.6.l.9,Develop instructional materials.,5
25-1042.00,"Biological Science Teachers, Postsecondary",4.A.3.b.6.p.1,"Write articles, books or other original materials in area of expertise.",17
25-1042.00,"Biological Science Teachers, Postsecondary",4.A.4.a.6.c.6,Promote educational institutions or programs.,25
25-1042.00,"Biological Science Teachers, Postsecondary",4.A.4.b.3.b.10,Tutor students who need extra assistance.,14
25-1042.00,"Biological Science Teachers, Postsecondary",4.A.4.b.3.b.12,Teach physical science or mathematics courses at the college level.,2
25-1042.00,"Biological Science Teachers, Postsecondary",4.A.4.b.3.b.5,Guide class discussions.,6
25-1042.00,"Biological Science Teachers, Postsecondary",4.A.4.b.4.a.17,Supervise laboratory work.,7
25-1042.00,"Biological Science Teachers, Postsecondary",4.A.4.b.4.a.18,Supervise student research or internship work.,13
25-1042.00,"Biological Science Teachers, Postsecondary",4.A.4.b.4.b.1,Serve on institutional or departmental committees.,20
25-1042.00,"Biological Science Teachers, Postsecondary",4.A.4.b.4.j.33,Direct department activities.,28
25-1042.00,"Biological Science Teachers, Postsecondary",4.A.4.b.6.g.2,Advise students on academic or career matters.,15
25-1042.00,"Biological Science Teachers, Postsecondary",4.A.4.b.6.g.5,"Advise educators on curricula, instructional methods, or policies.",31
25-1042.00,"Biological Science Teachers, Postsecondary",4.A.4.c.1.a.5,Perform student enrollment or registration activities.,24
25-1042.00,"Biological Science Teachers, Postsecondary",4.A.4.c.3.e.2,Order instructional or library materials or equipment.,18
25-1043.00,"Forestry and Conservation Science Teachers, Postsecondary",4.A.2.a.1.b.5,Evaluate effectiveness of educational programs.,15
25-1043.00,"Forestry and Conservation Science Teachers, Postsecondary",4.A.2.a.1.c.2,Administer tests to assess educational needs or progress.,10
25-1043.00,"Forestry and Conservation Science Teachers, Postsecondary",4.A.2.a.1.c.3,Prepare tests.,11
25-1043.00,"Forestry and Conservation Science Teachers, Postsecondary",4.A.2.a.1.c.4,Evaluate student work.,3
25-1043.00,"Forestry and Conservation Science Teachers, Postsecondary",4.A.2.a.1.h.1,Evaluate scholarly materials.,24
25-1043.00,"Forestry and Conservation Science Teachers, Postsecondary",4.A.2.a.2.c.4,Compile specialized bibliographies or lists of materials.,28
25-1043.00,"Forestry and Conservation Science Teachers, Postsecondary",4.A.2.b.1.j.10,Select educational materials or equipment.,22
25-1043.00,"Forestry and Conservation Science Teachers, Postsecondary",4.A.2.b.2.l.3,Develop instructional objectives.,14
25-1043.00,"Forestry and Conservation Science Teachers, Postsecondary",4.A.2.b.3.a.10,Research topics in area of expertise.,9
25-1043.00,"Forestry and Conservation Science Teachers, Postsecondary",4.A.2.b.3.a.18,Attend training sessions or professional meetings to develop or maintain professional knowledge.,7
25-1043.00,"Forestry and Conservation Science Teachers, Postsecondary",4.A.2.b.3.a.3,Stay informed about current developments in field of specialization.,8
25-1043.00,"Forestry and Conservation Science Teachers, Postsecondary",4.A.2.b.6.a.4,Plan community programs or activities for the general public.,26
25-1043.00,"Forestry and Conservation Science Teachers, Postsecondary",4.A.3.b.6.g.2,Write grant proposals.,16
25-1043.00,"Forestry and Conservation Science Teachers, Postsecondary",4.A.3.b.6.h.12,Maintain student records.,5
25-1043.00,"Forestry and Conservation Science Teachers, Postsecondary",4.A.3.b.6.l.9,Develop instructional materials.,1
25-1043.00,"Forestry and Conservation Science Teachers, Postsecondary",4.A.3.b.6.p.1,"Write articles, books or other original materials in area of expertise.",17
25-1043.00,"Forestry and Conservation Science Teachers, Postsecondary",4.A.4.a.3.b.8,Provide information to the general public.,25
25-1043.00,"Forestry and Conservation Science Teachers, Postsecondary",4.A.4.a.6.c.6,Promote educational institutions or programs.,20
25-1043.00,"Forestry and Conservation Science Teachers, Postsecondary",4.A.4.b.3.b.12,Teach physical science or mathematics courses at the college level.,2
25-1043.00,"Forestry and Conservation Science Teachers, Postsecondary",4.A.4.b.3.b.5,Guide class discussions.,12
25-1043.00,"Forestry and Conservation Science Teachers, Postsecondary",4.A.4.b.4.a.17,Supervise laboratory work.,6
25-1043.00,"Forestry and Conservation Science Teachers, Postsecondary",4.A.4.b.4.a.18,Supervise student research or internship work.,4
25-1043.00,"Forestry and Conservation Science Teachers, Postsecondary",4.A.4.b.4.b.1,Serve on institutional or departmental committees.,23
25-1043.00,"Forestry and Conservation Science Teachers, Postsecondary",4.A.4.b.4.j.33,Direct department activities.,18
25-1043.00,"Forestry and Conservation Science Teachers, Postsecondary",4.A.4.b.6.g.2,Advise students on academic or career matters.,13
25-1043.00,"Forestry and Conservation Science Teachers, Postsecondary",4.A.4.b.6.g.5,"Advise educators on curricula, instructional methods, or policies.",27
25-1043.00,"Forestry and Conservation Science Teachers, Postsecondary",4.A.4.c.1.a.5,Perform student enrollment or registration activities.,19
25-1043.00,"Forestry and Conservation Science Teachers, Postsecondary",4.A.4.c.3.e.2,Order instructional or library materials or equipment.,21
25-1051.00,"Atmospheric, Earth, Marine, and Space Sciences Teachers, Postsecondary",4.A.2.a.1.b.5,Evaluate effectiveness of educational programs.,10
25-1051.00,"Atmospheric, Earth, Marine, and Space Sciences Teachers, Postsecondary",4.A.2.a.1.c.2,Administer tests to assess educational needs or progress.,4
25-1051.00,"Atmospheric, Earth, Marine, and Space Sciences Teachers, Postsecondary",4.A.2.a.1.c.3,Prepare tests.,5
25-1051.00,"Atmospheric, Earth, Marine, and Space Sciences Teachers, Postsecondary",4.A.2.a.1.c.4,Evaluate student work.,3
25-1051.00,"Atmospheric, Earth, Marine, and Space Sciences Teachers, Postsecondary",4.A.2.a.1.h.1,Evaluate scholarly materials.,27
25-1051.00,"Atmospheric, Earth, Marine, and Space Sciences Teachers, Postsecondary",4.A.2.a.2.c.4,Compile specialized bibliographies or lists of materials.,25
25-1051.00,"Atmospheric, Earth, Marine, and Space Sciences Teachers, Postsecondary",4.A.2.b.1.j.10,Select educational materials or equipment.,18
25-1051.00,"Atmospheric, Earth, Marine, and Space Sciences Teachers, Postsecondary",4.A.2.b.2.l.3,Develop instructional objectives.,9
25-1051.00,"Atmospheric, Earth, Marine, and Space Sciences Teachers, Postsecondary",4.A.2.b.3.a.10,Research topics in area of expertise.,14
25-1051.00,"Atmospheric, Earth, Marine, and Space Sciences Teachers, Postsecondary",4.A.2.b.3.a.18,Attend training sessions or professional meetings to develop or maintain professional knowledge.,12
25-1051.00,"Atmospheric, Earth, Marine, and Space Sciences Teachers, Postsecondary",4.A.2.b.3.a.3,Stay informed about current developments in field of specialization.,13
25-1051.00,"Atmospheric, Earth, Marine, and Space Sciences Teachers, Postsecondary",4.A.2.b.6.a.4,Plan community programs or activities for the general public.,26
25-1051.00,"Atmospheric, Earth, Marine, and Space Sciences Teachers, Postsecondary",4.A.3.b.6.g.2,Write grant proposals.,19
25-1051.00,"Atmospheric, Earth, Marine, and Space Sciences Teachers, Postsecondary",4.A.3.b.6.h.12,Maintain student records.,1
25-1051.00,"Atmospheric, Earth, Marine, and Space Sciences Teachers, Postsecondary",4.A.3.b.6.l.9,Develop instructional materials.,8
25-1051.00,"Atmospheric, Earth, Marine, and Space Sciences Teachers, Postsecondary",4.A.3.b.6.p.1,"Write articles, books or other original materials in area of expertise.",15
25-1051.00,"Atmospheric, Earth, Marine, and Space Sciences Teachers, Postsecondary",4.A.4.a.3.b.8,Provide information to the general public.,28
25-1051.00,"Atmospheric, Earth, Marine, and Space Sciences Teachers, Postsecondary",4.A.4.a.6.c.6,Promote educational institutions or programs.,24
25-1051.00,"Atmospheric, Earth, Marine, and Space Sciences Teachers, Postsecondary",4.A.4.b.3.b.12,Teach physical science or mathematics courses at the college level.,2
25-1051.00,"Atmospheric, Earth, Marine, and Space Sciences Teachers, Postsecondary",4.A.4.b.3.b.5,Guide class discussions.,11
25-1051.00,"Atmospheric, Earth, Marine, and Space Sciences Teachers, Postsecondary",4.A.4.b.4.a.17,Supervise laboratory work.,7
25-1051.00,"Atmospheric, Earth, Marine, and Space Sciences Teachers, Postsecondary",4.A.4.b.4.a.18,Supervise student research or internship work.,6
25-1051.00,"Atmospheric, Earth, Marine, and Space Sciences Teachers, Postsecondary",4.A.4.b.4.b.1,Serve on institutional or departmental committees.,20
25-1051.00,"Atmospheric, Earth, Marine, and Space Sciences Teachers, Postsecondary",4.A.4.b.4.j.33,Direct department activities.,21
25-1051.00,"Atmospheric, Earth, Marine, and Space Sciences Teachers, Postsecondary",4.A.4.b.6.g.2,Advise students on academic or career matters.,16
25-1051.00,"Atmospheric, Earth, Marine, and Space Sciences Teachers, Postsecondary",4.A.4.b.6.g.5,"Advise educators on curricula, instructional methods, or policies.",29
25-1051.00,"Atmospheric, Earth, Marine, and Space Sciences Teachers, Postsecondary",4.A.4.c.1.a.5,Perform student enrollment or registration activities.,23
25-1051.00,"Atmospheric, Earth, Marine, and Space Sciences Teachers, Postsecondary",4.A.4.c.3.a.5,"Maintain inventories of materials, equipment, or products.",22
25-1051.00,"Atmospheric, Earth, Marine, and Space Sciences Teachers, Postsecondary",4.A.4.c.3.e.2,Order instructional or library materials or equipment.,17
25-1052.00,"Chemistry Teachers, Postsecondary",4.A.1.a.2.f.3,Monitor student performance.,3
25-1052.00,"Chemistry Teachers, Postsecondary",4.A.2.a.1.b.5,Evaluate effectiveness of educational programs.,12
25-1052.00,"Chemistry Teachers, Postsecondary",4.A.2.a.1.c.2,Administer tests to assess educational needs or progress.,9
25-1052.00,"Chemistry Teachers, Postsecondary",4.A.2.a.1.c.3,Prepare tests.,13
25-1052.00,"Chemistry Teachers, Postsecondary",4.A.2.a.1.c.4,Evaluate student work.,5
25-1052.00,"Chemistry Teachers, Postsecondary",4.A.2.a.2.c.4,Compile specialized bibliographies or lists of materials.,33
25-1052.00,"Chemistry Teachers, Postsecondary",4.A.2.b.1.j.10,Select educational materials or equipment.,23
25-1052.00,"Chemistry Teachers, Postsecondary",4.A.2.b.2.e.3,Establish rules or policies governing student behavior.,2
25-1052.00,"Chemistry Teachers, Postsecondary",4.A.2.b.2.l.3,Develop instructional objectives.,11
25-1052.00,"Chemistry Teachers, Postsecondary",4.A.2.b.3.a.10,Research topics in area of expertise.,15
25-1052.00,"Chemistry Teachers, Postsecondary",4.A.2.b.3.a.18,Attend training sessions or professional meetings to develop or maintain professional knowledge.,18
25-1052.00,"Chemistry Teachers, Postsecondary",4.A.2.b.3.a.3,Stay informed about current developments in field of specialization.,19
25-1052.00,"Chemistry Teachers, Postsecondary",4.A.2.b.6.a.4,Plan community programs or activities for the general public.,32
25-1052.00,"Chemistry Teachers, Postsecondary",4.A.3.a.1.c.17,Decontaminate equipment or sites to remove hazardous or toxic substances.,29
25-1052.00,"Chemistry Teachers, Postsecondary",4.A.3.a.1.c.9,Clean facilities or work areas.,28
25-1052.00,"Chemistry Teachers, Postsecondary",4.A.3.b.6.c.6,Write reports or evaluations.,25
25-1052.00,"Chemistry Teachers, Postsecondary",4.A.3.b.6.g.2,Write grant proposals.,20
25-1052.00,"Chemistry Teachers, Postsecondary",4.A.3.b.6.h.12,Maintain student records.,7
25-1052.00,"Chemistry Teachers, Postsecondary",4.A.3.b.6.l.9,Develop instructional materials.,10
25-1052.00,"Chemistry Teachers, Postsecondary",4.A.3.b.6.o.2,Prepare reports detailing student activities or performance.,27
25-1052.00,"Chemistry Teachers, Postsecondary",4.A.3.b.6.p.1,"Write articles, books or other original materials in area of expertise.",16
25-1052.00,"Chemistry Teachers, Postsecondary",4.A.4.a.6.c.6,Promote educational institutions or programs.,31
25-1052.00,"Chemistry Teachers, Postsecondary",4.A.4.b.3.b.12,Teach physical science or mathematics courses at the college level.,1
25-1052.00,"Chemistry Teachers, Postsecondary",4.A.4.b.3.b.5,Guide class discussions.,17
25-1052.00,"Chemistry Teachers, Postsecondary",4.A.4.b.3.e.5,Teach others to use technology or equipment.,4
25-1052.00,"Chemistry Teachers, Postsecondary",4.A.4.b.4.a.17,Supervise laboratory work.,6
25-1052.00,"Chemistry Teachers, Postsecondary",4.A.4.b.4.a.18,Supervise student research or internship work.,8
25-1052.00,"Chemistry Teachers, Postsecondary",4.A.4.b.4.b.1,Serve on institutional or departmental committees.,26
25-1052.00,"Chemistry Teachers, Postsecondary",4.A.4.b.4.j.33,Direct department activities.,24
25-1052.00,"Chemistry Teachers, Postsecondary",4.A.4.b.6.g.2,Advise students on academic or career matters.,14
25-1052.00,"Chemistry Teachers, Postsecondary",4.A.4.b.6.g.5,"Advise educators on curricula, instructional methods, or policies.",34
25-1052.00,"Chemistry Teachers, Postsecondary",4.A.4.c.1.a.5,Perform student enrollment or registration activities.,30
25-1052.00,"Chemistry Teachers, Postsecondary",4.A.4.c.3.a.5,"Maintain inventories of materials, equipment, or products.",21
25-1052.00,"Chemistry Teachers, Postsecondary",4.A.4.c.3.e.2,Order instructional or library materials or equipment.,22
25-1053.00,"Environmental Science Teachers, Postsecondary",4.A.2.a.1.b.5,Evaluate effectiveness of educational programs.,9
25-1053.00,"Environmental Science Teachers, Postsecondary",4.A.2.a.1.c.2,Administer tests to assess educational needs or progress.,14
25-1053.00,"Environmental Science Teachers, Postsecondary",4.A.2.a.1.c.3,Prepare tests.,15
25-1053.00,"Environmental Science Teachers, Postsecondary",4.A.2.a.1.c.4,Evaluate student work.,1
25-1053.00,"Environmental Science Teachers, Postsecondary",4.A.2.a.1.h.1,Evaluate scholarly materials.,26
25-1053.00,"Environmental Science Teachers, Postsecondary",4.A.2.a.2.c.4,Compile specialized bibliographies or lists of materials.,25
25-1053.00,"Environmental Science Teachers, Postsecondary",4.A.2.b.1.j.10,Select educational materials or equipment.,18
25-1053.00,"Environmental Science Teachers, Postsecondary",4.A.2.b.2.l.3,Develop instructional objectives.,8
25-1053.00,"Environmental Science Teachers, Postsecondary",4.A.2.b.3.a.10,Research topics in area of expertise.,11
25-1053.00,"Environmental Science Teachers, Postsecondary",4.A.2.b.3.a.18,Attend training sessions or professional meetings to develop or maintain professional knowledge.,6
25-1053.00,"Environmental Science Teachers, Postsecondary",4.A.2.b.3.a.3,Stay informed about current developments in field of specialization.,7
25-1053.00,"Environmental Science Teachers, Postsecondary",4.A.2.b.6.a.4,Plan community programs or activities for the general public.,27
25-1053.00,"Environmental Science Teachers, Postsecondary",4.A.3.b.6.c.6,Write reports or evaluations.,22
25-1053.00,"Environmental Science Teachers, Postsecondary",4.A.3.b.6.g.2,Write grant proposals.,23
25-1053.00,"Environmental Science Teachers, Postsecondary",4.A.3.b.6.h.12,Maintain student records.,13
25-1053.00,"Environmental Science Teachers, Postsecondary",4.A.3.b.6.l.9,Develop instructional materials.,3
25-1053.00,"Environmental Science Teachers, Postsecondary",4.A.3.b.6.p.1,"Write articles, books or other original materials in area of expertise.",12
25-1053.00,"Environmental Science Teachers, Postsecondary",4.A.4.a.6.c.6,Promote educational institutions or programs.,21
25-1053.00,"Environmental Science Teachers, Postsecondary",4.A.4.b.3.b.12,Teach physical science or mathematics courses at the college level.,16
25-1053.00,"Environmental Science Teachers, Postsecondary",4.A.4.b.3.b.5,Guide class discussions.,10
25-1053.00,"Environmental Science Teachers, Postsecondary",4.A.4.b.4.a.17,Supervise laboratory work.,4
25-1053.00,"Environmental Science Teachers, Postsecondary",4.A.4.b.4.a.18,Supervise student research or internship work.,2
25-1053.00,"Environmental Science Teachers, Postsecondary",4.A.4.b.4.b.1,Serve on institutional or departmental committees.,24
25-1053.00,"Environmental Science Teachers, Postsecondary",4.A.4.b.4.j.33,Direct department activities.,19
25-1053.00,"Environmental Science Teachers, Postsecondary",4.A.4.b.6.g.2,Advise students on academic or career matters.,5
25-1053.00,"Environmental Science Teachers, Postsecondary",4.A.4.b.6.g.5,"Advise educators on curricula, instructional methods, or policies.",28
25-1053.00,"Environmental Science Teachers, Postsecondary",4.A.4.c.1.a.5,Perform student enrollment or registration activities.,20
25-1053.00,"Environmental Science Teachers, Postsecondary",4.A.4.c.3.e.2,Order instructional or library materials or equipment.,17
25-1054.00,"Physics Teachers, Postsecondary",4.A.2.a.1.b.5,Evaluate effectiveness of educational programs.,9
25-1054.00,"Physics Teachers, Postsecondary",4.A.2.a.1.c.2,Administer tests to assess educational needs or progress.,3
25-1054.00,"Physics Teachers, Postsecondary",4.A.2.a.1.c.3,Prepare tests.,4
25-1054.00,"Physics Teachers, Postsecondary",4.A.2.a.1.c.4,Evaluate student work.,1
25-1054.00,"Physics Teachers, Postsecondary",4.A.2.a.2.c.4,Compile specialized bibliographies or lists of materials.,26
25-1054.00,"Physics Teachers, Postsecondary",4.A.2.b.1.j.10,Select educational materials or equipment.,19
25-1054.00,"Physics Teachers, Postsecondary",4.A.2.b.2.l.3,Develop instructional objectives.,8
25-1054.00,"Physics Teachers, Postsecondary",4.A.2.b.3.a.10,Research topics in area of expertise.,15
25-1054.00,"Physics Teachers, Postsecondary",4.A.2.b.3.a.18,Attend training sessions or professional meetings to develop or maintain professional knowledge.,13
25-1054.00,"Physics Teachers, Postsecondary",4.A.2.b.3.a.3,Stay informed about current developments in field of specialization.,14
25-1054.00,"Physics Teachers, Postsecondary",4.A.2.b.6.a.4,Plan community programs or activities for the general public.,27
25-1054.00,"Physics Teachers, Postsecondary",4.A.3.b.4.c.1,Replace worn equipment components.,21
25-1054.00,"Physics Teachers, Postsecondary",4.A.3.b.5.c.5,Maintain laboratory or technical equipment.,20
25-1054.00,"Physics Teachers, Postsecondary",4.A.3.b.6.g.2,Write grant proposals.,17
25-1054.00,"Physics Teachers, Postsecondary",4.A.3.b.6.h.12,Maintain student records.,11
25-1054.00,"Physics Teachers, Postsecondary",4.A.3.b.6.l.9,Develop instructional materials.,2
25-1054.00,"Physics Teachers, Postsecondary",4.A.3.b.6.p.1,"Write articles, books or other original materials in area of expertise.",16
25-1054.00,"Physics Teachers, Postsecondary",4.A.4.a.6.c.6,Promote educational institutions or programs.,24
25-1054.00,"Physics Teachers, Postsecondary",4.A.4.b.3.b.12,Teach physical science or mathematics courses at the college level.,5
25-1054.00,"Physics Teachers, Postsecondary",4.A.4.b.3.b.5,Guide class discussions.,10
25-1054.00,"Physics Teachers, Postsecondary",4.A.4.b.4.a.17,Supervise laboratory work.,12
25-1054.00,"Physics Teachers, Postsecondary",4.A.4.b.4.a.18,Supervise student research or internship work.,7
25-1054.00,"Physics Teachers, Postsecondary",4.A.4.b.4.b.1,Serve on institutional or departmental committees.,25
25-1054.00,"Physics Teachers, Postsecondary",4.A.4.b.4.j.33,Direct department activities.,22
25-1054.00,"Physics Teachers, Postsecondary",4.A.4.b.6.g.2,Advise students on academic or career matters.,6
25-1054.00,"Physics Teachers, Postsecondary",4.A.4.b.6.g.5,"Advise educators on curricula, instructional methods, or policies.",28
25-1054.00,"Physics Teachers, Postsecondary",4.A.4.c.1.a.5,Perform student enrollment or registration activities.,23
25-1054.00,"Physics Teachers, Postsecondary",4.A.4.c.3.e.2,Order instructional or library materials or equipment.,18
25-1061.00,"Anthropology and Archeology Teachers, Postsecondary",4.A.1.a.1.r.1,Conduct anthropological or archaeological research.,12
25-1061.00,"Anthropology and Archeology Teachers, Postsecondary",4.A.2.a.1.b.5,Evaluate effectiveness of educational programs.,14
25-1061.00,"Anthropology and Archeology Teachers, Postsecondary",4.A.2.a.1.c.2,Administer tests to assess educational needs or progress.,17
25-1061.00,"Anthropology and Archeology Teachers, Postsecondary",4.A.2.a.1.c.3,Prepare tests.,18
25-1061.00,"Anthropology and Archeology Teachers, Postsecondary",4.A.2.a.1.c.4,Evaluate student work.,6
25-1061.00,"Anthropology and Archeology Teachers, Postsecondary",4.A.2.a.1.h.1,Evaluate scholarly materials.,26
25-1061.00,"Anthropology and Archeology Teachers, Postsecondary",4.A.2.a.2.c.4,Compile specialized bibliographies or lists of materials.,30
25-1061.00,"Anthropology and Archeology Teachers, Postsecondary",4.A.2.b.1.j.10,Select educational materials or equipment.,21
25-1061.00,"Anthropology and Archeology Teachers, Postsecondary",4.A.2.b.2.l.3,Develop instructional objectives.,13
25-1061.00,"Anthropology and Archeology Teachers, Postsecondary",4.A.2.b.3.a.10,Research topics in area of expertise.,8
25-1061.00,"Anthropology and Archeology Teachers, Postsecondary",4.A.2.b.3.a.18,Attend training sessions or professional meetings to develop or maintain professional knowledge.,3
25-1061.00,"Anthropology and Archeology Teachers, Postsecondary",4.A.2.b.3.a.3,Stay informed about current developments in field of specialization.,4
25-1061.00,"Anthropology and Archeology Teachers, Postsecondary",4.A.2.b.6.a.4,Plan community programs or activities for the general public.,27
25-1061.00,"Anthropology and Archeology Teachers, Postsecondary",4.A.3.b.6.c.6,Write reports or evaluations.,25
25-1061.00,"Anthropology and Archeology Teachers, Postsecondary",4.A.3.b.6.g.2,Write grant proposals.,16
25-1061.00,"Anthropology and Archeology Teachers, Postsecondary",4.A.3.b.6.h.12,Maintain student records.,15
25-1061.00,"Anthropology and Archeology Teachers, Postsecondary",4.A.3.b.6.l.9,Develop instructional materials.,7
25-1061.00,"Anthropology and Archeology Teachers, Postsecondary",4.A.3.b.6.p.1,"Write articles, books or other original materials in area of expertise.",11
25-1061.00,"Anthropology and Archeology Teachers, Postsecondary",4.A.4.a.6.c.6,Promote educational institutions or programs.,24
25-1061.00,"Anthropology and Archeology Teachers, Postsecondary",4.A.4.b.3.b.3,Teach social science courses at the college level.,5
25-1061.00,"Anthropology and Archeology Teachers, Postsecondary",4.A.4.b.3.b.5,Guide class discussions.,2
25-1061.00,"Anthropology and Archeology Teachers, Postsecondary",4.A.4.b.4.a.17,Supervise laboratory work.,10
25-1061.00,"Anthropology and Archeology Teachers, Postsecondary",4.A.4.b.4.a.18,Supervise student research or internship work.,9
25-1061.00,"Anthropology and Archeology Teachers, Postsecondary",4.A.4.b.4.b.1,Serve on institutional or departmental committees.,28
25-1061.00,"Anthropology and Archeology Teachers, Postsecondary",4.A.4.b.4.j.33,Direct department activities.,29
25-1061.00,"Anthropology and Archeology Teachers, Postsecondary",4.A.4.b.6.g.2,Advise students on academic or career matters.,1
25-1061.00,"Anthropology and Archeology Teachers, Postsecondary",4.A.4.b.6.g.5,"Advise educators on curricula, instructional methods, or policies.",31
25-1061.00,"Anthropology and Archeology Teachers, Postsecondary",4.A.4.c.1.a.5,Perform student enrollment or registration activities.,23
25-1061.00,"Anthropology and Archeology Teachers, Postsecondary",4.A.4.c.2.a.3,Hire personnel.,19
25-1061.00,"Anthropology and Archeology Teachers, Postsecondary",4.A.4.c.2.a.6,"Select staff, team members, or performers.",22
25-1061.00,"Anthropology and Archeology Teachers, Postsecondary",4.A.4.c.3.e.2,Order instructional or library materials or equipment.,20
25-1062.00,"Area, Ethnic, and Cultural Studies Teachers, Postsecondary",4.A.2.a.1.b.5,Evaluate effectiveness of educational programs.,10
25-1062.00,"Area, Ethnic, and Cultural Studies Teachers, Postsecondary",4.A.2.a.1.c.2,Administer tests to assess educational needs or progress.,5
25-1062.00,"Area, Ethnic, and Cultural Studies Teachers, Postsecondary",4.A.2.a.1.c.3,Prepare tests.,7
25-1062.00,"Area, Ethnic, and Cultural Studies Teachers, Postsecondary",4.A.2.a.1.c.4,Evaluate student work.,2
25-1062.00,"Area, Ethnic, and Cultural Studies Teachers, Postsecondary",4.A.2.a.2.c.4,Compile specialized bibliographies or lists of materials.,20
25-1062.00,"Area, Ethnic, and Cultural Studies Teachers, Postsecondary",4.A.2.b.1.j.10,Select educational materials or equipment.,16
25-1062.00,"Area, Ethnic, and Cultural Studies Teachers, Postsecondary",4.A.2.b.2.l.3,Develop instructional objectives.,9
25-1062.00,"Area, Ethnic, and Cultural Studies Teachers, Postsecondary",4.A.2.b.2.l.4,Plan experiential learning activities.,23
25-1062.00,"Area, Ethnic, and Cultural Studies Teachers, Postsecondary",4.A.2.b.3.a.10,Research topics in area of expertise.,12
25-1062.00,"Area, Ethnic, and Cultural Studies Teachers, Postsecondary",4.A.2.b.3.a.18,Attend training sessions or professional meetings to develop or maintain professional knowledge.,6
25-1062.00,"Area, Ethnic, and Cultural Studies Teachers, Postsecondary",4.A.2.b.3.a.3,Stay informed about current developments in field of specialization.,8
25-1062.00,"Area, Ethnic, and Cultural Studies Teachers, Postsecondary",4.A.2.b.6.a.4,Plan community programs or activities for the general public.,22
25-1062.00,"Area, Ethnic, and Cultural Studies Teachers, Postsecondary",4.A.3.b.6.g.2,Write grant proposals.,21
25-1062.00,"Area, Ethnic, and Cultural Studies Teachers, Postsecondary",4.A.3.b.6.h.12,Maintain student records.,14
25-1062.00,"Area, Ethnic, and Cultural Studies Teachers, Postsecondary",4.A.3.b.6.l.9,Develop instructional materials.,4
25-1062.00,"Area, Ethnic, and Cultural Studies Teachers, Postsecondary",4.A.3.b.6.p.1,"Write articles, books or other original materials in area of expertise.",13
25-1062.00,"Area, Ethnic, and Cultural Studies Teachers, Postsecondary",4.A.4.a.6.c.6,Promote educational institutions or programs.,25
25-1062.00,"Area, Ethnic, and Cultural Studies Teachers, Postsecondary",4.A.4.b.3.b.11,Teach humanities courses at the college level.,3
25-1062.00,"Area, Ethnic, and Cultural Studies Teachers, Postsecondary",4.A.4.b.3.b.5,Guide class discussions.,1
25-1062.00,"Area, Ethnic, and Cultural Studies Teachers, Postsecondary",4.A.4.b.4.a.18,Supervise student research or internship work.,19
25-1062.00,"Area, Ethnic, and Cultural Studies Teachers, Postsecondary",4.A.4.b.4.b.1,Serve on institutional or departmental committees.,18
25-1062.00,"Area, Ethnic, and Cultural Studies Teachers, Postsecondary",4.A.4.b.4.j.33,Direct department activities.,17
25-1062.00,"Area, Ethnic, and Cultural Studies Teachers, Postsecondary",4.A.4.b.6.g.2,Advise students on academic or career matters.,11
25-1062.00,"Area, Ethnic, and Cultural Studies Teachers, Postsecondary",4.A.4.b.6.g.5,"Advise educators on curricula, instructional methods, or policies.",26
25-1062.00,"Area, Ethnic, and Cultural Studies Teachers, Postsecondary",4.A.4.c.1.a.5,Perform student enrollment or registration activities.,24
25-1062.00,"Area, Ethnic, and Cultural Studies Teachers, Postsecondary",4.A.4.c.3.e.2,Order instructional or library materials or equipment.,15
25-1063.00,"Economics Teachers, Postsecondary",4.A.2.a.1.b.5,Evaluate effectiveness of educational programs.,9
25-1063.00,"Economics Teachers, Postsecondary",4.A.2.a.1.c.2,Administer tests to assess educational needs or progress.,10
25-1063.00,"Economics Teachers, Postsecondary",4.A.2.a.1.c.3,Prepare tests.,11
25-1063.00,"Economics Teachers, Postsecondary",4.A.2.a.1.c.4,Evaluate student work.,7
25-1063.00,"Economics Teachers, Postsecondary",4.A.2.a.2.c.4,Compile specialized bibliographies or lists of materials.,21
25-1063.00,"Economics Teachers, Postsecondary",4.A.2.b.1.j.10,Select educational materials or equipment.,18
25-1063.00,"Economics Teachers, Postsecondary",4.A.2.b.2.l.3,Develop instructional objectives.,8
25-1063.00,"Economics Teachers, Postsecondary",4.A.2.b.3.a.10,Research topics in area of expertise.,3
25-1063.00,"Economics Teachers, Postsecondary",4.A.2.b.3.a.18,Attend training sessions or professional meetings to develop or maintain professional knowledge.,5
25-1063.00,"Economics Teachers, Postsecondary",4.A.2.b.3.a.3,Stay informed about current developments in field of specialization.,6
25-1063.00,"Economics Teachers, Postsecondary",4.A.2.b.6.a.4,Plan community programs or activities for the general public.,25
25-1063.00,"Economics Teachers, Postsecondary",4.A.3.b.6.g.2,Write grant proposals.,23
25-1063.00,"Economics Teachers, Postsecondary",4.A.3.b.6.h.12,Maintain student records.,13
25-1063.00,"Economics Teachers, Postsecondary",4.A.3.b.6.l.9,Develop instructional materials.,2
25-1063.00,"Economics Teachers, Postsecondary",4.A.3.b.6.p.1,"Write articles, books or other original materials in area of expertise.",4
25-1063.00,"Economics Teachers, Postsecondary",4.A.4.a.6.c.6,Promote educational institutions or programs.,20
25-1063.00,"Economics Teachers, Postsecondary",4.A.4.b.3.b.3,Teach social science courses at the college level.,1
25-1063.00,"Economics Teachers, Postsecondary",4.A.4.b.3.b.5,Guide class discussions.,12
25-1063.00,"Economics Teachers, Postsecondary",4.A.4.b.4.a.18,Supervise student research or internship work.,14
25-1063.00,"Economics Teachers, Postsecondary",4.A.4.b.4.b.1,Serve on institutional or departmental committees.,22
25-1063.00,"Economics Teachers, Postsecondary",4.A.4.b.4.j.33,Direct department activities.,16
25-1063.00,"Economics Teachers, Postsecondary",4.A.4.b.6.g.2,Advise students on academic or career matters.,15
25-1063.00,"Economics Teachers, Postsecondary",4.A.4.b.6.g.5,"Advise educators on curricula, instructional methods, or policies.",24
25-1063.00,"Economics Teachers, Postsecondary",4.A.4.c.1.a.5,Perform student enrollment or registration activities.,19
25-1063.00,"Economics Teachers, Postsecondary",4.A.4.c.3.e.2,Order instructional or library materials or equipment.,17
25-1064.00,"Geography Teachers, Postsecondary",4.A.2.a.1.b.5,Evaluate effectiveness of educational programs.,14
25-1064.00,"Geography Teachers, Postsecondary",4.A.2.a.1.c.2,Administer tests to assess educational needs or progress.,5
25-1064.00,"Geography Teachers, Postsecondary",4.A.2.a.1.c.3,Prepare tests.,6
25-1064.00,"Geography Teachers, Postsecondary",4.A.2.a.1.c.4,Evaluate student work.,3
25-1064.00,"Geography Teachers, Postsecondary",4.A.2.a.2.c.4,Compile specialized bibliographies or lists of materials.,27
25-1064.00,"Geography Teachers, Postsecondary",4.A.2.a.2.c.6,Compile geographic or related data.,20
25-1064.00,"Geography Teachers, Postsecondary",4.A.2.a.4.a.5,Analyze geological or geographical data.,19
25-1064.00,"Geography Teachers, Postsecondary",4.A.2.b.1.j.10,Select educational materials or equipment.,26
25-1064.00,"Geography Teachers, Postsecondary",4.A.2.b.2.l.3,Develop instructional objectives.,13
25-1064.00,"Geography Teachers, Postsecondary",4.A.2.b.3.a.10,Research topics in area of expertise.,4
25-1064.00,"Geography Teachers, Postsecondary",4.A.2.b.3.a.18,Attend training sessions or professional meetings to develop or maintain professional knowledge.,8
25-1064.00,"Geography Teachers, Postsecondary",4.A.2.b.3.a.3,Stay informed about current developments in field of specialization.,9
25-1064.00,"Geography Teachers, Postsecondary",4.A.2.b.6.a.4,Plan community programs or activities for the general public.,28
25-1064.00,"Geography Teachers, Postsecondary",4.A.3.b.5.c.6,Maintain computer equipment or software.,22
25-1064.00,"Geography Teachers, Postsecondary",4.A.3.b.6.g.2,Write grant proposals.,21
25-1064.00,"Geography Teachers, Postsecondary",4.A.3.b.6.h.12,Maintain student records.,11
25-1064.00,"Geography Teachers, Postsecondary",4.A.3.b.6.l.9,Develop instructional materials.,1
25-1064.00,"Geography Teachers, Postsecondary",4.A.3.b.6.p.1,"Write articles, books or other original materials in area of expertise.",7
25-1064.00,"Geography Teachers, Postsecondary",4.A.4.a.6.c.6,Promote educational institutions or programs.,25
25-1064.00,"Geography Teachers, Postsecondary",4.A.4.b.3.b.12,Teach physical science or mathematics courses at the college level.,2
25-1064.00,"Geography Teachers, Postsecondary",4.A.4.b.3.b.5,Guide class discussions.,10
25-1064.00,"Geography Teachers, Postsecondary",4.A.4.b.4.a.17,Supervise laboratory work.,16
25-1064.00,"Geography Teachers, Postsecondary",4.A.4.b.4.a.18,Supervise student research or internship work.,12
25-1064.00,"Geography Teachers, Postsecondary",4.A.4.b.4.b.1,Serve on institutional or departmental committees.,18
25-1064.00,"Geography Teachers, Postsecondary",4.A.4.b.4.j.33,Direct department activities.,17
25-1064.00,"Geography Teachers, Postsecondary",4.A.4.b.6.g.2,Advise students on academic or career matters.,15
25-1064.00,"Geography Teachers, Postsecondary",4.A.4.b.6.g.5,"Advise educators on curricula, instructional methods, or policies.",29
25-1064.00,"Geography Teachers, Postsecondary",4.A.4.c.1.a.5,Perform student enrollment or registration activities.,24
25-1064.00,"Geography Teachers, Postsecondary",4.A.4.c.3.e.2,Order instructional or library materials or equipment.,23
25-1065.00,"Political Science Teachers, Postsecondary",4.A.2.a.1.b.5,Evaluate effectiveness of educational programs.,7
25-1065.00,"Political Science Teachers, Postsecondary",4.A.2.a.1.c.2,Administer tests to assess educational needs or progress.,10
25-1065.00,"Political Science Teachers, Postsecondary",4.A.2.a.1.c.3,Prepare tests.,12
25-1065.00,"Political Science Teachers, Postsecondary",4.A.2.a.1.c.4,Evaluate student work.,1
25-1065.00,"Political Science Teachers, Postsecondary",4.A.2.a.2.c.4,Compile specialized bibliographies or lists of materials.,20
25-1065.00,"Political Science Teachers, Postsecondary",4.A.2.b.1.j.10,Select educational materials or equipment.,17
25-1065.00,"Political Science Teachers, Postsecondary",4.A.2.b.2.l.3,Develop instructional objectives.,6
25-1065.00,"Political Science Teachers, Postsecondary",4.A.2.b.3.a.10,Research topics in area of expertise.,8
25-1065.00,"Political Science Teachers, Postsecondary",4.A.2.b.3.a.18,Attend training sessions or professional meetings to develop or maintain professional knowledge.,2
25-1065.00,"Political Science Teachers, Postsecondary",4.A.2.b.3.a.3,Stay informed about current developments in field of specialization.,3
25-1065.00,"Political Science Teachers, Postsecondary",4.A.2.b.6.a.4,Plan community programs or activities for the general public.,24
25-1065.00,"Political Science Teachers, Postsecondary",4.A.3.b.6.g.2,Write grant proposals.,23
25-1065.00,"Political Science Teachers, Postsecondary",4.A.3.b.6.h.12,Maintain student records.,13
25-1065.00,"Political Science Teachers, Postsecondary",4.A.3.b.6.l.9,Develop instructional materials.,11
25-1065.00,"Political Science Teachers, Postsecondary",4.A.3.b.6.p.1,"Write articles, books or other original materials in area of expertise.",9
25-1065.00,"Political Science Teachers, Postsecondary",4.A.4.a.6.c.6,Promote educational institutions or programs.,22
25-1065.00,"Political Science Teachers, Postsecondary",4.A.4.b.3.b.3,Teach social science courses at the college level.,4
25-1065.00,"Political Science Teachers, Postsecondary",4.A.4.b.3.b.5,Guide class discussions.,5
25-1065.00,"Political Science Teachers, Postsecondary",4.A.4.b.4.a.18,Supervise student research or internship work.,14
25-1065.00,"Political Science Teachers, Postsecondary",4.A.4.b.4.b.1,Serve on institutional or departmental committees.,19
25-1065.00,"Political Science Teachers, Postsecondary",4.A.4.b.4.j.33,Direct department activities.,18
25-1065.00,"Political Science Teachers, Postsecondary",4.A.4.b.6.g.2,Advise students on academic or career matters.,15
25-1065.00,"Political Science Teachers, Postsecondary",4.A.4.b.6.g.5,"Advise educators on curricula, instructional methods, or policies.",25
25-1065.00,"Political Science Teachers, Postsecondary",4.A.4.c.1.a.5,Perform student enrollment or registration activities.,21
25-1065.00,"Political Science Teachers, Postsecondary",4.A.4.c.3.e.2,Order instructional or library materials or equipment.,16
25-1066.00,"Psychology Teachers, Postsecondary",4.A.2.a.1.b.5,Evaluate effectiveness of educational programs.,14
25-1066.00,"Psychology Teachers, Postsecondary",4.A.2.a.1.c.2,Administer tests to assess educational needs or progress.,6
25-1066.00,"Psychology Teachers, Postsecondary",4.A.2.a.1.c.3,Prepare tests.,8
25-1066.00,"Psychology Teachers, Postsecondary",4.A.2.a.1.c.4,Evaluate student work.,2
25-1066.00,"Psychology Teachers, Postsecondary",4.A.2.a.1.f.2,"Evaluate patient functioning, capabilities, or health.",19
25-1066.00,"Psychology Teachers, Postsecondary",4.A.2.a.1.h.1,Evaluate scholarly materials.,32
25-1066.00,"Psychology Teachers, Postsecondary",4.A.2.a.2.c.4,Compile specialized bibliographies or lists of materials.,33
25-1066.00,"Psychology Teachers, Postsecondary",4.A.2.b.1.j.10,Select educational materials or equipment.,31
25-1066.00,"Psychology Teachers, Postsecondary",4.A.2.b.2.l.3,Develop instructional objectives.,13
25-1066.00,"Psychology Teachers, Postsecondary",4.A.2.b.3.a.10,Research topics in area of expertise.,15
25-1066.00,"Psychology Teachers, Postsecondary",4.A.2.b.3.a.18,Attend training sessions or professional meetings to develop or maintain professional knowledge.,4
25-1066.00,"Psychology Teachers, Postsecondary",4.A.2.b.3.a.3,Stay informed about current developments in field of specialization.,5
25-1066.00,"Psychology Teachers, Postsecondary",4.A.2.b.6.a.4,Plan community programs or activities for the general public.,34
25-1066.00,"Psychology Teachers, Postsecondary",4.A.3.b.6.c.6,Write reports or evaluations.,27
25-1066.00,"Psychology Teachers, Postsecondary",4.A.3.b.6.g.2,Write grant proposals.,24
25-1066.00,"Psychology Teachers, Postsecondary",4.A.3.b.6.h.12,Maintain student records.,25
25-1066.00,"Psychology Teachers, Postsecondary",4.A.3.b.6.l.3,Create technology-based learning materials.,21
25-1066.00,"Psychology Teachers, Postsecondary",4.A.3.b.6.l.9,Develop instructional materials.,7
25-1066.00,"Psychology Teachers, Postsecondary",4.A.3.b.6.p.1,"Write articles, books or other original materials in area of expertise.",16
25-1066.00,"Psychology Teachers, Postsecondary",4.A.4.a.5.b.1,Treat patients using psychological therapies.,20
25-1066.00,"Psychology Teachers, Postsecondary",4.A.4.a.5.l.1,Care for patients with mental illnesses.,17
25-1066.00,"Psychology Teachers, Postsecondary",4.A.4.a.6.c.6,Promote educational institutions or programs.,29
25-1066.00,"Psychology Teachers, Postsecondary",4.A.4.b.3.b.3,Teach social science courses at the college level.,1
25-1066.00,"Psychology Teachers, Postsecondary",4.A.4.b.3.b.5,Guide class discussions.,3
25-1066.00,"Psychology Teachers, Postsecondary",4.A.4.b.4.a.17,Supervise laboratory work.,10
25-1066.00,"Psychology Teachers, Postsecondary",4.A.4.b.4.a.18,Supervise student research or internship work.,9
25-1066.00,"Psychology Teachers, Postsecondary",4.A.4.b.4.b.1,Serve on institutional or departmental committees.,26
25-1066.00,"Psychology Teachers, Postsecondary",4.A.4.b.4.j.33,Direct department activities.,23
25-1066.00,"Psychology Teachers, Postsecondary",4.A.4.b.6.g.2,Advise students on academic or career matters.,22
25-1066.00,"Psychology Teachers, Postsecondary",4.A.4.b.6.g.5,"Advise educators on curricula, instructional methods, or policies.",35
25-1066.00,"Psychology Teachers, Postsecondary",4.A.4.b.6.j.7,Counsel clients or patients regarding personal issues.,18
25-1066.00,"Psychology Teachers, Postsecondary",4.A.4.c.1.a.5,Perform student enrollment or registration activities.,28
25-1066.00,"Psychology Teachers, Postsecondary",4.A.4.c.2.a.3,Hire personnel.,11
25-1066.00,"Psychology Teachers, Postsecondary",4.A.4.c.2.a.5,Recruit personnel.,12
25-1066.00,"Psychology Teachers, Postsecondary",4.A.4.c.3.e.2,Order instructional or library materials or equipment.,30
25-1067.00,"Sociology Teachers, Postsecondary",4.A.2.a.1.b.5,Evaluate effectiveness of educational programs.,12
25-1067.00,"Sociology Teachers, Postsecondary",4.A.2.a.1.c.2,Administer tests to assess educational needs or progress.,3
25-1067.00,"Sociology Teachers, Postsecondary",4.A.2.a.1.c.3,Prepare tests.,4
25-1067.00,"Sociology Teachers, Postsecondary",4.A.2.a.1.c.4,Evaluate student work.,1
25-1067.00,"Sociology Teachers, Postsecondary",4.A.2.a.2.c.4,Compile specialized bibliographies or lists of materials.,20
25-1067.00,"Sociology Teachers, Postsecondary",4.A.2.b.1.j.10,Select educational materials or equipment.,18
25-1067.00,"Sociology Teachers, Postsecondary",4.A.2.b.2.l.3,Develop instructional objectives.,11
25-1067.00,"Sociology Teachers, Postsecondary",4.A.2.b.3.a.10,Research topics in area of expertise.,9
25-1067.00,"Sociology Teachers, Postsecondary",4.A.2.b.3.a.18,Attend training sessions or professional meetings to develop or maintain professional knowledge.,7
25-1067.00,"Sociology Teachers, Postsecondary",4.A.2.b.3.a.3,Stay informed about current developments in field of specialization.,8
25-1067.00,"Sociology Teachers, Postsecondary",4.A.2.b.6.a.4,Plan community programs or activities for the general public.,28
25-1067.00,"Sociology Teachers, Postsecondary",4.A.3.b.6.g.2,Write grant proposals.,21
25-1067.00,"Sociology Teachers, Postsecondary",4.A.3.b.6.h.12,Maintain student records.,13
25-1067.00,"Sociology Teachers, Postsecondary",4.A.3.b.6.l.9,Develop instructional materials.,5
25-1067.00,"Sociology Teachers, Postsecondary",4.A.3.b.6.p.1,"Write articles, books or other original materials in area of expertise.",10
25-1067.00,"Sociology Teachers, Postsecondary",4.A.4.a.6.c.6,Promote educational institutions or programs.,26
25-1067.00,"Sociology Teachers, Postsecondary",4.A.4.b.2.a.5,Support the professional development of others.,27
25-1067.00,"Sociology Teachers, Postsecondary",4.A.4.b.3.b.3,Teach social science courses at the college level.,6
25-1067.00,"Sociology Teachers, Postsecondary",4.A.4.b.3.b.5,Guide class discussions.,2
25-1067.00,"Sociology Teachers, Postsecondary",4.A.4.b.4.a.17,Supervise laboratory work.,16
25-1067.00,"Sociology Teachers, Postsecondary",4.A.4.b.4.a.18,Supervise student research or internship work.,14
25-1067.00,"Sociology Teachers, Postsecondary",4.A.4.b.4.b.1,Serve on institutional or departmental committees.,19
25-1067.00,"Sociology Teachers, Postsecondary",4.A.4.b.4.j.33,Direct department activities.,22
25-1067.00,"Sociology Teachers, Postsecondary",4.A.4.b.6.g.2,Advise students on academic or career matters.,15
25-1067.00,"Sociology Teachers, Postsecondary",4.A.4.b.6.g.5,"Advise educators on curricula, instructional methods, or policies.",23
25-1067.00,"Sociology Teachers, Postsecondary",4.A.4.b.6.g.6,Advise others on career or personal development.,24
25-1067.00,"Sociology Teachers, Postsecondary",4.A.4.c.1.a.5,Perform student enrollment or registration activities.,25
25-1067.00,"Sociology Teachers, Postsecondary",4.A.4.c.3.e.2,Order instructional or library materials or equipment.,17
25-1071.00,"Health Specialties Teachers, Postsecondary",4.A.2.a.1.b.5,Evaluate effectiveness of educational programs.,13
25-1071.00,"Health Specialties Teachers, Postsecondary",4.A.2.a.1.c.2,Administer tests to assess educational needs or progress.,6
25-1071.00,"Health Specialties Teachers, Postsecondary",4.A.2.a.1.c.3,Prepare tests.,8
25-1071.00,"Health Specialties Teachers, Postsecondary",4.A.2.a.1.c.4,Evaluate student work.,4
25-1071.00,"Health Specialties Teachers, Postsecondary",4.A.2.a.2.c.4,Compile specialized bibliographies or lists of materials.,24
25-1071.00,"Health Specialties Teachers, Postsecondary",4.A.2.b.1.j.10,Select educational materials or equipment.,18
25-1071.00,"Health Specialties Teachers, Postsecondary",4.A.2.b.2.l.3,Develop instructional objectives.,12
25-1071.00,"Health Specialties Teachers, Postsecondary",4.A.2.b.3.a.10,Research topics in area of expertise.,21
25-1071.00,"Health Specialties Teachers, Postsecondary",4.A.2.b.3.a.18,Attend training sessions or professional meetings to develop or maintain professional knowledge.,2
25-1071.00,"Health Specialties Teachers, Postsecondary",4.A.2.b.3.a.3,Stay informed about current developments in field of specialization.,3
25-1071.00,"Health Specialties Teachers, Postsecondary",4.A.2.b.6.a.4,Plan community programs or activities for the general public.,25
25-1071.00,"Health Specialties Teachers, Postsecondary",4.A.3.b.6.g.2,Write grant proposals.,19
25-1071.00,"Health Specialties Teachers, Postsecondary",4.A.3.b.6.h.12,Maintain student records.,7
25-1071.00,"Health Specialties Teachers, Postsecondary",4.A.3.b.6.l.9,Develop instructional materials.,1
25-1071.00,"Health Specialties Teachers, Postsecondary",4.A.3.b.6.p.1,"Write articles, books or other original materials in area of expertise.",23
25-1071.00,"Health Specialties Teachers, Postsecondary",4.A.4.a.6.c.6,Promote educational institutions or programs.,16
25-1071.00,"Health Specialties Teachers, Postsecondary",4.A.4.b.3.b.12,Teach physical science or mathematics courses at the college level.,9
25-1071.00,"Health Specialties Teachers, Postsecondary",4.A.4.b.3.b.5,Guide class discussions.,10
25-1071.00,"Health Specialties Teachers, Postsecondary",4.A.4.b.4.a.17,Supervise laboratory work.,5
25-1071.00,"Health Specialties Teachers, Postsecondary",4.A.4.b.4.a.18,Supervise student research or internship work.,14
25-1071.00,"Health Specialties Teachers, Postsecondary",4.A.4.b.4.b.1,Serve on institutional or departmental committees.,22
25-1071.00,"Health Specialties Teachers, Postsecondary",4.A.4.b.4.j.33,Direct department activities.,11
25-1071.00,"Health Specialties Teachers, Postsecondary",4.A.4.b.6.g.2,Advise students on academic or career matters.,20
25-1071.00,"Health Specialties Teachers, Postsecondary",4.A.4.c.1.a.5,Perform student enrollment or registration activities.,15
25-1071.00,"Health Specialties Teachers, Postsecondary",4.A.4.c.3.e.2,Order instructional or library materials or equipment.,17
25-1072.00,"Nursing Instructors and Teachers, Postsecondary",4.A.1.a.2.f.1,Monitor performance of organizational members or partners.,28
25-1072.00,"Nursing Instructors and Teachers, Postsecondary",4.A.2.a.1.b.5,Evaluate effectiveness of educational programs.,13
25-1072.00,"Nursing Instructors and Teachers, Postsecondary",4.A.2.a.1.c.1,Assess educational needs of students.,7
25-1072.00,"Nursing Instructors and Teachers, Postsecondary",4.A.2.a.1.c.2,Administer tests to assess educational needs or progress.,6
25-1072.00,"Nursing Instructors and Teachers, Postsecondary",4.A.2.a.1.c.3,Prepare tests.,8
25-1072.00,"Nursing Instructors and Teachers, Postsecondary",4.A.2.a.1.c.4,Evaluate student work.,1
25-1072.00,"Nursing Instructors and Teachers, Postsecondary",4.A.2.a.1.d.1,Evaluate performance of educational staff.,27
25-1072.00,"Nursing Instructors and Teachers, Postsecondary",4.A.2.a.2.c.4,Compile specialized bibliographies or lists of materials.,29
25-1072.00,"Nursing Instructors and Teachers, Postsecondary",4.A.2.b.1.j.10,Select educational materials or equipment.,21
25-1072.00,"Nursing Instructors and Teachers, Postsecondary",4.A.2.b.2.l.3,Develop instructional objectives.,12
25-1072.00,"Nursing Instructors and Teachers, Postsecondary",4.A.2.b.3.a.10,Research topics in area of expertise.,16
25-1072.00,"Nursing Instructors and Teachers, Postsecondary",4.A.2.b.3.a.18,Attend training sessions or professional meetings to develop or maintain professional knowledge.,9
25-1072.00,"Nursing Instructors and Teachers, Postsecondary",4.A.2.b.3.a.3,Stay informed about current developments in field of specialization.,11
25-1072.00,"Nursing Instructors and Teachers, Postsecondary",4.A.2.b.4.a.4,Develop organizational methods or procedures.,19
25-1072.00,"Nursing Instructors and Teachers, Postsecondary",4.A.2.b.6.a.4,Plan community programs or activities for the general public.,31
25-1072.00,"Nursing Instructors and Teachers, Postsecondary",4.A.3.b.6.g.2,Write grant proposals.,30
25-1072.00,"Nursing Instructors and Teachers, Postsecondary",4.A.3.b.6.h.12,Maintain student records.,14
25-1072.00,"Nursing Instructors and Teachers, Postsecondary",4.A.3.b.6.l.9,Develop instructional materials.,10
25-1072.00,"Nursing Instructors and Teachers, Postsecondary",4.A.3.b.6.p.1,"Write articles, books or other original materials in area of expertise.",23
25-1072.00,"Nursing Instructors and Teachers, Postsecondary",4.A.4.a.2.f.2,Collaborate with other agencies and institutions to coordinate educational matters.,18
25-1072.00,"Nursing Instructors and Teachers, Postsecondary",4.A.4.a.6.c.6,Promote educational institutions or programs.,25
25-1072.00,"Nursing Instructors and Teachers, Postsecondary",4.A.4.b.3.b.12,Teach physical science or mathematics courses at the college level.,5
25-1072.00,"Nursing Instructors and Teachers, Postsecondary",4.A.4.b.3.b.5,Guide class discussions.,4
25-1072.00,"Nursing Instructors and Teachers, Postsecondary",4.A.4.b.4.a.17,Supervise laboratory work.,3
25-1072.00,"Nursing Instructors and Teachers, Postsecondary",4.A.4.b.4.a.18,Supervise student research or internship work.,2
25-1072.00,"Nursing Instructors and Teachers, Postsecondary",4.A.4.b.4.b.1,Serve on institutional or departmental committees.,22
25-1072.00,"Nursing Instructors and Teachers, Postsecondary",4.A.4.b.4.j.33,Direct department activities.,26
25-1072.00,"Nursing Instructors and Teachers, Postsecondary",4.A.4.b.6.g.2,Advise students on academic or career matters.,15
25-1072.00,"Nursing Instructors and Teachers, Postsecondary",4.A.4.b.6.g.5,"Advise educators on curricula, instructional methods, or policies.",17
25-1072.00,"Nursing Instructors and Teachers, Postsecondary",4.A.4.c.1.a.5,Perform student enrollment or registration activities.,24
25-1072.00,"Nursing Instructors and Teachers, Postsecondary",4.A.4.c.3.e.2,Order instructional or library materials or equipment.,20
29-1011.00,Chiropractors,4.A.1.a.1.l.1,Gather medical information from patient histories.,6
29-1011.00,Chiropractors,4.A.1.a.1.l.2,"Collect medical information from patients, family members, or other medical professionals.",4
29-1011.00,Chiropractors,4.A.1.b.2.i.3,Examine patients to assess general physical condition.,2
29-1011.00,Chiropractors,4.A.2.a.4.f.3,Analyze test data or images to inform diagnosis or treatment.,14
29-1011.00,Chiropractors,4.A.2.b.1.f.2,Diagnose medical conditions.,5
29-1011.00,Chiropractors,4.A.2.b.5.c.2,Schedule patient procedures or appointments.,18
29-1011.00,Chiropractors,4.A.3.a.3.d.1,Process x-rays or other medical images.,17
29-1011.00,Chiropractors,4.A.3.a.3.d.4,Operate diagnostic imaging equipment.,15
29-1011.00,Chiropractors,4.A.3.a.3.d.5,Operate medical equipment.,16
29-1011.00,Chiropractors,4.A.3.b.6.k.4,Record patient medical histories.,3
29-1011.00,Chiropractors,4.A.4.a.2.d.5,Collaborate with healthcare professionals to plan or provide treatment.,7
29-1011.00,Chiropractors,4.A.4.a.5.a.2,Refer patients to other healthcare practitioners or health resources.,8
29-1011.00,Chiropractors,4.A.4.a.5.b.5,Treat patients using physical therapy techniques.,1
29-1011.00,Chiropractors,4.A.4.a.5.c.11,"Apply bandages, dressings, or splints.",19
29-1011.00,Chiropractors,4.A.4.b.3.f.1,Teach exercise or fitness techniques.,13
29-1011.00,Chiropractors,4.A.4.b.3.f.2,Engage patients in exercises or activities.,12
29-1011.00,Chiropractors,4.A.4.b.6.a.1,"Provide health and wellness advice to patients, program participants, or caregivers.",10
29-1011.00,Chiropractors,4.A.4.b.6.a.4,Advise patients on effects of health conditions or treatments.,9
29-1011.00,Chiropractors,4.A.4.b.6.b.1,Recommend types of assistive devices.,20
29-1011.00,Chiropractors,4.A.4.b.6.j.7,Counsel clients or patients regarding personal issues.,11
29-1021.00,"Dentists, General",4.A.1.b.2.i.4,"Examine mouth, teeth, gums, or related facial structures.",5
29-1021.00,"Dentists, General",4.A.2.a.3.d.1,Protect patients or staff members using safety equipment.,1
29-1021.00,"Dentists, General",4.A.2.a.4.f.2,Analyze patient data to determine patient needs or treatment goals.,14
29-1021.00,"Dentists, General",4.A.2.b.1.f.1,Diagnose dental conditions.,12
29-1021.00,"Dentists, General",4.A.2.b.2.a.2,Develop medical treatment plans.,4
29-1021.00,"Dentists, General",4.A.2.b.2.k.4,Design medical devices or appliances.,8
29-1021.00,"Dentists, General",4.A.2.b.2.n.3,Design public or employee health programs.,17
29-1021.00,"Dentists, General",4.A.3.a.2.q.3,Fabricate medical devices.,9
29-1021.00,"Dentists, General",4.A.3.a.2.x.1,Adjust prostheses or other assistive devices.,7
29-1021.00,"Dentists, General",4.A.3.a.3.d.3,Operate diagnostic or therapeutic medical instruments or equipment.,3
29-1021.00,"Dentists, General",4.A.3.a.3.d.4,Operate diagnostic imaging equipment.,6
29-1021.00,"Dentists, General",4.A.3.b.6.l.6,Prepare healthcare training materials.,19
29-1021.00,"Dentists, General",4.A.4.a.5.c.3,Administer anesthetics or sedatives to control pain.,2
29-1021.00,"Dentists, General",4.A.4.a.5.l.3,Operate on patients to treat conditions.,15
29-1021.00,"Dentists, General",4.A.4.a.5.l.4,Treat dental problems or diseases.,11
29-1021.00,"Dentists, General",4.A.4.b.4.a.14,Supervise patient care personnel.,13
29-1021.00,"Dentists, General",4.A.4.b.4.j.23,Direct healthcare delivery programs.,18
29-1021.00,"Dentists, General",4.A.4.b.6.a.2,Advise patients on preventive care techniques.,10
29-1021.00,"Dentists, General",4.A.4.c.3.f.3,Prescribe medications.,16
29-1022.00,Oral and Maxillofacial Surgeons,4.A.2.a.1.f.2,"Evaluate patient functioning, capabilities, or health.",9
29-1022.00,Oral and Maxillofacial Surgeons,4.A.2.a.4.f.2,Analyze patient data to determine patient needs or treatment goals.,3
29-1022.00,Oral and Maxillofacial Surgeons,4.A.4.a.2.d.5,Collaborate with healthcare professionals to plan or provide treatment.,5
29-1022.00,Oral and Maxillofacial Surgeons,4.A.4.a.5.c.3,Administer anesthetics or sedatives to control pain.,2
29-1022.00,Oral and Maxillofacial Surgeons,4.A.4.a.5.g.3,Treat medical emergencies.,7
29-1022.00,Oral and Maxillofacial Surgeons,4.A.4.a.5.l.2,"Treat acute illnesses, infections, or injuries.",4
29-1022.00,Oral and Maxillofacial Surgeons,4.A.4.a.5.l.3,Operate on patients to treat conditions.,6
29-1022.00,Oral and Maxillofacial Surgeons,4.A.4.a.5.l.4,Treat dental problems or diseases.,1
29-1022.00,Oral and Maxillofacial Surgeons,4.A.4.a.5.l.7,Treat chronic diseases or disorders.,8
29-1023.00,Orthodontists,4.A.1.b.2.i.4,"Examine mouth, teeth, gums, or related facial structures.",4
29-1023.00,Orthodontists,4.A.2.a.4.f.2,Analyze patient data to determine patient needs or treatment goals.,2
29-1023.00,Orthodontists,4.A.2.b.1.f.1,Diagnose dental conditions.,3
29-1023.00,Orthodontists,4.A.2.b.2.k.4,Design medical devices or appliances.,11
29-1023.00,Orthodontists,4.A.3.a.2.q.3,Fabricate medical devices.,12
29-1023.00,Orthodontists,4.A.3.a.2.x.2,Adjust dental devices or appliances to ensure fit.,1
29-1023.00,Orthodontists,4.A.3.b.6.k.4,Record patient medical histories.,8
29-1023.00,Orthodontists,4.A.4.a.1.e.1,Communicate detailed medical information to patients or family members.,5
29-1023.00,Orthodontists,4.A.4.a.1.e.3,Confer with clients to discuss treatment plans or progress.,7
29-1023.00,Orthodontists,4.A.4.a.2.d.5,Collaborate with healthcare professionals to plan or provide treatment.,10
29-1023.00,Orthodontists,4.A.4.b.3.f.8,Train medical providers.,9
29-1023.00,Orthodontists,4.A.4.b.6.a.4,Advise patients on effects of health conditions or treatments.,6
29-1024.00,Prosthodontists,4.A.1.b.2.i.1,Check physical condition of people or animals.,1
29-1024.00,Prosthodontists,4.A.1.b.2.i.4,"Examine mouth, teeth, gums, or related facial structures.",2
29-1024.00,Prosthodontists,4.A.1.b.2.i.5,Measure the physical or physiological attributes of patients.,5
29-1024.00,Prosthodontists,4.A.2.b.2.k.4,Design medical devices or appliances.,7
29-1024.00,Prosthodontists,4.A.3.a.2.x.1,Adjust prostheses or other assistive devices.,3
29-1024.00,Prosthodontists,4.A.3.a.2.x.2,Adjust dental devices or appliances to ensure fit.,4
29-1024.00,Prosthodontists,4.A.4.a.2.d.5,Collaborate with healthcare professionals to plan or provide treatment.,6
29-1024.00,Prosthodontists,4.A.4.a.5.l.2,"Treat acute illnesses, infections, or injuries.",9
29-1024.00,Prosthodontists,4.A.4.a.5.l.4,Treat dental problems or diseases.,8
29-1031.00,Dietitians and Nutritionists,4.A.1.a.1.s.1,Conduct research to increase knowledge about medical issues.,19
29-1031.00,Dietitians and Nutritionists,4.A.1.a.2.e.8,Monitor nutrition related activities of individuals or groups.,2
29-1031.00,Dietitians and Nutritionists,4.A.1.a.2.k.11,Monitor medical facility activities to ensure adherence to standards or regulations.,15
29-1031.00,Dietitians and Nutritionists,4.A.1.b.2.c.2,Test products for functionality or quality.,29
29-1031.00,Dietitians and Nutritionists,4.A.1.b.2.c.4,Test characteristics of materials or structures.,28
29-1031.00,Dietitians and Nutritionists,4.A.2.a.2.a.6,Evaluate data quality.,24
29-1031.00,Dietitians and Nutritionists,4.A.2.a.2.c.3,Compile data or documentation.,7
29-1031.00,Dietitians and Nutritionists,4.A.2.a.4.f.2,Analyze patient data to determine patient needs or treatment goals.,1
29-1031.00,Dietitians and Nutritionists,4.A.2.a.4.j.4,Analyze laboratory findings.,3
29-1031.00,Dietitians and Nutritionists,4.A.2.b.2.d.1,Create new recipes or food presentations.,8
29-1031.00,Dietitians and Nutritionists,4.A.2.b.2.d.2,Plan menu options.,9
29-1031.00,Dietitians and Nutritionists,4.A.2.b.2.n.3,Design public or employee health programs.,22
29-1031.00,Dietitians and Nutritionists,4.A.2.b.2.s.1,Devise research or testing protocols.,23
29-1031.00,Dietitians and Nutritionists,4.A.3.b.6.c.10,Present medical research reports.,25
29-1031.00,Dietitians and Nutritionists,4.A.3.b.6.g.2,Write grant proposals.,27
29-1031.00,Dietitians and Nutritionists,4.A.3.b.6.g.4,Prepare proposals or grant applications to obtain project funding.,26
29-1031.00,Dietitians and Nutritionists,4.A.3.b.6.l.6,Prepare healthcare training materials.,16
29-1031.00,Dietitians and Nutritionists,4.A.4.a.1.c.2,Interpret cultural or religious information for others.,5
29-1031.00,Dietitians and Nutritionists,4.A.4.a.2.d.5,Collaborate with healthcare professionals to plan or provide treatment.,6
29-1031.00,Dietitians and Nutritionists,4.A.4.a.2.h.8,Consult with others regarding safety or health equipment or facilities.,30
29-1031.00,Dietitians and Nutritionists,4.A.4.b.3.f.11,Train caregivers or other non-medical personnel.,14
29-1031.00,Dietitians and Nutritionists,4.A.4.b.3.f.6,Conduct health or safety training programs.,18
29-1031.00,Dietitians and Nutritionists,4.A.4.b.3.f.8,Train medical providers.,20
29-1031.00,Dietitians and Nutritionists,4.A.4.b.4.a.11,Supervise medical support personnel.,13
29-1031.00,Dietitians and Nutritionists,4.A.4.b.4.j.23,Direct healthcare delivery programs.,10
29-1031.00,Dietitians and Nutritionists,4.A.4.b.4.j.35,Manage preparation of special meals or diets.,17
29-1031.00,Dietitians and Nutritionists,4.A.4.b.4.j.38,Manage healthcare operations.,12
29-1031.00,Dietitians and Nutritionists,4.A.4.b.6.a.1,"Provide health and wellness advice to patients, program participants, or caregivers.",4
29-1031.00,Dietitians and Nutritionists,4.A.4.b.6.f.2,Advise communities or institutions regarding health or safety issues.,11
29-1031.00,Dietitians and Nutritionists,4.A.4.c.3.e.7,Order medical supplies or equipment.,21
29-1041.00,Optometrists,4.A.1.a.2.e.3,Monitor patients following surgeries or other treatments.,8
29-1041.00,Optometrists,4.A.1.b.2.a.4,Test patient vision.,1
29-1041.00,Optometrists,4.A.2.a.4.f.3,Analyze test data or images to inform diagnosis or treatment.,2
29-1041.00,Optometrists,4.A.2.b.2.a.2,Develop medical treatment plans.,3
29-1041.00,Optometrists,4.A.4.a.2.d.5,Collaborate with healthcare professionals to plan or provide treatment.,10
29-1041.00,Optometrists,4.A.4.a.5.a.2,Refer patients to other healthcare practitioners or health resources.,11
29-1041.00,Optometrists,4.A.4.a.5.f.1,"Fit eyeglasses, contact lenses, or other vision aids.",4
29-1041.00,Optometrists,4.A.4.a.5.l.2,"Treat acute illnesses, infections, or injuries.",9
29-1041.00,Optometrists,4.A.4.a.5.l.7,Treat chronic diseases or disorders.,13
29-1041.00,Optometrists,4.A.4.b.3.f.5,"Train patients, family members, or caregivers in techniques for managing disabilities or illnesses.",7
29-1041.00,Optometrists,4.A.4.c.3.f.1,Prescribe treatments or therapies.,12
29-1041.00,Optometrists,4.A.4.c.3.f.3,Prescribe medications.,6
29-1041.00,Optometrists,4.A.4.c.3.f.4,Prescribe assistive medical devices or related treatments.,5
29-1051.00,Pharmacists,4.A.1.b.2.c.3,Analyze test results.,26
29-1051.00,Pharmacists,4.A.1.b.3.a.3,Measure physical or chemical properties of materials or objects.,29
29-1051.00,Pharmacists,4.A.2.a.2.e.4,Verify accuracy of patient information.,1
29-1051.00,Pharmacists,4.A.2.a.3.c.4,Review customer insurance information.,22
29-1051.00,Pharmacists,4.A.2.a.4.d.2,Analyze data to identify trends or relationships among variables.,8
29-1051.00,Pharmacists,4.A.2.a.4.f.1,Analyze health-related data.,9
29-1051.00,Pharmacists,4.A.2.a.4.j.4,Analyze laboratory findings.,25
29-1051.00,Pharmacists,4.A.2.a.4.j.6,Analyze chemical compounds or substances.,13
29-1051.00,Pharmacists,4.A.2.b.1.d.11,Determine protocols for medical procedures.,14
29-1051.00,Pharmacists,4.A.3.a.1.a.7,Prepare medications or medical solutions.,12
29-1051.00,Pharmacists,4.A.3.b.6.c.10,Present medical research reports.,23
29-1051.00,Pharmacists,4.A.3.b.6.i.6,Document test results.,27
29-1051.00,Pharmacists,4.A.3.b.6.k.2,Maintain medical facility records.,11
29-1051.00,Pharmacists,4.A.4.a.1.e.1,Communicate detailed medical information to patients or family members.,7
29-1051.00,Pharmacists,4.A.4.a.2.d.5,Collaborate with healthcare professionals to plan or provide treatment.,3
29-1051.00,Pharmacists,4.A.4.a.5.a.2,Refer patients to other healthcare practitioners or health resources.,15
29-1051.00,Pharmacists,4.A.4.a.5.l.7,Treat chronic diseases or disorders.,10
29-1051.00,Pharmacists,4.A.4.a.6.b.1,Merchandise healthcare products or services.,19
29-1051.00,Pharmacists,4.A.4.b.3.e.2,Instruct patients in the use of assistive equipment.,28
29-1051.00,Pharmacists,4.A.4.b.3.f.8,Train medical providers.,16
29-1051.00,Pharmacists,4.A.4.b.4.j.38,Manage healthcare operations.,18
29-1051.00,Pharmacists,4.A.4.b.6.a.4,Advise patients on effects of health conditions or treatments.,6
29-1051.00,Pharmacists,4.A.4.b.6.b.1,Recommend types of assistive devices.,24
29-1051.00,Pharmacists,4.A.4.b.6.f.1,Advise medical personnel regarding healthcare issues.,2
29-1051.00,Pharmacists,4.A.4.c.1.c.3,Process medical billing information.,21
29-1051.00,Pharmacists,4.A.4.c.3.a.2,Maintain inventory of medical supplies or equipment.,17
29-1051.00,Pharmacists,4.A.4.c.3.e.7,Order medical supplies or equipment.,20
29-1051.00,Pharmacists,4.A.4.c.3.f.1,Prescribe treatments or therapies.,5
29-1051.00,Pharmacists,4.A.4.c.3.f.3,Prescribe medications.,4
29-1071.00,Physician Assistants,4.A.1.a.1.l.2,"Collect medical information from patients, family members, or other medical professionals.",5
29-1071.00,Physician Assistants,4.A.1.a.2.e.1,Monitor patient progress or responses to treatments.,12
29-1071.00,Physician Assistants,4.A.1.b.2.i.3,Examine patients to assess general physical condition.,6
29-1071.00,Physician Assistants,4.A.2.a.4.f.3,Analyze test data or images to inform diagnosis or treatment.,4
29-1071.00,Physician Assistants,4.A.2.b.1.f.2,Diagnose medical conditions.,1
29-1071.00,Physician Assistants,4.A.3.b.6.k.4,Record patient medical histories.,3
29-1071.00,Physician Assistants,4.A.4.a.5.c.7,Immunize patients.,11
29-1071.00,Physician Assistants,4.A.4.a.5.c.8,Administer intravenous medications.,10
29-1071.00,Physician Assistants,4.A.4.a.5.k.6,Assist healthcare practitioners during surgery.,13
29-1071.00,Physician Assistants,4.A.4.b.4.a.14,Supervise patient care personnel.,14
29-1071.00,Physician Assistants,4.A.4.b.6.a.1,"Provide health and wellness advice to patients, program participants, or caregivers.",9
29-1071.00,Physician Assistants,4.A.4.c.3.b.1,Order medical diagnostic or clinical tests.,8
29-1071.00,Physician Assistants,4.A.4.c.3.e.7,Order medical supplies or equipment.,15
29-1071.00,Physician Assistants,4.A.4.c.3.f.1,Prescribe treatments or therapies.,2
29-1071.00,Physician Assistants,4.A.4.c.3.f.3,Prescribe medications.,7
29-1071.01,Anesthesiologist Assistants,4.A.1.a.1.l.1,Gather medical information from patient histories.,10
29-1071.01,Anesthesiologist Assistants,4.A.1.a.2.e.1,Monitor patient progress or responses to treatments.,13
29-1071.01,Anesthesiologist Assistants,4.A.1.a.2.e.7,"Monitor patient conditions during treatments, procedures, or activities.",3
29-1071.01,Anesthesiologist Assistants,4.A.1.b.2.g.21,Examine medical instruments or equipment to ensure proper operation.,6
29-1071.01,Anesthesiologist Assistants,4.A.2.b.3.a.12,Maintain medical or professional knowledge.,15
29-1071.01,Anesthesiologist Assistants,4.A.3.a.2.al.1,Collect biological specimens from patients.,14
29-1071.01,Anesthesiologist Assistants,4.A.3.a.2.i.9,Adjust settings or positions of medical equipment.,5
29-1071.01,Anesthesiologist Assistants,4.A.3.b.4.f.1,Maintain medical equipment or instruments.,7
29-1071.01,Anesthesiologist Assistants,4.A.3.b.6.k.4,Record patient medical histories.,9
29-1071.01,Anesthesiologist Assistants,4.A.4.a.5.c.3,Administer anesthetics or sedatives to control pain.,4
29-1071.01,Anesthesiologist Assistants,4.A.4.a.5.c.9,Administer blood or other fluids intravenously.,11
29-1071.01,Anesthesiologist Assistants,4.A.4.a.5.g.3,Treat medical emergencies.,8
29-1071.01,Anesthesiologist Assistants,4.A.4.a.5.g.4,Implement advanced life support techniques.,2
29-1071.01,Anesthesiologist Assistants,4.A.4.a.5.k.5,Assist healthcare practitioners during examinations or treatments.,1
29-1071.01,Anesthesiologist Assistants,4.A.4.b.3.f.8,Train medical providers.,17
29-1071.01,Anesthesiologist Assistants,4.A.4.b.4.a.14,Supervise patient care personnel.,16
29-1071.01,Anesthesiologist Assistants,4.A.4.c.3.a.2,Maintain inventory of medical supplies or equipment.,12
29-1081.00,Podiatrists,4.A.2.a.4.f.3,Analyze test data or images to inform diagnosis or treatment.,2
29-1081.00,Podiatrists,4.A.2.b.1.f.2,Diagnose medical conditions.,3
29-1081.00,Podiatrists,4.A.3.a.2.q.3,Fabricate medical devices.,11
29-1081.00,Podiatrists,4.A.3.a.2.x.1,Adjust prostheses or other assistive devices.,10
29-1081.00,Podiatrists,4.A.3.b.6.k.2,Maintain medical facility records.,12
29-1081.00,Podiatrists,4.A.4.a.3.b.1,Communicate health and wellness information to the public.,15
29-1081.00,Podiatrists,4.A.4.a.5.a.2,Refer patients to other healthcare practitioners or health resources.,9
29-1081.00,Podiatrists,4.A.4.a.5.l.3,Operate on patients to treat conditions.,8
29-1081.00,Podiatrists,4.A.4.a.5.l.7,Treat chronic diseases or disorders.,1
29-1081.00,Podiatrists,4.A.4.a.5.l.8,Treat patients using alternative medical procedures.,16
29-1081.00,Podiatrists,4.A.4.b.4.j.38,Manage healthcare operations.,13
29-1081.00,Podiatrists,4.A.4.b.6.a.2,Advise patients on preventive care techniques.,4
29-1081.00,Podiatrists,4.A.4.c.3.e.7,Order medical supplies or equipment.,14
29-1081.00,Podiatrists,4.A.4.c.3.f.1,Prescribe treatments or therapies.,7
29-1081.00,Podiatrists,4.A.4.c.3.f.3,Prescribe medications.,6
29-1081.00,Podiatrists,4.A.4.c.3.f.4,Prescribe assistive medical devices or related treatments.,5
29-1122.00,Occupational Therapists,4.A.1.a.1.s.1,Conduct research to increase knowledge about medical issues.,20
29-1122.00,Occupational Therapists,4.A.1.a.2.e.1,Monitor patient progress or responses to treatments.,7
29-1122.00,Occupational Therapists,4.A.2.a.1.f.2,"Evaluate patient functioning, capabilities, or health.",2
29-1122.00,Occupational Therapists,4.A.2.a.4.f.2,Analyze patient data to determine patient needs or treatment goals.,1
29-1122.00,Occupational Therapists,4.A.2.b.2.a.6,Develop treatment plans that use non-medical therapies.,6
29-1122.00,Occupational Therapists,4.A.2.b.2.k.4,Design medical devices or appliances.,13
29-1122.00,Occupational Therapists,4.A.2.b.2.n.3,Design public or employee health programs.,4
29-1122.00,Occupational Therapists,4.A.3.a.1.i.3,Clean medical equipment or facilities.,10
29-1122.00,Occupational Therapists,4.A.3.a.2.k.1,Prepare medical supplies or equipment for use.,12
29-1122.00,Occupational Therapists,4.A.3.a.2.q.3,Fabricate medical devices.,14
29-1122.00,Occupational Therapists,4.A.3.b.6.f.4,Prepare reports summarizing patient diagnostic or care activities.,8
29-1122.00,Occupational Therapists,4.A.3.b.6.k.4,Record patient medical histories.,3
29-1122.00,Occupational Therapists,4.A.4.a.2.d.5,Collaborate with healthcare professionals to plan or provide treatment.,11
29-1122.00,Occupational Therapists,4.A.4.a.5.i.3,Assist clients in handling details of daily life.,18
29-1122.00,Occupational Therapists,4.A.4.a.5.i.9,Assist patients with daily activities.,19
29-1122.00,Occupational Therapists,4.A.4.b.2.a.6,Encourage patients or clients to develop life skills.,22
29-1122.00,Occupational Therapists,4.A.4.b.3.f.11,Train caregivers or other non-medical personnel.,9
29-1122.00,Occupational Therapists,4.A.4.b.3.f.8,Train medical providers.,17
29-1122.00,Occupational Therapists,4.A.4.b.4.a.14,Supervise patient care personnel.,16
29-1122.00,Occupational Therapists,4.A.4.b.4.j.23,Direct healthcare delivery programs.,5
29-1122.00,Occupational Therapists,4.A.4.b.6.a.1,"Provide health and wellness advice to patients, program participants, or caregivers.",15
29-1122.00,Occupational Therapists,4.A.4.b.6.f.2,Advise communities or institutions regarding health or safety issues.,21
29-1122.01,"Low Vision Therapists, Orientation and Mobility Specialists, and Vision Rehabilitation Therapists",4.A.1.a.2.e.1,Monitor patient progress or responses to treatments.,10
29-1122.01,"Low Vision Therapists, Orientation and Mobility Specialists, and Vision Rehabilitation Therapists",4.A.2.a.1.f.2,"Evaluate patient functioning, capabilities, or health.",6
29-1122.01,"Low Vision Therapists, Orientation and Mobility Specialists, and Vision Rehabilitation Therapists",4.A.2.a.4.f.2,Analyze patient data to determine patient needs or treatment goals.,16
29-1122.01,"Low Vision Therapists, Orientation and Mobility Specialists, and Vision Rehabilitation Therapists",4.A.2.b.1.f.2,Diagnose medical conditions.,11
29-1122.01,"Low Vision Therapists, Orientation and Mobility Specialists, and Vision Rehabilitation Therapists",4.A.2.b.2.a.6,Develop treatment plans that use non-medical therapies.,4
29-1122.01,"Low Vision Therapists, Orientation and Mobility Specialists, and Vision Rehabilitation Therapists",4.A.2.b.3.a.12,Maintain medical or professional knowledge.,13
29-1122.01,"Low Vision Therapists, Orientation and Mobility Specialists, and Vision Rehabilitation Therapists",4.A.3.b.4.f.1,Maintain medical equipment or instruments.,14
29-1122.01,"Low Vision Therapists, Orientation and Mobility Specialists, and Vision Rehabilitation Therapists",4.A.3.b.6.f.4,Prepare reports summarizing patient diagnostic or care activities.,5
29-1122.01,"Low Vision Therapists, Orientation and Mobility Specialists, and Vision Rehabilitation Therapists",4.A.3.b.6.l.6,Prepare healthcare training materials.,12
29-1122.01,"Low Vision Therapists, Orientation and Mobility Specialists, and Vision Rehabilitation Therapists",4.A.4.a.2.d.5,Collaborate with healthcare professionals to plan or provide treatment.,15
29-1122.01,"Low Vision Therapists, Orientation and Mobility Specialists, and Vision Rehabilitation Therapists",4.A.4.a.5.a.2,Refer patients to other healthcare practitioners or health resources.,17
29-1122.01,"Low Vision Therapists, Orientation and Mobility Specialists, and Vision Rehabilitation Therapists",4.A.4.a.6.a.1,Advocate for individual or community needs.,7
29-1122.01,"Low Vision Therapists, Orientation and Mobility Specialists, and Vision Rehabilitation Therapists",4.A.4.b.3.a.2,Teach life skills or strategies to clients or their families.,8
29-1122.01,"Low Vision Therapists, Orientation and Mobility Specialists, and Vision Rehabilitation Therapists",4.A.4.b.3.e.2,Instruct patients in the use of assistive equipment.,1
29-1122.01,"Low Vision Therapists, Orientation and Mobility Specialists, and Vision Rehabilitation Therapists",4.A.4.b.3.f.11,Train caregivers or other non-medical personnel.,9
29-1122.01,"Low Vision Therapists, Orientation and Mobility Specialists, and Vision Rehabilitation Therapists",4.A.4.b.3.f.5,"Train patients, family members, or caregivers in techniques for managing disabilities or illnesses.",3
29-1122.01,"Low Vision Therapists, Orientation and Mobility Specialists, and Vision Rehabilitation Therapists",4.A.4.b.6.b.1,Recommend types of assistive devices.,2
29-1123.00,Physical Therapists,4.A.1.a.1.s.1,Conduct research to increase knowledge about medical issues.,24
29-1123.00,Physical Therapists,4.A.1.a.2.e.1,Monitor patient progress or responses to treatments.,10
29-1123.00,Physical Therapists,4.A.1.b.2.a.1,Test patient heart or lung functioning.,13
29-1123.00,Physical Therapists,4.A.1.b.2.i.3,Examine patients to assess general physical condition.,3
29-1123.00,Physical Therapists,4.A.2.a.1.f.3,Evaluate patient outcomes to determine effectiveness of treatments.,9
29-1123.00,Physical Therapists,4.A.2.a.4.f.2,Analyze patient data to determine patient needs or treatment goals.,2
29-1123.00,Physical Therapists,4.A.2.b.2.a.2,Develop medical treatment plans.,4
29-1123.00,Physical Therapists,4.A.2.b.2.a.7,Establish treatment goals.,14
29-1123.00,Physical Therapists,4.A.2.b.2.n.3,Design public or employee health programs.,26
29-1123.00,Physical Therapists,4.A.3.a.2.q.3,Fabricate medical devices.,20
29-1123.00,Physical Therapists,4.A.3.a.2.x.1,Adjust prostheses or other assistive devices.,21
29-1123.00,Physical Therapists,4.A.3.a.3.d.3,Operate diagnostic or therapeutic medical instruments or equipment.,19
29-1123.00,Physical Therapists,4.A.3.b.1.f.3,Enter patient or treatment data into computers.,5
29-1123.00,Physical Therapists,4.A.3.b.6.k.4,Record patient medical histories.,1
29-1123.00,Physical Therapists,4.A.4.a.1.e.1,Communicate detailed medical information to patients or family members.,18
29-1123.00,Physical Therapists,4.A.4.a.1.e.5,Explain medical procedures or test results to patients or family members.,16
29-1123.00,Physical Therapists,4.A.4.a.2.d.5,Collaborate with healthcare professionals to plan or provide treatment.,8
29-1123.00,Physical Therapists,4.A.4.a.3.b.1,Communicate health and wellness information to the public.,15
29-1123.00,Physical Therapists,4.A.4.a.5.a.2,Refer patients to other healthcare practitioners or health resources.,17
29-1123.00,Physical Therapists,4.A.4.a.5.b.5,Treat patients using physical therapy techniques.,7
29-1123.00,Physical Therapists,4.A.4.b.3.f.5,"Train patients, family members, or caregivers in techniques for managing disabilities or illnesses.",11
29-1123.00,Physical Therapists,4.A.4.b.3.f.8,Train medical providers.,23
29-1123.00,Physical Therapists,4.A.4.b.4.a.11,Supervise medical support personnel.,12
29-1123.00,Physical Therapists,4.A.4.b.4.j.23,Direct healthcare delivery programs.,27
29-1123.00,Physical Therapists,4.A.4.b.6.f.1,Advise medical personnel regarding healthcare issues.,22
29-1123.00,Physical Therapists,4.A.4.b.6.h.2,Advise others on matters of public policy.,25
29-1123.00,Physical Therapists,4.A.4.c.1.a.3,Process healthcare paperwork.,6
29-1124.00,Radiation Therapists,4.A.1.a.2.e.7,"Monitor patient conditions during treatments, procedures, or activities.",12
29-1124.00,Radiation Therapists,4.A.1.b.2.g.21,Examine medical instruments or equipment to ensure proper operation.,10
29-1124.00,Radiation Therapists,4.A.1.b.2.i.3,Examine patients to assess general physical condition.,16
29-1124.00,Radiation Therapists,4.A.2.a.2.e.4,Verify accuracy of patient information.,5
29-1124.00,Radiation Therapists,4.A.2.a.3.d.1,Protect patients or staff members using safety equipment.,4
29-1124.00,Radiation Therapists,4.A.2.a.4.f.5,Calculate numerical data for medical activities.,18
29-1124.00,Radiation Therapists,4.A.2.b.2.a.2,Develop medical treatment plans.,19
29-1124.00,Radiation Therapists,4.A.2.b.5.c.2,Schedule patient procedures or appointments.,24
29-1124.00,Radiation Therapists,4.A.3.a.1.a.7,Prepare medications or medical solutions.,27
29-1124.00,Radiation Therapists,4.A.3.a.1.i.1,Sterilize medical equipment or instruments.,28
29-1124.00,Radiation Therapists,4.A.3.a.2.i.9,Adjust settings or positions of medical equipment.,7
29-1124.00,Radiation Therapists,4.A.3.a.2.q.3,Fabricate medical devices.,17
29-1124.00,Radiation Therapists,4.A.3.a.3.d.1,Process x-rays or other medical images.,21
29-1124.00,Radiation Therapists,4.A.3.a.3.d.3,Operate diagnostic or therapeutic medical instruments or equipment.,2
29-1124.00,Radiation Therapists,4.A.3.a.3.d.4,Operate diagnostic imaging equipment.,20
29-1124.00,Radiation Therapists,4.A.3.b.1.f.3,Enter patient or treatment data into computers.,8
29-1124.00,Radiation Therapists,4.A.3.b.6.k.2,Maintain medical facility records.,15
29-1124.00,Radiation Therapists,4.A.4.a.1.e.5,Explain medical procedures or test results to patients or family members.,13
29-1124.00,Radiation Therapists,4.A.4.a.2.d.1,Inform medical professionals regarding patient conditions and care.,11
29-1124.00,Radiation Therapists,4.A.4.a.5.b.2,Implement therapeutic programs to improve patient functioning.,22
29-1124.00,Radiation Therapists,4.A.4.a.5.c.2,Administer basic health care or medical treatments.,6
29-1124.00,Radiation Therapists,4.A.4.a.5.c.5,Provide basic health care services.,9
29-1124.00,Radiation Therapists,4.A.4.a.5.k.4,Position patients for treatment or examination.,3
29-1124.00,Radiation Therapists,4.A.4.a.5.k.5,Assist healthcare practitioners during examinations or treatments.,23
29-1124.00,Radiation Therapists,4.A.4.a.5.l.6,Administer cancer treatments.,1
29-1124.00,Radiation Therapists,4.A.4.b.2.a.4,Interact with patients to build rapport or provide emotional support.,14
29-1124.00,Radiation Therapists,4.A.4.b.3.f.8,Train medical providers.,26
29-1124.00,Radiation Therapists,4.A.4.b.4.a.14,Supervise patient care personnel.,25
29-1125.00,Recreational Therapists,4.A.1.a.1.l.1,Gather medical information from patient histories.,8
29-1125.00,Recreational Therapists,4.A.1.a.1.l.2,"Collect medical information from patients, family members, or other medical professionals.",7
29-1125.00,Recreational Therapists,4.A.1.a.2.e.1,Monitor patient progress or responses to treatments.,4
29-1125.00,Recreational Therapists,4.A.2.b.2.a.2,Develop medical treatment plans.,13
29-1125.00,Recreational Therapists,4.A.2.b.2.a.6,Develop treatment plans that use non-medical therapies.,2
29-1125.00,Recreational Therapists,4.A.3.b.6.f.4,Prepare reports summarizing patient diagnostic or care activities.,12
29-1125.00,Recreational Therapists,4.A.3.b.6.k.4,Record patient medical histories.,5
29-1125.00,Recreational Therapists,4.A.4.a.2.d.1,Inform medical professionals regarding patient conditions and care.,11
29-1125.00,Recreational Therapists,4.A.4.a.2.d.5,Collaborate with healthcare professionals to plan or provide treatment.,6
29-1125.00,Recreational Therapists,4.A.4.a.5.b.1,Treat patients using psychological therapies.,3
29-1125.00,Recreational Therapists,4.A.4.b.2.a.6,Encourage patients or clients to develop life skills.,10
29-1125.00,Recreational Therapists,4.A.4.b.3.f.5,"Train patients, family members, or caregivers in techniques for managing disabilities or illnesses.",1
29-1125.00,Recreational Therapists,4.A.4.b.6.a.1,"Provide health and wellness advice to patients, program participants, or caregivers.",9
29-1126.00,Respiratory Therapists,4.A.1.a.1.l.1,Gather medical information from patient histories.,5
29-1126.00,Respiratory Therapists,4.A.1.a.2.e.7,"Monitor patient conditions during treatments, procedures, or activities.",3
29-1126.00,Respiratory Therapists,4.A.1.a.2.k.5,Verify that medical activities or operations meet standards.,11
29-1126.00,Respiratory Therapists,4.A.1.b.2.a.1,Test patient heart or lung functioning.,22
29-1126.00,Respiratory Therapists,4.A.1.b.2.g.21,Examine medical instruments or equipment to ensure proper operation.,16
29-1126.00,Respiratory Therapists,4.A.2.b.1.d.11,Determine protocols for medical procedures.,15
29-1126.00,Respiratory Therapists,4.A.3.a.1.i.3,Clean medical equipment or facilities.,14
29-1126.00,Respiratory Therapists,4.A.3.a.1.m.2,Move patients to or from treatment areas.,25
29-1126.00,Respiratory Therapists,4.A.3.a.2.i.9,Adjust settings or positions of medical equipment.,23
29-1126.00,Respiratory Therapists,4.A.3.a.2.k.1,Prepare medical supplies or equipment for use.,2
29-1126.00,Respiratory Therapists,4.A.3.a.3.d.3,Operate diagnostic or therapeutic medical instruments or equipment.,1
29-1126.00,Respiratory Therapists,4.A.3.b.4.f.1,Maintain medical equipment or instruments.,17
29-1126.00,Respiratory Therapists,4.A.3.b.4.f.4,Repair medical facility equipment.,13
29-1126.00,Respiratory Therapists,4.A.3.b.6.k.2,Maintain medical facility records.,12
29-1126.00,Respiratory Therapists,4.A.4.a.1.e.5,Explain medical procedures or test results to patients or family members.,18
29-1126.00,Respiratory Therapists,4.A.4.a.2.d.1,Inform medical professionals regarding patient conditions and care.,6
29-1126.00,Respiratory Therapists,4.A.4.a.2.d.4,Communicate test or assessment results to medical professionals.,4
29-1126.00,Respiratory Therapists,4.A.4.a.2.d.5,Collaborate with healthcare professionals to plan or provide treatment.,9
29-1126.00,Respiratory Therapists,4.A.4.a.5.c.2,Administer basic health care or medical treatments.,26
29-1126.00,Respiratory Therapists,4.A.4.a.5.g.3,Treat medical emergencies.,10
29-1126.00,Respiratory Therapists,4.A.4.a.5.g.4,Implement advanced life support techniques.,8
29-1126.00,Respiratory Therapists,4.A.4.a.5.k.5,Assist healthcare practitioners during examinations or treatments.,7
29-1126.00,Respiratory Therapists,4.A.4.a.5.k.6,Assist healthcare practitioners during surgery.,27
29-1126.00,Respiratory Therapists,4.A.4.a.5.l.7,Treat chronic diseases or disorders.,20
29-1126.00,Respiratory Therapists,4.A.4.b.3.f.5,"Train patients, family members, or caregivers in techniques for managing disabilities or illnesses.",19
29-1126.00,Respiratory Therapists,4.A.4.b.3.f.8,Train medical providers.,21
29-1126.00,Respiratory Therapists,4.A.4.b.4.a.14,Supervise patient care personnel.,24
29-1127.00,Speech-Language Pathologists,4.A.1.a.1.s.1,Conduct research to increase knowledge about medical issues.,26
29-1127.00,Speech-Language Pathologists,4.A.1.a.2.e.1,Monitor patient progress or responses to treatments.,5
29-1127.00,Speech-Language Pathologists,4.A.1.b.2.a.3,Test patient hearing.,7
29-1127.00,Speech-Language Pathologists,4.A.2.a.4.f.2,Analyze patient data to determine patient needs or treatment goals.,2
29-1127.00,Speech-Language Pathologists,4.A.2.b.2.a.6,Develop treatment plans that use non-medical therapies.,4
29-1127.00,Speech-Language Pathologists,4.A.2.b.2.i.1,Develop health assessment methods or programs.,16
29-1127.00,Speech-Language Pathologists,4.A.2.b.2.l.7,Develop strategies or programs for students with special needs.,25
29-1127.00,Speech-Language Pathologists,4.A.2.b.3.a.12,Maintain medical or professional knowledge.,21
29-1127.00,Speech-Language Pathologists,4.A.2.b.5.c.2,Schedule patient procedures or appointments.,14
29-1127.00,Speech-Language Pathologists,4.A.3.a.3.d.3,Operate diagnostic or therapeutic medical instruments or equipment.,6
29-1127.00,Speech-Language Pathologists,4.A.3.b.6.c.10,Present medical research reports.,20
29-1127.00,Speech-Language Pathologists,4.A.3.b.6.f.4,Prepare reports summarizing patient diagnostic or care activities.,1
29-1127.00,Speech-Language Pathologists,4.A.3.b.6.k.2,Maintain medical facility records.,3
29-1127.00,Speech-Language Pathologists,4.A.3.b.6.l.6,Prepare healthcare training materials.,12
29-1127.00,Speech-Language Pathologists,4.A.4.a.2.d.5,Collaborate with healthcare professionals to plan or provide treatment.,9
29-1127.00,Speech-Language Pathologists,4.A.4.a.5.a.2,Refer patients to other healthcare practitioners or health resources.,15
29-1127.00,Speech-Language Pathologists,4.A.4.a.5.i.5,Assist students with special educational needs.,24
29-1127.00,Speech-Language Pathologists,4.A.4.b.3.b.2,Teach classes in area of specialization.,18
29-1127.00,Speech-Language Pathologists,4.A.4.b.3.b.4,Lead classes or community events.,17
29-1127.00,Speech-Language Pathologists,4.A.4.b.3.f.11,Train caregivers or other non-medical personnel.,19
29-1127.00,Speech-Language Pathologists,4.A.4.b.3.f.5,"Train patients, family members, or caregivers in techniques for managing disabilities or illnesses.",8
29-1127.00,Speech-Language Pathologists,4.A.4.b.4.a.14,Supervise patient care personnel.,10
29-1127.00,Speech-Language Pathologists,4.A.4.b.4.a.15,Supervise technical medical personnel.,23
29-1127.00,Speech-Language Pathologists,4.A.4.b.4.a.18,Supervise student research or internship work.,22
29-1127.00,Speech-Language Pathologists,4.A.4.b.6.f.1,Advise medical personnel regarding healthcare issues.,11
29-1127.00,Speech-Language Pathologists,4.A.4.c.1.a.3,Process healthcare paperwork.,13
29-1128.00,Exercise Physiologists,4.A.1.a.1.l.2,"Collect medical information from patients, family members, or other medical professionals.",4
29-1128.00,Exercise Physiologists,4.A.1.a.1.s.1,Conduct research to increase knowledge about medical issues.,24
29-1128.00,Exercise Physiologists,4.A.1.a.2.e.7,"Monitor patient conditions during treatments, procedures, or activities.",3
29-1128.00,Exercise Physiologists,4.A.1.b.2.a.1,Test patient heart or lung functioning.,11
29-1128.00,Exercise Physiologists,4.A.1.b.2.a.8,Test biological specimens to gather information about patient conditions.,17
29-1128.00,Exercise Physiologists,4.A.1.b.2.i.5,Measure the physical or physiological attributes of patients.,21
29-1128.00,Exercise Physiologists,4.A.2.a.1.d.4,Evaluate employee performance.,18
29-1128.00,Exercise Physiologists,4.A.2.a.1.f.2,"Evaluate patient functioning, capabilities, or health.",13
29-1128.00,Exercise Physiologists,4.A.2.a.4.f.6,Analyze quantitative data to determine effectiveness of treatments or therapies.,9
29-1128.00,Exercise Physiologists,4.A.2.b.2.a.3,Develop exercise or conditioning programs.,1
29-1128.00,Exercise Physiologists,4.A.3.a.3.d.3,Operate diagnostic or therapeutic medical instruments or equipment.,10
29-1128.00,Exercise Physiologists,4.A.3.b.4.f.1,Maintain medical equipment or instruments.,16
29-1128.00,Exercise Physiologists,4.A.3.b.6.c.10,Present medical research reports.,22
29-1128.00,Exercise Physiologists,4.A.4.a.1.e.5,Explain medical procedures or test results to patients or family members.,2
29-1128.00,Exercise Physiologists,4.A.4.a.3.b.1,Communicate health and wellness information to the public.,20
29-1128.00,Exercise Physiologists,4.A.4.a.5.g.3,Treat medical emergencies.,5
29-1128.00,Exercise Physiologists,4.A.4.b.3.e.6,Demonstrate activity techniques or equipment use.,6
29-1128.00,Exercise Physiologists,4.A.4.b.3.f.1,Teach exercise or fitness techniques.,8
29-1128.00,Exercise Physiologists,4.A.4.b.3.f.11,Train caregivers or other non-medical personnel.,19
29-1128.00,Exercise Physiologists,4.A.4.b.3.f.5,"Train patients, family members, or caregivers in techniques for managing disabilities or illnesses.",14
29-1128.00,Exercise Physiologists,4.A.4.b.3.f.9,Teach health management classes.,15
29-1128.00,Exercise Physiologists,4.A.4.b.6.a.1,"Provide health and wellness advice to patients, program participants, or caregivers.",12
29-1128.00,Exercise Physiologists,4.A.4.b.6.f.4,"Advise athletes, coaches, or trainers on exercise regimens, nutrition, or equipment use.",25
29-1128.00,Exercise Physiologists,4.A.4.c.3.b.1,Order medical diagnostic or clinical tests.,23
29-1128.00,Exercise Physiologists,4.A.4.c.3.f.1,Prescribe treatments or therapies.,7
29-1129.01,Art Therapists,4.A.1.a.1.l.1,Gather medical information from patient histories.,16
29-1129.01,Art Therapists,4.A.1.a.1.l.2,"Collect medical information from patients, family members, or other medical professionals.",15
29-1129.01,Art Therapists,4.A.1.a.2.e.1,Monitor patient progress or responses to treatments.,7
29-1129.01,Art Therapists,4.A.2.a.1.f.3,Evaluate patient outcomes to determine effectiveness of treatments.,6
29-1129.01,Art Therapists,4.A.2.a.4.f.2,Analyze patient data to determine patient needs or treatment goals.,5
29-1129.01,Art Therapists,4.A.2.a.4.f.6,Analyze quantitative data to determine effectiveness of treatments or therapies.,18
29-1129.01,Art Therapists,4.A.2.b.1.j.8,Select medical equipment for addressing patient needs.,11
29-1129.01,Art Therapists,4.A.2.b.2.a.6,Develop treatment plans that use non-medical therapies.,3
29-1129.01,Art Therapists,4.A.2.b.2.a.7,Establish treatment goals.,9
29-1129.01,Art Therapists,4.A.2.b.2.o.9,"Design layout of art or product exhibits, displays, or promotional materials.",27
29-1129.01,Art Therapists,4.A.2.b.3.a.12,Maintain medical or professional knowledge.,17
29-1129.01,Art Therapists,4.A.3.a.2.k.1,Prepare medical supplies or equipment for use.,10
29-1129.01,Art Therapists,4.A.3.a.3.f.10,Operate photographic developing or print production equipment.,23
29-1129.01,Art Therapists,4.A.3.b.6.e.1,Record images needed to address work issues.,24
29-1129.01,Art Therapists,4.A.3.b.6.f.4,Prepare reports summarizing patient diagnostic or care activities.,4
29-1129.01,Art Therapists,4.A.3.b.6.k.4,Record patient medical histories.,8
29-1129.01,Art Therapists,4.A.4.a.2.d.4,Communicate test or assessment results to medical professionals.,13
29-1129.01,Art Therapists,4.A.4.a.2.d.5,Collaborate with healthcare professionals to plan or provide treatment.,12
29-1129.01,Art Therapists,4.A.4.a.2.f.2,Collaborate with other agencies and institutions to coordinate educational matters.,28
29-1129.01,Art Therapists,4.A.4.a.3.b.1,Communicate health and wellness information to the public.,22
29-1129.01,Art Therapists,4.A.4.a.5.b.1,Treat patients using psychological therapies.,1
29-1129.01,Art Therapists,4.A.4.b.1.c.7,"Coordinate activities with suppliers, contractors, clients, or other departments.",29
29-1129.01,Art Therapists,4.A.4.b.1.d.5,Coordinate artistic activities.,26
29-1129.01,Art Therapists,4.A.4.b.2.a.4,Interact with patients to build rapport or provide emotional support.,2
29-1129.01,Art Therapists,4.A.4.b.3.b.2,Teach classes in area of specialization.,20
29-1129.01,Art Therapists,4.A.4.b.3.b.4,Lead classes or community events.,19
29-1129.01,Art Therapists,4.A.4.b.3.f.11,Train caregivers or other non-medical personnel.,25
29-1129.01,Art Therapists,4.A.4.b.4.a.14,Supervise patient care personnel.,21
29-1129.01,Art Therapists,4.A.4.c.3.e.7,Order medical supplies or equipment.,14
29-1129.02,Music Therapists,4.A.1.a.1.l.1,Gather medical information from patient histories.,13
29-1129.02,Music Therapists,4.A.1.a.1.l.2,"Collect medical information from patients, family members, or other medical professionals.",12
29-1129.02,Music Therapists,4.A.1.a.1.s.1,Conduct research to increase knowledge about medical issues.,26
29-1129.02,Music Therapists,4.A.1.a.2.e.1,Monitor patient progress or responses to treatments.,11
29-1129.02,Music Therapists,4.A.2.a.1.f.2,"Evaluate patient functioning, capabilities, or health.",10
29-1129.02,Music Therapists,4.A.2.a.1.f.4,Evaluate treatment options to guide medical decisions.,23
29-1129.02,Music Therapists,4.A.2.a.4.f.2,Analyze patient data to determine patient needs or treatment goals.,19
29-1129.02,Music Therapists,4.A.2.a.4.f.6,Analyze quantitative data to determine effectiveness of treatments or therapies.,22
29-1129.02,Music Therapists,4.A.2.b.2.a.2,Develop medical treatment plans.,6
29-1129.02,Music Therapists,4.A.2.b.2.a.6,Develop treatment plans that use non-medical therapies.,2
29-1129.02,Music Therapists,4.A.2.b.2.a.7,Establish treatment goals.,7
29-1129.02,Music Therapists,4.A.2.b.2.i.1,Develop health assessment methods or programs.,25
29-1129.02,Music Therapists,4.A.2.b.3.a.12,Maintain medical or professional knowledge.,14
29-1129.02,Music Therapists,4.A.3.a.1.p.3,Practice athletic or artistic skills.,4
29-1129.02,Music Therapists,4.A.3.a.2.i.1,Adjust tuning or functioning of musical instruments.,16
29-1129.02,Music Therapists,4.A.3.b.6.f.4,Prepare reports summarizing patient diagnostic or care activities.,9
29-1129.02,Music Therapists,4.A.3.b.6.k.4,Record patient medical histories.,8
29-1129.02,Music Therapists,4.A.4.a.2.d.1,Inform medical professionals regarding patient conditions and care.,20
29-1129.02,Music Therapists,4.A.4.a.2.d.4,Communicate test or assessment results to medical professionals.,15
29-1129.02,Music Therapists,4.A.4.a.2.d.5,Collaborate with healthcare professionals to plan or provide treatment.,17
29-1129.02,Music Therapists,4.A.4.a.3.b.1,Communicate health and wellness information to the public.,21
29-1129.02,Music Therapists,4.A.4.a.5.b.1,Treat patients using psychological therapies.,1
29-1129.02,Music Therapists,4.A.4.a.5.g.3,Treat medical emergencies.,18
29-1129.02,Music Therapists,4.A.4.a.8.a.3,Perform music for the public.,3
29-1129.02,Music Therapists,4.A.4.b.2.a.4,Interact with patients to build rapport or provide emotional support.,5
29-1129.02,Music Therapists,4.A.4.b.4.a.14,Supervise patient care personnel.,24
29-1131.00,Veterinarians,4.A.1.a.1.s.1,Conduct research to increase knowledge about medical issues.,19
29-1131.00,Veterinarians,4.A.1.b.2.i.3,Examine patients to assess general physical condition.,5
29-1131.00,Veterinarians,4.A.2.a.4.f.3,Analyze test data or images to inform diagnosis or treatment.,7
29-1131.00,Veterinarians,4.A.2.a.4.f.4,Analyze medical data to determine cause of death.,25
29-1131.00,Veterinarians,4.A.2.b.1.d.11,Determine protocols for medical procedures.,18
29-1131.00,Veterinarians,4.A.2.b.2.a.2,Develop medical treatment plans.,24
29-1131.00,Veterinarians,4.A.2.b.3.a.12,Maintain medical or professional knowledge.,10
29-1131.00,Veterinarians,4.A.2.b.3.a.16,Maintain professional knowledge or certifications.,12
29-1131.00,Veterinarians,4.A.2.b.5.c.2,Schedule patient procedures or appointments.,23
29-1131.00,Veterinarians,4.A.3.a.2.al.1,Collect biological specimens from patients.,6
29-1131.00,Veterinarians,4.A.3.a.3.d.4,Operate diagnostic imaging equipment.,8
29-1131.00,Veterinarians,4.A.3.b.6.k.2,Maintain medical facility records.,21
29-1131.00,Veterinarians,4.A.4.a.3.b.1,Communicate health and wellness information to the public.,9
29-1131.00,Veterinarians,4.A.4.a.5.c.7,Immunize patients.,4
29-1131.00,Veterinarians,4.A.4.a.5.d.4,Provide care for animals.,20
29-1131.00,Veterinarians,4.A.4.a.5.l.2,"Treat acute illnesses, infections, or injuries.",3
29-1131.00,Veterinarians,4.A.4.a.5.l.3,Operate on patients to treat conditions.,1
29-1131.00,Veterinarians,4.A.4.a.5.l.5,Treat animal injuries or illnesses.,15
29-1131.00,Veterinarians,4.A.4.b.3.f.8,Train medical providers.,17
29-1131.00,Veterinarians,4.A.4.b.4.a.11,Supervise medical support personnel.,16
29-1131.00,Veterinarians,4.A.4.b.4.j.38,Manage healthcare operations.,13
29-1131.00,Veterinarians,4.A.4.b.6.a.1,"Provide health and wellness advice to patients, program participants, or caregivers.",14
29-1131.00,Veterinarians,4.A.4.b.6.j.5,Counsel family members of clients or patients.,11
29-1131.00,Veterinarians,4.A.4.c.1.a.6,Perform clerical work in medical settings.,22
29-1131.00,Veterinarians,4.A.4.c.3.f.3,Prescribe medications.,2
29-1141.00,Registered Nurses,4.A.1.a.1.s.1,Conduct research to increase knowledge about medical issues.,37
29-1141.00,Registered Nurses,4.A.1.a.2.e.1,Monitor patient progress or responses to treatments.,10
29-1141.00,Registered Nurses,4.A.1.a.2.e.3,Monitor patients following surgeries or other treatments.,11
29-1141.00,Registered Nurses,4.A.1.a.2.e.5,Monitor health or behavior of people or animals.,25
29-1141.00,Registered Nurses,4.A.1.a.2.e.7,"Monitor patient conditions during treatments, procedures, or activities.",2
29-1141.00,Registered Nurses,4.A.1.b.2.a.8,Test biological specimens to gather information about patient conditions.,24
29-1141.00,Registered Nurses,4.A.1.b.2.i.3,Examine patients to assess general physical condition.,33
29-1141.00,Registered Nurses,4.A.2.a.1.a.2,"Assess patient work, living, or social environments.",27
29-1141.00,Registered Nurses,4.A.2.a.1.f.3,Evaluate patient outcomes to determine effectiveness of treatments.,21
29-1141.00,Registered Nurses,4.A.2.a.4.f.3,Analyze test data or images to inform diagnosis or treatment.,14
29-1141.00,Registered Nurses,4.A.2.b.1.f.2,Diagnose medical conditions.,32
29-1141.00,Registered Nurses,4.A.2.b.2.n.3,Design public or employee health programs.,19
29-1141.00,Registered Nurses,4.A.3.a.2.k.1,Prepare medical supplies or equipment for use.,23
29-1141.00,Registered Nurses,4.A.3.b.6.k.2,Maintain medical facility records.,4
29-1141.00,Registered Nurses,4.A.3.b.6.k.4,Record patient medical histories.,1
29-1141.00,Registered Nurses,4.A.4.a.2.d.1,Inform medical professionals regarding patient conditions and care.,5
29-1141.00,Registered Nurses,4.A.4.a.2.d.5,Collaborate with healthcare professionals to plan or provide treatment.,8
29-1141.00,Registered Nurses,4.A.4.a.3.b.1,Communicate health and wellness information to the public.,20
29-1141.00,Registered Nurses,4.A.4.a.5.a.2,Refer patients to other healthcare practitioners or health resources.,34
29-1141.00,Registered Nurses,4.A.4.a.5.c.3,Administer anesthetics or sedatives to control pain.,28
29-1141.00,Registered Nurses,4.A.4.a.5.c.6,Administer non-intravenous medications.,3
29-1141.00,Registered Nurses,4.A.4.a.5.c.7,Immunize patients.,6
29-1141.00,Registered Nurses,4.A.4.a.5.g.3,Treat medical emergencies.,35
29-1141.00,Registered Nurses,4.A.4.a.5.k.5,Assist healthcare practitioners during examinations or treatments.,29
29-1141.00,Registered Nurses,4.A.4.a.5.k.7,Prepare patients physically for medical procedures.,30
29-1141.00,Registered Nurses,4.A.4.a.5.l.2,"Treat acute illnesses, infections, or injuries.",7
29-1141.00,Registered Nurses,4.A.4.b.3.f.11,Train caregivers or other non-medical personnel.,31
29-1141.00,Registered Nurses,4.A.4.b.4.a.12,Supervise workers providing client or patient services.,26
29-1141.00,Registered Nurses,4.A.4.b.4.a.14,Supervise patient care personnel.,9
29-1141.00,Registered Nurses,4.A.4.b.4.j.23,Direct healthcare delivery programs.,15
29-1141.00,Registered Nurses,4.A.4.b.4.j.38,Manage healthcare operations.,12
29-1141.00,Registered Nurses,4.A.4.b.6.f.1,Advise medical personnel regarding healthcare issues.,13
29-1141.00,Registered Nurses,4.A.4.b.6.f.2,Advise communities or institutions regarding health or safety issues.,36
29-1141.00,Registered Nurses,4.A.4.c.3.a.2,Maintain inventory of medical supplies or equipment.,22
29-1141.00,Registered Nurses,4.A.4.c.3.b.1,Order medical diagnostic or clinical tests.,16
29-1141.00,Registered Nurses,4.A.4.c.3.f.3,Prescribe medications.,18
29-1141.00,Registered Nurses,4.A.4.c.3.f.4,Prescribe assistive medical devices or related treatments.,17
29-1141.01,Acute Care Nurses,4.A.1.a.2.e.1,Monitor patient progress or responses to treatments.,16
29-1141.01,Acute Care Nurses,4.A.1.a.2.e.3,Monitor patients following surgeries or other treatments.,14
29-1141.01,Acute Care Nurses,4.A.1.a.2.e.7,"Monitor patient conditions during treatments, procedures, or activities.",13
29-1141.01,Acute Care Nurses,4.A.2.a.1.a.2,"Assess patient work, living, or social environments.",19
29-1141.01,Acute Care Nurses,4.A.2.a.1.f.2,"Evaluate patient functioning, capabilities, or health.",26
29-1141.01,Acute Care Nurses,4.A.2.a.1.f.4,Evaluate treatment options to guide medical decisions.,25
29-1141.01,Acute Care Nurses,4.A.2.a.4.f.2,Analyze patient data to determine patient needs or treatment goals.,3
29-1141.01,Acute Care Nurses,4.A.2.a.4.f.3,Analyze test data or images to inform diagnosis or treatment.,9
29-1141.01,Acute Care Nurses,4.A.2.b.1.f.2,Diagnose medical conditions.,2
29-1141.01,Acute Care Nurses,4.A.2.b.3.a.12,Maintain medical or professional knowledge.,22
29-1141.01,Acute Care Nurses,4.A.3.a.2.al.1,Collect biological specimens from patients.,12
29-1141.01,Acute Care Nurses,4.A.3.a.2.k.1,Prepare medical supplies or equipment for use.,7
29-1141.01,Acute Care Nurses,4.A.3.a.2.x.1,Adjust prostheses or other assistive devices.,5
29-1141.01,Acute Care Nurses,4.A.3.a.3.d.3,Operate diagnostic or therapeutic medical instruments or equipment.,6
29-1141.01,Acute Care Nurses,4.A.3.b.2.f.2,Establish nursing policies or standards.,27
29-1141.01,Acute Care Nurses,4.A.3.b.6.k.4,Record patient medical histories.,8
29-1141.01,Acute Care Nurses,4.A.4.a.1.e.1,Communicate detailed medical information to patients or family members.,1
29-1141.01,Acute Care Nurses,4.A.4.a.2.d.5,Collaborate with healthcare professionals to plan or provide treatment.,18
29-1141.01,Acute Care Nurses,4.A.4.a.5.a.2,Refer patients to other healthcare practitioners or health resources.,21
29-1141.01,Acute Care Nurses,4.A.4.a.5.c.3,Administer anesthetics or sedatives to control pain.,10
29-1141.01,Acute Care Nurses,4.A.4.a.5.c.9,Administer blood or other fluids intravenously.,11
29-1141.01,Acute Care Nurses,4.A.4.a.5.g.3,Treat medical emergencies.,4
29-1141.01,Acute Care Nurses,4.A.4.a.5.l.2,"Treat acute illnesses, infections, or injuries.",23
29-1141.01,Acute Care Nurses,4.A.4.b.3.f.8,Train medical providers.,24
29-1141.01,Acute Care Nurses,4.A.4.b.6.a.5,Advise patients on healthcare system processes.,28
29-1141.01,Acute Care Nurses,4.A.4.c.1.a.3,Process healthcare paperwork.,15
29-1141.01,Acute Care Nurses,4.A.4.c.3.b.1,Order medical diagnostic or clinical tests.,20
29-1141.01,Acute Care Nurses,4.A.4.c.3.f.3,Prescribe medications.,17
29-1141.02,Advanced Practice Psychiatric Nurses,4.A.1.a.2.e.1,Monitor patient progress or responses to treatments.,4
29-1141.02,Advanced Practice Psychiatric Nurses,4.A.1.b.2.i.3,Examine patients to assess general physical condition.,17
29-1141.02,Advanced Practice Psychiatric Nurses,4.A.2.a.1.f.2,"Evaluate patient functioning, capabilities, or health.",1
29-1141.02,Advanced Practice Psychiatric Nurses,4.A.2.a.4.f.2,Analyze patient data to determine patient needs or treatment goals.,7
29-1141.02,Advanced Practice Psychiatric Nurses,4.A.2.a.4.f.3,Analyze test data or images to inform diagnosis or treatment.,13
29-1141.02,Advanced Practice Psychiatric Nurses,4.A.2.b.1.f.2,Diagnose medical conditions.,2
29-1141.02,Advanced Practice Psychiatric Nurses,4.A.2.b.2.a.2,Develop medical treatment plans.,8
29-1141.02,Advanced Practice Psychiatric Nurses,4.A.2.b.2.n.3,Design public or employee health programs.,21
29-1141.02,Advanced Practice Psychiatric Nurses,4.A.2.b.3.a.12,Maintain medical or professional knowledge.,9
29-1141.02,Advanced Practice Psychiatric Nurses,4.A.3.b.2.f.2,Establish nursing policies or standards.,15
29-1141.02,Advanced Practice Psychiatric Nurses,4.A.3.b.6.k.4,Record patient medical histories.,6
29-1141.02,Advanced Practice Psychiatric Nurses,4.A.4.a.1.e.5,Explain medical procedures or test results to patients or family members.,3
29-1141.02,Advanced Practice Psychiatric Nurses,4.A.4.a.2.d.5,Collaborate with healthcare professionals to plan or provide treatment.,11
29-1141.02,Advanced Practice Psychiatric Nurses,4.A.4.a.5.a.2,Refer patients to other healthcare practitioners or health resources.,12
29-1141.02,Advanced Practice Psychiatric Nurses,4.A.4.a.5.b.1,Treat patients using psychological therapies.,10
29-1141.02,Advanced Practice Psychiatric Nurses,4.A.4.a.5.c.2,Administer basic health care or medical treatments.,18
29-1141.02,Advanced Practice Psychiatric Nurses,4.A.4.a.5.c.5,Provide basic health care services.,19
29-1141.02,Advanced Practice Psychiatric Nurses,4.A.4.a.5.c.8,Administer intravenous medications.,16
29-1141.02,Advanced Practice Psychiatric Nurses,4.A.4.b.2.a.2,Visit individuals in their homes to provide support or information.,20
29-1141.02,Advanced Practice Psychiatric Nurses,4.A.4.b.3.f.9,Teach health management classes.,22
29-1141.02,Advanced Practice Psychiatric Nurses,4.A.4.c.3.a.2,Maintain inventory of medical supplies or equipment.,14
29-1141.02,Advanced Practice Psychiatric Nurses,4.A.4.c.3.f.3,Prescribe medications.,5
29-1141.03,Critical Care Nurses,4.A.1.a.2.e.1,Monitor patient progress or responses to treatments.,4
29-1141.03,Critical Care Nurses,4.A.1.a.2.e.7,"Monitor patient conditions during treatments, procedures, or activities.",2
29-1141.03,Critical Care Nurses,4.A.1.a.2.e.8,Monitor nutrition related activities of individuals or groups.,21
29-1141.03,Critical Care Nurses,4.A.1.b.2.a.1,Test patient heart or lung functioning.,8
29-1141.03,Critical Care Nurses,4.A.1.b.2.g.21,Examine medical instruments or equipment to ensure proper operation.,19
29-1141.03,Critical Care Nurses,4.A.1.b.2.i.1,Check physical condition of people or animals.,28
29-1141.03,Critical Care Nurses,4.A.1.b.2.j.7,Examine condition of property or products.,32
29-1141.03,Critical Care Nurses,4.A.2.a.1.a.2,"Assess patient work, living, or social environments.",16
29-1141.03,Critical Care Nurses,4.A.2.a.1.f.2,"Evaluate patient functioning, capabilities, or health.",22
29-1141.03,Critical Care Nurses,4.A.2.a.4.f.3,Analyze test data or images to inform diagnosis or treatment.,1
29-1141.03,Critical Care Nurses,4.A.2.b.2.a.2,Develop medical treatment plans.,7
29-1141.03,Critical Care Nurses,4.A.2.b.3.a.12,Maintain medical or professional knowledge.,23
29-1141.03,Critical Care Nurses,4.A.3.a.2.al.1,Collect biological specimens from patients.,11
29-1141.03,Critical Care Nurses,4.A.3.a.2.k.1,Prepare medical supplies or equipment for use.,13
29-1141.03,Critical Care Nurses,4.A.3.a.3.d.3,Operate diagnostic or therapeutic medical instruments or equipment.,12
29-1141.03,Critical Care Nurses,4.A.3.a.3.d.4,Operate diagnostic imaging equipment.,18
29-1141.03,Critical Care Nurses,4.A.3.b.2.f.2,Establish nursing policies or standards.,24
29-1141.03,Critical Care Nurses,4.A.3.b.4.f.1,Maintain medical equipment or instruments.,33
29-1141.03,Critical Care Nurses,4.A.3.b.6.k.4,Record patient medical histories.,9
29-1141.03,Critical Care Nurses,4.A.4.a.1.e.2,Confer with family members to discuss client treatment plans or progress.,25
29-1141.03,Critical Care Nurses,4.A.4.a.2.d.2,Confer with other professionals to plan patient care.,26
29-1141.03,Critical Care Nurses,4.A.4.a.2.d.5,Collaborate with healthcare professionals to plan or provide treatment.,10
29-1141.03,Critical Care Nurses,4.A.4.a.5.c.2,Administer basic health care or medical treatments.,27
29-1141.03,Critical Care Nurses,4.A.4.a.5.c.5,Provide basic health care services.,29
29-1141.03,Critical Care Nurses,4.A.4.a.5.c.6,Administer non-intravenous medications.,6
29-1141.03,Critical Care Nurses,4.A.4.a.5.c.8,Administer intravenous medications.,5
29-1141.03,Critical Care Nurses,4.A.4.a.5.c.9,Administer blood or other fluids intravenously.,14
29-1141.03,Critical Care Nurses,4.A.4.a.5.g.3,Treat medical emergencies.,3
29-1141.03,Critical Care Nurses,4.A.4.a.5.k.5,Assist healthcare practitioners during examinations or treatments.,17
29-1141.03,Critical Care Nurses,4.A.4.b.2.a.4,Interact with patients to build rapport or provide emotional support.,15
29-1141.03,Critical Care Nurses,4.A.4.b.3.f.6,Conduct health or safety training programs.,30
29-1141.03,Critical Care Nurses,4.A.4.b.3.f.8,Train medical providers.,31
29-1141.03,Critical Care Nurses,4.A.4.b.4.a.14,Supervise patient care personnel.,20
29-1141.04,Clinical Nurse Specialists,4.A.1.a.1.l.2,"Collect medical information from patients, family members, or other medical professionals.",9
29-1141.04,Clinical Nurse Specialists,4.A.1.a.1.s.1,Conduct research to increase knowledge about medical issues.,18
29-1141.04,Clinical Nurse Specialists,4.A.1.a.2.e.7,"Monitor patient conditions during treatments, procedures, or activities.",13
29-1141.04,Clinical Nurse Specialists,4.A.1.a.2.k.11,Monitor medical facility activities to ensure adherence to standards or regulations.,20
29-1141.04,Clinical Nurse Specialists,4.A.1.b.2.i.3,Examine patients to assess general physical condition.,10
29-1141.04,Clinical Nurse Specialists,4.A.2.a.1.b.1,Evaluate program effectiveness.,8
29-1141.04,Clinical Nurse Specialists,4.A.2.a.1.b.4,Evaluate effectiveness of personnel policies or practices.,7
29-1141.04,Clinical Nurse Specialists,4.A.2.a.1.f.2,"Evaluate patient functioning, capabilities, or health.",12
29-1141.04,Clinical Nurse Specialists,4.A.2.a.3.d.2,Follow protocols or regulations for healthcare activities.,5
29-1141.04,Clinical Nurse Specialists,4.A.2.a.4.f.2,Analyze patient data to determine patient needs or treatment goals.,25
29-1141.04,Clinical Nurse Specialists,4.A.2.b.1.f.2,Diagnose medical conditions.,11
29-1141.04,Clinical Nurse Specialists,4.A.2.b.2.a.2,Develop medical treatment plans.,21
29-1141.04,Clinical Nurse Specialists,4.A.2.b.2.l.8,Develop educational programs.,19
29-1141.04,Clinical Nurse Specialists,4.A.2.b.3.a.12,Maintain medical or professional knowledge.,3
29-1141.04,Clinical Nurse Specialists,4.A.3.b.2.f.13,Develop procedures to evaluate organizational activities.,16
29-1141.04,Clinical Nurse Specialists,4.A.3.b.2.f.2,Establish nursing policies or standards.,4
29-1141.04,Clinical Nurse Specialists,4.A.3.b.6.f.4,Prepare reports summarizing patient diagnostic or care activities.,27
29-1141.04,Clinical Nurse Specialists,4.A.4.a.1.e.1,Communicate detailed medical information to patients or family members.,24
29-1141.04,Clinical Nurse Specialists,4.A.4.a.2.d.5,Collaborate with healthcare professionals to plan or provide treatment.,1
29-1141.04,Clinical Nurse Specialists,4.A.4.a.5.l.2,"Treat acute illnesses, infections, or injuries.",2
29-1141.04,Clinical Nurse Specialists,4.A.4.b.2.a.5,Support the professional development of others.,15
29-1141.04,Clinical Nurse Specialists,4.A.4.b.3.b.2,Teach classes in area of specialization.,26
29-1141.04,Clinical Nurse Specialists,4.A.4.b.3.f.8,Train medical providers.,6
29-1141.04,Clinical Nurse Specialists,4.A.4.b.4.a.14,Supervise patient care personnel.,22
29-1141.04,Clinical Nurse Specialists,4.A.4.b.4.j.38,Manage healthcare operations.,23
29-1141.04,Clinical Nurse Specialists,4.A.4.b.6.f.1,Advise medical personnel regarding healthcare issues.,17
29-1141.04,Clinical Nurse Specialists,4.A.4.c.3.f.3,Prescribe medications.,14
29-1151.00,Nurse Anesthetists,4.A.1.a.1.l.2,"Collect medical information from patients, family members, or other medical professionals.",15
29-1151.00,Nurse Anesthetists,4.A.1.a.2.e.7,"Monitor patient conditions during treatments, procedures, or activities.",4
29-1151.00,Nurse Anesthetists,4.A.1.b.2.g.21,Examine medical instruments or equipment to ensure proper operation.,16
29-1151.00,Nurse Anesthetists,4.A.1.b.2.i.3,Examine patients to assess general physical condition.,17
29-1151.00,Nurse Anesthetists,4.A.2.a.4.f.2,Analyze patient data to determine patient needs or treatment goals.,11
29-1151.00,Nurse Anesthetists,4.A.2.a.4.f.3,Analyze test data or images to inform diagnosis or treatment.,20
29-1151.00,Nurse Anesthetists,4.A.2.b.1.j.8,Select medical equipment for addressing patient needs.,9
29-1151.00,Nurse Anesthetists,4.A.2.b.2.a.2,Develop medical treatment plans.,13
29-1151.00,Nurse Anesthetists,4.A.2.b.3.a.12,Maintain medical or professional knowledge.,25
29-1151.00,Nurse Anesthetists,4.A.3.a.1.a.7,Prepare medications or medical solutions.,7
29-1151.00,Nurse Anesthetists,4.A.3.a.1.i.3,Clean medical equipment or facilities.,27
29-1151.00,Nurse Anesthetists,4.A.3.a.2.al.1,Collect biological specimens from patients.,24
29-1151.00,Nurse Anesthetists,4.A.3.a.2.k.1,Prepare medical supplies or equipment for use.,8
29-1151.00,Nurse Anesthetists,4.A.3.a.3.d.3,Operate diagnostic or therapeutic medical instruments or equipment.,23
29-1151.00,Nurse Anesthetists,4.A.3.a.3.d.4,Operate diagnostic imaging equipment.,21
29-1151.00,Nurse Anesthetists,4.A.3.b.4.f.1,Maintain medical equipment or instruments.,14
29-1151.00,Nurse Anesthetists,4.A.3.b.6.k.4,Record patient medical histories.,18
29-1151.00,Nurse Anesthetists,4.A.4.a.2.d.5,Collaborate with healthcare professionals to plan or provide treatment.,19
29-1151.00,Nurse Anesthetists,4.A.4.a.5.c.2,Administer basic health care or medical treatments.,22
29-1151.00,Nurse Anesthetists,4.A.4.a.5.c.3,Administer anesthetics or sedatives to control pain.,10
29-1151.00,Nurse Anesthetists,4.A.4.a.5.c.8,Administer intravenous medications.,2
29-1151.00,Nurse Anesthetists,4.A.4.a.5.c.9,Administer blood or other fluids intravenously.,6
29-1151.00,Nurse Anesthetists,4.A.4.a.5.g.3,Treat medical emergencies.,3
29-1151.00,Nurse Anesthetists,4.A.4.a.5.g.4,Implement advanced life support techniques.,1
29-1151.00,Nurse Anesthetists,4.A.4.b.3.f.8,Train medical providers.,26
29-1151.00,Nurse Anesthetists,4.A.4.c.1.a.3,Process healthcare paperwork.,12
29-1151.00,Nurse Anesthetists,4.A.4.c.3.f.3,Prescribe medications.,5
29-1161.00,Nurse Midwives,4.A.1.a.1.s.1,Conduct research to increase knowledge about medical issues.,23
29-1161.00,Nurse Midwives,4.A.1.b.2.a.7,Test patient nervous system functioning.,13
29-1161.00,Nurse Midwives,4.A.1.b.2.i.3,Examine patients to assess general physical condition.,2
29-1161.00,Nurse Midwives,4.A.1.b.2.i.5,Measure the physical or physiological attributes of patients.,3
29-1161.00,Nurse Midwives,4.A.2.a.4.f.3,Analyze test data or images to inform diagnosis or treatment.,9
29-1161.00,Nurse Midwives,4.A.2.b.2.a.2,Develop medical treatment plans.,6
29-1161.00,Nurse Midwives,4.A.2.b.3.a.12,Maintain medical or professional knowledge.,18
29-1161.00,Nurse Midwives,4.A.3.b.2.f.2,Establish nursing policies or standards.,21
29-1161.00,Nurse Midwives,4.A.3.b.6.f.4,Prepare reports summarizing patient diagnostic or care activities.,15
29-1161.00,Nurse Midwives,4.A.3.b.6.k.4,Record patient medical histories.,5
29-1161.00,Nurse Midwives,4.A.4.a.1.e.5,Explain medical procedures or test results to patients or family members.,8
29-1161.00,Nurse Midwives,4.A.4.a.2.d.1,Inform medical professionals regarding patient conditions and care.,14
29-1161.00,Nurse Midwives,4.A.4.a.2.d.5,Collaborate with healthcare professionals to plan or provide treatment.,16
29-1161.00,Nurse Midwives,4.A.4.a.5.a.2,Refer patients to other healthcare practitioners or health resources.,17
29-1161.00,Nurse Midwives,4.A.4.a.5.c.2,Administer basic health care or medical treatments.,4
29-1161.00,Nurse Midwives,4.A.4.a.5.c.4,Care for women during pregnancy and childbirth.,1
29-1161.00,Nurse Midwives,4.A.4.a.5.g.3,Treat medical emergencies.,11
29-1161.00,Nurse Midwives,4.A.4.b.3.f.10,Teach medical procedures to healthcare personnel.,20
29-1161.00,Nurse Midwives,4.A.4.b.3.f.6,Conduct health or safety training programs.,22
29-1161.00,Nurse Midwives,4.A.4.b.3.f.8,Train medical providers.,19
29-1161.00,Nurse Midwives,4.A.4.b.6.a.1,"Provide health and wellness advice to patients, program participants, or caregivers.",12
29-1161.00,Nurse Midwives,4.A.4.c.3.b.1,Order medical diagnostic or clinical tests.,10
29-1161.00,Nurse Midwives,4.A.4.c.3.f.3,Prescribe medications.,7
29-1171.00,Nurse Practitioners,4.A.1.a.2.e.7,"Monitor patient conditions during treatments, procedures, or activities.",10
29-1171.00,Nurse Practitioners,4.A.1.b.2.i.3,Examine patients to assess general physical condition.,20
29-1171.00,Nurse Practitioners,4.A.2.a.3.d.2,Follow protocols or regulations for healthcare activities.,22
29-1171.00,Nurse Practitioners,4.A.2.a.4.f.3,Analyze test data or images to inform diagnosis or treatment.,3
29-1171.00,Nurse Practitioners,4.A.2.b.1.f.2,Diagnose medical conditions.,5
29-1171.00,Nurse Practitioners,4.A.2.b.2.a.2,Develop medical treatment plans.,2
29-1171.00,Nurse Practitioners,4.A.2.b.3.a.12,Maintain medical or professional knowledge.,16
29-1171.00,Nurse Practitioners,4.A.2.b.5.c.2,Schedule patient procedures or appointments.,21
29-1171.00,Nurse Practitioners,4.A.3.a.3.d.4,Operate diagnostic imaging equipment.,13
29-1171.00,Nurse Practitioners,4.A.3.b.6.k.4,Record patient medical histories.,1
29-1171.00,Nurse Practitioners,4.A.4.a.1.e.1,Communicate detailed medical information to patients or family members.,4
29-1171.00,Nurse Practitioners,4.A.4.a.2.d.5,Collaborate with healthcare professionals to plan or provide treatment.,18
29-1171.00,Nurse Practitioners,4.A.4.a.5.a.2,Refer patients to other healthcare practitioners or health resources.,17
29-1171.00,Nurse Practitioners,4.A.4.a.5.c.11,"Apply bandages, dressings, or splints.",24
29-1171.00,Nurse Practitioners,4.A.4.a.5.c.7,Immunize patients.,25
29-1171.00,Nurse Practitioners,4.A.4.a.5.g.3,Treat medical emergencies.,7
29-1171.00,Nurse Practitioners,4.A.4.a.5.l.2,"Treat acute illnesses, infections, or injuries.",9
29-1171.00,Nurse Practitioners,4.A.4.a.5.l.7,Treat chronic diseases or disorders.,8
29-1171.00,Nurse Practitioners,4.A.4.a.6.a.1,Advocate for individual or community needs.,23
29-1171.00,Nurse Practitioners,4.A.4.b.3.f.5,"Train patients, family members, or caregivers in techniques for managing disabilities or illnesses.",15
29-1171.00,Nurse Practitioners,4.A.4.b.4.a.14,Supervise patient care personnel.,27
29-1171.00,Nurse Practitioners,4.A.4.b.6.a.1,"Provide health and wellness advice to patients, program participants, or caregivers.",19
29-1171.00,Nurse Practitioners,4.A.4.b.6.a.4,Advise patients on effects of health conditions or treatments.,12
29-1171.00,Nurse Practitioners,4.A.4.b.6.a.5,Advise patients on healthcare system processes.,26
29-1171.00,Nurse Practitioners,4.A.4.c.3.b.1,Order medical diagnostic or clinical tests.,14
29-1171.00,Nurse Practitioners,4.A.4.c.3.f.1,Prescribe treatments or therapies.,11
29-1171.00,Nurse Practitioners,4.A.4.c.3.f.3,Prescribe medications.,6
29-1181.00,Audiologists,4.A.1.a.1.s.1,Conduct research to increase knowledge about medical issues.,19
29-1181.00,Audiologists,4.A.1.a.2.e.1,Monitor patient progress or responses to treatments.,7
29-1181.00,Audiologists,4.A.1.b.2.a.3,Test patient hearing.,6
29-1181.00,Audiologists,4.A.1.b.2.e.5,Inspect work environments to ensure safety.,24
29-1181.00,Audiologists,4.A.1.b.2.i.3,Examine patients to assess general physical condition.,4
29-1181.00,Audiologists,4.A.2.a.4.f.3,Analyze test data or images to inform diagnosis or treatment.,2
29-1181.00,Audiologists,4.A.2.b.2.a.2,Develop medical treatment plans.,16
29-1181.00,Audiologists,4.A.2.b.2.i.1,Develop health assessment methods or programs.,26
29-1181.00,Audiologists,4.A.2.b.3.a.12,Maintain medical or professional knowledge.,9
29-1181.00,Audiologists,4.A.3.a.2.x.1,Adjust prostheses or other assistive devices.,3
29-1181.00,Audiologists,4.A.3.a.3.d.3,Operate diagnostic or therapeutic medical instruments or equipment.,5
29-1181.00,Audiologists,4.A.3.b.1.f.3,Enter patient or treatment data into computers.,14
29-1181.00,Audiologists,4.A.3.b.6.c.10,Present medical research reports.,20
29-1181.00,Audiologists,4.A.3.b.6.k.4,Record patient medical histories.,1
29-1181.00,Audiologists,4.A.4.a.2.d.5,Collaborate with healthcare professionals to plan or provide treatment.,15
29-1181.00,Audiologists,4.A.4.a.3.b.1,Communicate health and wellness information to the public.,22
29-1181.00,Audiologists,4.A.4.a.5.a.2,Refer patients to other healthcare practitioners or health resources.,10
29-1181.00,Audiologists,4.A.4.a.5.c.2,Administer basic health care or medical treatments.,11
29-1181.00,Audiologists,4.A.4.a.6.b.1,Merchandise healthcare products or services.,25
29-1181.00,Audiologists,4.A.4.b.3.f.5,"Train patients, family members, or caregivers in techniques for managing disabilities or illnesses.",8
29-1181.00,Audiologists,4.A.4.b.3.f.6,Conduct health or safety training programs.,23
29-1181.00,Audiologists,4.A.4.b.3.f.8,Train medical providers.,18
29-1181.00,Audiologists,4.A.4.b.4.a.14,Supervise patient care personnel.,17
29-1181.00,Audiologists,4.A.4.b.4.j.38,Manage healthcare operations.,21
29-1181.00,Audiologists,4.A.4.b.6.b.1,Recommend types of assistive devices.,13
29-1181.00,Audiologists,4.A.4.b.6.f.1,Advise medical personnel regarding healthcare issues.,12
29-1211.00,Anesthesiologists,4.A.1.a.1.s.1,Conduct research to increase knowledge about medical issues.,24
29-1211.00,Anesthesiologists,4.A.1.a.2.e.1,Monitor patient progress or responses to treatments.,5
29-1211.00,Anesthesiologists,4.A.1.a.2.e.7,"Monitor patient conditions during treatments, procedures, or activities.",4
29-1211.00,Anesthesiologists,4.A.1.b.2.i.3,Examine patients to assess general physical condition.,1
29-1211.00,Anesthesiologists,4.A.2.b.1.f.2,Diagnose medical conditions.,16
29-1211.00,Anesthesiologists,4.A.2.b.5.a.3,Schedule medical facility use.,23
29-1211.00,Anesthesiologists,4.A.3.a.3.d.5,Operate medical equipment.,13
29-1211.00,Anesthesiologists,4.A.3.b.6.k.4,Record patient medical histories.,3
29-1211.00,Anesthesiologists,4.A.4.a.2.d.5,Collaborate with healthcare professionals to plan or provide treatment.,6
29-1211.00,Anesthesiologists,4.A.4.a.5.a.2,Refer patients to other healthcare practitioners or health resources.,21
29-1211.00,Anesthesiologists,4.A.4.a.5.c.2,Administer basic health care or medical treatments.,11
29-1211.00,Anesthesiologists,4.A.4.a.5.c.3,Administer anesthetics or sedatives to control pain.,2
29-1211.00,Anesthesiologists,4.A.4.a.5.g.4,Implement advanced life support techniques.,9
29-1211.00,Anesthesiologists,4.A.4.a.5.k.4,Position patients for treatment or examination.,7
29-1211.00,Anesthesiologists,4.A.4.a.5.k.7,Prepare patients physically for medical procedures.,10
29-1211.00,Anesthesiologists,4.A.4.b.3.e.5,Teach others to use technology or equipment.,18
29-1211.00,Anesthesiologists,4.A.4.b.3.f.10,Teach medical procedures to healthcare personnel.,17
29-1211.00,Anesthesiologists,4.A.4.b.3.f.8,Train medical providers.,15
29-1211.00,Anesthesiologists,4.A.4.b.4.a.14,Supervise patient care personnel.,8
29-1211.00,Anesthesiologists,4.A.4.b.4.j.23,Direct healthcare delivery programs.,12
29-1211.00,Anesthesiologists,4.A.4.b.6.a.1,"Provide health and wellness advice to patients, program participants, or caregivers.",22
29-1211.00,Anesthesiologists,4.A.4.c.3.b.1,Order medical diagnostic or clinical tests.,14
29-1211.00,Anesthesiologists,4.A.4.c.3.f.1,Prescribe treatments or therapies.,20
29-1211.00,Anesthesiologists,4.A.4.c.3.f.3,Prescribe medications.,19
29-1212.00,Cardiologists,4.A.1.a.1.l.2,"Collect medical information from patients, family members, or other medical professionals.",10
29-1212.00,Cardiologists,4.A.1.a.1.s.1,Conduct research to increase knowledge about medical issues.,12
29-1212.00,Cardiologists,4.A.1.a.2.e.1,Monitor patient progress or responses to treatments.,17
29-1212.00,Cardiologists,4.A.1.b.2.a.1,Test patient heart or lung functioning.,1
29-1212.00,Cardiologists,4.A.1.b.2.a.5,Conduct diagnostic tests to determine patient health.,11
29-1212.00,Cardiologists,4.A.2.a.1.f.1,Assess physical conditions of patients to aid in diagnosis or treatment.,8
29-1212.00,Cardiologists,4.A.2.a.4.f.3,Analyze test data or images to inform diagnosis or treatment.,2
29-1212.00,Cardiologists,4.A.2.a.4.f.5,Calculate numerical data for medical activities.,9
29-1212.00,Cardiologists,4.A.2.b.2.a.2,Develop medical treatment plans.,15
29-1212.00,Cardiologists,4.A.3.a.3.d.3,Operate diagnostic or therapeutic medical instruments or equipment.,3
29-1212.00,Cardiologists,4.A.3.a.3.d.4,Operate diagnostic imaging equipment.,18
29-1212.00,Cardiologists,4.A.3.b.6.k.4,Record patient medical histories.,21
29-1212.00,Cardiologists,4.A.4.a.1.e.3,Confer with clients to discuss treatment plans or progress.,13
29-1212.00,Cardiologists,4.A.4.a.1.e.5,Explain medical procedures or test results to patients or family members.,16
29-1212.00,Cardiologists,4.A.4.a.2.d.2,Confer with other professionals to plan patient care.,14
29-1212.00,Cardiologists,4.A.4.a.5.a.2,Refer patients to other healthcare practitioners or health resources.,22
29-1212.00,Cardiologists,4.A.4.a.5.c.10,Administer medical substances for imaging or other procedures.,6
29-1212.00,Cardiologists,4.A.4.a.5.g.3,Treat medical emergencies.,25
29-1212.00,Cardiologists,4.A.4.a.5.l.3,Operate on patients to treat conditions.,4
29-1212.00,Cardiologists,4.A.4.b.3.f.8,Train medical providers.,24
29-1212.00,Cardiologists,4.A.4.b.4.a.14,Supervise patient care personnel.,23
29-1212.00,Cardiologists,4.A.4.b.6.a.1,"Provide health and wellness advice to patients, program participants, or caregivers.",5
29-1212.00,Cardiologists,4.A.4.b.6.f.2,Advise communities or institutions regarding health or safety issues.,7
29-1212.00,Cardiologists,4.A.4.c.3.b.1,Order medical diagnostic or clinical tests.,19
29-1212.00,Cardiologists,4.A.4.c.3.f.3,Prescribe medications.,20
29-1213.00,Dermatologists,4.A.1.a.1.s.1,Conduct research to increase knowledge about medical issues.,13
29-1213.00,Dermatologists,4.A.1.b.2.i.3,Examine patients to assess general physical condition.,1
29-1213.00,Dermatologists,4.A.2.a.4.f.2,Analyze patient data to determine patient needs or treatment goals.,14
29-1213.00,Dermatologists,4.A.2.b.1.f.2,Diagnose medical conditions.,3
29-1213.00,Dermatologists,4.A.2.b.3.a.12,Maintain medical or professional knowledge.,10
29-1213.00,Dermatologists,4.A.3.b.6.k.4,Record patient medical histories.,7
29-1213.00,Dermatologists,4.A.4.a.5.a.2,Refer patients to other healthcare practitioners or health resources.,11
29-1213.00,Dermatologists,4.A.4.a.5.l.3,Operate on patients to treat conditions.,4
29-1213.00,Dermatologists,4.A.4.a.5.l.7,Treat chronic diseases or disorders.,2
29-1213.00,Dermatologists,4.A.4.b.3.f.8,Train medical providers.,12
29-1213.00,Dermatologists,4.A.4.b.6.a.2,Advise patients on preventive care techniques.,5
29-1213.00,Dermatologists,4.A.4.b.6.f.1,Advise medical personnel regarding healthcare issues.,9
29-1213.00,Dermatologists,4.A.4.c.3.b.1,Order medical diagnostic or clinical tests.,6
29-1213.00,Dermatologists,4.A.4.c.3.f.3,Prescribe medications.,8
29-1214.00,Emergency Medicine Physicians,4.A.1.a.1.l.2,"Collect medical information from patients, family members, or other medical professionals.",16
29-1214.00,Emergency Medicine Physicians,4.A.1.a.2.e.1,Monitor patient progress or responses to treatments.,18
29-1214.00,Emergency Medicine Physicians,4.A.1.a.2.e.7,"Monitor patient conditions during treatments, procedures, or activities.",12
29-1214.00,Emergency Medicine Physicians,4.A.1.b.2.a.5,Conduct diagnostic tests to determine patient health.,3
29-1214.00,Emergency Medicine Physicians,4.A.2.a.1.f.2,"Evaluate patient functioning, capabilities, or health.",10
29-1214.00,Emergency Medicine Physicians,4.A.2.a.1.f.3,Evaluate patient outcomes to determine effectiveness of treatments.,11
29-1214.00,Emergency Medicine Physicians,4.A.2.a.1.f.4,Evaluate treatment options to guide medical decisions.,13
29-1214.00,Emergency Medicine Physicians,4.A.2.a.4.f.2,Analyze patient data to determine patient needs or treatment goals.,1
29-1214.00,Emergency Medicine Physicians,4.A.2.a.4.f.3,Analyze test data or images to inform diagnosis or treatment.,7
29-1214.00,Emergency Medicine Physicians,4.A.2.b.1.f.2,Diagnose medical conditions.,4
29-1214.00,Emergency Medicine Physicians,4.A.3.b.6.k.4,Record patient medical histories.,17
29-1214.00,Emergency Medicine Physicians,4.A.4.a.2.d.2,Confer with other professionals to plan patient care.,8
29-1214.00,Emergency Medicine Physicians,4.A.4.a.5.a.2,Refer patients to other healthcare practitioners or health resources.,19
29-1214.00,Emergency Medicine Physicians,4.A.4.a.5.g.3,Treat medical emergencies.,2
29-1214.00,Emergency Medicine Physicians,4.A.4.a.5.l.3,Operate on patients to treat conditions.,5
29-1214.00,Emergency Medicine Physicians,4.A.4.b.4.a.14,Supervise patient care personnel.,15
29-1214.00,Emergency Medicine Physicians,4.A.4.b.6.a.4,Advise patients on effects of health conditions or treatments.,9
29-1214.00,Emergency Medicine Physicians,4.A.4.c.3.b.1,Order medical diagnostic or clinical tests.,6
29-1214.00,Emergency Medicine Physicians,4.A.4.c.3.f.3,Prescribe medications.,14
29-1215.00,Family Medicine Physicians,4.A.1.a.1.l.2,"Collect medical information from patients, family members, or other medical professionals.",2
29-1215.00,Family Medicine Physicians,4.A.1.a.2.e.1,Monitor patient progress or responses to treatments.,9
29-1215.00,Family Medicine Physicians,4.A.2.a.4.f.3,Analyze test data or images to inform diagnosis or treatment.,1
29-1215.00,Family Medicine Physicians,4.A.2.b.2.n.3,Design public or employee health programs.,15
29-1215.00,Family Medicine Physicians,4.A.3.b.6.f.1,Prepare official health documents or records.,17
29-1215.00,Family Medicine Physicians,4.A.3.b.6.k.4,Record patient medical histories.,7
29-1215.00,Family Medicine Physicians,4.A.4.a.1.e.5,Explain medical procedures or test results to patients or family members.,8
29-1215.00,Family Medicine Physicians,4.A.4.a.2.d.5,Collaborate with healthcare professionals to plan or provide treatment.,14
29-1215.00,Family Medicine Physicians,4.A.4.a.5.a.2,Refer patients to other healthcare practitioners or health resources.,13
29-1215.00,Family Medicine Physicians,4.A.4.a.5.c.7,Immunize patients.,3
29-1215.00,Family Medicine Physicians,4.A.4.b.3.f.8,Train medical providers.,18
29-1215.00,Family Medicine Physicians,4.A.4.b.4.a.14,Supervise patient care personnel.,12
29-1215.00,Family Medicine Physicians,4.A.4.b.4.j.23,Direct healthcare delivery programs.,16
29-1215.00,Family Medicine Physicians,4.A.4.b.6.a.1,"Provide health and wellness advice to patients, program participants, or caregivers.",11
29-1215.00,Family Medicine Physicians,4.A.4.b.6.f.2,Advise communities or institutions regarding health or safety issues.,10
29-1215.00,Family Medicine Physicians,4.A.4.c.3.b.1,Order medical diagnostic or clinical tests.,4
29-1215.00,Family Medicine Physicians,4.A.4.c.3.f.1,Prescribe treatments or therapies.,6
29-1215.00,Family Medicine Physicians,4.A.4.c.3.f.3,Prescribe medications.,5
29-1216.00,General Internal Medicine Physicians,4.A.1.a.1.l.2,"Collect medical information from patients, family members, or other medical professionals.",13
29-1216.00,General Internal Medicine Physicians,4.A.1.a.1.s.1,Conduct research to increase knowledge about medical issues.,18
29-1216.00,General Internal Medicine Physicians,4.A.1.a.2.e.1,Monitor patient progress or responses to treatments.,11
29-1216.00,General Internal Medicine Physicians,4.A.2.a.4.f.3,Analyze test data or images to inform diagnosis or treatment.,1
29-1216.00,General Internal Medicine Physicians,4.A.2.b.1.f.2,Diagnose medical conditions.,7
29-1216.00,General Internal Medicine Physicians,4.A.2.b.2.n.3,Design public or employee health programs.,20
29-1216.00,General Internal Medicine Physicians,4.A.3.b.6.f.1,Prepare official health documents or records.,22
29-1216.00,General Internal Medicine Physicians,4.A.3.b.6.k.4,Record patient medical histories.,14
29-1216.00,General Internal Medicine Physicians,4.A.4.a.1.e.5,Explain medical procedures or test results to patients or family members.,8
29-1216.00,General Internal Medicine Physicians,4.A.4.a.5.a.2,Refer patients to other healthcare practitioners or health resources.,12
29-1216.00,General Internal Medicine Physicians,4.A.4.a.5.c.6,Administer non-intravenous medications.,3
29-1216.00,General Internal Medicine Physicians,4.A.4.a.5.c.7,Immunize patients.,16
29-1216.00,General Internal Medicine Physicians,4.A.4.a.5.l.2,"Treat acute illnesses, infections, or injuries.",6
29-1216.00,General Internal Medicine Physicians,4.A.4.a.5.l.3,Operate on patients to treat conditions.,19
29-1216.00,General Internal Medicine Physicians,4.A.4.a.5.l.7,Treat chronic diseases or disorders.,2
29-1216.00,General Internal Medicine Physicians,4.A.4.b.4.a.14,Supervise patient care personnel.,17
29-1216.00,General Internal Medicine Physicians,4.A.4.b.4.j.23,Direct healthcare delivery programs.,21
29-1216.00,General Internal Medicine Physicians,4.A.4.b.6.a.1,"Provide health and wellness advice to patients, program participants, or caregivers.",10
29-1216.00,General Internal Medicine Physicians,4.A.4.b.6.f.1,Advise medical personnel regarding healthcare issues.,15
29-1216.00,General Internal Medicine Physicians,4.A.4.b.6.f.2,Advise communities or institutions regarding health or safety issues.,9
29-1216.00,General Internal Medicine Physicians,4.A.4.c.3.f.1,Prescribe treatments or therapies.,5
29-1216.00,General Internal Medicine Physicians,4.A.4.c.3.f.3,Prescribe medications.,4
29-1217.00,Neurologists,4.A.1.a.1.l.2,"Collect medical information from patients, family members, or other medical professionals.",1
29-1217.00,Neurologists,4.A.1.a.1.s.1,Conduct research to increase knowledge about medical issues.,23
29-1217.00,Neurologists,4.A.1.a.2.e.7,"Monitor patient conditions during treatments, procedures, or activities.",8
29-1217.00,Neurologists,4.A.1.b.2.a.7,Test patient nervous system functioning.,3
29-1217.00,Neurologists,4.A.1.b.2.i.3,Examine patients to assess general physical condition.,4
29-1217.00,Neurologists,4.A.2.a.4.f.3,Analyze test data or images to inform diagnosis or treatment.,2
29-1217.00,Neurologists,4.A.2.b.1.f.2,Diagnose medical conditions.,6
29-1217.00,Neurologists,4.A.2.b.2.a.2,Develop medical treatment plans.,12
29-1217.00,Neurologists,4.A.2.b.3.a.12,Maintain medical or professional knowledge.,20
29-1217.00,Neurologists,4.A.3.b.6.k.4,Record patient medical histories.,14
29-1217.00,Neurologists,4.A.4.a.1.e.1,Communicate detailed medical information to patients or family members.,11
29-1217.00,Neurologists,4.A.4.a.2.d.1,Inform medical professionals regarding patient conditions and care.,13
29-1217.00,Neurologists,4.A.4.a.2.d.5,Collaborate with healthcare professionals to plan or provide treatment.,16
29-1217.00,Neurologists,4.A.4.a.5.a.2,Refer patients to other healthcare practitioners or health resources.,17
29-1217.00,Neurologists,4.A.4.a.5.c.6,Administer non-intravenous medications.,7
29-1217.00,Neurologists,4.A.4.a.5.l.7,Treat chronic diseases or disorders.,10
29-1217.00,Neurologists,4.A.4.b.3.f.8,Train medical providers.,21
29-1217.00,Neurologists,4.A.4.b.4.a.14,Supervise patient care personnel.,22
29-1217.00,Neurologists,4.A.4.b.6.a.4,Advise patients on effects of health conditions or treatments.,15
29-1217.00,Neurologists,4.A.4.b.6.f.1,Advise medical personnel regarding healthcare issues.,18
29-1217.00,Neurologists,4.A.4.c.3.b.1,Order medical diagnostic or clinical tests.,5
29-1217.00,Neurologists,4.A.4.c.3.f.1,Prescribe treatments or therapies.,19
29-1217.00,Neurologists,4.A.4.c.3.f.3,Prescribe medications.,9
29-1218.00,Obstetricians and Gynecologists,4.A.1.a.1.l.2,"Collect medical information from patients, family members, or other medical professionals.",4
29-1218.00,Obstetricians and Gynecologists,4.A.1.a.1.s.1,Conduct research to increase knowledge about medical issues.,18
29-1218.00,Obstetricians and Gynecologists,4.A.1.a.2.e.1,Monitor patient progress or responses to treatments.,13
29-1218.00,Obstetricians and Gynecologists,4.A.2.a.4.f.3,Analyze test data or images to inform diagnosis or treatment.,1
29-1218.00,Obstetricians and Gynecologists,4.A.2.b.2.n.3,Design public or employee health programs.,19
29-1218.00,Obstetricians and Gynecologists,4.A.3.b.6.f.1,Prepare official health documents or records.,21
29-1218.00,Obstetricians and Gynecologists,4.A.3.b.6.k.4,Record patient medical histories.,6
29-1218.00,Obstetricians and Gynecologists,4.A.4.a.1.e.5,Explain medical procedures or test results to patients or family members.,7
29-1218.00,Obstetricians and Gynecologists,4.A.4.a.2.d.5,Collaborate with healthcare professionals to plan or provide treatment.,12
29-1218.00,Obstetricians and Gynecologists,4.A.4.a.5.a.2,Refer patients to other healthcare practitioners or health resources.,14
29-1218.00,Obstetricians and Gynecologists,4.A.4.a.5.c.4,Care for women during pregnancy and childbirth.,2
29-1218.00,Obstetricians and Gynecologists,4.A.4.a.5.c.6,Administer non-intravenous medications.,8
29-1218.00,Obstetricians and Gynecologists,4.A.4.a.5.l.3,Operate on patients to treat conditions.,5
29-1218.00,Obstetricians and Gynecologists,4.A.4.a.5.l.7,Treat chronic diseases or disorders.,3
29-1218.00,Obstetricians and Gynecologists,4.A.4.b.4.a.14,Supervise patient care personnel.,15
29-1218.00,Obstetricians and Gynecologists,4.A.4.b.4.j.23,Direct healthcare delivery programs.,20
29-1218.00,Obstetricians and Gynecologists,4.A.4.b.6.a.1,"Provide health and wellness advice to patients, program participants, or caregivers.",17
29-1218.00,Obstetricians and Gynecologists,4.A.4.b.6.f.1,Advise medical personnel regarding healthcare issues.,11
29-1218.00,Obstetricians and Gynecologists,4.A.4.b.6.f.2,Advise communities or institutions regarding health or safety issues.,16
29-1218.00,Obstetricians and Gynecologists,4.A.4.c.3.f.1,Prescribe treatments or therapies.,10
29-1218.00,Obstetricians and Gynecologists,4.A.4.c.3.f.3,Prescribe medications.,9
29-1221.00,"Pediatricians, General",4.A.1.a.1.l.2,"Collect medical information from patients, family members, or other medical professionals.",11
29-1221.00,"Pediatricians, General",4.A.1.a.1.s.1,Conduct research to increase knowledge about medical issues.,22
29-1221.00,"Pediatricians, General",4.A.1.a.2.e.1,Monitor patient progress or responses to treatments.,13
29-1221.00,"Pediatricians, General",4.A.1.b.2.i.3,Examine patients to assess general physical condition.,1
29-1221.00,"Pediatricians, General",4.A.2.b.2.n.3,Design public or employee health programs.,15
29-1221.00,"Pediatricians, General",4.A.3.b.6.f.1,Prepare official health documents or records.,23
29-1221.00,"Pediatricians, General",4.A.3.b.6.k.4,Record patient medical histories.,12
29-1221.00,"Pediatricians, General",4.A.4.a.1.e.5,Explain medical procedures or test results to patients or family members.,10
29-1221.00,"Pediatricians, General",4.A.4.a.5.a.2,Refer patients to other healthcare practitioners or health resources.,17
29-1221.00,"Pediatricians, General",4.A.4.a.5.c.6,Administer non-intravenous medications.,2
29-1221.00,"Pediatricians, General",4.A.4.a.5.l.2,"Treat acute illnesses, infections, or injuries.",5
29-1221.00,"Pediatricians, General",4.A.4.a.5.l.3,Operate on patients to treat conditions.,21
29-1221.00,"Pediatricians, General",4.A.4.a.5.l.7,Treat chronic diseases or disorders.,6
29-1221.00,"Pediatricians, General",4.A.4.b.3.b.2,Teach classes in area of specialization.,18
29-1221.00,"Pediatricians, General",4.A.4.b.3.f.10,Teach medical procedures to healthcare personnel.,19
29-1221.00,"Pediatricians, General",4.A.4.b.4.a.14,Supervise patient care personnel.,14
29-1221.00,"Pediatricians, General",4.A.4.b.4.j.23,Direct healthcare delivery programs.,16
29-1221.00,"Pediatricians, General",4.A.4.b.6.a.1,"Provide health and wellness advice to patients, program participants, or caregivers.",9
29-1221.00,"Pediatricians, General",4.A.4.b.6.f.1,Advise medical personnel regarding healthcare issues.,20
29-1221.00,"Pediatricians, General",4.A.4.b.6.f.2,Advise communities or institutions regarding health or safety issues.,8
29-1221.00,"Pediatricians, General",4.A.4.c.3.b.1,Order medical diagnostic or clinical tests.,7
29-1221.00,"Pediatricians, General",4.A.4.c.3.f.1,Prescribe treatments or therapies.,4
29-1221.00,"Pediatricians, General",4.A.4.c.3.f.3,Prescribe medications.,3
29-1222.00,"Physicians, Pathologists",4.A.1.a.1.p.4,Research microbiological or chemical processes or structures.,6
29-1222.00,"Physicians, Pathologists",4.A.1.a.1.s.1,Conduct research to increase knowledge about medical issues.,17
29-1222.00,"Physicians, Pathologists",4.A.1.b.2.a.8,Test biological specimens to gather information about patient conditions.,12
29-1222.00,"Physicians, Pathologists",4.A.2.a.4.f.3,Analyze test data or images to inform diagnosis or treatment.,9
29-1222.00,"Physicians, Pathologists",4.A.2.a.4.f.4,Analyze medical data to determine cause of death.,10
29-1222.00,"Physicians, Pathologists",4.A.2.a.4.j.1,Analyze laboratory specimens to detect abnormalities or other problems.,1
29-1222.00,"Physicians, Pathologists",4.A.2.b.1.f.2,Diagnose medical conditions.,2
29-1222.00,"Physicians, Pathologists",4.A.2.b.2.i.1,Develop health assessment methods or programs.,14
29-1222.00,"Physicians, Pathologists",4.A.2.b.3.a.12,Maintain medical or professional knowledge.,7
29-1222.00,"Physicians, Pathologists",4.A.3.a.2.al.1,Collect biological specimens from patients.,13
29-1222.00,"Physicians, Pathologists",4.A.3.a.3.i.3,Operate laboratory equipment to analyze medical samples.,3
29-1222.00,"Physicians, Pathologists",4.A.3.b.6.c.10,Present medical research reports.,18
29-1222.00,"Physicians, Pathologists",4.A.3.b.6.f.4,Prepare reports summarizing patient diagnostic or care activities.,4
29-1222.00,"Physicians, Pathologists",4.A.4.a.2.d.4,Communicate test or assessment results to medical professionals.,5
29-1222.00,"Physicians, Pathologists",4.A.4.a.2.d.5,Collaborate with healthcare professionals to plan or provide treatment.,8
29-1222.00,"Physicians, Pathologists",4.A.4.a.3.a.1,Testify at legal or legislative proceedings.,19
29-1222.00,"Physicians, Pathologists",4.A.4.b.3.f.8,Train medical providers.,15
29-1222.00,"Physicians, Pathologists",4.A.4.b.4.a.15,Supervise technical medical personnel.,16
29-1222.00,"Physicians, Pathologists",4.A.4.b.4.j.38,Manage healthcare operations.,11
29-1223.00,Psychiatrists,4.A.1.a.1.l.2,"Collect medical information from patients, family members, or other medical professionals.",4
29-1223.00,Psychiatrists,4.A.1.a.1.s.1,Conduct research to increase knowledge about medical issues.,12
29-1223.00,Psychiatrists,4.A.1.b.2.i.3,Examine patients to assess general physical condition.,9
29-1223.00,Psychiatrists,4.A.2.a.4.f.3,Analyze test data or images to inform diagnosis or treatment.,8
29-1223.00,Psychiatrists,4.A.2.a.4.f.6,Analyze quantitative data to determine effectiveness of treatments or therapies.,15
29-1223.00,Psychiatrists,4.A.2.b.2.a.2,Develop medical treatment plans.,10
29-1223.00,Psychiatrists,4.A.2.b.3.a.12,Maintain medical or professional knowledge.,13
29-1223.00,Psychiatrists,4.A.3.b.6.c.10,Present medical research reports.,14
29-1223.00,Psychiatrists,4.A.3.b.6.f.1,Prepare official health documents or records.,16
29-1223.00,Psychiatrists,4.A.3.b.6.f.4,Prepare reports summarizing patient diagnostic or care activities.,17
29-1223.00,Psychiatrists,4.A.3.b.6.k.4,Record patient medical histories.,5
29-1223.00,Psychiatrists,4.A.4.a.1.e.5,Explain medical procedures or test results to patients or family members.,11
29-1223.00,Psychiatrists,4.A.4.a.2.d.5,Collaborate with healthcare professionals to plan or provide treatment.,6
29-1223.00,Psychiatrists,4.A.4.a.5.b.1,Treat patients using psychological therapies.,3
29-1223.00,Psychiatrists,4.A.4.b.4.b.1,Serve on institutional or departmental committees.,18
29-1223.00,Psychiatrists,4.A.4.b.6.a.4,Advise patients on effects of health conditions or treatments.,7
29-1223.00,Psychiatrists,4.A.4.c.3.f.1,Prescribe treatments or therapies.,2
29-1223.00,Psychiatrists,4.A.4.c.3.f.3,Prescribe medications.,1
29-1224.00,Radiologists,4.A.1.a.1.l.1,Gather medical information from patient histories.,8
29-1224.00,Radiologists,4.A.1.a.1.l.2,"Collect medical information from patients, family members, or other medical professionals.",5
29-1224.00,Radiologists,4.A.1.a.2.b.19,Monitor the handling of hazardous materials or medical wastes.,28
29-1224.00,Radiologists,4.A.1.a.2.e.3,Monitor patients following surgeries or other treatments.,11
29-1224.00,Radiologists,4.A.1.a.2.k.5,Verify that medical activities or operations meet standards.,16
29-1224.00,Radiologists,4.A.1.b.2.g.21,Examine medical instruments or equipment to ensure proper operation.,26
29-1224.00,Radiologists,4.A.2.a.1.f.4,Evaluate treatment options to guide medical decisions.,25
29-1224.00,Radiologists,4.A.2.a.2.a.11,Check quality of diagnostic images.,24
29-1224.00,Radiologists,4.A.2.a.2.e.4,Verify accuracy of patient information.,32
29-1224.00,Radiologists,4.A.2.a.4.f.3,Analyze test data or images to inform diagnosis or treatment.,2
29-1224.00,Radiologists,4.A.2.a.4.f.5,Calculate numerical data for medical activities.,23
29-1224.00,Radiologists,4.A.2.b.1.d.11,Determine protocols for medical procedures.,15
29-1224.00,Radiologists,4.A.2.b.2.a.2,Develop medical treatment plans.,19
29-1224.00,Radiologists,4.A.2.b.2.e.1,Develop healthcare quality and safety procedures.,13
29-1224.00,Radiologists,4.A.2.b.3.a.12,Maintain medical or professional knowledge.,20
29-1224.00,Radiologists,4.A.3.a.1.a.7,Prepare medications or medical solutions.,29
29-1224.00,Radiologists,4.A.3.a.3.d.4,Operate diagnostic imaging equipment.,3
29-1224.00,Radiologists,4.A.3.b.6.f.4,Prepare reports summarizing patient diagnostic or care activities.,1
29-1224.00,Radiologists,4.A.3.b.6.k.4,Record patient medical histories.,4
29-1224.00,Radiologists,4.A.4.a.1.e.1,Communicate detailed medical information to patients or family members.,6
29-1224.00,Radiologists,4.A.4.a.1.e.5,Explain medical procedures or test results to patients or family members.,14
29-1224.00,Radiologists,4.A.4.a.2.d.1,Inform medical professionals regarding patient conditions and care.,10
29-1224.00,Radiologists,4.A.4.a.2.d.4,Communicate test or assessment results to medical professionals.,7
29-1224.00,Radiologists,4.A.4.a.2.d.5,Collaborate with healthcare professionals to plan or provide treatment.,18
29-1224.00,Radiologists,4.A.4.a.5.c.10,Administer medical substances for imaging or other procedures.,21
29-1224.00,Radiologists,4.A.4.a.5.l.3,Operate on patients to treat conditions.,12
29-1224.00,Radiologists,4.A.4.b.3.f.8,Train medical providers.,17
29-1224.00,Radiologists,4.A.4.b.4.a.14,Supervise patient care personnel.,31
29-1224.00,Radiologists,4.A.4.b.4.j.38,Manage healthcare operations.,27
29-1224.00,Radiologists,4.A.4.b.6.f.1,Advise medical personnel regarding healthcare issues.,22
29-1224.00,Radiologists,4.A.4.c.1.e.3,"Send information, materials or documentation.",9
29-1224.00,Radiologists,4.A.4.c.3.f.3,Prescribe medications.,30
29-1229.01,Allergists and Immunologists,4.A.1.a.1.s.1,Conduct research to increase knowledge about medical issues.,17
29-1229.01,Allergists and Immunologists,4.A.1.b.2.a.2,Administer screening tests to determine abilities or treatment needs.,12
29-1229.01,Allergists and Immunologists,4.A.1.b.2.a.5,Conduct diagnostic tests to determine patient health.,13
29-1229.01,Allergists and Immunologists,4.A.1.b.2.i.3,Examine patients to assess general physical condition.,9
29-1229.01,Allergists and Immunologists,4.A.2.a.1.f.4,Evaluate treatment options to guide medical decisions.,10
29-1229.01,Allergists and Immunologists,4.A.2.a.4.f.3,Analyze test data or images to inform diagnosis or treatment.,6
29-1229.01,Allergists and Immunologists,4.A.2.b.1.f.2,Diagnose medical conditions.,2
29-1229.01,Allergists and Immunologists,4.A.2.b.2.a.2,Develop medical treatment plans.,8
29-1229.01,Allergists and Immunologists,4.A.2.b.3.a.12,Maintain medical or professional knowledge.,14
29-1229.01,Allergists and Immunologists,4.A.3.b.6.c.10,Present medical research reports.,18
29-1229.01,Allergists and Immunologists,4.A.3.b.6.k.4,Record patient medical histories.,7
29-1229.01,Allergists and Immunologists,4.A.4.a.1.e.5,Explain medical procedures or test results to patients or family members.,3
29-1229.01,Allergists and Immunologists,4.A.4.a.2.d.5,Collaborate with healthcare professionals to plan or provide treatment.,11
29-1229.01,Allergists and Immunologists,4.A.4.a.5.l.7,Treat chronic diseases or disorders.,1
29-1229.01,Allergists and Immunologists,4.A.4.b.3.f.8,Train medical providers.,16
29-1229.01,Allergists and Immunologists,4.A.4.b.6.f.1,Advise medical personnel regarding healthcare issues.,15
29-1229.01,Allergists and Immunologists,4.A.4.c.3.b.1,Order medical diagnostic or clinical tests.,4
29-1229.01,Allergists and Immunologists,4.A.4.c.3.f.3,Prescribe medications.,5
29-1229.02,Hospitalists,4.A.2.a.4.f.3,Analyze test data or images to inform diagnosis or treatment.,4
29-1229.02,Hospitalists,4.A.2.b.1.f.2,Diagnose medical conditions.,1
29-1229.02,Hospitalists,4.A.2.b.2.a.2,Develop medical treatment plans.,7
29-1229.02,Hospitalists,4.A.2.b.3.a.12,Maintain medical or professional knowledge.,12
29-1229.02,Hospitalists,4.A.3.b.6.f.4,Prepare reports summarizing patient diagnostic or care activities.,9
29-1229.02,Hospitalists,4.A.4.a.2.d.1,Inform medical professionals regarding patient conditions and care.,8
29-1229.02,Hospitalists,4.A.4.a.5.a.2,Refer patients to other healthcare practitioners or health resources.,10
29-1229.02,Hospitalists,4.A.4.a.5.l.7,Treat chronic diseases or disorders.,3
29-1229.02,Hospitalists,4.A.4.b.1.g.2,Coordinate safety or regulatory compliance activities.,13
29-1229.02,Hospitalists,4.A.4.b.3.f.8,Train medical providers.,16
29-1229.02,Hospitalists,4.A.4.b.4.a.14,Supervise patient care personnel.,11
29-1229.02,Hospitalists,4.A.4.b.4.g.1,Direct quality control activities.,14
29-1229.02,Hospitalists,4.A.4.b.4.j.38,Manage healthcare operations.,15
29-1229.02,Hospitalists,4.A.4.c.1.a.3,Process healthcare paperwork.,6
29-1229.02,Hospitalists,4.A.4.c.3.b.1,Order medical diagnostic or clinical tests.,5
29-1229.02,Hospitalists,4.A.4.c.3.f.3,Prescribe medications.,2
29-1229.03,Urologists,4.A.1.a.1.l.1,Gather medical information from patient histories.,8
29-1229.03,Urologists,4.A.2.a.4.f.3,Analyze test data or images to inform diagnosis or treatment.,7
29-1229.03,Urologists,4.A.2.b.1.f.2,Diagnose medical conditions.,3
29-1229.03,Urologists,4.A.3.a.3.d.3,Operate diagnostic or therapeutic medical instruments or equipment.,12
29-1229.03,Urologists,4.A.3.a.3.d.4,Operate diagnostic imaging equipment.,4
29-1229.03,Urologists,4.A.3.b.6.k.4,Record patient medical histories.,10
29-1229.03,Urologists,4.A.4.a.5.a.2,Refer patients to other healthcare practitioners or health resources.,15
29-1229.03,Urologists,4.A.4.a.5.c.6,Administer non-intravenous medications.,6
29-1229.03,Urologists,4.A.4.a.5.l.3,Operate on patients to treat conditions.,13
29-1229.03,Urologists,4.A.4.a.5.l.6,Administer cancer treatments.,2
29-1229.03,Urologists,4.A.4.a.5.l.7,Treat chronic diseases or disorders.,1
29-1229.03,Urologists,4.A.4.b.3.f.8,Train medical providers.,16
29-1229.03,Urologists,4.A.4.b.4.a.14,Supervise patient care personnel.,14
29-1229.03,Urologists,4.A.4.b.6.f.1,Advise medical personnel regarding healthcare issues.,11
29-1229.03,Urologists,4.A.4.c.3.b.1,Order medical diagnostic or clinical tests.,9
29-1229.03,Urologists,4.A.4.c.3.f.3,Prescribe medications.,5
29-1229.04,Physical Medicine and Rehabilitation Physicians,4.A.1.a.2.e.1,Monitor patient progress or responses to treatments.,6
29-1229.04,Physical Medicine and Rehabilitation Physicians,4.A.1.a.2.e.7,"Monitor patient conditions during treatments, procedures, or activities.",5
29-1229.04,Physical Medicine and Rehabilitation Physicians,4.A.1.b.2.a.7,Test patient nervous system functioning.,12
29-1229.04,Physical Medicine and Rehabilitation Physicians,4.A.1.b.2.i.3,Examine patients to assess general physical condition.,2
29-1229.04,Physical Medicine and Rehabilitation Physicians,4.A.2.a.1.f.1,Assess physical conditions of patients to aid in diagnosis or treatment.,4
29-1229.04,Physical Medicine and Rehabilitation Physicians,4.A.2.b.1.f.2,Diagnose medical conditions.,10
29-1229.04,Physical Medicine and Rehabilitation Physicians,4.A.2.b.2.a.6,Develop treatment plans that use non-medical therapies.,3
29-1229.04,Physical Medicine and Rehabilitation Physicians,4.A.3.b.6.k.4,Record patient medical histories.,1
29-1229.04,Physical Medicine and Rehabilitation Physicians,4.A.4.a.2.d.5,Collaborate with healthcare professionals to plan or provide treatment.,8
29-1229.04,Physical Medicine and Rehabilitation Physicians,4.A.4.a.5.l.2,"Treat acute illnesses, infections, or injuries.",11
29-1229.04,Physical Medicine and Rehabilitation Physicians,4.A.4.a.5.l.7,Treat chronic diseases or disorders.,7
29-1229.04,Physical Medicine and Rehabilitation Physicians,4.A.4.b.3.f.8,Train medical providers.,14
29-1229.04,Physical Medicine and Rehabilitation Physicians,4.A.4.c.3.f.1,Prescribe treatments or therapies.,13
29-1229.04,Physical Medicine and Rehabilitation Physicians,4.A.4.c.3.f.4,Prescribe assistive medical devices or related treatments.,9
29-1229.05,Preventive Medicine Physicians,4.A.1.a.1.l.1,Gather medical information from patient histories.,3
29-1229.05,Preventive Medicine Physicians,4.A.1.a.1.p.2,Research diseases or parasites.,8
29-1229.05,Preventive Medicine Physicians,4.A.1.a.1.s.1,Conduct research to increase knowledge about medical issues.,6
29-1229.05,Preventive Medicine Physicians,4.A.2.a.4.d.2,Analyze data to identify trends or relationships among variables.,5
29-1229.05,Preventive Medicine Physicians,4.A.2.a.4.f.6,Analyze quantitative data to determine effectiveness of treatments or therapies.,10
29-1229.05,Preventive Medicine Physicians,4.A.2.b.2.a.6,Develop treatment plans that use non-medical therapies.,16
29-1229.05,Preventive Medicine Physicians,4.A.2.b.2.i.1,Develop health assessment methods or programs.,7
29-1229.05,Preventive Medicine Physicians,4.A.2.b.2.n.2,Plan programs to address community health issues.,14
29-1229.05,Preventive Medicine Physicians,4.A.2.b.2.n.3,Design public or employee health programs.,13
29-1229.05,Preventive Medicine Physicians,4.A.3.b.6.c.10,Present medical research reports.,15
29-1229.05,Preventive Medicine Physicians,4.A.3.b.6.k.4,Record patient medical histories.,4
29-1229.05,Preventive Medicine Physicians,4.A.4.a.3.b.1,Communicate health and wellness information to the public.,11
29-1229.05,Preventive Medicine Physicians,4.A.4.b.3.f.8,Train medical providers.,12
29-1229.05,Preventive Medicine Physicians,4.A.4.b.4.a.14,Supervise patient care personnel.,9
29-1229.05,Preventive Medicine Physicians,4.A.4.b.4.j.23,Direct healthcare delivery programs.,2
29-1229.05,Preventive Medicine Physicians,4.A.4.b.4.j.38,Manage healthcare operations.,1
29-1229.06,Sports Medicine Physicians,4.A.1.a.1.s.1,Conduct research to increase knowledge about medical issues.,25
29-1229.06,Sports Medicine Physicians,4.A.1.a.2.e.1,Monitor patient progress or responses to treatments.,19
29-1229.06,Sports Medicine Physicians,4.A.1.b.2.i.3,Examine patients to assess general physical condition.,5
29-1229.06,Sports Medicine Physicians,4.A.2.a.1.f.2,"Evaluate patient functioning, capabilities, or health.",12
29-1229.06,Sports Medicine Physicians,4.A.2.a.4.f.2,Analyze patient data to determine patient needs or treatment goals.,16
29-1229.06,Sports Medicine Physicians,4.A.2.a.4.f.3,Analyze test data or images to inform diagnosis or treatment.,3
29-1229.06,Sports Medicine Physicians,4.A.2.b.1.f.2,Diagnose medical conditions.,2
29-1229.06,Sports Medicine Physicians,4.A.2.b.1.j.8,Select medical equipment for addressing patient needs.,24
29-1229.06,Sports Medicine Physicians,4.A.2.b.2.a.3,Develop exercise or conditioning programs.,27
29-1229.06,Sports Medicine Physicians,4.A.2.b.2.p.1,Develop emergency procedures.,13
29-1229.06,Sports Medicine Physicians,4.A.2.b.3.a.12,Maintain medical or professional knowledge.,18
29-1229.06,Sports Medicine Physicians,4.A.3.a.1.a.7,Prepare medications or medical solutions.,23
29-1229.06,Sports Medicine Physicians,4.A.3.a.2.k.1,Prepare medical supplies or equipment for use.,22
29-1229.06,Sports Medicine Physicians,4.A.3.b.6.k.4,Record patient medical histories.,6
29-1229.06,Sports Medicine Physicians,4.A.4.a.1.e.5,Explain medical procedures or test results to patients or family members.,17
29-1229.06,Sports Medicine Physicians,4.A.4.a.2.d.5,Collaborate with healthcare professionals to plan or provide treatment.,15
29-1229.06,Sports Medicine Physicians,4.A.4.a.5.a.2,Refer patients to other healthcare practitioners or health resources.,7
29-1229.06,Sports Medicine Physicians,4.A.4.a.5.l.2,"Treat acute illnesses, infections, or injuries.",11
29-1229.06,Sports Medicine Physicians,4.A.4.a.5.l.7,Treat chronic diseases or disorders.,1
29-1229.06,Sports Medicine Physicians,4.A.4.b.4.a.12,Supervise workers providing client or patient services.,20
29-1229.06,Sports Medicine Physicians,4.A.4.b.6.a.1,"Provide health and wellness advice to patients, program participants, or caregivers.",10
29-1229.06,Sports Medicine Physicians,4.A.4.b.6.a.4,Advise patients on effects of health conditions or treatments.,26
29-1229.06,Sports Medicine Physicians,4.A.4.b.6.f.4,"Advise athletes, coaches, or trainers on exercise regimens, nutrition, or equipment use.",8
29-1229.06,Sports Medicine Physicians,4.A.4.b.6.f.5,Advise others on healthcare matters.,9
29-1229.06,Sports Medicine Physicians,4.A.4.c.3.b.1,Order medical diagnostic or clinical tests.,4
29-1229.06,Sports Medicine Physicians,4.A.4.c.3.f.1,Prescribe treatments or therapies.,28
29-1229.06,Sports Medicine Physicians,4.A.4.c.3.f.3,Prescribe medications.,14
29-1229.06,Sports Medicine Physicians,4.A.4.c.3.f.4,Prescribe assistive medical devices or related treatments.,21
29-1241.00,"Ophthalmologists, Except Pediatric",4.A.1.a.1.s.1,Conduct research to increase knowledge about medical issues.,19
29-1241.00,"Ophthalmologists, Except Pediatric",4.A.1.a.2.e.3,Monitor patients following surgeries or other treatments.,3
29-1241.00,"Ophthalmologists, Except Pediatric",4.A.1.b.2.a.4,Test patient vision.,1
29-1241.00,"Ophthalmologists, Except Pediatric",4.A.2.a.4.f.3,Analyze test data or images to inform diagnosis or treatment.,9
29-1241.00,"Ophthalmologists, Except Pediatric",4.A.2.b.1.f.2,Diagnose medical conditions.,2
29-1241.00,"Ophthalmologists, Except Pediatric",4.A.2.b.2.a.2,Develop medical treatment plans.,5
29-1241.00,"Ophthalmologists, Except Pediatric",4.A.3.b.6.k.4,Record patient medical histories.,12
29-1241.00,"Ophthalmologists, Except Pediatric",4.A.4.a.2.d.5,Collaborate with healthcare professionals to plan or provide treatment.,15
29-1241.00,"Ophthalmologists, Except Pediatric",4.A.4.a.5.a.2,Refer patients to other healthcare practitioners or health resources.,14
29-1241.00,"Ophthalmologists, Except Pediatric",4.A.4.a.5.c.6,Administer non-intravenous medications.,7
29-1241.00,"Ophthalmologists, Except Pediatric",4.A.4.a.5.l.3,Operate on patients to treat conditions.,6
29-1241.00,"Ophthalmologists, Except Pediatric",4.A.4.a.5.l.7,Treat chronic diseases or disorders.,4
29-1241.00,"Ophthalmologists, Except Pediatric",4.A.4.b.3.f.8,Train medical providers.,18
29-1241.00,"Ophthalmologists, Except Pediatric",4.A.4.b.6.a.1,"Provide health and wellness advice to patients, program participants, or caregivers.",11
29-1241.00,"Ophthalmologists, Except Pediatric",4.A.4.b.6.f.1,Advise medical personnel regarding healthcare issues.,13
29-1241.00,"Ophthalmologists, Except Pediatric",4.A.4.c.3.b.1,Order medical diagnostic or clinical tests.,10
29-1241.00,"Ophthalmologists, Except Pediatric",4.A.4.c.3.f.1,Prescribe treatments or therapies.,17
29-1241.00,"Ophthalmologists, Except Pediatric",4.A.4.c.3.f.3,Prescribe medications.,8
29-1241.00,"Ophthalmologists, Except Pediatric",4.A.4.c.3.f.4,Prescribe assistive medical devices or related treatments.,16
29-1242.00,"Orthopedic Surgeons, Except Pediatric",4.A.1.a.1.s.1,Conduct research to increase knowledge about medical issues.,8
29-1242.00,"Orthopedic Surgeons, Except Pediatric",4.A.1.b.2.i.3,Examine patients to assess general physical condition.,9
29-1242.00,"Orthopedic Surgeons, Except Pediatric",4.A.2.a.3.d.2,Follow protocols or regulations for healthcare activities.,10
29-1242.00,"Orthopedic Surgeons, Except Pediatric",4.A.2.a.4.f.2,Analyze patient data to determine patient needs or treatment goals.,5
29-1242.00,"Orthopedic Surgeons, Except Pediatric",4.A.2.a.4.f.3,Analyze test data or images to inform diagnosis or treatment.,6
29-1242.00,"Orthopedic Surgeons, Except Pediatric",4.A.2.b.1.f.2,Diagnose medical conditions.,1
29-1242.00,"Orthopedic Surgeons, Except Pediatric",4.A.2.b.5.c.2,Schedule patient procedures or appointments.,17
29-1242.00,"Orthopedic Surgeons, Except Pediatric",4.A.3.a.1.i.1,Sterilize medical equipment or instruments.,18
29-1242.00,"Orthopedic Surgeons, Except Pediatric",4.A.3.b.6.k.4,Record patient medical histories.,15
29-1242.00,"Orthopedic Surgeons, Except Pediatric",4.A.4.a.5.a.2,Refer patients to other healthcare practitioners or health resources.,16
29-1242.00,"Orthopedic Surgeons, Except Pediatric",4.A.4.a.5.k.6,Assist healthcare practitioners during surgery.,7
29-1242.00,"Orthopedic Surgeons, Except Pediatric",4.A.4.a.5.l.3,Operate on patients to treat conditions.,2
29-1242.00,"Orthopedic Surgeons, Except Pediatric",4.A.4.a.5.l.7,Treat chronic diseases or disorders.,20
29-1242.00,"Orthopedic Surgeons, Except Pediatric",4.A.4.b.4.a.14,Supervise patient care personnel.,19
29-1242.00,"Orthopedic Surgeons, Except Pediatric",4.A.4.b.4.j.38,Manage healthcare operations.,11
29-1242.00,"Orthopedic Surgeons, Except Pediatric",4.A.4.b.6.f.1,Advise medical personnel regarding healthcare issues.,4
29-1242.00,"Orthopedic Surgeons, Except Pediatric",4.A.4.c.3.b.1,Order medical diagnostic or clinical tests.,12
29-1242.00,"Orthopedic Surgeons, Except Pediatric",4.A.4.c.3.e.7,Order medical supplies or equipment.,13
29-1242.00,"Orthopedic Surgeons, Except Pediatric",4.A.4.c.3.f.1,Prescribe treatments or therapies.,14
29-1242.00,"Orthopedic Surgeons, Except Pediatric",4.A.4.c.3.f.3,Prescribe medications.,3
29-1243.00,Pediatric Surgeons,4.A.1.a.1.s.1,Conduct research to increase knowledge about medical issues.,7
29-1243.00,Pediatric Surgeons,4.A.1.a.2.e.1,Monitor patient progress or responses to treatments.,14
29-1243.00,Pediatric Surgeons,4.A.1.b.2.i.3,Examine patients to assess general physical condition.,1
29-1243.00,Pediatric Surgeons,4.A.2.a.3.d.2,Follow protocols or regulations for healthcare activities.,12
29-1243.00,Pediatric Surgeons,4.A.2.a.4.f.2,Analyze patient data to determine patient needs or treatment goals.,4
29-1243.00,Pediatric Surgeons,4.A.2.a.4.f.3,Analyze test data or images to inform diagnosis or treatment.,5
29-1243.00,Pediatric Surgeons,4.A.2.b.1.f.2,Diagnose medical conditions.,10
29-1243.00,Pediatric Surgeons,4.A.2.b.5.c.2,Schedule patient procedures or appointments.,20
29-1243.00,Pediatric Surgeons,4.A.3.a.1.i.1,Sterilize medical equipment or instruments.,21
29-1243.00,Pediatric Surgeons,4.A.3.b.6.k.4,Record patient medical histories.,18
29-1243.00,Pediatric Surgeons,4.A.4.a.1.e.2,Confer with family members to discuss client treatment plans or progress.,8
29-1243.00,Pediatric Surgeons,4.A.4.a.1.e.5,Explain medical procedures or test results to patients or family members.,11
29-1243.00,Pediatric Surgeons,4.A.4.a.2.d.2,Confer with other professionals to plan patient care.,9
29-1243.00,Pediatric Surgeons,4.A.4.a.5.a.2,Refer patients to other healthcare practitioners or health resources.,19
29-1243.00,Pediatric Surgeons,4.A.4.a.5.k.6,Assist healthcare practitioners during surgery.,6
29-1243.00,Pediatric Surgeons,4.A.4.a.5.l.3,Operate on patients to treat conditions.,2
29-1243.00,Pediatric Surgeons,4.A.4.b.4.a.14,Supervise patient care personnel.,22
29-1243.00,Pediatric Surgeons,4.A.4.b.4.j.38,Manage healthcare operations.,13
29-1243.00,Pediatric Surgeons,4.A.4.b.6.f.1,Advise medical personnel regarding healthcare issues.,3
29-1243.00,Pediatric Surgeons,4.A.4.c.3.e.7,Order medical supplies or equipment.,15
29-1243.00,Pediatric Surgeons,4.A.4.c.3.f.1,Prescribe treatments or therapies.,17
29-1243.00,Pediatric Surgeons,4.A.4.c.3.f.3,Prescribe medications.,16
29-1291.00,Acupuncturists,4.A.1.a.1.l.2,"Collect medical information from patients, family members, or other medical professionals.",4
29-1291.00,Acupuncturists,4.A.1.b.2.i.3,Examine patients to assess general physical condition.,10
29-1291.00,Acupuncturists,4.A.2.a.1.f.3,Evaluate patient outcomes to determine effectiveness of treatments.,5
29-1291.00,Acupuncturists,4.A.2.a.1.f.4,Evaluate treatment options to guide medical decisions.,11
29-1291.00,Acupuncturists,4.A.2.a.3.d.2,Follow protocols or regulations for healthcare activities.,1
29-1291.00,Acupuncturists,4.A.2.a.4.f.3,Analyze test data or images to inform diagnosis or treatment.,9
29-1291.00,Acupuncturists,4.A.2.b.2.a.6,Develop treatment plans that use non-medical therapies.,3
29-1291.00,Acupuncturists,4.A.3.a.1.a.7,Prepare medications or medical solutions.,14
29-1291.00,Acupuncturists,4.A.3.b.6.k.4,Record patient medical histories.,7
29-1291.00,Acupuncturists,4.A.4.a.5.b.5,Treat patients using physical therapy techniques.,13
29-1291.00,Acupuncturists,4.A.4.a.5.l.8,Treat patients using alternative medical procedures.,2
29-1291.00,Acupuncturists,4.A.4.b.3.f.5,"Train patients, family members, or caregivers in techniques for managing disabilities or illnesses.",8
29-1291.00,Acupuncturists,4.A.4.b.6.a.4,Advise patients on effects of health conditions or treatments.,12
29-1291.00,Acupuncturists,4.A.4.c.3.f.1,Prescribe treatments or therapies.,6
29-1292.00,Dental Hygienists,4.A.1.b.2.i.4,"Examine mouth, teeth, gums, or related facial structures.",2
29-1292.00,Dental Hygienists,4.A.2.b.3.a.18,Attend training sessions or professional meetings to develop or maintain professional knowledge.,7
29-1292.00,Dental Hygienists,4.A.2.b.3.a.5,Maintain current knowledge related to work activities.,8
29-1292.00,Dental Hygienists,4.A.2.b.5.c.1,Schedule appointments.,11
29-1292.00,Dental Hygienists,4.A.2.b.5.c.2,Schedule patient procedures or appointments.,12
29-1292.00,Dental Hygienists,4.A.3.a.1.i.1,Sterilize medical equipment or instruments.,10
29-1292.00,Dental Hygienists,4.A.3.a.2.q.3,Fabricate medical devices.,15
29-1292.00,Dental Hygienists,4.A.3.a.3.d.1,Process x-rays or other medical images.,6
29-1292.00,Dental Hygienists,4.A.3.a.3.d.3,Operate diagnostic or therapeutic medical instruments or equipment.,4
29-1292.00,Dental Hygienists,4.A.3.b.4.f.1,Maintain medical equipment or instruments.,9
29-1292.00,Dental Hygienists,4.A.3.b.6.k.4,Record patient medical histories.,1
29-1292.00,Dental Hygienists,4.A.4.a.5.c.3,Administer anesthetics or sedatives to control pain.,13
29-1292.00,Dental Hygienists,4.A.4.a.5.l.4,Treat dental problems or diseases.,3
29-1292.00,Dental Hygienists,4.A.4.b.4.j.23,Direct healthcare delivery programs.,14
29-1292.00,Dental Hygienists,4.A.4.b.6.a.1,"Provide health and wellness advice to patients, program participants, or caregivers.",5
29-1299.01,Naturopathic Physicians,4.A.1.a.1.l.1,Gather medical information from patient histories.,15
29-1299.01,Naturopathic Physicians,4.A.1.a.1.l.2,"Collect medical information from patients, family members, or other medical professionals.",7
29-1299.01,Naturopathic Physicians,4.A.1.b.2.i.3,Examine patients to assess general physical condition.,3
29-1299.01,Naturopathic Physicians,4.A.2.a.4.f.3,Analyze test data or images to inform diagnosis or treatment.,8
29-1299.01,Naturopathic Physicians,4.A.2.b.1.f.2,Diagnose medical conditions.,9
29-1299.01,Naturopathic Physicians,4.A.2.b.3.a.12,Maintain medical or professional knowledge.,14
29-1299.01,Naturopathic Physicians,4.A.3.a.2.al.1,Collect biological specimens from patients.,17
29-1299.01,Naturopathic Physicians,4.A.3.b.6.f.1,Prepare official health documents or records.,20
29-1299.01,Naturopathic Physicians,4.A.3.b.6.k.4,Record patient medical histories.,1
29-1299.01,Naturopathic Physicians,4.A.4.a.2.d.5,Collaborate with healthcare professionals to plan or provide treatment.,12
29-1299.01,Naturopathic Physicians,4.A.4.a.5.a.2,Refer patients to other healthcare practitioners or health resources.,11
29-1299.01,Naturopathic Physicians,4.A.4.a.5.b.5,Treat patients using physical therapy techniques.,18
29-1299.01,Naturopathic Physicians,4.A.4.a.5.c.6,Administer non-intravenous medications.,6
29-1299.01,Naturopathic Physicians,4.A.4.a.5.c.7,Immunize patients.,16
29-1299.01,Naturopathic Physicians,4.A.4.a.5.l.2,"Treat acute illnesses, infections, or injuries.",21
29-1299.01,Naturopathic Physicians,4.A.4.a.5.l.3,Operate on patients to treat conditions.,19
29-1299.01,Naturopathic Physicians,4.A.4.a.5.l.8,Treat patients using alternative medical procedures.,10
29-1299.01,Naturopathic Physicians,4.A.4.b.6.a.1,"Provide health and wellness advice to patients, program participants, or caregivers.",4
29-1299.01,Naturopathic Physicians,4.A.4.b.6.a.5,Advise patients on healthcare system processes.,2
29-1299.01,Naturopathic Physicians,4.A.4.c.3.b.1,Order medical diagnostic or clinical tests.,13
29-1299.01,Naturopathic Physicians,4.A.4.c.3.f.3,Prescribe medications.,5
29-1299.02,Orthoptists,4.A.1.a.1.s.1,Conduct research to increase knowledge about medical issues.,13
29-1299.02,Orthoptists,4.A.1.b.2.a.4,Test patient vision.,3
29-1299.02,Orthoptists,4.A.1.b.2.i.3,Examine patients to assess general physical condition.,4
29-1299.02,Orthoptists,4.A.2.a.4.f.3,Analyze test data or images to inform diagnosis or treatment.,7
29-1299.02,Orthoptists,4.A.2.b.1.f.2,Diagnose medical conditions.,2
29-1299.02,Orthoptists,4.A.2.b.2.a.2,Develop medical treatment plans.,5
29-1299.02,Orthoptists,4.A.2.b.2.i.1,Develop health assessment methods or programs.,8
29-1299.02,Orthoptists,4.A.3.b.6.c.10,Present medical research reports.,15
29-1299.02,Orthoptists,4.A.3.b.6.f.4,Prepare reports summarizing patient diagnostic or care activities.,12
29-1299.02,Orthoptists,4.A.4.a.1.e.5,Explain medical procedures or test results to patients or family members.,6
29-1299.02,Orthoptists,4.A.4.a.2.d.5,Collaborate with healthcare professionals to plan or provide treatment.,11
29-1299.02,Orthoptists,4.A.4.a.5.a.2,Refer patients to other healthcare practitioners or health resources.,9
29-1299.02,Orthoptists,4.A.4.a.5.k.5,Assist healthcare practitioners during examinations or treatments.,14
29-1299.02,Orthoptists,4.A.4.a.5.l.7,Treat chronic diseases or disorders.,1
29-1299.02,Orthoptists,4.A.4.b.3.f.8,Train medical providers.,10
29-2011.00,Medical and Clinical Laboratory Technologists,4.A.2.a.4.j.1,Analyze laboratory specimens to detect abnormalities or other problems.,1
29-2011.00,Medical and Clinical Laboratory Technologists,4.A.2.a.4.j.4,Analyze laboratory findings.,2
29-2011.00,Medical and Clinical Laboratory Technologists,4.A.2.b.1.d.11,Determine protocols for medical procedures.,16
29-2011.00,Medical and Clinical Laboratory Technologists,4.A.2.b.2.e.1,Develop healthcare quality and safety procedures.,8
29-2011.00,Medical and Clinical Laboratory Technologists,4.A.3.a.1.i.3,Clean medical equipment or facilities.,5
29-2011.00,Medical and Clinical Laboratory Technologists,4.A.3.a.2.al.1,Collect biological specimens from patients.,3
29-2011.00,Medical and Clinical Laboratory Technologists,4.A.3.a.2.au.1,"Cultivate micro-organisms for study, testing, or medical preparations.",13
29-2011.00,Medical and Clinical Laboratory Technologists,4.A.3.a.2.au.2,Prepare biological specimens for laboratory analysis.,10
29-2011.00,Medical and Clinical Laboratory Technologists,4.A.3.a.2.k.1,Prepare medical supplies or equipment for use.,7
29-2011.00,Medical and Clinical Laboratory Technologists,4.A.3.a.3.i.3,Operate laboratory equipment to analyze medical samples.,9
29-2011.00,Medical and Clinical Laboratory Technologists,4.A.3.b.1.f.3,Enter patient or treatment data into computers.,6
29-2011.00,Medical and Clinical Laboratory Technologists,4.A.3.b.4.f.2,Maintain medical laboratory equipment.,4
29-2011.00,Medical and Clinical Laboratory Technologists,4.A.4.a.1.e.1,Communicate detailed medical information to patients or family members.,14
29-2011.00,Medical and Clinical Laboratory Technologists,4.A.4.a.2.d.4,Communicate test or assessment results to medical professionals.,15
29-2011.00,Medical and Clinical Laboratory Technologists,4.A.4.b.3.f.8,Train medical providers.,12
29-2011.00,Medical and Clinical Laboratory Technologists,4.A.4.b.4.a.15,Supervise technical medical personnel.,11
29-2011.01,Cytogenetic Technologists,4.A.1.a.2.k.11,Monitor medical facility activities to ensure adherence to standards or regulations.,13
29-2011.01,Cytogenetic Technologists,4.A.1.b.2.a.8,Test biological specimens to gather information about patient conditions.,9
29-2011.01,Cytogenetic Technologists,4.A.2.a.4.j.1,Analyze laboratory specimens to detect abnormalities or other problems.,2
29-2011.01,Cytogenetic Technologists,4.A.2.b.1.d.11,Determine protocols for medical procedures.,11
29-2011.01,Cytogenetic Technologists,4.A.2.b.2.e.1,Develop healthcare quality and safety procedures.,12
29-2011.01,Cytogenetic Technologists,4.A.3.a.2.al.1,Collect biological specimens from patients.,3
29-2011.01,Cytogenetic Technologists,4.A.3.a.2.au.2,Prepare biological specimens for laboratory analysis.,1
29-2011.01,Cytogenetic Technologists,4.A.3.a.3.d.2,Create advanced digital images of patients using computer imaging systems.,14
29-2011.01,Cytogenetic Technologists,4.A.3.a.3.i.3,Operate laboratory equipment to analyze medical samples.,6
29-2011.01,Cytogenetic Technologists,4.A.3.b.1.f.3,Enter patient or treatment data into computers.,5
29-2011.01,Cytogenetic Technologists,4.A.3.b.4.f.2,Maintain medical laboratory equipment.,17
29-2011.01,Cytogenetic Technologists,4.A.3.b.6.f.1,Prepare official health documents or records.,7
29-2011.01,Cytogenetic Technologists,4.A.3.b.6.f.4,Prepare reports summarizing patient diagnostic or care activities.,8
29-2011.01,Cytogenetic Technologists,4.A.3.b.6.k.2,Maintain medical facility records.,16
29-2011.01,Cytogenetic Technologists,4.A.3.b.6.l.6,Prepare healthcare training materials.,19
29-2011.01,Cytogenetic Technologists,4.A.4.a.1.e.1,Communicate detailed medical information to patients or family members.,15
29-2011.01,Cytogenetic Technologists,4.A.4.a.2.d.1,Inform medical professionals regarding patient conditions and care.,4
29-2011.01,Cytogenetic Technologists,4.A.4.a.2.d.4,Communicate test or assessment results to medical professionals.,10
29-2011.01,Cytogenetic Technologists,4.A.4.b.3.f.8,Train medical providers.,20
29-2011.01,Cytogenetic Technologists,4.A.4.b.4.a.15,Supervise technical medical personnel.,18
29-2011.02,Cytotechnologists,4.A.1.a.2.k.5,Verify that medical activities or operations meet standards.,7
29-2011.02,Cytotechnologists,4.A.1.b.2.a.8,Test biological specimens to gather information about patient conditions.,5
29-2011.02,Cytotechnologists,4.A.2.a.2.e.4,Verify accuracy of patient information.,2
29-2011.02,Cytotechnologists,4.A.2.a.3.d.2,Follow protocols or regulations for healthcare activities.,6
29-2011.02,Cytotechnologists,4.A.2.a.4.j.1,Analyze laboratory specimens to detect abnormalities or other problems.,1
29-2011.02,Cytotechnologists,4.A.2.b.3.a.12,Maintain medical or professional knowledge.,13
29-2011.02,Cytotechnologists,4.A.3.a.2.au.2,Prepare biological specimens for laboratory analysis.,4
29-2011.02,Cytotechnologists,4.A.3.a.2.i.9,Adjust settings or positions of medical equipment.,9
29-2011.02,Cytotechnologists,4.A.3.b.4.f.2,Maintain medical laboratory equipment.,10
29-2011.02,Cytotechnologists,4.A.3.b.4.f.4,Repair medical facility equipment.,11
29-2011.02,Cytotechnologists,4.A.4.a.2.d.4,Communicate test or assessment results to medical professionals.,3
29-2011.02,Cytotechnologists,4.A.4.a.5.k.5,Assist healthcare practitioners during examinations or treatments.,8
29-2011.02,Cytotechnologists,4.A.4.b.4.a.15,Supervise technical medical personnel.,12
29-2011.04,Histotechnologists,4.A.1.b.2.a.8,Test biological specimens to gather information about patient conditions.,5
29-2011.04,Histotechnologists,4.A.2.a.4.j.1,Analyze laboratory specimens to detect abnormalities or other problems.,10
29-2011.04,Histotechnologists,4.A.2.a.4.j.4,Analyze laboratory findings.,9
29-2011.04,Histotechnologists,4.A.3.a.1.a.7,Prepare medications or medical solutions.,7
29-2011.04,Histotechnologists,4.A.3.a.2.al.1,Collect biological specimens from patients.,2
29-2011.04,Histotechnologists,4.A.3.a.2.au.2,Prepare biological specimens for laboratory analysis.,1
29-2011.04,Histotechnologists,4.A.3.a.3.i.3,Operate laboratory equipment to analyze medical samples.,6
29-2011.04,Histotechnologists,4.A.3.b.4.f.2,Maintain medical laboratory equipment.,8
29-2011.04,Histotechnologists,4.A.3.b.6.h.24,Maintain repair or maintenance records.,4
29-2011.04,Histotechnologists,4.A.4.b.3.f.8,Train medical providers.,12
29-2011.04,Histotechnologists,4.A.4.b.4.a.15,Supervise technical medical personnel.,11
29-2011.04,Histotechnologists,4.A.4.c.3.c.8,Distribute supplies to workers.,3
29-2012.00,Medical and Clinical Laboratory Technicians,4.A.1.b.2.a.8,Test biological specimens to gather information about patient conditions.,8
29-2012.00,Medical and Clinical Laboratory Technicians,4.A.1.b.2.c.1,"Test materials, solutions, or samples.",16
29-2012.00,Medical and Clinical Laboratory Technicians,4.A.1.b.2.c.3,Analyze test results.,1
29-2012.00,Medical and Clinical Laboratory Technicians,4.A.1.b.2.c.7,Test quality of materials or finished products.,17
29-2012.00,Medical and Clinical Laboratory Technicians,4.A.2.a.2.a.6,Evaluate data quality.,3
29-2012.00,Medical and Clinical Laboratory Technicians,4.A.2.a.4.f.3,Analyze test data or images to inform diagnosis or treatment.,18
29-2012.00,Medical and Clinical Laboratory Technicians,4.A.2.a.4.j.1,Analyze laboratory specimens to detect abnormalities or other problems.,5
29-2012.00,Medical and Clinical Laboratory Technicians,4.A.2.a.4.j.4,Analyze laboratory findings.,9
29-2012.00,Medical and Clinical Laboratory Technicians,4.A.2.a.4.l.3,Interpret design or operational test results.,4
29-2012.00,Medical and Clinical Laboratory Technicians,4.A.3.a.1.i.3,Clean medical equipment or facilities.,10
29-2012.00,Medical and Clinical Laboratory Technicians,4.A.3.a.2.al.1,Collect biological specimens from patients.,14
29-2012.00,Medical and Clinical Laboratory Technicians,4.A.3.a.2.au.1,"Cultivate micro-organisms for study, testing, or medical preparations.",15
29-2012.00,Medical and Clinical Laboratory Technicians,4.A.3.a.2.au.2,Prepare biological specimens for laboratory analysis.,13
29-2012.00,Medical and Clinical Laboratory Technicians,4.A.3.a.2.k.1,Prepare medical supplies or equipment for use.,12
29-2012.00,Medical and Clinical Laboratory Technicians,4.A.3.a.3.i.3,Operate laboratory equipment to analyze medical samples.,7
29-2012.00,Medical and Clinical Laboratory Technicians,4.A.3.b.1.f.3,Enter patient or treatment data into computers.,6
29-2012.00,Medical and Clinical Laboratory Technicians,4.A.3.b.4.f.2,Maintain medical laboratory equipment.,11
29-2012.00,Medical and Clinical Laboratory Technicians,4.A.4.a.2.d.1,Inform medical professionals regarding patient conditions and care.,21
29-2012.00,Medical and Clinical Laboratory Technicians,4.A.4.b.3.f.8,Train medical providers.,20
29-2012.00,Medical and Clinical Laboratory Technicians,4.A.4.b.4.a.15,Supervise technical medical personnel.,19
29-2012.00,Medical and Clinical Laboratory Technicians,4.A.4.b.4.g.1,Direct quality control activities.,2
29-2012.01,Histology Technicians,4.A.3.a.2.al.1,Collect biological specimens from patients.,2
29-2012.01,Histology Technicians,4.A.3.a.2.au.2,Prepare biological specimens for laboratory analysis.,1
29-2012.01,Histology Technicians,4.A.3.a.2.h.3,"Prepare materials for preservation, storage, or display.",5
29-2012.01,Histology Technicians,4.A.3.a.3.i.3,Operate laboratory equipment to analyze medical samples.,3
29-2012.01,Histology Technicians,4.A.3.b.4.f.2,Maintain medical laboratory equipment.,4
29-2031.00,Cardiovascular Technologists and Technicians,4.A.1.a.1.l.2,"Collect medical information from patients, family members, or other medical professionals.",8
29-2031.00,Cardiovascular Technologists and Technicians,4.A.1.a.2.a.12,Monitor video displays of medical equipment to ensure proper functioning.,7
29-2031.00,Cardiovascular Technologists and Technicians,4.A.1.a.2.e.7,"Monitor patient conditions during treatments, procedures, or activities.",6
29-2031.00,Cardiovascular Technologists and Technicians,4.A.1.b.2.a.1,Test patient heart or lung functioning.,2
29-2031.00,Cardiovascular Technologists and Technicians,4.A.1.b.2.g.21,Examine medical instruments or equipment to ensure proper operation.,21
29-2031.00,Cardiovascular Technologists and Technicians,4.A.2.a.4.f.3,Analyze test data or images to inform diagnosis or treatment.,4
29-2031.00,Cardiovascular Technologists and Technicians,4.A.2.a.4.f.5,Calculate numerical data for medical activities.,11
29-2031.00,Cardiovascular Technologists and Technicians,4.A.2.b.5.c.2,Schedule patient procedures or appointments.,27
29-2031.00,Cardiovascular Technologists and Technicians,4.A.3.a.2.i.9,Adjust settings or positions of medical equipment.,19
29-2031.00,Cardiovascular Technologists and Technicians,4.A.3.a.2.k.1,Prepare medical supplies or equipment for use.,20
29-2031.00,Cardiovascular Technologists and Technicians,4.A.3.a.3.d.3,Operate diagnostic or therapeutic medical instruments or equipment.,1
29-2031.00,Cardiovascular Technologists and Technicians,4.A.3.a.3.d.4,Operate diagnostic imaging equipment.,12
29-2031.00,Cardiovascular Technologists and Technicians,4.A.3.b.4.f.1,Maintain medical equipment or instruments.,22
29-2031.00,Cardiovascular Technologists and Technicians,4.A.3.b.4.f.4,Repair medical facility equipment.,23
29-2031.00,Cardiovascular Technologists and Technicians,4.A.3.b.6.f.4,Prepare reports summarizing patient diagnostic or care activities.,18
29-2031.00,Cardiovascular Technologists and Technicians,4.A.3.b.6.k.4,Record patient medical histories.,9
29-2031.00,Cardiovascular Technologists and Technicians,4.A.4.a.1.e.5,Explain medical procedures or test results to patients or family members.,3
29-2031.00,Cardiovascular Technologists and Technicians,4.A.4.a.2.d.1,Inform medical professionals regarding patient conditions and care.,13
29-2031.00,Cardiovascular Technologists and Technicians,4.A.4.a.5.c.10,Administer medical substances for imaging or other procedures.,17
29-2031.00,Cardiovascular Technologists and Technicians,4.A.4.a.5.k.4,Position patients for treatment or examination.,14
29-2031.00,Cardiovascular Technologists and Technicians,4.A.4.a.5.k.6,Assist healthcare practitioners during surgery.,10
29-2031.00,Cardiovascular Technologists and Technicians,4.A.4.a.5.k.7,Prepare patients physically for medical procedures.,15
29-2031.00,Cardiovascular Technologists and Technicians,4.A.4.a.5.k.8,Maintain sterile operative fields.,5
29-2031.00,Cardiovascular Technologists and Technicians,4.A.4.b.3.f.8,Train medical providers.,25
29-2031.00,Cardiovascular Technologists and Technicians,4.A.4.b.4.a.14,Supervise patient care personnel.,24
29-2031.00,Cardiovascular Technologists and Technicians,4.A.4.c.1.a.6,Perform clerical work in medical settings.,16
29-2031.00,Cardiovascular Technologists and Technicians,4.A.4.c.3.e.7,Order medical supplies or equipment.,26
29-2032.00,Diagnostic Medical Sonographers,4.A.1.a.1.l.1,Gather medical information from patient histories.,15
29-2032.00,Diagnostic Medical Sonographers,4.A.1.a.1.q.3,Obtain written authorization to perform activities.,30
29-2032.00,Diagnostic Medical Sonographers,4.A.1.a.2.a.12,Monitor video displays of medical equipment to ensure proper functioning.,4
29-2032.00,Diagnostic Medical Sonographers,4.A.1.a.2.e.7,"Monitor patient conditions during treatments, procedures, or activities.",9
29-2032.00,Diagnostic Medical Sonographers,4.A.1.b.2.g.21,Examine medical instruments or equipment to ensure proper operation.,21
29-2032.00,Diagnostic Medical Sonographers,4.A.2.a.4.f.3,Analyze test data or images to inform diagnosis or treatment.,10
29-2032.00,Diagnostic Medical Sonographers,4.A.2.b.5.c.2,Schedule patient procedures or appointments.,19
29-2032.00,Diagnostic Medical Sonographers,4.A.3.a.1.i.3,Clean medical equipment or facilities.,20
29-2032.00,Diagnostic Medical Sonographers,4.A.3.a.2.i.9,Adjust settings or positions of medical equipment.,3
29-2032.00,Diagnostic Medical Sonographers,4.A.3.a.2.k.1,Prepare medical supplies or equipment for use.,29
29-2032.00,Diagnostic Medical Sonographers,4.A.3.a.3.d.1,Process x-rays or other medical images.,2
29-2032.00,Diagnostic Medical Sonographers,4.A.3.a.3.d.2,Create advanced digital images of patients using computer imaging systems.,5
29-2032.00,Diagnostic Medical Sonographers,4.A.3.a.3.d.4,Operate diagnostic imaging equipment.,6
29-2032.00,Diagnostic Medical Sonographers,4.A.3.b.4.f.4,Repair medical facility equipment.,22
29-2032.00,Diagnostic Medical Sonographers,4.A.3.b.6.f.1,Prepare official health documents or records.,1
29-2032.00,Diagnostic Medical Sonographers,4.A.3.b.6.k.2,Maintain medical facility records.,17
29-2032.00,Diagnostic Medical Sonographers,4.A.3.b.6.k.4,Record patient medical histories.,11
29-2032.00,Diagnostic Medical Sonographers,4.A.3.b.6.o.3,Prepare accident or incident reports.,31
29-2032.00,Diagnostic Medical Sonographers,4.A.4.a.1.e.5,Explain medical procedures or test results to patients or family members.,14
29-2032.00,Diagnostic Medical Sonographers,4.A.4.a.2.d.4,Communicate test or assessment results to medical professionals.,8
29-2032.00,Diagnostic Medical Sonographers,4.A.4.a.2.d.5,Collaborate with healthcare professionals to plan or provide treatment.,13
29-2032.00,Diagnostic Medical Sonographers,4.A.4.a.5.g.3,Treat medical emergencies.,26
29-2032.00,Diagnostic Medical Sonographers,4.A.4.a.5.g.4,Implement advanced life support techniques.,25
29-2032.00,Diagnostic Medical Sonographers,4.A.4.a.5.k.4,Position patients for treatment or examination.,7
29-2032.00,Diagnostic Medical Sonographers,4.A.4.a.5.k.6,Assist healthcare practitioners during surgery.,12
29-2032.00,Diagnostic Medical Sonographers,4.A.4.a.5.k.7,Prepare patients physically for medical procedures.,16
29-2032.00,Diagnostic Medical Sonographers,4.A.4.b.3.f.8,Train medical providers.,24
29-2032.00,Diagnostic Medical Sonographers,4.A.4.b.4.a.14,Supervise patient care personnel.,23
29-2032.00,Diagnostic Medical Sonographers,4.A.4.c.1.a.6,Perform clerical work in medical settings.,18
29-2032.00,Diagnostic Medical Sonographers,4.A.4.c.3.a.2,Maintain inventory of medical supplies or equipment.,27
29-2032.00,Diagnostic Medical Sonographers,4.A.4.c.3.e.7,Order medical supplies or equipment.,28
29-2033.00,Nuclear Medicine Technologists,4.A.1.a.1.l.1,Gather medical information from patient histories.,13
29-2033.00,Nuclear Medicine Technologists,4.A.1.a.2.b.19,Monitor the handling of hazardous materials or medical wastes.,12
29-2033.00,Nuclear Medicine Technologists,4.A.1.b.2.g.21,Examine medical instruments or equipment to ensure proper operation.,11
29-2033.00,Nuclear Medicine Technologists,4.A.2.a.3.d.2,Follow protocols or regulations for healthcare activities.,5
29-2033.00,Nuclear Medicine Technologists,4.A.2.a.4.f.5,Calculate numerical data for medical activities.,7
29-2033.00,Nuclear Medicine Technologists,4.A.2.b.1.d.11,Determine protocols for medical procedures.,21
29-2033.00,Nuclear Medicine Technologists,4.A.3.a.1.a.7,Prepare medications or medical solutions.,9
29-2033.00,Nuclear Medicine Technologists,4.A.3.a.2.au.2,Prepare biological specimens for laboratory analysis.,18
29-2033.00,Nuclear Medicine Technologists,4.A.3.a.2.i.9,Adjust settings or positions of medical equipment.,15
29-2033.00,Nuclear Medicine Technologists,4.A.3.a.3.d.1,Process x-rays or other medical images.,4
29-2033.00,Nuclear Medicine Technologists,4.A.3.a.3.d.2,Create advanced digital images of patients using computer imaging systems.,2
29-2033.00,Nuclear Medicine Technologists,4.A.3.a.3.d.4,Operate diagnostic imaging equipment.,3
29-2033.00,Nuclear Medicine Technologists,4.A.3.a.3.i.3,Operate laboratory equipment to analyze medical samples.,17
29-2033.00,Nuclear Medicine Technologists,4.A.3.b.4.f.2,Maintain medical laboratory equipment.,14
29-2033.00,Nuclear Medicine Technologists,4.A.3.b.6.k.4,Record patient medical histories.,6
29-2033.00,Nuclear Medicine Technologists,4.A.4.a.1.e.5,Explain medical procedures or test results to patients or family members.,8
29-2033.00,Nuclear Medicine Technologists,4.A.4.a.5.c.10,Administer medical substances for imaging or other procedures.,1
29-2033.00,Nuclear Medicine Technologists,4.A.4.a.5.k.4,Position patients for treatment or examination.,16
29-2033.00,Nuclear Medicine Technologists,4.A.4.b.3.f.8,Train medical providers.,20
29-2033.00,Nuclear Medicine Technologists,4.A.4.b.4.a.14,Supervise patient care personnel.,19
29-2033.00,Nuclear Medicine Technologists,4.A.4.c.1.a.3,Process healthcare paperwork.,10
29-2034.00,Radiologic Technologists and Technicians,4.A.1.a.1.l.2,"Collect medical information from patients, family members, or other medical professionals.",16
29-2034.00,Radiologic Technologists and Technicians,4.A.1.a.2.e.7,"Monitor patient conditions during treatments, procedures, or activities.",1
29-2034.00,Radiologic Technologists and Technicians,4.A.1.a.2.k.5,Verify that medical activities or operations meet standards.,14
29-2034.00,Radiologic Technologists and Technicians,4.A.1.b.2.g.21,Examine medical instruments or equipment to ensure proper operation.,5
29-2034.00,Radiologic Technologists and Technicians,4.A.2.a.2.a.11,Check quality of diagnostic images.,10
29-2034.00,Radiologic Technologists and Technicians,4.A.2.a.4.f.2,Analyze patient data to determine patient needs or treatment goals.,12
29-2034.00,Radiologic Technologists and Technicians,4.A.2.b.5.c.2,Schedule patient procedures or appointments.,27
29-2034.00,Radiologic Technologists and Technicians,4.A.3.a.1.a.7,Prepare medications or medical solutions.,6
29-2034.00,Radiologic Technologists and Technicians,4.A.3.a.1.m.2,Move patients to or from treatment areas.,25
29-2034.00,Radiologic Technologists and Technicians,4.A.3.a.2.i.9,Adjust settings or positions of medical equipment.,9
29-2034.00,Radiologic Technologists and Technicians,4.A.3.a.2.k.1,Prepare medical supplies or equipment for use.,11
29-2034.00,Radiologic Technologists and Technicians,4.A.3.a.3.d.1,Process x-rays or other medical images.,4
29-2034.00,Radiologic Technologists and Technicians,4.A.3.a.3.d.2,Create advanced digital images of patients using computer imaging systems.,17
29-2034.00,Radiologic Technologists and Technicians,4.A.3.a.3.d.4,Operate diagnostic imaging equipment.,3
29-2034.00,Radiologic Technologists and Technicians,4.A.3.b.1.f.3,Enter patient or treatment data into computers.,20
29-2034.00,Radiologic Technologists and Technicians,4.A.3.b.6.f.4,Prepare reports summarizing patient diagnostic or care activities.,7
29-2034.00,Radiologic Technologists and Technicians,4.A.3.b.6.k.2,Maintain medical facility records.,15
29-2034.00,Radiologic Technologists and Technicians,4.A.3.b.6.k.4,Record patient medical histories.,8
29-2034.00,Radiologic Technologists and Technicians,4.A.4.a.1.e.5,Explain medical procedures or test results to patients or family members.,2
29-2034.00,Radiologic Technologists and Technicians,4.A.4.a.2.d.1,Inform medical professionals regarding patient conditions and care.,18
29-2034.00,Radiologic Technologists and Technicians,4.A.4.a.2.d.5,Collaborate with healthcare professionals to plan or provide treatment.,21
29-2034.00,Radiologic Technologists and Technicians,4.A.4.a.5.i.2,Assist patients with hygiene or daily living activities.,24
29-2034.00,Radiologic Technologists and Technicians,4.A.4.a.5.k.4,Position patients for treatment or examination.,13
29-2034.00,Radiologic Technologists and Technicians,4.A.4.a.5.k.5,Assist healthcare practitioners during examinations or treatments.,19
29-2034.00,Radiologic Technologists and Technicians,4.A.4.b.3.f.8,Train medical providers.,23
29-2034.00,Radiologic Technologists and Technicians,4.A.4.b.4.a.14,Supervise patient care personnel.,22
29-2034.00,Radiologic Technologists and Technicians,4.A.4.b.4.j.38,Manage healthcare operations.,28
29-2034.00,Radiologic Technologists and Technicians,4.A.4.c.1.a.6,Perform clerical work in medical settings.,26
29-2035.00,Magnetic Resonance Imaging Technologists,4.A.1.a.1.b.10,Review work orders or schedules to determine operations or procedures.,4
29-2035.00,Magnetic Resonance Imaging Technologists,4.A.1.a.1.b.8,Review technical documents to plan work.,3
29-2035.00,Magnetic Resonance Imaging Technologists,4.A.1.a.1.l.2,"Collect medical information from patients, family members, or other medical professionals.",1
29-2035.00,Magnetic Resonance Imaging Technologists,4.A.1.b.2.g.21,Examine medical instruments or equipment to ensure proper operation.,13
29-2035.00,Magnetic Resonance Imaging Technologists,4.A.2.a.2.a.11,Check quality of diagnostic images.,11
29-2035.00,Magnetic Resonance Imaging Technologists,4.A.2.a.3.d.2,Follow protocols or regulations for healthcare activities.,2
29-2035.00,Magnetic Resonance Imaging Technologists,4.A.2.b.1.j.8,Select medical equipment for addressing patient needs.,8
29-2035.00,Magnetic Resonance Imaging Technologists,4.A.2.b.5.c.2,Schedule patient procedures or appointments.,25
29-2035.00,Magnetic Resonance Imaging Technologists,4.A.3.a.3.d.1,Process x-rays or other medical images.,24
29-2035.00,Magnetic Resonance Imaging Technologists,4.A.3.a.3.d.2,Create advanced digital images of patients using computer imaging systems.,5
29-2035.00,Magnetic Resonance Imaging Technologists,4.A.3.a.3.d.3,Operate diagnostic or therapeutic medical instruments or equipment.,22
29-2035.00,Magnetic Resonance Imaging Technologists,4.A.3.a.3.d.4,Operate diagnostic imaging equipment.,6
29-2035.00,Magnetic Resonance Imaging Technologists,4.A.3.b.1.b.2,Create electronic data backup to prevent loss of information.,14
29-2035.00,Magnetic Resonance Imaging Technologists,4.A.3.b.1.f.1,Load digital images onto computers or websites.,15
29-2035.00,Magnetic Resonance Imaging Technologists,4.A.3.b.4.f.1,Maintain medical equipment or instruments.,20
29-2035.00,Magnetic Resonance Imaging Technologists,4.A.3.b.4.f.4,Repair medical facility equipment.,21
29-2035.00,Magnetic Resonance Imaging Technologists,4.A.3.b.6.f.4,Prepare reports summarizing patient diagnostic or care activities.,19
29-2035.00,Magnetic Resonance Imaging Technologists,4.A.4.a.1.e.5,Explain medical procedures or test results to patients or family members.,18
29-2035.00,Magnetic Resonance Imaging Technologists,4.A.4.a.2.d.5,Collaborate with healthcare professionals to plan or provide treatment.,17
29-2035.00,Magnetic Resonance Imaging Technologists,4.A.4.a.5.c.10,Administer medical substances for imaging or other procedures.,12
29-2035.00,Magnetic Resonance Imaging Technologists,4.A.4.a.5.j.3,Assist customers to ensure comfort or safety.,7
29-2035.00,Magnetic Resonance Imaging Technologists,4.A.4.a.5.k.4,Position patients for treatment or examination.,10
29-2035.00,Magnetic Resonance Imaging Technologists,4.A.4.a.5.k.7,Prepare patients physically for medical procedures.,9
29-2035.00,Magnetic Resonance Imaging Technologists,4.A.4.b.3.f.8,Train medical providers.,16
29-2035.00,Magnetic Resonance Imaging Technologists,4.A.4.c.3.a.2,Maintain inventory of medical supplies or equipment.,23
29-2036.00,Medical Dosimetrists,4.A.1.a.1.l.2,"Collect medical information from patients, family members, or other medical professionals.",27
29-2036.00,Medical Dosimetrists,4.A.1.a.1.s.1,Conduct research to increase knowledge about medical issues.,2
29-2036.00,Medical Dosimetrists,4.A.1.a.1.t.8,Research new technologies.,31
29-2036.00,Medical Dosimetrists,4.A.1.a.2.b.3,Monitor operational quality or safety.,24
29-2036.00,Medical Dosimetrists,4.A.1.a.2.e.3,Monitor patients following surgeries or other treatments.,28
29-2036.00,Medical Dosimetrists,4.A.2.a.3.d.1,Protect patients or staff members using safety equipment.,9
29-2036.00,Medical Dosimetrists,4.A.2.a.4.f.1,Analyze health-related data.,3
29-2036.00,Medical Dosimetrists,4.A.2.a.4.f.5,Calculate numerical data for medical activities.,4
29-2036.00,Medical Dosimetrists,4.A.2.b.2.a.1,Develop treatment plans for patients or clients.,1
29-2036.00,Medical Dosimetrists,4.A.3.a.2.i.4,Calibrate scientific or technical equipment.,23
29-2036.00,Medical Dosimetrists,4.A.3.a.2.i.5,Adjust equipment to ensure optimal performance.,21
29-2036.00,Medical Dosimetrists,4.A.3.a.2.i.6,Calibrate equipment to specifications.,22
29-2036.00,Medical Dosimetrists,4.A.3.a.2.i.9,Adjust settings or positions of medical equipment.,7
29-2036.00,Medical Dosimetrists,4.A.3.a.2.q.2,Make patient-assistive devices or device models.,25
29-2036.00,Medical Dosimetrists,4.A.3.a.2.q.3,Fabricate medical devices.,20
29-2036.00,Medical Dosimetrists,4.A.3.a.3.d.1,Process x-rays or other medical images.,14
29-2036.00,Medical Dosimetrists,4.A.3.a.3.d.2,Create advanced digital images of patients using computer imaging systems.,5
29-2036.00,Medical Dosimetrists,4.A.3.a.3.d.4,Operate diagnostic imaging equipment.,6
29-2036.00,Medical Dosimetrists,4.A.3.b.6.k.3,Record vital statistics or other health information.,16
29-2036.00,Medical Dosimetrists,4.A.3.b.6.k.5,Maintain medical records.,15
29-2036.00,Medical Dosimetrists,4.A.4.a.2.b.1,Collaborate on research activities with scientists or technical specialists.,10
29-2036.00,Medical Dosimetrists,4.A.4.a.2.c.1,Communicate with other workers to coordinate activities.,12
29-2036.00,Medical Dosimetrists,4.A.4.a.2.d.3,Collaborate with other professionals to assess client needs or plan treatments.,11
29-2036.00,Medical Dosimetrists,4.A.4.a.5.c.10,Administer medical substances for imaging or other procedures.,8
29-2036.00,Medical Dosimetrists,4.A.4.b.3.f.10,Teach medical procedures to healthcare personnel.,18
29-2036.00,Medical Dosimetrists,4.A.4.b.3.f.8,Train medical providers.,26
29-2036.00,Medical Dosimetrists,4.A.4.b.4.a.15,Supervise technical medical personnel.,13
29-2036.00,Medical Dosimetrists,4.A.4.b.6.a.1,"Provide health and wellness advice to patients, program participants, or caregivers.",30
29-2036.00,Medical Dosimetrists,4.A.4.b.6.a.4,Advise patients on effects of health conditions or treatments.,29
29-2036.00,Medical Dosimetrists,4.A.4.b.6.b.1,Recommend types of assistive devices.,17
29-2036.00,Medical Dosimetrists,4.A.4.b.6.f.1,Advise medical personnel regarding healthcare issues.,19
29-2042.00,Emergency Medical Technicians,4.A.1.a.2.e.1,Monitor patient progress or responses to treatments.,10
29-2042.00,Emergency Medical Technicians,4.A.2.a.4.f.2,Analyze patient data to determine patient needs or treatment goals.,3
29-2042.00,Emergency Medical Technicians,4.A.2.b.3.a.12,Maintain medical or professional knowledge.,9
29-2042.00,Emergency Medical Technicians,4.A.3.a.1.i.1,Sterilize medical equipment or instruments.,13
29-2042.00,Emergency Medical Technicians,4.A.3.a.4.a.3,Drive vehicles to transport individuals or equipment.,5
29-2042.00,Emergency Medical Technicians,4.A.3.b.4.f.1,Maintain medical equipment or instruments.,8
29-2042.00,Emergency Medical Technicians,4.A.3.b.6.k.4,Record patient medical histories.,12
29-2042.00,Emergency Medical Technicians,4.A.4.a.2.d.1,Inform medical professionals regarding patient conditions and care.,1
29-2042.00,Emergency Medical Technicians,4.A.4.a.2.d.5,Collaborate with healthcare professionals to plan or provide treatment.,4
29-2042.00,Emergency Medical Technicians,4.A.4.a.5.g.3,Treat medical emergencies.,2
29-2042.00,Emergency Medical Technicians,4.A.4.a.5.k.4,Position patients for treatment or examination.,11
29-2042.00,Emergency Medical Technicians,4.A.4.b.2.a.4,Interact with patients to build rapport or provide emotional support.,6
29-2042.00,Emergency Medical Technicians,4.A.4.c.3.a.2,Maintain inventory of medical supplies or equipment.,7
29-2043.00,Paramedics,4.A.1.a.2.e.1,Monitor patient progress or responses to treatments.,11
29-2043.00,Paramedics,4.A.2.a.4.f.2,Analyze patient data to determine patient needs or treatment goals.,4
29-2043.00,Paramedics,4.A.2.b.3.a.12,Maintain medical or professional knowledge.,10
29-2043.00,Paramedics,4.A.3.a.3.d.3,Operate diagnostic or therapeutic medical instruments or equipment.,6
29-2043.00,Paramedics,4.A.3.b.6.k.4,Record patient medical histories.,12
29-2043.00,Paramedics,4.A.4.a.2.d.1,Inform medical professionals regarding patient conditions and care.,9
29-2043.00,Paramedics,4.A.4.a.2.d.5,Collaborate with healthcare professionals to plan or provide treatment.,3
29-2043.00,Paramedics,4.A.4.a.5.c.6,Administer non-intravenous medications.,8
29-2043.00,Paramedics,4.A.4.a.5.c.8,Administer intravenous medications.,7
29-2043.00,Paramedics,4.A.4.a.5.g.3,Treat medical emergencies.,1
29-2043.00,Paramedics,4.A.4.a.5.g.4,Implement advanced life support techniques.,2
29-2043.00,Paramedics,4.A.4.b.2.a.4,Interact with patients to build rapport or provide emotional support.,5
29-2043.00,Paramedics,4.A.4.b.3.f.10,Teach medical procedures to healthcare personnel.,13
29-2043.00,Paramedics,4.A.4.b.3.f.8,Train medical providers.,14
29-2051.00,Dietetic Technicians,4.A.1.a.1.l.2,"Collect medical information from patients, family members, or other medical professionals.",6
29-2051.00,Dietetic Technicians,4.A.1.a.1.s.1,Conduct research to increase knowledge about medical issues.,17
29-2051.00,Dietetic Technicians,4.A.1.a.2.e.1,Monitor patient progress or responses to treatments.,3
29-2051.00,Dietetic Technicians,4.A.1.a.2.e.8,Monitor nutrition related activities of individuals or groups.,2
29-2051.00,Dietetic Technicians,4.A.1.b.3.b.4,Estimate operational costs.,10
29-2051.00,Dietetic Technicians,4.A.2.a.1.f.2,"Evaluate patient functioning, capabilities, or health.",7
29-2051.00,Dietetic Technicians,4.A.2.a.4.f.2,Analyze patient data to determine patient needs or treatment goals.,5
29-2051.00,Dietetic Technicians,4.A.2.b.1.h.7,"Estimate supplies, ingredients, or staff requirements for food preparation activities.",11
29-2051.00,Dietetic Technicians,4.A.2.b.2.v.1,Develop program goals or plans.,13
29-2051.00,Dietetic Technicians,4.A.2.b.2.v.2,Develop organizational goals or objectives.,12
29-2051.00,Dietetic Technicians,4.A.4.a.2.d.1,Inform medical professionals regarding patient conditions and care.,1
29-2051.00,Dietetic Technicians,4.A.4.a.2.d.3,Collaborate with other professionals to assess client needs or plan treatments.,16
29-2051.00,Dietetic Technicians,4.A.4.a.2.d.5,Collaborate with healthcare professionals to plan or provide treatment.,15
29-2051.00,Dietetic Technicians,4.A.4.a.3.b.1,Communicate health and wellness information to the public.,18
29-2051.00,Dietetic Technicians,4.A.4.a.5.a.2,Refer patients to other healthcare practitioners or health resources.,14
29-2051.00,Dietetic Technicians,4.A.4.b.3.f.8,Train medical providers.,19
29-2051.00,Dietetic Technicians,4.A.4.b.4.a.11,Supervise medical support personnel.,8
29-2051.00,Dietetic Technicians,4.A.4.b.4.j.35,Manage preparation of special meals or diets.,4
29-2051.00,Dietetic Technicians,4.A.4.b.6.a.1,"Provide health and wellness advice to patients, program participants, or caregivers.",9
29-2052.00,Pharmacy Technicians,4.A.2.a.2.e.4,Verify accuracy of patient information.,2
29-2052.00,Pharmacy Technicians,4.A.3.a.1.a.7,Prepare medications or medical solutions.,13
29-2052.00,Pharmacy Technicians,4.A.3.a.1.i.1,Sterilize medical equipment or instruments.,18
29-2052.00,Pharmacy Technicians,4.A.3.a.1.i.3,Clean medical equipment or facilities.,16
29-2052.00,Pharmacy Technicians,4.A.3.a.1.j.5,Deliver items.,20
29-2052.00,Pharmacy Technicians,4.A.3.b.1.f.10,Enter codes or other information into computers.,3
29-2052.00,Pharmacy Technicians,4.A.3.b.1.f.3,Enter patient or treatment data into computers.,5
29-2052.00,Pharmacy Technicians,4.A.3.b.1.f.6,Enter information into databases or software programs.,4
29-2052.00,Pharmacy Technicians,4.A.3.b.4.f.1,Maintain medical equipment or instruments.,17
29-2052.00,Pharmacy Technicians,4.A.3.b.6.k.4,Record patient medical histories.,7
29-2052.00,Pharmacy Technicians,4.A.4.a.3.b.8,Provide information to the general public.,12
29-2052.00,Pharmacy Technicians,4.A.4.a.3.c.8,Provide customers with general information or assistance.,11
29-2052.00,Pharmacy Technicians,4.A.4.a.6.b.1,Merchandise healthcare products or services.,21
29-2052.00,Pharmacy Technicians,4.A.4.b.4.j.29,Arrange delivery of goods or services.,19
29-2052.00,Pharmacy Technicians,4.A.4.c.1.a.6,Perform clerical work in medical settings.,1
29-2052.00,Pharmacy Technicians,4.A.4.c.1.c.1,Operate cash registers.,9
29-2052.00,Pharmacy Technicians,4.A.4.c.1.c.11,Process sales or other transactions.,10
29-2052.00,Pharmacy Technicians,4.A.4.c.1.c.3,Process medical billing information.,6
29-2052.00,Pharmacy Technicians,4.A.4.c.3.a.2,Maintain inventory of medical supplies or equipment.,8
29-2052.00,Pharmacy Technicians,4.A.4.c.3.a.4,Maintain supply or equipment inventories.,14
29-2052.00,Pharmacy Technicians,4.A.4.c.3.g.1,Monitor availability of equipment or supplies.,15
29-2053.00,Psychiatric Technicians,4.A.1.a.1.l.2,"Collect medical information from patients, family members, or other medical professionals.",17
29-2053.00,Psychiatric Technicians,4.A.1.b.2.i.3,Examine patients to assess general physical condition.,10
29-2053.00,Psychiatric Technicians,4.A.3.a.1.m.2,Move patients to or from treatment areas.,20
29-2053.00,Psychiatric Technicians,4.A.3.a.3.d.3,Operate diagnostic or therapeutic medical instruments or equipment.,12
29-2053.00,Psychiatric Technicians,4.A.3.b.6.k.2,Maintain medical facility records.,8
29-2053.00,Psychiatric Technicians,4.A.3.b.6.k.4,Record patient medical histories.,13
29-2053.00,Psychiatric Technicians,4.A.4.a.2.d.1,Inform medical professionals regarding patient conditions and care.,9
29-2053.00,Psychiatric Technicians,4.A.4.a.2.d.5,Collaborate with healthcare professionals to plan or provide treatment.,16
29-2053.00,Psychiatric Technicians,4.A.4.a.5.b.1,Treat patients using psychological therapies.,2
29-2053.00,Psychiatric Technicians,4.A.4.a.5.c.6,Administer non-intravenous medications.,4
29-2053.00,Psychiatric Technicians,4.A.4.a.5.c.8,Administer intravenous medications.,3
29-2053.00,Psychiatric Technicians,4.A.4.a.5.i.2,Assist patients with hygiene or daily living activities.,14
29-2053.00,Psychiatric Technicians,4.A.4.a.5.k.4,Position patients for treatment or examination.,6
29-2053.00,Psychiatric Technicians,4.A.4.a.5.k.5,Assist healthcare practitioners during examinations or treatments.,15
29-2053.00,Psychiatric Technicians,4.A.4.a.5.l.1,Care for patients with mental illnesses.,1
29-2053.00,Psychiatric Technicians,4.A.4.b.2.a.4,Interact with patients to build rapport or provide emotional support.,11
29-2053.00,Psychiatric Technicians,4.A.4.b.2.a.6,Encourage patients or clients to develop life skills.,5
29-2053.00,Psychiatric Technicians,4.A.4.b.3.f.8,Train medical providers.,19
29-2053.00,Psychiatric Technicians,4.A.4.b.3.f.9,Teach health management classes.,18
29-2053.00,Psychiatric Technicians,4.A.4.c.1.a.6,Perform clerical work in medical settings.,21
29-2053.00,Psychiatric Technicians,4.A.4.c.3.a.2,Maintain inventory of medical supplies or equipment.,7
29-2055.00,Surgical Technologists,4.A.1.a.2.b.2,Monitor facilities or operational systems.,11
29-2055.00,Surgical Technologists,4.A.1.a.2.e.7,"Monitor patient conditions during treatments, procedures, or activities.",10
29-2055.00,Surgical Technologists,4.A.2.a.3.d.1,Protect patients or staff members using safety equipment.,7
29-2055.00,Surgical Technologists,4.A.2.b.5.c.1,Schedule appointments.,8
29-2055.00,Surgical Technologists,4.A.2.b.5.c.2,Schedule patient procedures or appointments.,9
29-2055.00,Surgical Technologists,4.A.3.a.1.i.1,Sterilize medical equipment or instruments.,5
29-2055.00,Surgical Technologists,4.A.3.a.1.i.3,Clean medical equipment or facilities.,4
29-2055.00,Surgical Technologists,4.A.3.a.1.l.2,Provide escort or transportation.,19
29-2055.00,Surgical Technologists,4.A.3.a.1.m.2,Move patients to or from treatment areas.,18
29-2055.00,Surgical Technologists,4.A.3.a.2.au.2,Prepare biological specimens for laboratory analysis.,12
29-2055.00,Surgical Technologists,4.A.3.a.2.i.9,Adjust settings or positions of medical equipment.,15
29-2055.00,Surgical Technologists,4.A.3.a.3.d.3,Operate diagnostic or therapeutic medical instruments or equipment.,16
29-2055.00,Surgical Technologists,4.A.3.b.6.k.4,Record patient medical histories.,17
29-2055.00,Surgical Technologists,4.A.4.a.5.c.11,"Apply bandages, dressings, or splints.",13
29-2055.00,Surgical Technologists,4.A.4.a.5.k.4,Position patients for treatment or examination.,6
29-2055.00,Surgical Technologists,4.A.4.a.5.k.6,Assist healthcare practitioners during surgery.,3
29-2055.00,Surgical Technologists,4.A.4.a.5.k.8,Maintain sterile operative fields.,2
29-2055.00,Surgical Technologists,4.A.4.c.3.a.2,Maintain inventory of medical supplies or equipment.,1
29-2055.00,Surgical Technologists,4.A.4.c.3.e.7,Order medical supplies or equipment.,14
29-2056.00,Veterinary Technologists and Technicians,4.A.1.a.2.e.3,Monitor patients following surgeries or other treatments.,3
29-2056.00,Veterinary Technologists and Technicians,4.A.1.a.2.e.7,"Monitor patient conditions during treatments, procedures, or activities.",1
29-2056.00,Veterinary Technologists and Technicians,4.A.1.b.2.a.8,Test biological specimens to gather information about patient conditions.,5
29-2056.00,Veterinary Technologists and Technicians,4.A.2.b.5.c.2,Schedule patient procedures or appointments.,25
29-2056.00,Veterinary Technologists and Technicians,4.A.3.a.1.a.7,Prepare medications or medical solutions.,6
29-2056.00,Veterinary Technologists and Technicians,4.A.3.a.1.i.1,Sterilize medical equipment or instruments.,12
29-2056.00,Veterinary Technologists and Technicians,4.A.3.a.1.i.3,Clean medical equipment or facilities.,11
29-2056.00,Veterinary Technologists and Technicians,4.A.3.a.2.al.1,Collect biological specimens from patients.,16
29-2056.00,Veterinary Technologists and Technicians,4.A.3.a.2.au.2,Prepare biological specimens for laboratory analysis.,19
29-2056.00,Veterinary Technologists and Technicians,4.A.3.a.2.k.1,Prepare medical supplies or equipment for use.,22
29-2056.00,Veterinary Technologists and Technicians,4.A.3.a.3.d.1,Process x-rays or other medical images.,21
29-2056.00,Veterinary Technologists and Technicians,4.A.3.a.3.d.4,Operate diagnostic imaging equipment.,18
29-2056.00,Veterinary Technologists and Technicians,4.A.3.b.4.f.1,Maintain medical equipment or instruments.,23
29-2056.00,Veterinary Technologists and Technicians,4.A.3.b.6.k.2,Maintain medical facility records.,4
29-2056.00,Veterinary Technologists and Technicians,4.A.4.a.1.e.1,Communicate detailed medical information to patients or family members.,17
29-2056.00,Veterinary Technologists and Technicians,4.A.4.a.5.c.11,"Apply bandages, dressings, or splints.",24
29-2056.00,Veterinary Technologists and Technicians,4.A.4.a.5.c.2,Administer basic health care or medical treatments.,15
29-2056.00,Veterinary Technologists and Technicians,4.A.4.a.5.c.3,Administer anesthetics or sedatives to control pain.,2
29-2056.00,Veterinary Technologists and Technicians,4.A.4.a.5.c.6,Administer non-intravenous medications.,7
29-2056.00,Veterinary Technologists and Technicians,4.A.4.a.5.c.7,Immunize patients.,8
29-2056.00,Veterinary Technologists and Technicians,4.A.4.a.5.d.2,Care for animals.,35
29-2056.00,Veterinary Technologists and Technicians,4.A.4.a.5.g.3,Treat medical emergencies.,10
29-2056.00,Veterinary Technologists and Technicians,4.A.4.a.5.i.2,Assist patients with hygiene or daily living activities.,34
29-2056.00,Veterinary Technologists and Technicians,4.A.4.a.5.k.4,Position patients for treatment or examination.,9
29-2056.00,Veterinary Technologists and Technicians,4.A.4.a.5.k.5,Assist healthcare practitioners during examinations or treatments.,13
29-2056.00,Veterinary Technologists and Technicians,4.A.4.a.5.k.7,Prepare patients physically for medical procedures.,20
29-2056.00,Veterinary Technologists and Technicians,4.A.4.a.5.l.4,Treat dental problems or diseases.,14
29-2056.00,Veterinary Technologists and Technicians,4.A.4.a.6.b.1,Merchandise healthcare products or services.,31
29-2056.00,Veterinary Technologists and Technicians,4.A.4.b.3.f.8,Train medical providers.,30
29-2056.00,Veterinary Technologists and Technicians,4.A.4.b.4.a.14,Supervise patient care personnel.,29
29-2056.00,Veterinary Technologists and Technicians,4.A.4.b.6.a.1,"Provide health and wellness advice to patients, program participants, or caregivers.",26
29-2056.00,Veterinary Technologists and Technicians,4.A.4.c.1.a.6,Perform clerical work in medical settings.,32
29-2056.00,Veterinary Technologists and Technicians,4.A.4.c.1.c.3,Process medical billing information.,33
29-2056.00,Veterinary Technologists and Technicians,4.A.4.c.3.a.2,Maintain inventory of medical supplies or equipment.,27
29-2056.00,Veterinary Technologists and Technicians,4.A.4.c.3.e.7,Order medical supplies or equipment.,28
29-2057.00,Ophthalmic Medical Technicians,4.A.1.a.1.l.2,"Collect medical information from patients, family members, or other medical professionals.",2
29-2057.00,Ophthalmic Medical Technicians,4.A.1.a.2.e.3,Monitor patients following surgeries or other treatments.,12
29-2057.00,Ophthalmic Medical Technicians,4.A.1.b.2.a.4,Test patient vision.,3
29-2057.00,Ophthalmic Medical Technicians,4.A.1.b.2.i.5,Measure the physical or physiological attributes of patients.,4
29-2057.00,Ophthalmic Medical Technicians,4.A.3.a.1.i.1,Sterilize medical equipment or instruments.,9
29-2057.00,Ophthalmic Medical Technicians,4.A.3.a.1.i.3,Clean medical equipment or facilities.,8
29-2057.00,Ophthalmic Medical Technicians,4.A.3.a.3.d.3,Operate diagnostic or therapeutic medical instruments or equipment.,5
29-2057.00,Ophthalmic Medical Technicians,4.A.3.b.4.f.1,Maintain medical equipment or instruments.,10
29-2057.00,Ophthalmic Medical Technicians,4.A.3.b.6.k.4,Record patient medical histories.,1
29-2057.00,Ophthalmic Medical Technicians,4.A.4.a.5.c.6,Administer non-intravenous medications.,6
29-2057.00,Ophthalmic Medical Technicians,4.A.4.a.5.f.1,"Fit eyeglasses, contact lenses, or other vision aids.",13
29-2057.00,Ophthalmic Medical Technicians,4.A.4.a.5.k.6,Assist healthcare practitioners during surgery.,7
29-2057.00,Ophthalmic Medical Technicians,4.A.4.b.3.e.2,Instruct patients in the use of assistive equipment.,11
29-2057.00,Ophthalmic Medical Technicians,4.A.4.b.6.b.1,Recommend types of assistive devices.,14
29-2061.00,Licensed Practical and Licensed Vocational Nurses,4.A.1.a.2.e.7,"Monitor patient conditions during treatments, procedures, or activities.",2
29-2061.00,Licensed Practical and Licensed Vocational Nurses,4.A.1.b.2.a.8,Test biological specimens to gather information about patient conditions.,21
29-2061.00,Licensed Practical and Licensed Vocational Nurses,4.A.1.b.2.i.5,Measure the physical or physiological attributes of patients.,3
29-2061.00,Licensed Practical and Licensed Vocational Nurses,4.A.2.a.4.f.6,Analyze quantitative data to determine effectiveness of treatments or therapies.,13
29-2061.00,Licensed Practical and Licensed Vocational Nurses,4.A.2.b.5.c.2,Schedule patient procedures or appointments.,19
29-2061.00,Licensed Practical and Licensed Vocational Nurses,4.A.3.a.1.i.1,Sterilize medical equipment or instruments.,14
29-2061.00,Licensed Practical and Licensed Vocational Nurses,4.A.3.a.1.i.3,Clean medical equipment or facilities.,26
29-2061.00,Licensed Practical and Licensed Vocational Nurses,4.A.3.a.2.al.1,Collect biological specimens from patients.,20
29-2061.00,Licensed Practical and Licensed Vocational Nurses,4.A.3.a.2.k.1,Prepare medical supplies or equipment for use.,15
29-2061.00,Licensed Practical and Licensed Vocational Nurses,4.A.3.a.3.d.3,Operate diagnostic or therapeutic medical instruments or equipment.,16
29-2061.00,Licensed Practical and Licensed Vocational Nurses,4.A.3.b.6.k.2,Maintain medical facility records.,17
29-2061.00,Licensed Practical and Licensed Vocational Nurses,4.A.3.b.6.k.4,Record patient medical histories.,1
29-2061.00,Licensed Practical and Licensed Vocational Nurses,4.A.4.a.1.e.5,Explain medical procedures or test results to patients or family members.,23
29-2061.00,Licensed Practical and Licensed Vocational Nurses,4.A.4.a.2.d.5,Collaborate with healthcare professionals to plan or provide treatment.,12
29-2061.00,Licensed Practical and Licensed Vocational Nurses,4.A.4.a.3.c.11,Answer telephones to direct calls or provide information.,7
29-2061.00,Licensed Practical and Licensed Vocational Nurses,4.A.4.a.3.c.9,"Provide basic information to guests, visitors, or clients.",8
29-2061.00,Licensed Practical and Licensed Vocational Nurses,4.A.4.a.5.b.5,Treat patients using physical therapy techniques.,25
29-2061.00,Licensed Practical and Licensed Vocational Nurses,4.A.4.a.5.c.11,"Apply bandages, dressings, or splints.",6
29-2061.00,Licensed Practical and Licensed Vocational Nurses,4.A.4.a.5.c.2,Administer basic health care or medical treatments.,4
29-2061.00,Licensed Practical and Licensed Vocational Nurses,4.A.4.a.5.c.8,Administer intravenous medications.,5
29-2061.00,Licensed Practical and Licensed Vocational Nurses,4.A.4.a.5.i.2,Assist patients with hygiene or daily living activities.,9
29-2061.00,Licensed Practical and Licensed Vocational Nurses,4.A.4.a.5.k.7,Prepare patients physically for medical procedures.,24
29-2061.00,Licensed Practical and Licensed Vocational Nurses,4.A.4.b.3.f.5,"Train patients, family members, or caregivers in techniques for managing disabilities or illnesses.",11
29-2061.00,Licensed Practical and Licensed Vocational Nurses,4.A.4.b.4.a.14,Supervise patient care personnel.,10
29-2061.00,Licensed Practical and Licensed Vocational Nurses,4.A.4.b.4.j.35,Manage preparation of special meals or diets.,22
29-2061.00,Licensed Practical and Licensed Vocational Nurses,4.A.4.c.1.a.6,Perform clerical work in medical settings.,18
29-2061.00,Licensed Practical and Licensed Vocational Nurses,4.A.4.c.3.a.2,Maintain inventory of medical supplies or equipment.,27
29-2061.00,Licensed Practical and Licensed Vocational Nurses,4.A.4.c.3.e.7,Order medical supplies or equipment.,28
29-2072.00,Medical Records Specialists,4.A.1.a.1.l.2,"Collect medical information from patients, family members, or other medical professionals.",8
29-2072.00,Medical Records Specialists,4.A.1.a.2.k.11,Monitor medical facility activities to ensure adherence to standards or regulations.,2
29-2072.00,Medical Records Specialists,4.A.2.b.3.a.12,Maintain medical or professional knowledge.,13
29-2072.00,Medical Records Specialists,4.A.2.b.5.c.1,Schedule appointments.,14
29-2072.00,Medical Records Specialists,4.A.2.b.5.c.2,Schedule patient procedures or appointments.,15
29-2072.00,Medical Records Specialists,4.A.3.a.1.k.7,Maintain security.,1
29-2072.00,Medical Records Specialists,4.A.3.b.1.f.3,Enter patient or treatment data into computers.,6
29-2072.00,Medical Records Specialists,4.A.3.b.1.f.8,Code data or other information.,7
29-2072.00,Medical Records Specialists,4.A.3.b.6.f.1,Prepare official health documents or records.,12
29-2072.00,Medical Records Specialists,4.A.3.b.6.k.2,Maintain medical facility records.,10
29-2072.00,Medical Records Specialists,4.A.3.b.6.k.4,Record patient medical histories.,9
29-2072.00,Medical Records Specialists,4.A.4.b.1.a.4,Communicate with management or other staff to resolve problems.,5
29-2072.00,Medical Records Specialists,4.A.4.c.1.a.1,Classify materials according to standard systems.,11
29-2072.00,Medical Records Specialists,4.A.4.c.1.a.3,Process healthcare paperwork.,4
29-2072.00,Medical Records Specialists,4.A.4.c.1.a.6,Perform clerical work in medical settings.,3
29-2081.00,"Opticians, Dispensing",4.A.1.a.1.l.1,Gather medical information from patient histories.,13
29-2081.00,"Opticians, Dispensing",4.A.1.b.2.i.5,Measure the physical or physiological attributes of patients.,1
29-2081.00,"Opticians, Dispensing",4.A.2.a.1.f.4,Evaluate treatment options to guide medical decisions.,5
29-2081.00,"Opticians, Dispensing",4.A.2.a.2.e.4,Verify accuracy of patient information.,14
29-2081.00,"Opticians, Dispensing",4.A.2.b.6.b.7,Prepare detailed work plans.,10
29-2081.00,"Opticians, Dispensing",4.A.2.b.6.b.9,Plan production or operational procedures or sequences.,9
29-2081.00,"Opticians, Dispensing",4.A.3.a.2.q.3,Fabricate medical devices.,2
29-2081.00,"Opticians, Dispensing",4.A.3.a.3.d.3,Operate diagnostic or therapeutic medical instruments or equipment.,8
29-2081.00,"Opticians, Dispensing",4.A.3.b.4.f.3,Repair medical or dental assistive devices.,18
29-2081.00,"Opticians, Dispensing",4.A.3.b.6.k.4,Record patient medical histories.,6
29-2081.00,"Opticians, Dispensing",4.A.4.a.5.f.1,"Fit eyeglasses, contact lenses, or other vision aids.",3
29-2081.00,"Opticians, Dispensing",4.A.4.a.6.b.1,Merchandise healthcare products or services.,11
29-2081.00,"Opticians, Dispensing",4.A.4.b.3.e.2,Instruct patients in the use of assistive equipment.,7
29-2081.00,"Opticians, Dispensing",4.A.4.b.3.f.8,Train medical providers.,16
29-2081.00,"Opticians, Dispensing",4.A.4.b.6.b.1,Recommend types of assistive devices.,4
29-2081.00,"Opticians, Dispensing",4.A.4.c.1.a.6,Perform clerical work in medical settings.,12
29-2081.00,"Opticians, Dispensing",4.A.4.c.1.c.3,Process medical billing information.,15
29-2081.00,"Opticians, Dispensing",4.A.4.c.3.e.7,Order medical supplies or equipment.,17
29-2091.00,Orthotists and Prosthetists,4.A.1.a.1.l.2,"Collect medical information from patients, family members, or other medical professionals.",4
29-2091.00,Orthotists and Prosthetists,4.A.1.a.1.s.1,Conduct research to increase knowledge about medical issues.,13
29-2091.00,Orthotists and Prosthetists,4.A.1.b.2.i.3,Examine patients to assess general physical condition.,5
29-2091.00,Orthotists and Prosthetists,4.A.1.b.2.i.5,Measure the physical or physiological attributes of patients.,6
29-2091.00,Orthotists and Prosthetists,4.A.2.b.2.k.4,Design medical devices or appliances.,8
29-2091.00,Orthotists and Prosthetists,4.A.2.b.3.a.12,Maintain medical or professional knowledge.,12
29-2091.00,Orthotists and Prosthetists,4.A.3.a.2.q.3,Fabricate medical devices.,7
29-2091.00,Orthotists and Prosthetists,4.A.3.a.2.x.1,Adjust prostheses or other assistive devices.,1
29-2091.00,Orthotists and Prosthetists,4.A.3.b.6.c.10,Present medical research reports.,14
29-2091.00,Orthotists and Prosthetists,4.A.3.b.6.k.4,Record patient medical histories.,3
29-2091.00,Orthotists and Prosthetists,4.A.4.a.2.d.5,Collaborate with healthcare professionals to plan or provide treatment.,10
29-2091.00,Orthotists and Prosthetists,4.A.4.b.3.e.2,Instruct patients in the use of assistive equipment.,2
29-2091.00,Orthotists and Prosthetists,4.A.4.b.3.f.8,Train medical providers.,11
29-2091.00,Orthotists and Prosthetists,4.A.4.b.4.a.11,Supervise medical support personnel.,9
29-2092.00,Hearing Aid Specialists,4.A.1.b.2.a.3,Test patient hearing.,4
29-2092.00,Hearing Aid Specialists,4.A.2.b.1.f.2,Diagnose medical conditions.,10
29-2092.00,Hearing Aid Specialists,4.A.2.b.3.a.12,Maintain medical or professional knowledge.,12
29-2092.00,Hearing Aid Specialists,4.A.3.a.2.q.3,Fabricate medical devices.,8
29-2092.00,Hearing Aid Specialists,4.A.3.a.2.x.1,Adjust prostheses or other assistive devices.,5
29-2092.00,Hearing Aid Specialists,4.A.3.a.3.d.3,Operate diagnostic or therapeutic medical instruments or equipment.,6
29-2092.00,Hearing Aid Specialists,4.A.3.b.4.f.4,Repair medical facility equipment.,7
29-2092.00,Hearing Aid Specialists,4.A.4.a.5.k.5,Assist healthcare practitioners during examinations or treatments.,9
29-2092.00,Hearing Aid Specialists,4.A.4.a.5.l.7,Treat chronic diseases or disorders.,11
29-2092.00,Hearing Aid Specialists,4.A.4.b.3.e.2,Instruct patients in the use of assistive equipment.,1
29-2092.00,Hearing Aid Specialists,4.A.4.b.6.a.4,Advise patients on effects of health conditions or treatments.,2
29-2092.00,Hearing Aid Specialists,4.A.4.b.6.j.5,Counsel family members of clients or patients.,3
29-2099.01,Neurodiagnostic Technologists,4.A.1.a.1.l.2,"Collect medical information from patients, family members, or other medical professionals.",2
29-2099.01,Neurodiagnostic Technologists,4.A.1.a.1.l.4,Collect information about clients.,3
29-2099.01,Neurodiagnostic Technologists,4.A.1.a.1.s.1,Conduct research to increase knowledge about medical issues.,17
29-2099.01,Neurodiagnostic Technologists,4.A.1.a.2.e.7,"Monitor patient conditions during treatments, procedures, or activities.",4
29-2099.01,Neurodiagnostic Technologists,4.A.1.b.2.a.7,Test patient nervous system functioning.,1
29-2099.01,Neurodiagnostic Technologists,4.A.1.b.2.i.5,Measure the physical or physiological attributes of patients.,11
29-2099.01,Neurodiagnostic Technologists,4.A.2.b.3.a.12,Maintain medical or professional knowledge.,18
29-2099.01,Neurodiagnostic Technologists,4.A.3.a.2.i.9,Adjust settings or positions of medical equipment.,6
29-2099.01,Neurodiagnostic Technologists,4.A.3.a.2.k.1,Prepare medical supplies or equipment for use.,8
29-2099.01,Neurodiagnostic Technologists,4.A.3.a.3.d.3,Operate diagnostic or therapeutic medical instruments or equipment.,7
29-2099.01,Neurodiagnostic Technologists,4.A.3.a.3.d.4,Operate diagnostic imaging equipment.,15
29-2099.01,Neurodiagnostic Technologists,4.A.3.b.4.f.1,Maintain medical equipment or instruments.,13
29-2099.01,Neurodiagnostic Technologists,4.A.3.b.4.f.4,Repair medical facility equipment.,14
29-2099.01,Neurodiagnostic Technologists,4.A.3.b.6.f.4,Prepare reports summarizing patient diagnostic or care activities.,9
29-2099.01,Neurodiagnostic Technologists,4.A.4.a.1.e.5,Explain medical procedures or test results to patients or family members.,5
29-2099.01,Neurodiagnostic Technologists,4.A.4.a.2.d.4,Communicate test or assessment results to medical professionals.,12
29-2099.01,Neurodiagnostic Technologists,4.A.4.a.5.k.7,Prepare patients physically for medical procedures.,10
29-2099.01,Neurodiagnostic Technologists,4.A.4.b.3.f.8,Train medical providers.,16
29-2099.05,Ophthalmic Medical Technologists,4.A.1.a.1.l.2,"Collect medical information from patients, family members, or other medical professionals.",3
29-2099.05,Ophthalmic Medical Technologists,4.A.1.a.2.e.3,Monitor patients following surgeries or other treatments.,18
29-2099.05,Ophthalmic Medical Technologists,4.A.1.b.2.a.4,Test patient vision.,1
29-2099.05,Ophthalmic Medical Technologists,4.A.1.b.2.i.5,Measure the physical or physiological attributes of patients.,4
29-2099.05,Ophthalmic Medical Technologists,4.A.2.a.4.f.5,Calculate numerical data for medical activities.,7
29-2099.05,Ophthalmic Medical Technologists,4.A.2.b.1.f.2,Diagnose medical conditions.,9
29-2099.05,Ophthalmic Medical Technologists,4.A.3.a.1.i.1,Sterilize medical equipment or instruments.,11
29-2099.05,Ophthalmic Medical Technologists,4.A.3.a.1.i.3,Clean medical equipment or facilities.,10
29-2099.05,Ophthalmic Medical Technologists,4.A.3.a.3.d.2,Create advanced digital images of patients using computer imaging systems.,13
29-2099.05,Ophthalmic Medical Technologists,4.A.3.a.3.d.3,Operate diagnostic or therapeutic medical instruments or equipment.,6
29-2099.05,Ophthalmic Medical Technologists,4.A.3.a.3.d.4,Operate diagnostic imaging equipment.,8
29-2099.05,Ophthalmic Medical Technologists,4.A.3.b.4.f.1,Maintain medical equipment or instruments.,17
29-2099.05,Ophthalmic Medical Technologists,4.A.3.b.6.k.4,Record patient medical histories.,2
29-2099.05,Ophthalmic Medical Technologists,4.A.4.a.1.e.1,Communicate detailed medical information to patients or family members.,12
29-2099.05,Ophthalmic Medical Technologists,4.A.4.a.5.c.6,Administer non-intravenous medications.,5
29-2099.05,Ophthalmic Medical Technologists,4.A.4.a.5.k.5,Assist healthcare practitioners during examinations or treatments.,20
29-2099.05,Ophthalmic Medical Technologists,4.A.4.a.5.k.6,Assist healthcare practitioners during surgery.,14
29-2099.05,Ophthalmic Medical Technologists,4.A.4.a.5.l.2,"Treat acute illnesses, infections, or injuries.",21
29-2099.05,Ophthalmic Medical Technologists,4.A.4.b.3.e.2,Instruct patients in the use of assistive equipment.,19
29-2099.05,Ophthalmic Medical Technologists,4.A.4.b.3.f.8,Train medical providers.,16
29-2099.05,Ophthalmic Medical Technologists,4.A.4.b.4.a.11,Supervise medical support personnel.,15
29-2099.08,Patient Representatives,4.A.1.a.1.w.1,"Interview employees, customers, or others to collect information.",2
29-2099.08,Patient Representatives,4.A.2.a.4.k.2,Analyze financial information.,7
29-2099.08,Patient Representatives,4.A.2.b.3.a.5,Maintain current knowledge related to work activities.,3
29-2099.08,Patient Representatives,4.A.3.b.6.c.2,Prepare research or technical reports.,6
29-2099.08,Patient Representatives,4.A.3.b.6.l.7,Prepare informational or reference materials.,12
29-2099.08,Patient Representatives,4.A.4.a.1.b.4,"Explain regulations, policies, or procedures.",5
29-2099.08,Patient Representatives,4.A.4.a.2.c.2,Provide information to coworkers.,8
29-2099.08,Patient Representatives,4.A.4.a.5.a.1,Refer customers to appropriate personnel.,4
29-2099.08,Patient Representatives,4.A.4.b.3.a.1,Teach basic living or other adaptive skills to patients or caregivers.,10
29-2099.08,Patient Representatives,4.A.4.b.3.d.4,Train personnel.,13
29-2099.08,Patient Representatives,4.A.4.b.3.e.2,Instruct patients in the use of assistive equipment.,9
29-2099.08,Patient Representatives,4.A.4.b.4.j.37,Coordinate operational activities.,1
29-2099.08,Patient Representatives,4.A.4.c.3.c.3,Distribute materials to employees or customers.,11
29-9021.00,Health Information Technologists and Medical Registrars,4.A.1.a.1.l.1,Gather medical information from patient histories.,8
29-9021.00,Health Information Technologists and Medical Registrars,4.A.1.a.1.l.2,"Collect medical information from patients, family members, or other medical professionals.",3
29-9021.00,Health Information Technologists and Medical Registrars,4.A.1.a.2.h.3,Monitor external affairs or events affecting business operations.,13
29-9021.00,Health Information Technologists and Medical Registrars,4.A.1.b.2.h.1,Test computer hardware performance.,20
29-9021.00,Health Information Technologists and Medical Registrars,4.A.1.b.2.h.3,Test software performance.,21
29-9021.00,Health Information Technologists and Medical Registrars,4.A.2.a.4.i.4,Evaluate applicable laws and regulations to determine impact on organizational activities.,7
29-9021.00,Health Information Technologists and Medical Registrars,4.A.2.b.2.f.4,Create databases to store electronic data.,5
29-9021.00,Health Information Technologists and Medical Registrars,4.A.3.a.1.k.7,Maintain security.,10
29-9021.00,Health Information Technologists and Medical Registrars,4.A.3.b.1.f.8,Code data or other information.,1
29-9021.00,Health Information Technologists and Medical Registrars,4.A.3.b.2.f.1,Develop procedures for data management.,6
29-9021.00,Health Information Technologists and Medical Registrars,4.A.3.b.6.c.10,Present medical research reports.,16
29-9021.00,Health Information Technologists and Medical Registrars,4.A.3.b.6.k.2,Maintain medical facility records.,9
29-9021.00,Health Information Technologists and Medical Registrars,4.A.3.b.6.l.6,Prepare healthcare training materials.,15
29-9021.00,Health Information Technologists and Medical Registrars,4.A.4.a.6.c.4,"Market products, services, or events.",12
29-9021.00,Health Information Technologists and Medical Registrars,4.A.4.a.6.c.6,Promote educational institutions or programs.,17
29-9021.00,Health Information Technologists and Medical Registrars,4.A.4.b.1.a.4,Communicate with management or other staff to resolve problems.,4
29-9021.00,Health Information Technologists and Medical Registrars,4.A.4.b.3.f.11,Train caregivers or other non-medical personnel.,22
29-9021.00,Health Information Technologists and Medical Registrars,4.A.4.b.4.a.11,Supervise medical support personnel.,19
29-9021.00,Health Information Technologists and Medical Registrars,4.A.4.b.4.j.38,Manage healthcare operations.,11
29-9021.00,Health Information Technologists and Medical Registrars,4.A.4.b.6.d.6,Recommend changes to improve computer or information systems.,18
29-9021.00,Health Information Technologists and Medical Registrars,4.A.4.c.1.a.1,Classify materials according to standard systems.,2
29-9021.00,Health Information Technologists and Medical Registrars,4.A.4.c.1.a.6,Perform clerical work in medical settings.,14
29-9091.00,Athletic Trainers,4.A.1.a.1.s.1,Conduct research to increase knowledge about medical issues.,24
29-9091.00,Athletic Trainers,4.A.1.b.2.e.5,Inspect work environments to ensure safety.,18
29-9091.00,Athletic Trainers,4.A.2.a.1.f.2,"Evaluate patient functioning, capabilities, or health.",6
29-9091.00,Athletic Trainers,4.A.2.a.1.f.3,Evaluate patient outcomes to determine effectiveness of treatments.,2
29-9091.00,Athletic Trainers,4.A.2.a.4.f.2,Analyze patient data to determine patient needs or treatment goals.,1
29-9091.00,Athletic Trainers,4.A.2.b.2.a.3,Develop exercise or conditioning programs.,13
29-9091.00,Athletic Trainers,4.A.3.a.1.c.10,Maintain clean work areas.,11
29-9091.00,Athletic Trainers,4.A.3.a.1.c.6,Clean facilities or equipment.,10
29-9091.00,Athletic Trainers,4.A.3.a.1.l.4,Accompany patients or clients on outings to provide assistance.,17
29-9091.00,Athletic Trainers,4.A.3.a.1.l.6,Accompany individuals or groups to activities.,16
29-9091.00,Athletic Trainers,4.A.3.a.3.d.3,Operate diagnostic or therapeutic medical instruments or equipment.,4
29-9091.00,Athletic Trainers,4.A.3.b.4.f.1,Maintain medical equipment or instruments.,26
29-9091.00,Athletic Trainers,4.A.3.b.6.f.4,Prepare reports summarizing patient diagnostic or care activities.,9
29-9091.00,Athletic Trainers,4.A.3.b.6.k.2,Maintain medical facility records.,7
29-9091.00,Athletic Trainers,4.A.4.a.2.d.1,Inform medical professionals regarding patient conditions and care.,3
29-9091.00,Athletic Trainers,4.A.4.a.2.d.5,Collaborate with healthcare professionals to plan or provide treatment.,15
29-9091.00,Athletic Trainers,4.A.4.a.2.h.8,Consult with others regarding safety or health equipment or facilities.,20
29-9091.00,Athletic Trainers,4.A.4.a.5.b.5,Treat patients using physical therapy techniques.,5
29-9091.00,Athletic Trainers,4.A.4.a.5.c.11,"Apply bandages, dressings, or splints.",14
29-9091.00,Athletic Trainers,4.A.4.a.5.l.8,Treat patients using alternative medical procedures.,21
29-9091.00,Athletic Trainers,4.A.4.b.3.f.1,Teach exercise or fitness techniques.,23
29-9091.00,Athletic Trainers,4.A.4.b.3.f.8,Train medical providers.,22
29-9091.00,Athletic Trainers,4.A.4.b.6.f.4,"Advise athletes, coaches, or trainers on exercise regimens, nutrition, or equipment use.",12
29-9091.00,Athletic Trainers,4.A.4.c.1.a.6,Perform clerical work in medical settings.,8
29-9091.00,Athletic Trainers,4.A.4.c.1.c.3,Process medical billing information.,19
29-9091.00,Athletic Trainers,4.A.4.c.3.a.2,Maintain inventory of medical supplies or equipment.,25
29-9092.00,Genetic Counselors,4.A.1.a.1.l.1,Gather medical information from patient histories.,6
29-9092.00,Genetic Counselors,4.A.1.a.1.l.2,"Collect medical information from patients, family members, or other medical professionals.",5
29-9092.00,Genetic Counselors,4.A.1.a.1.s.1,Conduct research to increase knowledge about medical issues.,20
29-9092.00,Genetic Counselors,4.A.2.a.1.f.2,"Evaluate patient functioning, capabilities, or health.",10
29-9092.00,Genetic Counselors,4.A.2.a.4.f.2,Analyze patient data to determine patient needs or treatment goals.,13
29-9092.00,Genetic Counselors,4.A.2.a.4.f.3,Analyze test data or images to inform diagnosis or treatment.,4
29-9092.00,Genetic Counselors,4.A.2.b.2.a.2,Develop medical treatment plans.,14
29-9092.00,Genetic Counselors,4.A.2.b.2.e.1,Develop healthcare quality and safety procedures.,19
29-9092.00,Genetic Counselors,4.A.2.b.3.a.12,Maintain medical or professional knowledge.,11
29-9092.00,Genetic Counselors,4.A.3.b.6.f.4,Prepare reports summarizing patient diagnostic or care activities.,12
29-9092.00,Genetic Counselors,4.A.3.b.6.g.2,Write grant proposals.,24
29-9092.00,Genetic Counselors,4.A.3.b.6.g.4,Prepare proposals or grant applications to obtain project funding.,23
29-9092.00,Genetic Counselors,4.A.3.b.6.k.4,Record patient medical histories.,7
29-9092.00,Genetic Counselors,4.A.3.b.6.l.6,Prepare healthcare training materials.,17
29-9092.00,Genetic Counselors,4.A.4.a.1.e.1,Communicate detailed medical information to patients or family members.,1
29-9092.00,Genetic Counselors,4.A.4.a.1.e.5,Explain medical procedures or test results to patients or family members.,8
29-9092.00,Genetic Counselors,4.A.4.a.2.d.1,Inform medical professionals regarding patient conditions and care.,9
29-9092.00,Genetic Counselors,4.A.4.a.5.a.2,Refer patients to other healthcare practitioners or health resources.,16
29-9092.00,Genetic Counselors,4.A.4.b.2.a.4,Interact with patients to build rapport or provide emotional support.,2
29-9092.00,Genetic Counselors,4.A.4.b.3.f.6,Conduct health or safety training programs.,21
29-9092.00,Genetic Counselors,4.A.4.b.3.f.8,Train medical providers.,22
29-9092.00,Genetic Counselors,4.A.4.b.6.a.4,Advise patients on effects of health conditions or treatments.,3
29-9092.00,Genetic Counselors,4.A.4.b.6.f.1,Advise medical personnel regarding healthcare issues.,18
29-9092.00,Genetic Counselors,4.A.4.c.3.b.1,Order medical diagnostic or clinical tests.,15
29-9093.00,Surgical Assistants,4.A.1.a.2.e.1,Monitor patient progress or responses to treatments.,18
29-9093.00,Surgical Assistants,4.A.1.a.2.e.3,Monitor patients following surgeries or other treatments.,19
29-9093.00,Surgical Assistants,4.A.1.a.2.e.7,"Monitor patient conditions during treatments, procedures, or activities.",13
29-9093.00,Surgical Assistants,4.A.1.b.2.g.21,Examine medical instruments or equipment to ensure proper operation.,5
29-9093.00,Surgical Assistants,4.A.2.a.1.f.5,Assess skin or hair conditions.,17
29-9093.00,Surgical Assistants,4.A.2.a.2.e.4,Verify accuracy of patient information.,6
29-9093.00,Surgical Assistants,4.A.2.a.3.d.1,Protect patients or staff members using safety equipment.,8
29-9093.00,Surgical Assistants,4.A.3.a.1.i.1,Sterilize medical equipment or instruments.,11
29-9093.00,Surgical Assistants,4.A.3.a.1.m.2,Move patients to or from treatment areas.,27
29-9093.00,Surgical Assistants,4.A.3.a.2.i.17,Adjust building climate control systems.,20
29-9093.00,Surgical Assistants,4.A.3.a.2.i.9,Adjust settings or positions of medical equipment.,21
29-9093.00,Surgical Assistants,4.A.3.a.2.k.1,Prepare medical supplies or equipment for use.,10
29-9093.00,Surgical Assistants,4.A.3.a.3.d.3,Operate diagnostic or therapeutic medical instruments or equipment.,2
29-9093.00,Surgical Assistants,4.A.4.a.2.d.5,Collaborate with healthcare professionals to plan or provide treatment.,15
29-9093.00,Surgical Assistants,4.A.4.a.5.c.11,"Apply bandages, dressings, or splints.",14
29-9093.00,Surgical Assistants,4.A.4.a.5.c.2,Administer basic health care or medical treatments.,25
29-9093.00,Surgical Assistants,4.A.4.a.5.c.3,Administer anesthetics or sedatives to control pain.,22
29-9093.00,Surgical Assistants,4.A.4.a.5.c.8,Administer intravenous medications.,23
29-9093.00,Surgical Assistants,4.A.4.a.5.c.9,Administer blood or other fluids intravenously.,26
29-9093.00,Surgical Assistants,4.A.4.a.5.g.4,Implement advanced life support techniques.,4
29-9093.00,Surgical Assistants,4.A.4.a.5.k.4,Position patients for treatment or examination.,7
29-9093.00,Surgical Assistants,4.A.4.a.5.k.6,Assist healthcare practitioners during surgery.,3
29-9093.00,Surgical Assistants,4.A.4.a.5.k.7,Prepare patients physically for medical procedures.,24
29-9093.00,Surgical Assistants,4.A.4.a.5.k.8,Maintain sterile operative fields.,1
29-9093.00,Surgical Assistants,4.A.4.a.5.l.2,"Treat acute illnesses, infections, or injuries.",16
29-9093.00,Surgical Assistants,4.A.4.a.5.l.3,Operate on patients to treat conditions.,12
29-9093.00,Surgical Assistants,4.A.4.c.3.a.2,Maintain inventory of medical supplies or equipment.,9
29-9099.01,Midwives,4.A.1.a.1.l.2,"Collect medical information from patients, family members, or other medical professionals.",12
29-9099.01,Midwives,4.A.1.a.1.s.1,Conduct research to increase knowledge about medical issues.,31
29-9099.01,Midwives,4.A.1.a.2.e.7,"Monitor patient conditions during treatments, procedures, or activities.",2
29-9099.01,Midwives,4.A.1.b.2.a.5,Conduct diagnostic tests to determine patient health.,27
29-9099.01,Midwives,4.A.1.b.2.a.8,Test biological specimens to gather information about patient conditions.,18
29-9099.01,Midwives,4.A.1.b.2.e.14,Inspect facilities for cleanliness.,21
29-9099.01,Midwives,4.A.1.b.2.i.3,Examine patients to assess general physical condition.,1
29-9099.01,Midwives,4.A.1.b.2.i.5,Measure the physical or physiological attributes of patients.,9
29-9099.01,Midwives,4.A.2.a.1.f.1,Assess physical conditions of patients to aid in diagnosis or treatment.,26
29-9099.01,Midwives,4.A.2.a.1.f.2,"Evaluate patient functioning, capabilities, or health.",8
29-9099.01,Midwives,4.A.2.a.4.f.2,Analyze patient data to determine patient needs or treatment goals.,13
29-9099.01,Midwives,4.A.2.a.4.f.3,Analyze test data or images to inform diagnosis or treatment.,10
29-9099.01,Midwives,4.A.2.a.4.f.6,Analyze quantitative data to determine effectiveness of treatments or therapies.,29
29-9099.01,Midwives,4.A.2.b.1.f.2,Diagnose medical conditions.,4
29-9099.01,Midwives,4.A.2.b.1.i.3,Apply new technologies to improve work processes.,20
29-9099.01,Midwives,4.A.2.b.2.a.2,Develop medical treatment plans.,7
29-9099.01,Midwives,4.A.3.a.2.ak.2,Stock medical or patient care supplies.,23
29-9099.01,Midwives,4.A.3.a.2.al.1,Collect biological specimens from patients.,24
29-9099.01,Midwives,4.A.3.a.2.k.1,Prepare medical supplies or equipment for use.,15
29-9099.01,Midwives,4.A.3.b.6.f.1,Prepare official health documents or records.,25
29-9099.01,Midwives,4.A.3.b.6.k.4,Record patient medical histories.,14
29-9099.01,Midwives,4.A.4.a.1.e.1,Communicate detailed medical information to patients or family members.,19
29-9099.01,Midwives,4.A.4.a.2.d.5,Collaborate with healthcare professionals to plan or provide treatment.,11
29-9099.01,Midwives,4.A.4.a.3.b.1,Communicate health and wellness information to the public.,28
29-9099.01,Midwives,4.A.4.a.5.a.2,Refer patients to other healthcare practitioners or health resources.,3
29-9099.01,Midwives,4.A.4.a.5.c.4,Care for women during pregnancy and childbirth.,6
29-9099.01,Midwives,4.A.4.a.5.g.3,Treat medical emergencies.,5
29-9099.01,Midwives,4.A.4.a.5.k.4,Position patients for treatment or examination.,22
29-9099.01,Midwives,4.A.4.a.5.l.3,Operate on patients to treat conditions.,16
29-9099.01,Midwives,4.A.4.a.5.l.8,Treat patients using alternative medical procedures.,30
29-9099.01,Midwives,4.A.4.b.6.a.1,"Provide health and wellness advice to patients, program participants, or caregivers.",17
41-4011.00,"Sales Representatives, Wholesale and Manufacturing, Technical and Scientific Products",4.A.1.a.1.n.2,Gather customer or product information to determine customer needs.,4
41-4011.00,"Sales Representatives, Wholesale and Manufacturing, Technical and Scientific Products",4.A.1.a.2.c.3,Monitor sales activities.,29
41-4011.00,"Sales Representatives, Wholesale and Manufacturing, Technical and Scientific Products",4.A.1.a.2.h.1,Monitor market conditions or trends.,28
41-4011.00,"Sales Representatives, Wholesale and Manufacturing, Technical and Scientific Products",4.A.1.b.1.b.2,Identify potential customers.,18
41-4011.00,"Sales Representatives, Wholesale and Manufacturing, Technical and Scientific Products",4.A.2.a.2.a.1,Verify accuracy of records.,22
41-4011.00,"Sales Representatives, Wholesale and Manufacturing, Technical and Scientific Products",4.A.2.a.2.a.3,Verify customer credit information.,23
41-4011.00,"Sales Representatives, Wholesale and Manufacturing, Technical and Scientific Products",4.A.2.b.1.a.3,Estimate costs or terms of sales.,9
41-4011.00,"Sales Representatives, Wholesale and Manufacturing, Technical and Scientific Products",4.A.2.b.2.j.3,Develop content for sales presentations or other materials.,13
41-4011.00,"Sales Representatives, Wholesale and Manufacturing, Technical and Scientific Products",4.A.2.b.3.a.22,Study product information to acquire professional knowledge.,24
41-4011.00,"Sales Representatives, Wholesale and Manufacturing, Technical and Scientific Products",4.A.2.b.3.a.4,Attend events to develop professional knowledge.,27
41-4011.00,"Sales Representatives, Wholesale and Manufacturing, Technical and Scientific Products",4.A.3.a.2.ak.1,Stock products or parts.,26
41-4011.00,"Sales Representatives, Wholesale and Manufacturing, Technical and Scientific Products",4.A.3.b.6.a.2,"Prepare financial documents, reports, or budgets.",17
41-4011.00,"Sales Representatives, Wholesale and Manufacturing, Technical and Scientific Products",4.A.3.b.6.h.15,Maintain records of customer accounts.,7
41-4011.00,"Sales Representatives, Wholesale and Manufacturing, Technical and Scientific Products",4.A.3.b.6.j.2,Maintain records of sales or other business transactions.,16
41-4011.00,"Sales Representatives, Wholesale and Manufacturing, Technical and Scientific Products",4.A.3.b.6.m.1,Prepare sales or other contracts.,5
41-4011.00,"Sales Representatives, Wholesale and Manufacturing, Technical and Scientific Products",4.A.4.a.1.a.5,Explain technical product or service information to customers.,10
41-4011.00,"Sales Representatives, Wholesale and Manufacturing, Technical and Scientific Products",4.A.4.a.2.e.4,Share sales-related or market information with colleagues.,19
41-4011.00,"Sales Representatives, Wholesale and Manufacturing, Technical and Scientific Products",4.A.4.a.2.h.6,Discuss design or technical features of products or services with technical personnel.,12
41-4011.00,"Sales Representatives, Wholesale and Manufacturing, Technical and Scientific Products",4.A.4.a.6.b.5,Sell products or services.,3
41-4011.00,"Sales Representatives, Wholesale and Manufacturing, Technical and Scientific Products",4.A.4.a.6.c.2,Demonstrate products to consumers.,11
41-4011.00,"Sales Representatives, Wholesale and Manufacturing, Technical and Scientific Products",4.A.4.a.6.c.5,Contact current or potential customers to promote products or services.,2
41-4011.00,"Sales Representatives, Wholesale and Manufacturing, Technical and Scientific Products",4.A.4.a.6.c.7,Deliver promotional presentations to current or prospective customers.,30
41-4011.00,"Sales Representatives, Wholesale and Manufacturing, Technical and Scientific Products",4.A.4.a.6.c.9,Distribute promotional literature or samples to customers.,25
41-4011.00,"Sales Representatives, Wholesale and Manufacturing, Technical and Scientific Products",4.A.4.a.7.b.7,Negotiate prices or other sales terms.,1
41-4011.00,"Sales Representatives, Wholesale and Manufacturing, Technical and Scientific Products",4.A.4.a.8.c.3,Answer customer questions about goods or services.,8
41-4011.00,"Sales Representatives, Wholesale and Manufacturing, Technical and Scientific Products",4.A.4.b.4.j.29,Arrange delivery of goods or services.,15
41-4011.00,"Sales Representatives, Wholesale and Manufacturing, Technical and Scientific Products",4.A.4.b.4.j.5,Coordinate sales campaigns.,20
41-4011.00,"Sales Representatives, Wholesale and Manufacturing, Technical and Scientific Products",4.A.4.b.6.b.3,Advise customers on the use of products or services.,21
41-4011.00,"Sales Representatives, Wholesale and Manufacturing, Technical and Scientific Products",4.A.4.b.6.b.4,Recommend products or services to customers.,14
41-4011.00,"Sales Representatives, Wholesale and Manufacturing, Technical and Scientific Products",4.A.4.c.1.c.11,Process sales or other transactions.,6
41-4011.07,Solar Sales Representatives and Assessors,4.A.1.a.1.n.2,Gather customer or product information to determine customer needs.,7
41-4011.07,Solar Sales Representatives and Assessors,4.A.1.b.1.b.2,Identify potential customers.,9
41-4011.07,Solar Sales Representatives and Assessors,4.A.1.b.3.d.5,Assess locations for potential green technology installations.,10
41-4011.07,Solar Sales Representatives and Assessors,4.A.2.a.1.g.3,"Evaluate potential of products, technologies, or resources.",8
41-4011.07,Solar Sales Representatives and Assessors,4.A.2.b.2.c.3,Develop marketing plans or strategies.,13
41-4011.07,Solar Sales Representatives and Assessors,4.A.2.b.2.j.3,Develop content for sales presentations or other materials.,2
41-4011.07,Solar Sales Representatives and Assessors,4.A.2.b.2.o.1,Prepare drawings or diagrams of products or services.,12
41-4011.07,Solar Sales Representatives and Assessors,4.A.3.b.6.g.1,Develop proposals for current or prospective customers.,3
41-4011.07,Solar Sales Representatives and Assessors,4.A.3.b.6.m.1,Prepare sales or other contracts.,4
41-4011.07,Solar Sales Representatives and Assessors,4.A.4.a.1.a.5,Explain technical product or service information to customers.,5
41-4011.07,Solar Sales Representatives and Assessors,4.A.4.a.1.d.3,Explain financial information to customers.,6
41-4011.07,Solar Sales Representatives and Assessors,4.A.4.a.6.b.6,Customize energy products or services to meet customer needs.,1
41-4011.07,Solar Sales Representatives and Assessors,4.A.4.a.6.c.2,Demonstrate products to consumers.,14
41-4011.07,Solar Sales Representatives and Assessors,4.A.4.c.1.c.10,Take product orders from customers.,11
41-9031.00,Sales Engineers,4.A.1.a.1.n.2,Gather customer or product information to determine customer needs.,10
41-9031.00,Sales Engineers,4.A.1.a.2.h.1,Monitor market conditions or trends.,8
41-9031.00,Sales Engineers,4.A.1.b.1.b.2,Identify potential customers.,7
41-9031.00,Sales Engineers,4.A.2.b.1.b.2,Troubleshoot equipment or systems operation problems.,23
41-9031.00,Sales Engineers,4.A.2.b.1.i.6,Implement design or process improvements.,14
41-9031.00,Sales Engineers,4.A.2.b.2.c.3,Develop marketing plans or strategies.,20
41-9031.00,Sales Engineers,4.A.2.b.2.j.3,Develop content for sales presentations or other materials.,12
41-9031.00,Sales Engineers,4.A.2.b.3.a.4,Attend events to develop professional knowledge.,21
41-9031.00,Sales Engineers,4.A.3.b.6.a.2,"Prepare financial documents, reports, or budgets.",17
41-9031.00,Sales Engineers,4.A.3.b.6.c.8,Prepare technical or operational reports.,24
41-9031.00,Sales Engineers,4.A.3.b.6.g.1,Develop proposals for current or prospective customers.,2
41-9031.00,Sales Engineers,4.A.3.b.6.j.2,Maintain records of sales or other business transactions.,16
41-9031.00,Sales Engineers,4.A.3.b.6.m.1,Prepare sales or other contracts.,4
41-9031.00,Sales Engineers,4.A.4.a.1.a.5,Explain technical product or service information to customers.,13
41-9031.00,Sales Engineers,4.A.4.a.1.d.3,Explain financial information to customers.,15
41-9031.00,Sales Engineers,4.A.4.a.2.e.4,Share sales-related or market information with colleagues.,3
41-9031.00,Sales Engineers,4.A.4.a.2.h.6,Discuss design or technical features of products or services with technical personnel.,9
41-9031.00,Sales Engineers,4.A.4.a.6.b.5,Sell products or services.,1
41-9031.00,Sales Engineers,4.A.4.a.6.c.2,Demonstrate products to consumers.,6
41-9031.00,Sales Engineers,4.A.4.a.6.c.5,Contact current or potential customers to promote products or services.,5
41-9031.00,Sales Engineers,4.A.4.a.6.c.7,Deliver promotional presentations to current or prospective customers.,11
41-9031.00,Sales Engineers,4.A.4.b.3.d.5,Train sales personnel.,25
41-9031.00,Sales Engineers,4.A.4.b.4.j.29,Arrange delivery of goods or services.,19
41-9031.00,Sales Engineers,4.A.4.b.6.b.3,Advise customers on the use of products or services.,22
41-9031.00,Sales Engineers,4.A.4.b.6.b.4,Recommend products or services to customers.,18
