onet_soc_code,title,description,stem_occupation_types,bright_outlook,job_zone,updated_year,reported_job_titles,n_tasks,n_subtasks,detail_fetched,source_url,fetched_at
11-3021.00,Computer and Information Systems Managers,"Plan, direct, or coordinate activities in such fields as electronic data processing, information systems, systems analysis, and computer programming.",Managerial,1,4,2026,Application Development Director; Computing Services Director; Data Processing Manager; Information Systems Director (IS Director); Information Systems Manager (IS Manager); Information Systems Supervisor (IS Supervisor); Information Technology Director (IT Director); Information Technology Manager (IT Manager); MIS Director (Management Information Systems Director); Technical Services Manager,17,24,1,https://www.onetonline.org/link/details/11-3021.00,2026-09-16T20:53:57Z
11-9041.00,Architectural and Engineering Managers,"Plan, direct, or coordinate activities in such fields as architecture and engineering or research and development in these fields.",Managerial,0,5,2026,Civil Engineering Manager; Electrical Engineering Manager; Engineering Director; Engineering Group Manager; Engineering Program Manager; Mechanical Engineering Manager; Process Engineering Manager; Project Engineering Manager; Project Manager,19,25,1,https://www.onetonline.org/link/details/11-9041.00,2026-09-16T20:53:59Z
11-9041.01,Biofuels/Biodiesel Technology and Product Development Managers,"Define, plan, or execute biofuels/biodiesel research programs that evaluate alternative feedstock and process technologies with near-term commercial potential.",Managerial,0,4,2025,Analytical Research Program Manager; Biodiesel Division Manager; Biofuels Manager; Business Development and New Technology Manager; Laboratory Manager (Lab Manager); Project Development Director,18,9,1,https://www.onetonline.org/link/details/11-9041.01,2026-09-16T20:53:59Z
11-9111.00,Medical and Health Services Managers,"Plan, direct, or coordinate medical and health services in hospitals, clinics, managed care organizations, public health agencies, or similar organizations.",Managerial,1,4,2026,Cancer Center Director; Clinical Director; Health Information Management Director (HIM Director); Health Information Manager (HIM Manager); Healthcare System Director; Medical Records Director; Medical Records Manager; Mental Health Program Manager; Nurse Manager; Nursing Director,18,27,1,https://www.onetonline.org/link/details/11-9111.00,2026-09-16T20:53:58Z
11-9121.00,Natural Sciences Managers,"Plan, direct, or coordinate activities in such fields as life sciences, physical sciences, mathematics, statistics, and research and development in these fields.",Managerial,0,5,2026,Analytical Services Manager; Chemical Engineer Supervisor; Chemical Process Exploration Manager; Environmental Program Manager; Lab Manager (Laboratory Manager); Natural Sciences Manager; Research Administrator; Research and Development Director (R and D Director); Research Manager; Water Team Leader,16,28,1,https://www.onetonline.org/link/details/11-9121.00,2026-09-16T20:54:00Z
11-9121.01,Clinical Research Coordinators,"Plan, direct, or coordinate clinical research projects. Direct the activities of workers engaged in clinical research projects to ensure compliance with protocols and overall clinical objectives. May evaluate and analyze clinical data.",Managerial,0,4,2026,Clinical Coordinator; Clinical Program Coordinator; Clinical Program Manager; Clinical Research Administrator; Clinical Research Coordinator; Clinical Research Manager; Clinical Research Nurse Coordinator; Clinical Trial Coordinator; Clinical Trial Manager; Research Coordinator,33,31,1,https://www.onetonline.org/link/details/11-9121.01,2026-09-16T20:54:01Z
11-9121.02,Water Resource Specialists,"Design or implement programs and strategies related to water resource issues such as supply, quality, and regulatory compliance issues.",Managerial,0,4,2025,Water Resources Planner,21,20,1,https://www.onetonline.org/link/details/11-9121.02,2026-09-16T20:55:15Z
15-1211.00,Computer Systems Analysts,"Analyze science, engineering, business, and other data processing problems to develop and implement solutions to complex applications problems, system administration issues, or network concerns. Perform systems management and integration functions, improve existing computer systems, and review computer system capabilities, workflow, and schedule limitations. May analyze or recommend commercially available software.","Research, Development, Design, and Practitioners",1,4,2026,Applications Analyst; Business Systems Analyst; Computer Analyst; Computer Systems Analyst; Computer Systems Consultant; Information Systems Analyst (ISA); IT Analyst (Information Technology Analyst); IT Systems Analyst (Information Technology Systems Analyst); Programmer Analyst; Systems Analyst,23,26,1,https://www.onetonline.org/link/details/15-1211.00,2026-09-16T20:55:16Z
15-1211.01,Health Informatics Specialists,"Apply knowledge of nursing and informatics to assist in the design, development, and ongoing modification of computerized health care systems. May educate staff and assist in problem solving to promote the implementation of the health care system.","Research, Development, Design, and Practitioners",1,5,2026,Clinical Electronic Health Record Nurse (Clinical EHR Nurse); Clinical Informaticist; Clinical Informatics Analyst; Clinical Informatics Nurse; Clinical Informatics Specialist; Health Informaticist; Nursing Informatics Officer; Nursing Informatics Specialist; RN Clinical Information Systems Coordinator (Registered Nurse Clinical Information Systems Coordinator); RN Clinical Information Systems Educator (Registered Nurse Clinical Information Systems Educator),17,19,1,https://www.onetonline.org/link/details/15-1211.01,2026-09-16T20:55:15Z
15-1212.00,Information Security Analysts,"Plan, implement, upgrade, or monitor security measures for the protection of computer networks and information. Assess system vulnerabilities for security risks and propose and implement risk mitigation strategies. May ensure appropriate security controls are in place that will safeguard digital files and vital electronic infrastructure. May respond to computer security breaches and viruses.","Research, Development, Design, and Practitioners",1,4,2026,Information Security Officer; Information Security Specialist; Information Systems Security Analyst; Information Systems Security Officer (ISSO); Information Technology Security Analyst (IT Security Analyst); Network Security Analyst; Security Analyst; Systems Analyst,11,10,1,https://www.onetonline.org/link/details/15-1212.00,2026-09-16T20:55:17Z
15-1221.00,Computer and Information Research Scientists,"Conduct research into fundamental computer and information science as theorists, designers, or inventors. Develop solutions to problems in the field of computer hardware and software.","Research, Development, Design, and Practitioners",1,5,2026,Computer Scientist; Computer Specialist; Control System Computer Scientist; Research Scientist; Scientific Programmer Analyst,15,18,1,https://www.onetonline.org/link/details/15-1221.00,2026-09-16T20:55:17Z
15-1231.00,Computer Network Support Specialists,"Analyze, test, troubleshoot, and evaluate existing network systems, such as local area networks (LAN), wide area networks (WAN), cloud networks, servers, and other data communications networks. Perform network maintenance to ensure networks operate correctly with minimal interruption.",Technologists and Technicians,0,4,2026,Computer Network Specialist; IT Consultant (Information Technology Consultant); Network Specialist; Network Support Specialist; Network Technical Analyst; Network Technician; Personal Computer Network Analyst; Systems Specialist,26,22,1,https://www.onetonline.org/link/details/15-1231.00,2026-09-16T20:55:18Z
15-1232.00,Computer User Support Specialists,"Provide technical assistance to computer users. Answer questions or resolve computer problems for clients in person, via telephone, or electronically. May provide assistance concerning the use of computer hardware and software, including printing, installation, word processing, electronic mail, and operating systems.",Technologists and Technicians,0,3,2026,Computer Support Specialist; Computer Tech (Computer Technician); Desktop Support Technician (Desktop Support Tech); Help Desk Analyst; Help Desk Tech (Help Desk Technician); IS Tech (Information Systems Technician); IT Specialist (Information Technology Specialist); IT Support Specialist (Information Technology Support Specialist); IT Tech (Information Technology Technician); Technical Support Specialist,16,22,1,https://www.onetonline.org/link/details/15-1232.00,2026-09-16T20:55:19Z
15-1241.00,Computer Network Architects,"Design and implement computer and information networks, such as local area networks (LAN), wide area networks (WAN), intranets, extranets, and other data communications networks. Perform network modeling, analysis, and planning, including analysis of capacity needs for network infrastructures. May also design network and computer security measures. May research and recommend network and data communications hardware and software.","Research, Development, Design, and Practitioners",1,4,2026,Computer Network Technologist; Network Analyst; Network Consultant; Network Systems Consultant; Networking Systems Engineer; Solutions Architect; System Programmer; Systems Engineer; WAN Engineer (Wide Area Network Engineer); Wireless Network Engineer,33,35,1,https://www.onetonline.org/link/details/15-1241.00,2026-09-16T20:55:19Z
15-1241.01,Telecommunications Engineering Specialists,"Design or configure wired, wireless, and satellite communications systems for voice, video, and data services. Supervise installation, service, and maintenance.","Research, Development, Design, and Practitioners",1,3,2026,Communications Engineer; Communications Infrastructure Engineer; Communications Systems Technician (Communications Systems Tech); Engineer; Infrastructure Engineer; Network Engineer; Signal Operations Support Specialist (Signal Ops Support Specialist); Telecommunication Design Engineer (Telecom Design Engineer); Telecommunications Consultant (Telecom Consultant); Telecommunications Engineer (Telecom Engineer),26,28,1,https://www.onetonline.org/link/details/15-1241.01,2026-09-16T20:55:20Z
15-1242.00,Database Administrators,"Administer, test, and implement computer databases, applying knowledge of database management systems. Coordinate changes to computer databases. Identify, investigate, and resolve database performance issues, database capacity, and database scalability. May plan, coordinate, and implement security measures to safeguard computer databases.","Research, Development, Design, and Practitioners",0,4,2026,Database Administration Manager; Database Administrator (DBA); Database Analyst; Database Coordinator; Database Engineer; Database Manager; Development and Database Administration Manager; IS Admin (Information Systems Administrator); Systems Administrator (Systems Admin),18,21,1,https://www.onetonline.org/link/details/15-1242.00,2026-09-16T20:55:21Z
15-1243.00,Database Architects,"Design strategies for enterprise databases, data warehouse systems, and multidimensional networks. Set standards for database operations, programming, query processes, and security. Model, design, and construct large relational databases or data warehouses. Create and optimize data models for warehouse infrastructure and workflow. Integrate new systems with existing warehouse structure and refine system performance and functionality.","Research, Development, Design, and Practitioners",1,4,2026,Data Architect; Data Engineer; Data Officer; Database Analyst; Database Architect; Database Consultant; Database Developer; Database Programmer; Enterprise Architect; Information Architect,25,25,1,https://www.onetonline.org/link/details/15-1243.00,2026-09-16T20:55:22Z
15-1243.01,Data Warehousing Specialists,"Design, model, or implement corporate data warehousing activities. Program and configure warehouses of database information and provide support to warehouse users.","Research, Development, Design, and Practitioners",1,4,2026,Data Warehouse Analyst; Data Warehouse Solution Architect,18,17,1,https://www.onetonline.org/link/details/15-1243.01,2026-09-16T20:55:22Z
15-1244.00,Network and Computer Systems Administrators,"Install, configure, and maintain an organization's local area network (LAN), wide area network (WAN), data communications network, operating systems, and physical and virtual servers. Perform system monitoring and verify the integrity and availability of hardware, network, and server resources and systems. Review system and application logs and verify completion of scheduled jobs, including system backups. Analyze network and server resource consumption and control user access. Install and upgrade software and maintain software licenses. May assist in network modeling, analysis, planning, and coordination between network and data communications hardware and software.","Research, Development, Design, and Practitioners",0,3,2026,LAN Administrator (Local Area Network Administrator); LAN Specialist (Local Area Network Specialist); Network Administrator (Network Admin); Network Analyst; Network Coordinator; Network Engineer; Network Manager; Network Specialist; Systems Engineer,20,26,1,https://www.onetonline.org/link/details/15-1244.00,2026-09-16T20:55:23Z
15-1251.00,Computer Programmers,"Create, modify, and test the code and scripts that allow computer applications to run. Work from specifications drawn up by software and web developers or other individuals. May develop and write computer programs to store, locate, and retrieve specific documents, data, and information.","Research, Development, Design, and Practitioners",0,4,2026,Analyst Programmer; Application Programmer Analyst; Computer Programmer; Computer Programmer Analyst; Internet Programmer; Java Developer; Programmer; Programmer Analyst; Web Applications Programmer; Web Programmer,17,18,1,https://www.onetonline.org/link/details/15-1251.00,2026-09-16T20:55:23Z
15-1252.00,Software Developers,"Research, design, and develop computer and network software or specialized utility programs. Analyze user needs and develop software solutions, applying principles and techniques of computer science, engineering, and mathematical analysis. Update software or enhance existing software capabilities. May work with computer hardware engineers to integrate hardware and software systems, and develop specifications and performance requirements. May maintain databases within an application area, working individually or coordinating database development as part of a team.","Research, Development, Design, and Practitioners",1,4,2026,Application Developer; Application Integration Engineer; Developer; DevOps Engineer (Development Operations Engineer); Infrastructure Engineer; Software Architect; Software Developer; Software Development Engineer; Software Engineer; Systems Engineer,17,18,1,https://www.onetonline.org/link/details/15-1252.00,2026-09-16T20:55:24Z
15-1253.00,Software Quality Assurance Analysts and Testers,"Develop and execute software tests to identify software problems and their causes. Test system modifications to prepare for implementation. Document software and application defects using a bug tracking system and report defects to software or web developers. Create and maintain databases of known defects. May participate in software design reviews to provide input on functional requirements, operational characteristics, product designs, and schedules.","Research, Development, Design, and Practitioners",1,4,2026,Automation Tester; Information Technology Analyst (IT Analyst); Quality Assurance Analyst (QA Analyst); Quality Assurance Engineer (QA Engineer); Quality Engineer; Software Quality Assurance Analyst (SQA Analyst); Software Quality Assurance Engineer (SQA Engineer); Software Quality Engineer; Software Test Engineer; Test Engineer,30,26,1,https://www.onetonline.org/link/details/15-1253.00,2026-09-16T20:55:25Z
15-1254.00,Web Developers,"Develop and implement websites, web applications, application databases, and interactive web interfaces. Evaluate code to ensure that it is properly structured, meets industry standards, and is compatible with browsers and devices. Optimize website performance, scalability, and server-side code and processes. May develop website infrastructure and integrate websites with other computer applications.","Research, Development, Design, and Practitioners",1,3,2026,Technology Applications Engineer; Web Architect; Web Design Specialist; Web Developer; Webmaster,29,26,1,https://www.onetonline.org/link/details/15-1254.00,2026-09-16T20:55:25Z
15-1255.00,Web and Digital Interface Designers,"Design digital user interfaces or websites. Develop and test layouts, interfaces, functionality, and navigation menus to ensure compatibility and usability across browsers or devices. May use web framework applications as well as client-side code and processes. May evaluate web design following web and accessibility standards, and may analyze web use metrics and optimize websites for marketability and search engine ranking. May design and test interfaces that facilitate the human-computer interaction and maximize the usability of digital devices, websites, and software with a focus on aesthetics and design. May create graphics used in websites and manage website content and links.","Research, Development, Design, and Practitioners",1,4,2026,UI Developer (User Interface Developer); UX Developer (User Experience Developer); UX Engineer (User Experience Engineer); Web Administration Coordinator (Web Admin Coordinator); Web Architect; Web Content Developer; Web Content Specialist; Web Design Specialist; Web Designer; Webmaster,31,27,1,https://www.onetonline.org/link/details/15-1255.00,2026-09-16T20:55:26Z
15-1255.01,Video Game Designers,"Design core features of video games. Specify innovative game and role-play mechanics, story lines, and character biographies. Create and maintain design documentation. Guide and collaborate with production staff to produce games as designed.","Research, Development, Design, and Practitioners",1,4,2026,Design Director; Designer; Environmental Artist; Game Design Consultant; Game Designer; Gamemaster; Level Designer; World Designer,24,12,1,https://www.onetonline.org/link/details/15-1255.01,2026-09-16T20:55:27Z
15-1299.00,"Computer Occupations, All Other",All computer occupations not listed separately.,"Research, Development, Design, and Practitioners; Technologists and Technicians",1,,,,0,0,1,https://www.onetonline.org/link/details/15-1299.00,2026-09-16T20:55:27Z
15-1299.01,Web Administrators,"Manage web environment design, deployment, development and maintenance activities. Perform testing and quality assurance of web sites and web applications.","Research, Development, Design, and Practitioners; Technologists and Technicians",1,4,2026,Corporate Webmaster; Web Administrator; Web Content Coordinator; Web Content Manager; Web Director; Web Manager; Web Site Manager; Web Technologies Administrator; Webmaster,35,33,1,https://www.onetonline.org/link/details/15-1299.01,2026-09-16T20:55:28Z
15-1299.02,Geographic Information Systems Technologists and Technicians,"Assist scientists or related professionals in building, maintaining, modifying, or using geographic information systems (GIS) databases. May also perform some custom application development or provide user support.","Research, Development, Design, and Practitioners; Technologists and Technicians",1,4,2026,Geospatial Technician; GIS Admin (Geographic Information Systems Administrator); GIS Analyst (Geographic Information System Analyst); GIS Analyst (Geographic Information Systems Analyst); GIS Applications Specialist (Geographic Information Systems Applications Specialist); GIS Assessment Tech (Geographic Information Systems Assessment Technician); GIS Coordinator (Geographic Information Systems Coordinator); GIS Developer (Geographic Information Systems Developer); GIS Specialist (Geographic Information Systems Specialist); GIS Tech (Geographic Information Systems Technician),30,25,1,https://www.onetonline.org/link/details/15-1299.02,2026-09-16T20:55:29Z
15-1299.03,Document Management Specialists,"Implement and administer enterprise-wide document management systems and related procedures that allow organizations to capture, store, retrieve, share, and destroy electronic records and documents.","Research, Development, Design, and Practitioners; Technologists and Technicians",1,4,2026,Business Records Manager; Certified Document Imaging Architect; Document Control Manager; Document Management Consultant; ECM Consultant (Enterprise Content Management Consultant); Electronic Content Manager; Record Systems Analyst; Records and Information Management Consultant (RIM Consultant); Records and Information Management Specialist (RIM Specialist); Records Manager,23,20,1,https://www.onetonline.org/link/details/15-1299.03,2026-09-16T20:55:29Z
15-1299.04,Penetration Testers,Evaluate network system security by conducting simulated internal and external cyberattacks using adversary tools and techniques. Attempt to breach and exploit critical systems and gain access to sensitive information to assess system security.,"Research, Development, Design, and Practitioners; Technologists and Technicians",1,4,2026,Cyber Systems Engineer; Security Consultant; Security Engineer; System Vulnerability Analyst; Threat Hunter; Vulnerability Assessor,22,18,1,https://www.onetonline.org/link/details/15-1299.04,2026-09-16T20:55:30Z
15-1299.05,Information Security Engineers,"Develop and oversee the implementation of information security procedures and policies. Build, maintain and upgrade security technology, such as firewalls, for the safe use of computer networks and the transmission and retrieval of information. Design and implement appropriate security controls to identify vulnerabilities and protect digital files and electronic infrastructures. Monitor and respond to computer security breaches, viruses, and intrusions, and perform forensic investigation. May oversee the assessment of information security systems.","Research, Development, Design, and Practitioners; Technologists and Technicians",1,4,2026,BISO (Business Information Security Officer); Cloud Engineer; Engineer; Information Security Auditor; Information Security System Engineer; Infrastructure Security Engineer; Security Analyst; Security Data Scientist; Security Engineer; Systems Engineer,20,21,1,https://www.onetonline.org/link/details/15-1299.05,2026-09-16T20:55:31Z
15-1299.06,Digital Forensics Analysts,"Conduct investigations on computer-based crimes establishing documentary or physical evidence, such as digital media and logs associated with cyber intrusion incidents. Analyze digital evidence and investigate computer security incidents to derive information in support of system and network vulnerability mitigation. Preserve and present computer-related evidence in support of criminal, fraud, counterintelligence, or law enforcement investigations.","Research, Development, Design, and Practitioners; Technologists and Technicians",1,4,2026,Computer Forensics Analyst; Digital Forensic Examiner; Digital Forensics Examiner; Digital Forensics Specialist,20,20,1,https://www.onetonline.org/link/details/15-1299.06,2026-09-16T20:55:31Z
15-1299.07,Blockchain Engineers,"Maintain and support distributed and decentralized blockchain-based networks or block-chain applications such as cryptocurrency exchange, payment processing, document sharing, and digital voting. Design and deploy secure block-chain design patterns and solutions over geographically distributed networks using advanced technologies. May assist with infrastructure setup and testing for application transparency and security.","Research, Development, Design, and Practitioners; Technologists and Technicians",1,4,2026,Blockchain Consultant; DLT Software Engineer (Distributed Ledger Technology Software Engineer),18,14,1,https://www.onetonline.org/link/details/15-1299.07,2026-09-16T20:55:32Z
15-1299.08,Computer Systems Engineers/Architects,"Design and develop solutions to complex applications problems, system administration issues, or network concerns. Perform systems management and integration functions.","Research, Development, Design, and Practitioners; Technologists and Technicians",1,3,2026,Infrastructure Engineer; IT Architect (Information Technology Architect); IT Engineer (Information Technology Engineer); Network and Infrastructure Engineer; Solutions Architect; Systems Application Engineer; Systems Architect; Systems Consultant; Systems Engineer; Web Architect,28,30,1,https://www.onetonline.org/link/details/15-1299.08,2026-09-16T20:55:33Z
15-1299.09,Information Technology Project Managers,"Plan, initiate, and manage information technology (IT) projects. Lead and guide the work of technical staff. Serve as liaison between business and technical aspects of projects. Plan project stages and assess business implications for each stage. Monitor progress to assure deadlines, standards, and cost targets are met.","Research, Development, Design, and Practitioners; Technologists and Technicians",1,4,2026,Cloud Product Director; Cybersecurity Project Manager; Data Center Product Director; Information Systems Project Manager (IS Project Manager); IT Manager (Information Technology Manager); IT Program Manager (Information Technology Program Manager); IT Project Manager (Information Technology Project Manager); Scrum Master; Transition Program Manager,21,18,1,https://www.onetonline.org/link/details/15-1299.09,2026-09-16T20:55:34Z
15-2011.00,Actuaries,"Analyze statistical data, such as mortality, accident, sickness, disability, and retirement rates and construct probability tables to forecast risk and liability for payment of future benefits. May ascertain insurance rates required and cash reserves necessary to ensure payment of future benefits.","Research, Development, Design, and Practitioners",1,4,2026,Actuarial Analyst; Actuarial Associate; Actuarial Consultant; Actuary; Consulting Actuary; Health Actuary; Life Actuary; Pricing Actuary; Product Development Actuary; Reserving Actuary,16,12,1,https://www.onetonline.org/link/details/15-2011.00,2026-09-16T20:55:34Z
15-2021.00,Mathematicians,"Conduct research in fundamental mathematics or in application of mathematical techniques to science, management, and other fields. Solve problems in various fields using mathematical methods.","Research, Development, Design, and Practitioners",0,5,2026,Agent-Based Modeler; Computational Mathematician; Computational Scientist; Cryptographer; Cryptographic Vulnerability Analyst; Mathematician; Research Computing Specialist; Research Scientist; Researcher,12,14,1,https://www.onetonline.org/link/details/15-2021.00,2026-09-16T20:55:35Z
15-2031.00,Operations Research Analysts,"Formulate and apply mathematical modeling and other optimizing methods to develop and interpret information that assists management with decisionmaking, policy formulation, or other managerial functions. May collect and analyze data and develop decision support software, services, or products. May develop and supply optimal time, cost, or logistics networks for program evaluation, review, or implementation.","Research, Development, Design, and Practitioners",1,5,2026,Advanced Analytics Associate; Analytical Strategist; Decision Analyst; Operations Research Analyst (Ops Research Analyst); Operations Research Scientist (Ops Research Scientist); Optimization Analyst; Researcher,17,18,1,https://www.onetonline.org/link/details/15-2031.00,2026-09-16T20:55:36Z
15-2041.00,Statisticians,"Develop or apply mathematical or statistical theory and methods to collect, organize, interpret, and summarize numerical data to provide usable information. May specialize in fields such as biostatistics, agricultural statistics, business statistics, or economic statistics. Includes mathematical and survey statisticians.","Research, Development, Design, and Practitioners",1,5,2026,Database Analyst; Demographer; Education Research Analyst; Mathematical Statistician; Psychometric Consultant; Quantitative Methodologist; Statistical Analyst; Statistical Consultant; Statistical Reporting Analyst; Statistician,19,17,1,https://www.onetonline.org/link/details/15-2041.00,2026-09-16T20:55:36Z
15-2041.01,Biostatisticians,Develop and apply biostatistical theory and methods to the study of life sciences.,"Research, Development, Design, and Practitioners",1,5,2026,Biometrician; Biostatistical Consultant; Biostatistician; Research Scientist; Statistical Scientist,25,21,1,https://www.onetonline.org/link/details/15-2041.01,2026-09-16T20:55:37Z
15-2051.00,Data Scientists,"Develop and implement a set of techniques or analytics applications to transform raw data into meaningful information using data-oriented programming languages and visualization software. Apply data mining, data modeling, natural language processing, and machine learning to extract and analyze information from large structured and unstructured datasets. Visualize, interpret, and report data findings. May create dynamic data reports.","Research, Development, Design, and Practitioners",1,4,2026,,17,16,1,https://www.onetonline.org/link/details/15-2051.00,2026-09-16T20:55:38Z
15-2051.01,Business Intelligence Analysts,Produce financial and market intelligence by querying data repositories and generating periodic reports. Devise methods for identifying data patterns and trends in available information sources.,"Research, Development, Design, and Practitioners",1,4,2026,Business Analyst; Business Intelligence Analyst (BI Analyst); Business Intelligence Consultant (BI Consultant); Business Intelligence Coordinator (BI Coordinator); Business Intelligence Specialist (BI Specialist); Competitive Intelligence Analyst; Intelligence Analyst; Market Intelligence Analyst; Market Intelligence Consultant; Strategic Business and Technology Intelligence Consultant,17,12,1,https://www.onetonline.org/link/details/15-2051.01,2026-09-16T20:55:40Z
15-2051.02,Clinical Data Managers,"Apply knowledge of health care and database management to analyze clinical data, and to identify and report trends.","Research, Development, Design, and Practitioners",1,4,2026,Clinical Data Management Director (CDM Director); Clinical Data Management Manager (CDM Manager); Clinical Data Manager; Clinical Informatics Manager; Data Deliverables Manager; Data Management Manager,21,21,1,https://www.onetonline.org/link/details/15-2051.02,2026-09-16T20:55:40Z
15-2099.00,"Mathematical Science Occupations, All Other",All mathematical scientists not listed separately.,"Research, Development, Design, and Practitioners; Technologists and Technicians",0,,,,0,0,1,https://www.onetonline.org/link/details/15-2099.00,2026-09-16T20:55:40Z
15-2099.01,Bioinformatics Technicians,"Apply principles and methods of bioinformatics to assist scientists in areas such as pharmaceuticals, medical technology, biotechnology, computational biology, proteomics, computer information science, biology and medical informatics. Apply bioinformatics tools to visualize, analyze, manipulate or interpret molecular data. May build and maintain databases for processing and analyzing genomic or other biological information.","Research, Development, Design, and Practitioners; Technologists and Technicians",0,4,2026,Biocurator; Bioinformatics Analyst; Bioinformatics Data Analyst; Bioinformatics Specialist; Biotechnician; Research Scientist; Research Specialist; Scientific Informatics Analyst,19,16,1,https://www.onetonline.org/link/details/15-2099.01,2026-09-16T20:55:41Z
17-1011.00,"Architects, Except Landscape and Naval","Plan and design structures, such as private residences, office buildings, theaters, factories, and other structural property.","Research, Development, Design, and Practitioners",0,5,2026,Architect; Architectural Designer; Design Architect; Planner; Project Architect; Specifications Writer,25,17,1,https://www.onetonline.org/link/details/17-1011.00,2026-09-16T20:55:42Z
17-1012.00,Landscape Architects,"Plan and design land areas for projects such as parks and other recreational facilities, airports, highways, hospitals, schools, land subdivisions, and commercial, industrial, and residential sites.","Research, Development, Design, and Practitioners",0,4,2026,AP BD+C (Accredited Professional in Building Design and Construction); Golf Course Architect; Land Planner; Landscape Architect; Landscape Designer; Landscape Planner; Park Planner; Planner; Professional Landscape Architect (PLA); Project Landscape Architect,22,15,1,https://www.onetonline.org/link/details/17-1012.00,2026-09-16T20:55:42Z
17-1021.00,Cartographers and Photogrammetrists,"Research, study, and prepare maps and other spatial data in digital or graphic form for one or more purposes, such as legal, social, political, educational, and design purposes. May work with Geographic Information Systems (GIS). May design and evaluate algorithms, data structures, and user interfaces for GIS and mapping systems. May collect, analyze, and interpret geographic information provided by geodetic surveys, aerial photographs, and satellite data.",Technologists and Technicians,1,4,2026,Aerial Photogrammetrist; Cartographer; Cartographic Designer; Digital Cartographer; Mapper; Photogrammetric Technician; Photogrammetrist; Stereo Compiler; Stereoplotter Operator,16,10,1,https://www.onetonline.org/link/details/17-1021.00,2026-09-16T20:55:43Z
17-1022.00,Surveyors,"Make exact measurements and determine property boundaries. Provide data relevant to the shape, contour, gravitation, location, elevation, or dimension of land or land features on or near the earth's surface for engineering, mapmaking, mining, land evaluation, construction, and other purposes.",Technologists and Technicians,0,4,2026,City Surveyor; County Surveyor; Land Surveyor; Licensed Land Surveyor; Mine Surveyor; Professional Land Surveyor; Registered Land Surveyor; Staff Land Surveyor; State Surveyor; Surveyor,24,15,1,https://www.onetonline.org/link/details/17-1022.00,2026-09-16T20:55:43Z
17-1022.01,Geodetic Surveyors,"Measure large areas of the Earth's surface using satellite observations, global navigation satellite systems (GNSS), light detection and ranging (LIDAR), or related sources.",Technologists and Technicians,0,4,2026,Geodesist; Geodetic Advisor; Geodetic Engineer; Geodetic Survey Director; Geodetic Surveyor; Land Surveyor; Licensed Land Surveyor,16,13,1,https://www.onetonline.org/link/details/17-1022.01,2026-09-16T20:55:44Z
17-2011.00,Aerospace Engineers,"Perform engineering duties in designing, constructing, and testing aircraft, missiles, and spacecraft. May conduct basic and applied research to evaluate adaptability of materials and equipment to aircraft design and manufacture. May recommend improvements in testing equipment and techniques.","Research, Development, Design, and Practitioners",1,4,2026,Aeronautical Engineer; Aerospace Stress Engineer; Avionics Engineer; Design Engineer; Flight Controls Engineer; Flight Systems Test Engineer; Flight Test Engineer; Special Mission Engineer; Structural Analysis Engineer; Structural Test Engineer,15,17,1,https://www.onetonline.org/link/details/17-2011.00,2026-09-16T20:55:45Z
17-2021.00,Agricultural Engineers,"Apply knowledge of engineering technology and biological science to agricultural problems concerned with power and machinery, electrification, structures, soil and water conservation, and processing of agricultural products.","Research, Development, Design, and Practitioners",1,4,2026,Agricultural Engineer; Agricultural Systems Specialist; Conservation Engineer; Engineer; Field Engineer; Product Engineer; Product Technology Scientist; Project Engineer; Research Agricultural Engineer; Research Engineer,16,18,1,https://www.onetonline.org/link/details/17-2021.00,2026-09-16T20:55:45Z
17-2031.00,Bioengineers and Biomedical Engineers,"Apply knowledge of engineering, biology, chemistry, computer science, and biomechanical principles to the design, development, and evaluation of biological, agricultural, and health systems and products, such as artificial organs, prostheses, instrumentation, medical information systems, and health management and care delivery systems.","Research, Development, Design, and Practitioners",1,4,2026,Biomedical Engineer; Biomedical Technician (Biomedical Tech); Engineer; Process Engineer; Research Engineer,30,23,1,https://www.onetonline.org/link/details/17-2031.00,2026-09-16T20:55:46Z
17-2041.00,Chemical Engineers,"Design chemical plant equipment and devise processes for manufacturing chemicals and products, such as gasoline, synthetic rubber, plastics, detergents, cement, paper, and pulp, by applying principles and technology of chemistry, physics, and engineering.","Research, Development, Design, and Practitioners",0,4,2026,Chemical Engineer; Development Engineer; Engineer; Engineering Scientist; Process Control Engineer; Process Engineer; Project Engineer; Refinery Process Engineer; Research Chemical Engineer; Scientist,16,15,1,https://www.onetonline.org/link/details/17-2041.00,2026-09-16T20:55:47Z
17-2051.00,Civil Engineers,"Perform engineering duties in planning, designing, and overseeing construction and maintenance of building structures and facilities, such as roads, railroads, airports, bridges, harbors, channels, dams, irrigation projects, pipelines, power plants, and water and sewage systems.","Research, Development, Design, and Practitioners",1,4,2026,City Engineer; Civil Engineer; County Engineer; Design Engineer; Engineer; Geotechnical Engineer; Licensed Engineer; Project Engineer; Railroad Design Consultant; Structural Engineer,17,17,1,https://www.onetonline.org/link/details/17-2051.00,2026-09-16T20:55:48Z
17-2051.01,Transportation Engineers,"Develop plans for surface transportation projects, according to established engineering standards and state or federal construction policy. Prepare designs, specifications, or estimates for transportation facilities. Plan modifications of existing streets, highways, or freeways to improve traffic flow.","Research, Development, Design, and Practitioners",1,4,2026,Engineer; Project Engineer; Rail Engineer; Roadway Designer; Roadway Engineer; State Roadway Design Engineer; Traffic Engineer; Traffic Operations Engineer; Transportation Engineer,27,26,1,https://www.onetonline.org/link/details/17-2051.01,2026-09-16T20:55:48Z
17-2051.02,Water/Wastewater Engineers,"Design or oversee projects involving provision of potable water, disposal of wastewater and sewage, or prevention of flood-related damage. Prepare environmental documentation for water resources, regulatory program compliance, data management and analysis, and field work. Perform hydraulic modeling and pipeline design.","Research, Development, Design, and Practitioners",1,4,2025,Consulting Engineer; County Engineer; Engineer; Project Development Engineer,28,21,1,https://www.onetonline.org/link/details/17-2051.02,2026-09-16T20:55:49Z
17-2061.00,Computer Hardware Engineers,"Research, design, develop, or test computer or computer-related equipment for commercial, industrial, military, or scientific use. May supervise the manufacturing and installation of computer or computer-related equipment and components.","Research, Development, Design, and Practitioners",1,4,2026,Design Engineer; Engineer; Field Service Engineer; Hardware Design Engineer; Hardware Engineer; Physical Design Engineer; Project Engineer; Staff Engineer; Systems Integration Engineer,18,17,1,https://www.onetonline.org/link/details/17-2061.00,2026-09-16T20:55:50Z
17-2071.00,Electrical Engineers,"Research, design, develop, test, or supervise the manufacturing and installation of electrical equipment, components, or systems for commercial, industrial, military, or scientific use.","Research, Development, Design, and Practitioners",1,4,2026,Circuits Engineer; Design Engineer; Electrical Controls Engineer; Electrical Design Engineer; Electrical Engineer; Electrical Project Engineer; Engineer; Instrumentation and Electrical Reliability Engineer (I&E Reliability Engineer); Project Engineer; Test Engineer,22,29,1,https://www.onetonline.org/link/details/17-2071.00,2026-09-16T20:55:50Z
17-2072.00,"Electronics Engineers, Except Computer","Research, design, develop, or test electronic components and systems for commercial, industrial, military, or scientific use employing knowledge of electronic theory and materials properties. Design electronic circuits and components for use in fields such as telecommunications, aerospace guidance and propulsion control, acoustics, or instruments and controls.","Research, Development, Design, and Practitioners",1,4,2026,Compatibility Test Engineer; Design Engineer; Electronics Design Engineer; Engineer; Evaluation Engineer; Integrated Circuit Design Engineer (IC Design Engineer); Product Engineer; Radio Frequency Engineer (RF Engineer); Research and Development Engineer (R and D Engineer); Test Engineer,20,23,1,https://www.onetonline.org/link/details/17-2072.00,2026-09-16T20:55:51Z
17-2072.01,Radio Frequency Identification Device Specialists,Design and implement radio frequency identification device (RFID) systems used to track shipments or goods.,"Research, Development, Design, and Practitioners",1,4,2026,Deployment Engineer; Electro Magnetic Compatibility Test Engineer; RFID Engineer (Radio Frequency Identification Device Engineer); RFID Systems Engineer (Radio Frequency Identification Device Systems Engineer); Technical Support Engineer,21,20,1,https://www.onetonline.org/link/details/17-2072.01,2026-09-16T20:55:52Z
17-2081.00,Environmental Engineers,"Research, design, plan, or perform engineering duties in the prevention, control, and remediation of environmental hazards using various engineering disciplines. Work may include waste treatment, site remediation, or pollution control technology.","Research, Development, Design, and Practitioners",0,4,2026,Air Pollution Control Engineer; Engineer; Engineering Consultant; Environmental Analyst; Environmental Consultant; Environmental Engineer; Environmental Remediation Specialist; Hazardous Substances Engineer; Sanitary Engineer,29,27,1,https://www.onetonline.org/link/details/17-2081.00,2026-09-16T20:55:52Z
17-2111.00,"Health and Safety Engineers, Except Mining Safety Engineers and Inspectors","Promote worksite or product safety by applying knowledge of industrial processes, mechanics, chemistry, psychology, and industrial health and safety laws. Includes industrial product safety engineers.","Research, Development, Design, and Practitioners",0,4,2026,Health and Safety Specialist; Industrial Hygienist; Industrial Safety Engineer; Product Safety and Standards Engineer; Product Safety Consultant; Product Safety Engineer; Safety and Health Consultant; Safety Engineer; Service Loss Control Consultant; System Safety Engineer,27,25,1,https://www.onetonline.org/link/details/17-2111.00,2026-09-16T20:55:53Z
17-2111.02,Fire-Prevention and Protection Engineers,"Research causes of fires, determine fire protection methods, and design or recommend materials or equipment such as structural components or fire-detection equipment to assist organizations in safeguarding life and property against fire, explosion, and related hazards.","Research, Development, Design, and Practitioners",0,4,2026,Consulting Engineer; Engineer; Fire Protection Consultant; Fire Protection Engineer (FPE); Forensic Fire Protection Engineer; Licensed Fire Protection Engineer; Professional Fire Protection Engineer,16,18,1,https://www.onetonline.org/link/details/17-2111.02,2026-09-16T20:55:54Z
17-2112.00,Industrial Engineers,"Design, develop, test, and evaluate integrated systems for managing industrial production processes, including human work factors, quality control, inventory control, logistics and material flow, cost analysis, and production coordination.","Research, Development, Design, and Practitioners",1,4,2026,Continuous Improvement Engineer; Engineer; Facilities Engineer; Industrial Engineer; Operations Engineer; Plant Engineer; Process Engineer; Project Engineer; Quality Engineer; Research and Development Engineer (R and D Engineer),20,21,1,https://www.onetonline.org/link/details/17-2112.00,2026-09-16T20:55:54Z
17-2112.01,Human Factors Engineers and Ergonomists,"Design objects, facilities, and environments to optimize human well-being and overall system performance, applying theory, principles, and data regarding the relationship between humans and respective technology. Investigate and analyze characteristics of human behavior and performance as it relates to the use of technology.","Research, Development, Design, and Practitioners",1,5,2026,Board Certified Ergonomist; Certified Professional Ergonomist; Cognitive Engineer; Engineer; Ergonomic Consultant; Ergonomics Technical Advisor; Ergonomist; Human Factors Advisor; Human Factors Engineer; Occupational Ergonomist,27,19,1,https://www.onetonline.org/link/details/17-2112.01,2026-09-16T20:55:55Z
17-2112.02,Validation Engineers,"Design or plan protocols for equipment or processes to produce products meeting internal and external purity, safety, and quality requirements.","Research, Development, Design, and Practitioners",1,4,2026,Corporate Quality Engineer; Product Quality Engineer; Quality Assurance Engineer; Quality Engineer; Quality Management Systems Engineer; Reliability Engineer; Supplier Quality Engineer; Validation Specialist,21,19,1,https://www.onetonline.org/link/details/17-2112.02,2026-09-16T20:55:56Z
17-2112.03,Manufacturing Engineers,"Design, integrate, or improve manufacturing systems or related processes. May work with commercial or industrial designers to refine product designs to increase producibility and decrease costs.","Research, Development, Design, and Practitioners",1,4,2026,Facility Engineer; Manufacturing Engineer; Plant Engineer; Process Engineer; Process Improvement Engineer,24,28,1,https://www.onetonline.org/link/details/17-2112.03,2026-09-16T20:55:56Z
17-2121.00,Marine Engineers and Naval Architects,"Design, develop, and evaluate the operation of marine vessels, ship machinery, and related equipment, such as power supply and propulsion systems.","Research, Development, Design, and Practitioners",1,4,2026,Marine Architect; Marine Design Engineer; Marine Engineer; Marine Engineering Consultant; Marine Structural Designer; Marine Surveyor; Naval Architect; Naval Architect Specialist; Ship Equipment Engineer; Structural Engineer,31,28,1,https://www.onetonline.org/link/details/17-2121.00,2026-09-16T20:55:57Z
17-2131.00,Materials Engineers,"Evaluate materials and develop machinery and processes to manufacture materials for use in products that must meet specialized design and performance specifications. Develop new uses for known materials. Includes those engineers working with composite materials or specializing in one type of material, such as graphite, metal and metal alloys, ceramics and glass, plastics and polymers, and naturally occurring materials. Includes metallurgists and metallurgical engineers, ceramic engineers, and welding engineers.","Research, Development, Design, and Practitioners",1,4,2026,Automotive Sheet Metal Engineer; Ceramic Engineer; Extrusion Engineer; Materials Development Engineer; Materials Research Engineer; Metallurgical Engineer; Metallurgist; Process Engineer; Textile Engineer,21,25,1,https://www.onetonline.org/link/details/17-2131.00,2026-09-16T20:55:58Z
17-2141.00,Mechanical Engineers,"Perform engineering duties in planning and designing tools, engines, machines, and other mechanically functioning equipment. Oversee installation, operation, maintenance, and repair of equipment such as centralized heat, gas, water, and steam systems.","Research, Development, Design, and Practitioners",1,4,2026,Application Engineer; Design Engineer; Equipment Engineer; Mechanical Design Engineer; Mechanical Designer; Mechanical Engineer; Product Development Engineer; Product Engineer; Project Engineer; Test Engineer,28,32,1,https://www.onetonline.org/link/details/17-2141.00,2026-09-16T20:55:58Z
17-2141.01,Fuel Cell Engineers,"Design, evaluate, modify, or construct fuel cell components or systems for transportation, stationary, or portable applications.","Research, Development, Design, and Practitioners",1,4,2026,Engineer; Fuel Cell Engineer; Research Engineer; Stack Engineer,26,28,1,https://www.onetonline.org/link/details/17-2141.01,2026-09-16T20:55:59Z
17-2141.02,Automotive Engineers,"Develop new or improved designs for vehicle structural members, engines, transmissions, or other vehicle systems, using computer-assisted design technology. Direct building, modification, or testing of vehicle or components.","Research, Development, Design, and Practitioners",1,4,2026,Dimensional Integration Engineer; Engineer; Product Engineer; Project Engineer; Research Engineer,25,24,1,https://www.onetonline.org/link/details/17-2141.02,2026-09-16T20:56:00Z
17-2151.00,"Mining and Geological Engineers, Including Mining Safety Engineers","Conduct subsurface surveys to identify the characteristics of potential land or mining development sites. May specify the ground support systems, processes, and equipment for safe, economical, and environmentally sound extraction or underground construction activities. May inspect areas for unsafe geological conditions, equipment, and working conditions. May design, implement, and coordinate mine safety programs.","Research, Development, Design, and Practitioners",0,4,2026,Mine Engineer; Mining Consultant; Mining Engineer; Planning Engineer; Project Engineer; Safety Engineer; Safety Representative,19,25,1,https://www.onetonline.org/link/details/17-2151.00,2026-09-16T20:56:01Z
17-2161.00,Nuclear Engineers,"Conduct research on nuclear engineering projects or apply principles and theory of nuclear science to problems concerned with release, control, and use of nuclear energy and nuclear waste disposal.","Research, Development, Design, and Practitioners",0,4,2026,Engineer; Nuclear Design Engineer; Nuclear Engineer; Nuclear Licensing Engineer; Nuclear Process Engineer; Nuclear Reactor Engineer; Nuclear Safety Engineer; Nuclear Steam Supply System Engineer (NSSS Engineer); Radiological Engineer; Reactor Engineer,20,20,1,https://www.onetonline.org/link/details/17-2161.00,2026-09-16T20:56:02Z
17-2171.00,Petroleum Engineers,Devise methods to improve oil and gas extraction and production and determine the need for new or modified tool designs. Oversee drilling and offer technical advice.,"Research, Development, Design, and Practitioners",0,4,2026,Completion Engineer; Drilling Engineer; Engineer; Operations Engineer; Petroleum Engineer; Petroleum Production Engineer; Project Production Engineer; Project Reservoir Engineer; Reservoir Engineer; Reservoir Engineering Consultant,24,25,1,https://www.onetonline.org/link/details/17-2171.00,2026-09-16T20:56:02Z
17-2199.00,"Engineers, All Other",All engineers not listed separately.,"Research, Development, Design, and Practitioners",0,,,,0,0,1,https://www.onetonline.org/link/details/17-2199.00,2026-09-16T20:56:03Z
17-2199.03,"Energy Engineers, Except Wind and Solar","Design, develop, or evaluate energy-related projects or programs to reduce energy costs or improve energy efficiency during the designing, building, or remodeling stages of construction. May specialize in electrical systems; heating, ventilation, and air-conditioning (HVAC) systems; green buildings; lighting; air quality; or energy procurement.","Research, Development, Design, and Practitioners",0,4,2026,Energy Efficiency Engineer; Energy Engineer; Industrial Energy Engineer; Test and Balance Engineer (TAB Engineer),21,15,1,https://www.onetonline.org/link/details/17-2199.03,2026-09-16T20:56:03Z
17-2199.05,Mechatronics Engineers,"Research, design, develop, or test automation, intelligent systems, smart devices, or industrial systems control.","Research, Development, Design, and Practitioners",0,4,2026,Automation Designer; Automation Engineer; Control Systems Engineer; Controls Engineering Specialist; Design Engineer (Design Eng); Equipment Engineer; Process Controls Engineer; Process Development Engineer; Project Engineer; Research and Development Engineer (R and D Engineer),23,24,1,https://www.onetonline.org/link/details/17-2199.05,2026-09-16T20:56:04Z
17-2199.06,Microsystems Engineers,"Research, design, develop, or test microelectromechanical systems (MEMS) devices.","Research, Development, Design, and Practitioners",0,5,2026,Control Systems Engineer; MEMS Integration Engineer (Microelectrical Mechanical Integration Engineer); Microsystems Engineer; Process Engineer; Product Design Engineer; Project Design Engineer; Project Engineer; Radio Frequency Design Engineer (RF Design Engineer); System Engineer; Systems Engineer,31,29,1,https://www.onetonline.org/link/details/17-2199.06,2026-09-16T20:56:05Z
17-2199.07,Photonics Engineers,"Design technologies specializing in light information or light energy, such as laser or fiber optics technology.","Research, Development, Design, and Practitioners",0,4,2026,Algorithm Developer; Laser Engineer; Optical Design Engineer; Optical Engineer; Optical Specialist; Optical Systems Engineer; Optoelectronics Engineer; Research and Development Engineer (R and D Engineer); Research Engineer,26,21,1,https://www.onetonline.org/link/details/17-2199.07,2026-09-16T20:56:06Z
17-2199.08,Robotics Engineers,"Research, design, develop, or test robotic applications.","Research, Development, Design, and Practitioners",0,4,2026,Automation Engineer; Autonomous Vehicle Design Engineer; Design Engineer; Factory Automations Engineer; Research Engineer; Robotic Systems Engineer,24,20,1,https://www.onetonline.org/link/details/17-2199.08,2026-09-16T20:56:06Z
17-2199.09,Nanosystems Engineers,"Design, develop, or supervise the production of materials, devices, or systems of unique molecular or macromolecular composition, applying principles of nanoscale physics and electrical, chemical, or biological engineering.","Research, Development, Design, and Practitioners",0,5,2026,Process Development Engineer; Research Engineer,25,21,1,https://www.onetonline.org/link/details/17-2199.09,2026-09-16T20:56:07Z
17-2199.10,Wind Energy Engineers,Design underground or overhead wind farm collector systems and prepare and develop site specifications.,"Research, Development, Design, and Practitioners",0,4,2025,Engineer; Project Engineer; Turbine Measurements Engineer; Utility Engineer; Wind Energy Consultant; Wind Farm Siting and Development Consultant; Wind Turbine Design Engineer,20,12,1,https://www.onetonline.org/link/details/17-2199.10,2026-09-16T20:56:08Z
17-2199.11,Solar Energy Systems Engineers,"Perform site-specific engineering analysis or evaluation of energy efficiency and solar projects involving residential, commercial, or industrial customers. Design solar domestic hot water and space heating systems for new and existing structures, applying knowledge of structural energy requirements, local climates, solar technology, and thermodynamics.","Research, Development, Design, and Practitioners",0,4,2025,Consulting Engineer; Engineer; Photovoltaic System Designer (PV System Designer); Power Systems Engineer; Project Engineer; Research Engineer; Solar Design Engineer; Solar Designer; Solar Energy Engineer; Solar Engineer,13,14,1,https://www.onetonline.org/link/details/17-2199.11,2026-09-16T20:56:08Z
17-3011.00,Architectural and Civil Drafters,"Prepare detailed drawings of architectural and structural features of buildings or drawings and topographical relief maps used in civil engineering projects, such as highways, bridges, and public works. Use knowledge of building materials, engineering practices, and mathematics to complete drawings.",Technologists and Technicians,0,3,2026,Architectural Designer; Architectural Drafter; Architectural Draftsman; CAD Designer (Computer-Aided Design Designer); CAD Tech (Computer-Aided Design Technician); CADD Drafter (Computer-Aided Drafting and Design Drafter); Civil Drafter; Drafting Technician (Drafting Tech); Draftsman; Draftsperson,27,23,1,https://www.onetonline.org/link/details/17-3011.00,2026-09-16T20:56:09Z
17-3012.00,Electrical and Electronics Drafters,"Prepare wiring diagrams, circuit board assembly diagrams, and layout drawings used for the manufacture, installation, or repair of electrical equipment.",Technologists and Technicians,0,3,2026,Computer-Aided Design Operator; Designer; Drafter; Drafting Technician (Drafting Tech); Electrical Designer; Electrical Drafter; Layout Designer; Printed Circuit Board Designer (PCB Designer); Staking Engineer; Staking Technician (Staking Tech),30,19,1,https://www.onetonline.org/link/details/17-3012.00,2026-09-16T20:56:10Z
17-3013.00,Mechanical Drafters,"Prepare detailed working diagrams of machinery and mechanical devices, including dimensions, fastening methods, and other engineering information.",Technologists and Technicians,0,3,2026,CAD Designer (Computer Aided Design Designer); CAD Operator (Computer Aided Design Operator); CAM Specialist (Computer Aided Manufacturing Specialist); Design Drafter; Die Designer; Drafter; Drafting Technician (Drafting Tech); Mechanical Designer; Tool Design Drafter; Tooling Designer,17,10,1,https://www.onetonline.org/link/details/17-3013.00,2026-09-16T20:56:11Z
17-3019.00,"Drafters, All Other",All drafters not listed separately.,Technologists and Technicians,0,,,,0,0,1,https://www.onetonline.org/link/details/17-3019.00,2026-09-16T20:56:11Z
17-3021.00,Aerospace Engineering and Operations Technologists and Technicians,"Operate, install, adjust, and maintain integrated computer/communications systems, consoles, simulators, and other data acquisition, test, and measurement instruments and equipment, which are used to launch, track, position, and evaluate air and space vehicles. May record and interpret test data.",Technologists and Technicians,1,3,2026,Avionics Installation Technician; Avionics Test Technician; Engineering Technician; Engineering Test Technician; Flight Test Instrument Technician; Instrumentation Technician; Systems Test Technician; Test Technician,12,15,1,https://www.onetonline.org/link/details/17-3021.00,2026-09-16T20:56:12Z
17-3022.00,Civil Engineering Technologists and Technicians,"Apply theory and principles of civil engineering in planning, designing, and overseeing construction and maintenance of structures and facilities under the direction of engineering staff or physical scientists.",Technologists and Technicians,0,3,2026,Civil Designer; Civil Engineering Assistant; Civil Engineering Technician; Design Technician; Engineer Technician; Engineering Assistant; Engineering Technician; Transportation Engineering Technician,15,16,1,https://www.onetonline.org/link/details/17-3022.00,2026-09-16T20:56:13Z
17-3023.00,Electrical and Electronic Engineering Technologists and Technicians,"Apply electrical and electronic theory and related knowledge, usually under the direction of engineering staff, to design, build, repair, adjust, and modify electrical components, circuitry, controls, and machinery for subsequent evaluation and use by engineering staff in making engineering design decisions.",Technologists and Technicians,0,3,2026,Communication Technician (Communication Tech); Communications Technologist; Electrical Engineering Technician (Electrical Engineering Tech); Electrical Technician (Electrical Tech); Electronic Engineering Technician (Electronic Engineering Tech); Electronic Technician (Electronic Tech); Electronics Engineering Technician; Electronics Technician; Relay Technician (Relay Tech); System Technologist,28,28,1,https://www.onetonline.org/link/details/17-3023.00,2026-09-16T20:56:13Z
17-3024.00,Electro-Mechanical and Mechatronics Technologists and Technicians,"Operate, test, maintain, or adjust unmanned, automated, servomechanical, or electromechanical equipment. May operate unmanned submarines, aircraft, or other equipment to observe or record visual information at sites such as oil rigs, crop fields, buildings, or for similar infrastructure, deep ocean exploration, or hazardous waste removal. May assist engineers in testing and designing robotics equipment.",Technologists and Technicians,0,3,2026,Automation Technician (Automation Tech); Electro-Mechanic; Electromechanical Assembler (EM Assembler); Electromechanical Technician (EM Technician); Electronics Technician (Electronics Tech); Mechanical Technician (Mechanical Tech); Process Control Tech; Product Test Specialist; Test Engineering Technician (Test Engineering Tech); Test Technician (Test Tech),29,29,1,https://www.onetonline.org/link/details/17-3024.00,2026-09-16T20:56:14Z
17-3024.01,Robotics Technicians,"Build, install, test, or maintain robotic equipment or related automated production systems.",Technologists and Technicians,0,3,2026,Automation Technician; Electrical and Instrumentation Technician (E and I Technician); Instrument and Automation Technician; Instrument Specialist; Instrument Technician; Instrumentation and Controls Technician; Instrumentation and Process Controls Technician; Process Control Technician; Programmable Logic Controllers Technician,22,18,1,https://www.onetonline.org/link/details/17-3024.01,2026-09-16T20:56:15Z
17-3025.00,Environmental Engineering Technologists and Technicians,"Apply theory and principles of environmental engineering to modify, test, and operate equipment and devices used in the prevention, control, and remediation of environmental problems, including waste treatment and site remediation, under the direction of engineering staff or scientists. May assist in the development of environmental remediation devices.",Technologists and Technicians,0,4,2026,Air Quality Instrument Specialist; EHS Engineer (Environmental; Health and Safety Engineer); Engineer; Environmental Engineering Assistant; Environmental Engineering Technician (Environmental Engineering Tech); Environmental Field Technician (Environmental Field Tech); Environmental Technician (Environmental Tech); Haz Tech (Hazardous Technician); Remediation Technician (Remediation Tech),23,25,1,https://www.onetonline.org/link/details/17-3025.00,2026-09-16T20:56:15Z
17-3026.00,Industrial Engineering Technologists and Technicians,"Apply engineering theory and principles to problems of industrial layout or manufacturing production, usually under the direction of engineering staff. May perform time and motion studies on worker operations in a variety of industries for purposes such as establishing standard production rates or improving efficiency.",Technologists and Technicians,0,3,2026,Engineering Technician (Engineering Tech); Industrial Engineering Analyst; Industrial Engineering Technician (Industrial Engineering Tech); Industrial Technician (Industrial Tech); Manufacturing Coordinator; PLC Tech (Programmable Logic Controller Technician); QC Engineering Technician (Quality Control Engineering Technician); Quality Management Coordinator,30,29,1,https://www.onetonline.org/link/details/17-3026.00,2026-09-16T20:56:16Z
17-3026.01,Nanotechnology Engineering Technologists and Technicians,"Implement production processes and operate commercial-scale production equipment to produce, test, or modify materials, devices, or systems of unique molecular or macromolecular composition. Operate advanced microscopy equipment to manipulate nanoscale objects. Work under the supervision of nanoengineering staff.",Technologists and Technicians,0,4,2026,Engineering Technician (Engineering Tech); Lab Technician (Laboratory Technician); Nanofabrication Specialist; Process Engineering Technician (Process Engineering Tech); R and D Engineer (Research and Development Engineer); Research Lab Associate (Research Laboratory Associate); Research Scientist; Research Specialist; Research Technician (Research Tech); Scientific Research Associate,25,19,1,https://www.onetonline.org/link/details/17-3026.01,2026-09-16T20:56:17Z
17-3027.00,Mechanical Engineering Technologists and Technicians,"Apply theory and principles of mechanical engineering to modify, develop, test, or adjust machinery and equipment under direction of engineering staff or physical scientists.",Technologists and Technicians,0,3,2026,Engineering Laboratory Technician (Engineering Lab Technician); Engineering Technical Analyst; Engineering Technician (Engineering Tech); Engineering Technologist; Manufacturing Engineering Technician (Manufacturing Engineering Tech); Mechanical Designer; Mechanical Technician (Mechanical Tech); Process Engineering Technician (Process Engineering Tech); Process Technician; Research and Development Technician (R and D Tech),30,27,1,https://www.onetonline.org/link/details/17-3027.00,2026-09-16T20:56:17Z
17-3027.01,Automotive Engineering Technicians,"Assist engineers in determining the practicality of proposed product design changes and plan and carry out tests on experimental test devices or equipment for performance, durability, or efficiency.",Technologists and Technicians,0,3,2026,Laboratory Technician (Lab Technician); Research Technician,18,17,1,https://www.onetonline.org/link/details/17-3027.01,2026-09-16T20:56:18Z
17-3028.00,Calibration Technologists and Technicians,"Execute or adapt procedures and techniques for calibrating measurement devices, by applying knowledge of measurement science, mathematics, physics, chemistry, and electronics, sometimes under the direction of engineering staff. Determine measurement standard suitability for calibrating measurement devices. May perform preventive maintenance on equipment. May perform corrective actions to address identified calibration problems.",Technologists and Technicians,1,3,2026,Calibration Specialist; Calibration Technician (Calibration Tech); Gauge Specialist; Instrument and Control Technician (I and C Tech); Instrument Control Technician (Instrument Control Tech); Quality Technician (Quality Tech),14,17,1,https://www.onetonline.org/link/details/17-3028.00,2026-09-16T20:56:18Z
17-3029.00,"Engineering Technologists and Technicians, Except Drafters, All Other","All engineering technologists and technicians, except drafters, not listed separately.",Technologists and Technicians,0,,,,0,0,1,https://www.onetonline.org/link/details/17-3029.00,2026-09-16T20:56:19Z
17-3029.01,Non-Destructive Testing Specialists,"Test the safety of structures, vehicles, or vessels using x-ray, ultrasound, fiber optic or related equipment.",Technologists and Technicians,0,,2026,Industrial Radiographer; NDE Technician (Non-Destructive Evaluation Technician); NDT Coordinator (Non-Destructive Testing Coordinator); NDT Inspector (Non-Destructing Testing Inspector); NDT Specialist (Non-Destructive Testing Specialist); NDT Technical Specialist (Non-Destructive Testing Technical Specialist); NDT Technician (Non-Destructive Testing Technician),17,12,1,https://www.onetonline.org/link/details/17-3029.01,2026-09-16T20:56:20Z
17-3029.08,Photonics Technicians,"Build, install, test, or maintain optical or fiber optic equipment, such as lasers, lenses, or mirrors, using spectrometers, interferometers, or related equipment.",Technologists and Technicians,0,3,2026,Fiber Optics Instructor; Fiber Optics Technician (Fiber Optics Tech); Laser Technician (Laser Tech); Optics Technician (Optics Tech); Optomechanical Technician (Optomechanical Tech); Photonics Laboratory Technician (Photonics Lab Tech); Photonics Technician (Photonics Tech); Ruling Technician (Ruling Tech),24,23,1,https://www.onetonline.org/link/details/17-3029.08,2026-09-16T20:56:21Z
17-3031.00,Surveying and Mapping Technicians,"Perform surveying and mapping duties, usually under the direction of an engineer, surveyor, cartographer, or photogrammetrist, to obtain data used for construction, mapmaking, boundary location, mining, or other purposes. May calculate mapmaking information and create maps from source data, such as surveying notes, aerial photography, satellite data, or other maps to show topographical features, political boundaries, and other features. May verify accuracy and completeness of maps.",Technologists and Technicians,1,3,2026,Field Surveyor; Land Survey Technician (Land Survey Tech); Land Surveyor; Mapping Editor; Mapping Technician (Mapping Tech); Photogrammetric Technician (Photogrammetric Tech); Rodman; Stereoplotter Operator; Survey Technician (Survey Tech); Surveying Technician (Surveying Tech),32,19,1,https://www.onetonline.org/link/details/17-3031.00,2026-09-16T20:56:21Z
19-1011.00,Animal Scientists,"Conduct research in the genetics, nutrition, reproduction, growth, and development of domestic farm animals.","Research, Development, Design, and Practitioners",1,5,2026,Animal Nutrition Consultant; Animal Nutritionist; Animal Scientist; Beef Cattle Nutritionist; Beef Cattle Specialist; Companion Animal Nutritionist; Dairy Nutrition Consultant; Dairy Research Nutritionist; Research Scientist; Scientist,9,7,1,https://www.onetonline.org/link/details/19-1011.00,2026-09-16T20:56:22Z
19-1012.00,Food Scientists and Technologists,"Use chemistry, microbiology, engineering, and other sciences to study the principles underlying the processing and deterioration of foods; analyze food content to determine levels of vitamins, fat, sugar, and protein; discover new food sources; research ways to make processed foods safe, palatable, and healthful; and apply food science knowledge to determine best ways to process, package, preserve, store, and distribute food.","Research, Development, Design, and Practitioners",1,4,2026,Corporate Food Scientist; Food and Drug Research Scientist; Food Engineer; Food Safety Regulatory Manager; Food Scientist; Food Technologist; Formulator; Product Development Scientist; Research Chef; Research Scientist,14,10,1,https://www.onetonline.org/link/details/19-1012.00,2026-09-16T20:56:23Z
19-1013.00,Soil and Plant Scientists,"Conduct research in breeding, physiology, production, yield, and management of crops and agricultural plants or trees, shrubs, and nursery stock, their growth in soils, and control of pests; or study the chemical, physical, biological, and mineralogical composition of soils as they relate to plant or crop growth. May classify and map soils and investigate effects of alternative practices on soil and crop productivity.","Research, Development, Design, and Practitioners",1,5,2026,Agronomist; Arboriculture Researcher; Crop Nutrition Scientist; Forage Physiologist; Horticulture Specialist; Plant Physiologist; Plant Research Geneticist; Research Scientist; Research Soil Scientist; Scientist,27,21,1,https://www.onetonline.org/link/details/19-1013.00,2026-09-16T20:56:23Z
19-1021.00,Biochemists and Biophysicists,"Study the chemical composition or physical principles of living cells and organisms, their electrical and mechanical energy, and related phenomena. May conduct research to further understanding of the complex chemical combinations and reactions involved in metabolism, reproduction, growth, and heredity. May determine the effects of foods, drugs, serums, hormones, and other substances on tissues and vital processes of living organisms.","Research, Development, Design, and Practitioners",1,5,2026,Analytical Research Chemist; Biochemist; Biophysics Researcher; Scientist,25,14,1,https://www.onetonline.org/link/details/19-1021.00,2026-09-16T20:56:24Z
19-1022.00,Microbiologists,"Investigate the growth, structure, development, and other characteristics of microscopic organisms, such as bacteria, algae, or fungi. Includes medical microbiologists who study the relationship between organisms and disease or the effects of antibiotics on microorganisms.","Research, Development, Design, and Practitioners",0,4,2026,Bacteriologist; Clinical Laboratory Scientist (Clinical Lab Scientist); Clinical Microbiologist; Medical Technologist; Microbiological Analyst; Microbiologist; Public Health Microbiologist; Quality Control Microbiologist (QC Microbiologist); Research Microbiologist; Research Specialist,14,14,1,https://www.onetonline.org/link/details/19-1022.00,2026-09-16T20:56:25Z
19-1023.00,Zoologists and Wildlife Biologists,"Study the origins, behavior, diseases, genetics, and life processes of animals and wildlife. May specialize in wildlife research and management. May collect and analyze biological data to determine the environmental effects of present and potential use of land and water habitats.","Research, Development, Design, and Practitioners",0,4,2026,Aquatic Biologist; Conservation Biologist; Fish and Wildlife Biologist; Fisheries and Wildlife Biological Scientist; Fisheries Biologist; Habitat Biologist; Migratory Game Bird Biologist; Wildlife Biologist; Wildlife Refuge Specialist; Zoologist,15,19,1,https://www.onetonline.org/link/details/19-1023.00,2026-09-16T20:56:25Z
19-1029.00,"Biological Scientists, All Other",All biological scientists not listed separately.,"Research, Development, Design, and Practitioners",0,,,,0,0,1,https://www.onetonline.org/link/details/19-1029.00,2026-09-16T20:56:26Z
19-1029.01,Bioinformatics Scientists,"Conduct research using bioinformatics theory and methods in areas such as pharmaceuticals, medical technology, biotechnology, computational biology, proteomics, computer information science, biology and medical informatics. May design databases and develop algorithms for processing and analyzing genomic information, or other biological information.","Research, Development, Design, and Practitioners",0,5,2026,Bioinformaticist; Bioinformatics Programmer; Bioinformatics Research Associate; Computational Biology Scientist; Research Associate; Research Scientist; Scientist,20,11,1,https://www.onetonline.org/link/details/19-1029.01,2026-09-16T20:56:27Z
19-1029.02,Molecular and Cellular Biologists,Research and study cellular molecules and organelles to understand cell function and organization.,"Research, Development, Design, and Practitioners",0,5,2026,Molecular Biologist; Research Scientist,22,25,1,https://www.onetonline.org/link/details/19-1029.02,2026-09-16T20:56:27Z
19-1029.03,Geneticists,"Research and study the inheritance of traits at the molecular, organism or population level. May evaluate or treat patients with genetic disorders.","Research, Development, Design, and Practitioners",0,5,2026,Cardiovascular Geneticist; Medical Geneticist; Research Scientist; Scientist,24,20,1,https://www.onetonline.org/link/details/19-1029.03,2026-09-16T20:56:28Z
19-1029.04,Biologists,"Research or study basic principles of plant and animal life, such as origin, relationship, development, anatomy, and functions.","Research, Development, Design, and Practitioners",0,5,2026,Aquatic Biologist; Biological Scientist; Biologist; Botanist; Fisheries and Wildlife Biologist; Fisheries Biologist; Marine Biologist; Research Biologist; Research Scientist; Scientist,23,27,1,https://www.onetonline.org/link/details/19-1029.04,2026-09-16T20:56:29Z
19-1031.00,Conservation Scientists,"Manage, improve, and protect natural resources to maximize their use without damaging the environment. May conduct soil surveys and develop plans to eliminate soil erosion or to protect rangelands. May instruct farmers, agricultural production managers, or ranchers in best ways to use crop rotation, contour plowing, or terracing to conserve soil and water; in the number and kind of livestock and forage plants best suited to particular ranges; and in range and farm improvements, such as fencing and reservoirs for stock watering.","Research, Development, Design, and Practitioners",0,4,2026,Conservationist; Environmental Analyst; Environmental Quality Scientist; Erosion Control Specialist; Land Reclamation Specialist; Land Resource Specialist; Research Soil Scientist; Resource Conservation Specialist; Resource Conservationist; Soil Conservationist,30,24,1,https://www.onetonline.org/link/details/19-1031.00,2026-09-16T20:56:29Z
19-1031.02,Range Managers,"Research or study range land management practices to provide sustained production of forage, livestock, and wildlife.","Research, Development, Design, and Practitioners",0,4,2026,Conservationist; Forest Range Program Manager; Land Management Supervisor; Natural Resource Manager; Natural Resource Specialist; Range Management Consultant; Range Management Specialist; Rangeland Management Specialist; Wildlife Manager; Wildlife Refuge Manager,18,16,1,https://www.onetonline.org/link/details/19-1031.02,2026-09-16T20:56:30Z
19-1031.03,Park Naturalists,"Plan, develop, and conduct programs to inform public of historical, natural, and scientific features of national, state, or local park.","Research, Development, Design, and Practitioners",0,4,2026,Environmental Education Specialist; Environmental Educator; Interpretive Naturalist; Interpretive Park Ranger; Natural Resource Educator; Naturalist; Park Activities Coordinator; Park Guide; Park Interpretive Specialist; Park Ranger,20,29,1,https://www.onetonline.org/link/details/19-1031.03,2026-09-16T20:56:31Z
19-1032.00,Foresters,"Manage public and private forested lands for economic, recreational, and conservation purposes. May inventory the type, amount, and location of standing timber, appraise the timber's worth, negotiate the purchase, and draw up contracts for procurement. May determine how to conserve wildlife habitats, creek beds, water quality, and soil stability, and how best to comply with environmental regulations. May devise plans for planting and growing new trees, monitor trees for healthy growth, and determine optimal harvesting schedules.","Research, Development, Design, and Practitioners",0,4,2026,Area Forester; District Forester; Environmental Protection Forester; Fire Prevention Forester; Forest Silviculturist; Procurement Forester; Resource Forester; Service Forester; Silviculturist; Urban Forester,25,24,1,https://www.onetonline.org/link/details/19-1032.00,2026-09-16T20:56:31Z
19-1041.00,Epidemiologists,"Investigate and describe the determinants and distribution of disease, disability, or health outcomes. May develop the means for prevention and control.","Research, Development, Design, and Practitioners",1,5,2026,Chronic Disease Epidemiologist; Communicable Diseases Specialist; Environmental Epidemiologist; Epidemiologist; Epidemiology Investigator; Infection Control Practitioner (ICP); Nurse Epidemiologist; Public Health Epidemiologist; Research Epidemiologist; State Epidemiologist,17,18,1,https://www.onetonline.org/link/details/19-1041.00,2026-09-16T20:56:32Z
19-1042.00,"Medical Scientists, Except Epidemiologists","Conduct research dealing with the understanding of human diseases and the improvement of human health. Engage in clinical investigation, research and development, or other related activities.","Research, Development, Design, and Practitioners",1,5,2026,Clinical Laboratory Scientist (Clinical Lab Scientist); Clinical Pharmacologist; Clinical Research Scientist; Medical Researcher; Physician Scientist; Research Scientist; Researcher; Scientist; Study Director; Toxicologist,14,19,1,https://www.onetonline.org/link/details/19-1042.00,2026-09-16T20:56:33Z
19-1099.00,"Life Scientists, All Other",All life scientists not listed separately.,"Research, Development, Design, and Practitioners",0,,,,0,0,1,https://www.onetonline.org/link/details/19-1099.00,2026-09-16T20:56:34Z
19-2011.00,Astronomers,"Observe, research, and interpret astronomical phenomena to increase basic knowledge or apply such information to practical problems.","Research, Development, Design, and Practitioners",0,5,2026,Astronomer; Astronomy Outreach Coordinator; Astrophysicist; Research Astrophysicist,17,17,1,https://www.onetonline.org/link/details/19-2011.00,2026-09-16T20:56:34Z
19-2012.00,Physicists,"Conduct research into physical phenomena, develop theories on the basis of observation and experiments, and devise methods to apply physical laws and theories.","Research, Development, Design, and Practitioners",0,5,2026,Astrophysicist; Biophysics Scientist; Health Physicist; Medical Physicist; Research Physicist; Scientist,16,24,1,https://www.onetonline.org/link/details/19-2012.00,2026-09-16T20:56:35Z
19-2021.00,Atmospheric and Space Scientists,"Investigate atmospheric phenomena and interpret meteorological data, gathered by surface and air stations, satellites, and radar to prepare reports and forecasts for public and other uses. Includes weather analysts and forecasters whose functions require the detailed knowledge of meteorology.","Research, Development, Design, and Practitioners",0,4,2026,Broadcast Meteorologist; Forecaster; General Forecaster; Hydrometeorological Technician (Hydrometeorological Tech); Meteorologist; Ocean Monitoring and Data Assimilation Scientist; Research Meteorologist; Service Hydrologist; Warning Coordination Meteorologist; Weather Forecaster,27,27,1,https://www.onetonline.org/link/details/19-2021.00,2026-09-16T20:56:36Z
19-2031.00,Chemists,Conduct qualitative and quantitative chemical analyses or experiments in laboratories for quality or process control or to develop new products or knowledge.,"Research, Development, Design, and Practitioners",1,4,2026,Air Quality Chemist; Analytical Chemist; Chemical Lab Scientist (Chemical Laboratory Scientist); Chemist; Forensic Chemist; Product Development Chemist; QC Chemist (Quality Control Chemist); R and D Chemist (Research and Development Chemist); Research Chemist; Scientist,12,14,1,https://www.onetonline.org/link/details/19-2031.00,2026-09-16T20:56:36Z
19-2032.00,Materials Scientists,"Research and study the structures and chemical properties of various natural and synthetic or composite materials, including metals, alloys, rubber, ceramics, semiconductors, polymers, and glass. Determine ways to strengthen or combine materials or develop new materials with new or specific properties for use in a variety of products and applications. Includes glass scientists, ceramic scientists, metallurgical scientists, and polymer scientists.","Research, Development, Design, and Practitioners",1,4,2026,Applications Scientist; Materials Research Engineer; Materials Scientist; Metallurgical Engineer; Micro Electrical/Mechanical Systems Device Scientist (MEMS Device Scientist); Polymer Materials Consultant; R and D Scientist (Research and Development Scientist); Research Scientist; Scientist,17,13,1,https://www.onetonline.org/link/details/19-2032.00,2026-09-16T20:56:37Z
19-2041.00,"Environmental Scientists and Specialists, Including Health","Conduct research or perform investigation for the purpose of identifying, abating, or eliminating sources of pollutants or hazards that affect either the environment or public health. Using knowledge of various scientific disciplines, may collect, synthesize, study, report, and recommend action based on data derived from measurements or observations of air, food, soil, water, and other sources.","Research, Development, Design, and Practitioners",0,4,2026,Environmental Analyst; Environmental Health and Safety Specialist (EHS Specialist); Environmental Health Specialist; Environmental Programs Specialist; Environmental Protection Specialist; Environmental Scientist; Environmental Specialist; Hazardous Substances Scientist; Natural Resources Specialist; Registered Environmental Health Specialist (REHS),22,19,1,https://www.onetonline.org/link/details/19-2041.00,2026-09-16T20:56:38Z
19-2041.01,Climate Change Policy Analysts,"Research and analyze policy developments related to climate change. Make climate-related recommendations for actions such as legislation, awareness campaigns, or fundraising approaches.","Research, Development, Design, and Practitioners",0,5,2025,Climate Advisor; Climate Analyst; Climate and Energy Program Associate; Climate Economist; Environmental Policy Analyst; Policy Analyst; Policy Associate; Policy Research Associate; Regional Science Advisor,14,12,1,https://www.onetonline.org/link/details/19-2041.01,2026-09-16T20:56:38Z
19-2041.02,Environmental Restoration Planners,"Collaborate with field and biology staff to oversee the implementation of restoration projects and to develop new products. Process and synthesize complex scientific data into practical strategies for restoration, monitoring or management.","Research, Development, Design, and Practitioners",0,5,2025,Coastal and Estuary Specialist; Fisheries Habitat Restoration Specialist; Habitat Restoration Specialist; Marine Habitat Resources Specialist; Restoration Ecologist; Restoration Specialist; Watershed Coordinator,23,23,1,https://www.onetonline.org/link/details/19-2041.02,2026-09-16T20:56:39Z
19-2041.03,Industrial Ecologists,Apply principles and processes of natural ecosystems to develop models for efficient industrial systems. Use knowledge from the physical and social sciences to maximize effective use of natural resources in the production and use of goods and services. Examine societal issues and their relationship with both technical systems and the environment.,"Research, Development, Design, and Practitioners",0,5,2025,Ecologist; Environmental Consultant; Environmental Protection Agency Counselor; Research Scientist; Researcher,39,27,1,https://www.onetonline.org/link/details/19-2041.03,2026-09-16T20:56:40Z
19-2042.00,"Geoscientists, Except Hydrologists and Geographers","Study the composition, structure, and other physical aspects of the Earth. May use geological, physics, and mathematics knowledge in exploration for oil, gas, minerals, or underground water; or in waste disposal, land reclamation, or other environmental problems. May study the Earth's internal composition, atmospheres, and oceans, and its magnetic, electrical, and gravitational forces. Includes mineralogists, paleontologists, stratigraphers, geodesists, and seismologists.","Research, Development, Design, and Practitioners",0,4,2026,Engineering Geologist; Environmental Protection Geologist; Exploration Geologist; Geologist; Geoscientist; Mine Geologist; Petroleum Geologist; Project Geologist; Project Geophysicist; Research Geologist,32,29,1,https://www.onetonline.org/link/details/19-2042.00,2026-09-16T20:56:40Z
19-2043.00,Hydrologists,"Research the distribution, circulation, and physical properties of underground and surface waters; and study the form and intensity of precipitation and its rate of infiltration into the soil, movement through the earth, and return to the ocean and atmosphere.","Research, Development, Design, and Practitioners",0,4,2026,Groundwater Consultant; Hydrogeologist; Research Hydrologic Engineer; Research Hydrologist; Source Water Protection Specialist,26,30,1,https://www.onetonline.org/link/details/19-2043.00,2026-09-16T20:56:41Z
19-2099.00,"Physical Scientists, All Other",All physical scientists not listed separately.,"Research, Development, Design, and Practitioners",0,,,,0,0,1,https://www.onetonline.org/link/details/19-2099.00,2026-09-16T20:56:42Z
19-2099.01,Remote Sensing Scientists and Technologists,"Apply remote sensing principles and methods to analyze data and solve problems in areas such as natural resource management, urban planning, or homeland security. May develop new sensor systems, analytical techniques, or new applications for existing systems.","Research, Development, Design, and Practitioners",0,4,2026,Geospatial Intelligence Analyst; Image Scientist; Remote Sensing Analyst; Remote Sensing Scientist; Research Scientist; Scientist; Sensor Specialist,25,24,1,https://www.onetonline.org/link/details/19-2099.01,2026-09-16T20:56:43Z
19-3011.00,Economists,"Conduct research, prepare reports, or formulate plans to address economic problems related to the production and distribution of goods and services or monetary and fiscal policy. May collect and process economic and statistical data using sampling techniques and econometric methods.","Research, Development, Design, and Practitioners",0,5,2026,Economic Advisor; Economic Analyst; Economic Consultant; Economic Development Specialist; Economist; Forensic Economist; Project Economist; Research Economist; Revenue Research Analyst; Tax Economist,16,14,1,https://www.onetonline.org/link/details/19-3011.00,2026-09-16T20:56:43Z
19-3011.01,Environmental Economists,"Conduct economic analysis related to environmental protection and use of the natural environment, such as water, air, land, and renewable energy resources. Evaluate and quantify benefits, costs, incentives, and impacts of alternative options using economic principles and statistical techniques.","Research, Development, Design, and Practitioners",0,5,2025,Environmental Economist; Natural Resource Economist; Research Economist; Resource Economist,20,21,1,https://www.onetonline.org/link/details/19-3011.01,2026-09-16T20:56:44Z
19-3022.00,Survey Researchers,"Plan, develop, or conduct surveys. May analyze and interpret the meaning of survey data, determine survey objectives, or suggest or test question wording. Includes social scientists who primarily design questionnaires or supervise survey teams.","Research, Development, Design, and Practitioners",0,5,2026,Data Analyst; Market Survey Representative; Research Associate; Research Fellow; Research Interviewer; Research Scientist; Survey Methodologist; Survey Researcher; Survey Statistician; Telephone Interviewer,16,17,1,https://www.onetonline.org/link/details/19-3022.00,2026-09-16T20:56:45Z
19-3032.00,Industrial-Organizational Psychologists,"Apply principles of psychology to human resources, administration, management, sales, and marketing problems. Activities may include policy planning; employee testing and selection, training, and development; and organizational development and analysis. May work with management to organize the work setting to improve worker productivity.","Research, Development, Design, and Practitioners",1,5,2026,Consulting Psychologist; I-O Practitioner (Industrial-Organizational Practitioner); I-O Psychologist (Industrial-Organizational Psychologist); Industrial Psychologist; Management Consultant; Organizational Consultant; Organizational Development Specialist (OD Specialist); Organizational Psychologist; Personnel Research Psychologist; Research Scientist,27,19,1,https://www.onetonline.org/link/details/19-3032.00,2026-09-16T20:56:45Z
19-3033.00,Clinical and Counseling Psychologists,"Assess, diagnose, and treat mental and emotional disorders of individuals through observation, interview, and psychological tests. Help individuals with distress or maladjustment understand their problems through their knowledge of case history, interviews with patients, and theory. Provide individual or group counseling services to assist individuals in achieving more effective personal, social, educational, and vocational development and adjustment. May design behavior modification programs and consult with medical personnel regarding the best treatment for patients.","Research, Development, Design, and Practitioners",1,5,2026,Case Manager; Clinical Psychologist; Counseling Psychologist; Counselor; Licensed Clinical Psychologist; Licensed Psychologist; LPC (Licensed Professional Counselor); Psychologist; Psychotherapist; Therapist,30,22,1,https://www.onetonline.org/link/details/19-3033.00,2026-09-16T20:56:46Z
19-3034.00,School Psychologists,"Diagnose and implement individual or schoolwide interventions or strategies to address educational, behavioral, or developmental issues that adversely impact educational functioning in a school. May address student learning and behavioral problems and counsel students or families. May design and implement performance plans, and evaluate performance. May consult with other school-based personnel.","Research, Development, Design, and Practitioners",0,5,2026,Autism Consultant; Bilingual School Psychologist; Challenging Behavior Consultant; Early Intervention School Psychologist; Educational Diagnostician; School Neuropsychologist; School Psychometrist,21,20,1,https://www.onetonline.org/link/details/19-3034.00,2026-09-16T20:56:47Z
19-3039.00,"Psychologists, All Other",All psychologists not listed separately.,"Research, Development, Design, and Practitioners",0,,,,0,0,1,https://www.onetonline.org/link/details/19-3039.00,2026-09-16T20:56:48Z
19-3039.02,Neuropsychologists,"Apply theories and principles of neuropsychology to evaluate and diagnose disorders of higher cerebral functioning, often in research and medical settings. Study the human brain and the effect of physiological states on human cognition and behavior. May formulate and administer programs of treatment.","Research, Development, Design, and Practitioners",0,5,2026,Aviation Neuropsychologist; Board Certified Neuropsychologist; Child and Adolescent Neuropsychologist; Forensic Neuropsychologist; Neuropsychologist; Neuropsychology Medical Consultant; Pediatric Neuropsychologist; Staff Psychologist,14,13,1,https://www.onetonline.org/link/details/19-3039.02,2026-09-16T20:56:48Z
19-3039.03,Clinical Neuropsychologists,"Assess and diagnose patients with neurobehavioral problems related to acquired or developmental disorders of the nervous system, such as neurodegenerative disorders, traumatic brain injury, seizure disorders, and learning disabilities. Recommend treatment after diagnosis, such as therapy, medication, or surgery. Assist with evaluation before and after neurosurgical procedures, such as deep brain stimulation.","Research, Development, Design, and Practitioners",0,5,2026,Aviation Neuropsychologist; Board Certified Clinical Neuropsychologist; Clinical Neuropsychologist; Neuropsychology Medical Consultant; Pediatric Clinical Neuropsychologist; Pediatric Neuropsychologist; Staff Psychologist,19,15,1,https://www.onetonline.org/link/details/19-3039.03,2026-09-16T20:56:49Z
19-3041.00,Sociologists,"Study human society and social behavior by examining the groups and social institutions that people form, as well as various social, religious, political, and business organizations. May study the behavior and interaction of groups, trace their origin and growth, and analyze the influence of group activities on individual members.","Research, Development, Design, and Practitioners",0,5,2026,Demographer; Evaluation Specialist; Medical Sociologist; Policy Analyst; Research Associate; Research Coordinator; Research Scientist; Research Specialist; Social Scientist; Sociologist,17,16,1,https://www.onetonline.org/link/details/19-3041.00,2026-09-16T20:56:50Z
19-3051.00,Urban and Regional Planners,"Develop comprehensive plans and programs for use of land and physical facilities of jurisdictions, such as towns, cities, counties, and metropolitan areas.","Research, Development, Design, and Practitioners",0,5,2026,City Planner; Community Development Planner; Community Planner; Development Technician; Housing Development Specialist; Neighborhood Planner; Planner; Planning Consultant; Planning Technician; Regional Planner,25,23,1,https://www.onetonline.org/link/details/19-3051.00,2026-09-16T20:56:51Z
19-3091.00,Anthropologists and Archeologists,"Study the origin, development, and behavior of human beings. May study the way of life, language, or physical characteristics of people in various parts of the world. May engage in systematic recovery and examination of material evidence, such as tools or pottery remaining from past human cultures, in order to determine the history, customs, and living habits of earlier civilizations.","Research, Development, Design, and Practitioners",0,5,2026,American Indian Policy Specialist; Applied Anthropologist; Applied Cultural Anthropologist; Archaeologist; Communication and Folklore Specialist; Forensic Anthropologist; Historical Archaeologist; Research Archaeologist; Researcher,30,30,1,https://www.onetonline.org/link/details/19-3091.00,2026-09-16T20:56:51Z
19-3092.00,Geographers,"Study the nature and use of areas of the Earth's surface, relating and interpreting interactions of physical and cultural phenomena. Conduct research on physical aspects of a region, including land forms, climates, soils, plants, and animals, and conduct research on the spatial implications of human activities within a given area, including social characteristics, economic activities, and political organization, as well as researching interdependence between regions at scales ranging from local to global.","Research, Development, Design, and Practitioners",0,4,2026,Earth Observations Scientist; Geographer; GIS Coordinator (Geographic Information Systems Coordinator); GIS Geographer (Geographic Information Systems Geographer); GIS Physical Scientist (Geographic Information Systems Physical Scientist); Scientist,12,9,1,https://www.onetonline.org/link/details/19-3092.00,2026-09-16T20:56:52Z
19-3094.00,Political Scientists,"Study the origin, development, and operation of political systems. May study topics, such as public opinion, political decisionmaking, and ideology. May analyze the structure and operation of governments, as well as various political entities. May conduct public opinion surveys, analyze election results, or analyze public documents.","Research, Development, Design, and Practitioners",0,5,2026,,14,15,1,https://www.onetonline.org/link/details/19-3094.00,2026-09-16T20:56:53Z
19-3099.00,"Social Scientists and Related Workers, All Other",All social scientists and related workers not listed separately.,"Research, Development, Design, and Practitioners",0,,,,0,0,1,https://www.onetonline.org/link/details/19-3099.00,2026-09-16T20:56:53Z
19-3099.01,Transportation Planners,"Prepare studies for proposed transportation projects. Gather, compile, and analyze data. Study the use and operation of transportation systems. Develop transportation models or simulations.","Research, Development, Design, and Practitioners",0,4,2026,Planner; Program Officer; Transportation Analyst; Transportation Data Programs Manager; Transportation Planner,22,21,1,https://www.onetonline.org/link/details/19-3099.01,2026-09-16T20:56:54Z
19-4012.00,Agricultural Technicians,"Work with agricultural scientists in plant, fiber, and animal research, or assist with animal breeding and nutrition. Set up or maintain laboratory equipment and collect samples from crops or animals. Prepare specimens or record data to assist scientists in biology or related life science experiments. Conduct tests and experiments to improve yield and quality of crops or to increase the resistance of plants and animals to disease or insects.",Technologists and Technicians,0,3,2026,Agricultural Research Technician (Agricultural Research Tech); Agricultural Research Technologist; Agricultural Technician (Agricultural Tech); Agriculture Assistant; Agronomy Research Technician (Agronomy Research Tech); Field Assistant; Insect Research Technician (Insect Research Tech); Lab Tech (Laboratory Technician); Seed Analyst,26,22,1,https://www.onetonline.org/link/details/19-4012.00,2026-09-16T20:56:55Z
19-4012.01,Precision Agriculture Technicians,"Apply geospatial technologies, including geographic information systems (GIS) and Global Positioning System (GPS), to agricultural production or management activities, such as pest scouting, site-specific pesticide application, yield mapping, or variable-rate irrigation. May use computers to develop or analyze maps or remote sensing images to compare physical topography with data on soils, fertilizer, pests, or weather.",Technologists and Technicians,0,3,2026,Agrintelligence Specialist (Agriculture Intelligence Specialist); Agronomist; Agronomy Consultant; Crop Consultant; Crop Specialist; Precision Agriculture Analyst (Precision Ag Analyst); Precision Agriculture Specialist (Precision Ag Specialist); Precision Agronomist; Precision Farming Coordinator; Precision Technology Agronomist (Precision Tech Agronomist),23,17,1,https://www.onetonline.org/link/details/19-4012.01,2026-09-16T20:56:55Z
19-4013.00,Food Science Technicians,"Work with food scientists or technologists to perform standardized qualitative and quantitative tests to determine physical or chemical properties of food or beverage products. Includes technicians who assist in research and development of production technology, quality control, packaging, processing, and use of foods.",Technologists and Technicians,1,3,2026,Central Laboratory Technician (CLT); Food Science Tech (Food Science Technician); Laboratory Assistant (Lab Assistant); Laboratory Technician (Lab Tech); QA Lab Tech (Quality Assurance Lab Technician); QC Tech (Quality Assurance Technician); QC Tech (Quality Control Technician); Quality Analyst; Quality Assurance Analyst (QA Analyst); Quality Tech (Quality Technician),16,14,1,https://www.onetonline.org/link/details/19-4013.00,2026-09-16T20:56:56Z
19-4021.00,Biological Technicians,"Assist biological and medical scientists. Set up, operate, and maintain laboratory instruments and equipment, monitor experiments, collect data and samples, make observations, and calculate and record results. May analyze organic substances, such as blood, food, and drugs.",Technologists and Technicians,0,4,2026,Biological Science Lab Tech (Biological Science Laboratory Technician); Biological Science Technician (Biological Science Tech); Biologist Aide; Biologist Technician (Biologist Tech); Environmental Technician (Environmental Tech); Fisheries Biological Technician (Fisheries Biological Tech); Marine Fisheries Technician (Marine Fisheries Tech); Microbiology Technician (Microbiology Tech); Research Assistant; Research Associate,18,21,1,https://www.onetonline.org/link/details/19-4021.00,2026-09-16T20:56:57Z
19-4031.00,Chemical Technicians,"Conduct chemical and physical laboratory tests to assist scientists in making qualitative and quantitative analyses of solids, liquids, and gaseous materials for research and development of new products or processes, quality control, maintenance of environmental standards, and other work involving experimental, theoretical, or practical application of chemistry and related sciences.",Technologists and Technicians,0,3,2026,Analytical Laboratory Technician (Analytical Lab Technician); Chemical Analyst; Chemical Technician; Laboratory Analyst (Lab Analyst); Laboratory Technician (Lab Tech); Laboratory Tester (Lab Tester); Organic Preparation Analyst (Organic Prep Analyst); Quality Control Laboratory Technician (QC Lab Tech); Quality Control Technician (QC Tech); Research Technician,16,18,1,https://www.onetonline.org/link/details/19-4031.00,2026-09-16T20:56:57Z
19-4042.00,"Environmental Science and Protection Technicians, Including Health","Perform laboratory and field tests to monitor the environment and investigate sources of pollution, including those that affect health, under the direction of an environmental scientist, engineer, or other specialist. May collect samples of gases, soil, water, and other materials for testing.",Technologists and Technicians,0,4,2026,Environmental Health Officer (EHO); Environmental Technician (Environmental Tech); Industrial Pretreatment Program Specialist (IPP Specialist); Lab Technician (Laboratory Technician); Public Health Sanitarian; Sanitarian; Sanitarian Specialist; Soil Lab Technician (Soil Laboratory Technician); Water Quality Analyst; Water Quality Specialist,25,29,1,https://www.onetonline.org/link/details/19-4042.00,2026-09-16T20:56:58Z
19-4043.00,"Geological Technicians, Except Hydrologic Technicians","Assist scientists or engineers in the use of electronic, sonic, or nuclear measuring instruments in laboratory, exploration, and production activities to obtain data indicating resources such as metallic ore, minerals, gas, coal, or petroleum. Analyze mud and drill cuttings. Chart pressure, temperature, and other characteristics of wells or bore holes.",Technologists and Technicians,0,4,2026,Core Inspector; Environmental Field Services Technician; Environmental Sampling Technician; Geological E-Logger; Geological Technician; Geoscience Technician; Geotechnician; Materials Technician; Physical Science Technician; Soils Technician,29,25,1,https://www.onetonline.org/link/details/19-4043.00,2026-09-16T20:56:59Z
19-4044.00,Hydrologic Technicians,"Collect and organize data concerning the distribution and circulation of ground and surface water, and data on its physical, chemical, and biological properties. Measure and report on flow rates and ground water levels, maintain field equipment, collect water samples, install and collect sampling equipment, and process samples for shipment to testing laboratories. May collect data on behalf of hydrologists, engineers, developers, government agencies, or agriculture.",Technologists and Technicians,0,3,2026,,16,18,1,https://www.onetonline.org/link/details/19-4044.00,2026-09-16T20:56:59Z
19-4051.00,Nuclear Technicians,"Assist nuclear physicists, nuclear engineers, or other scientists in laboratory, power generation, or electricity production activities. May operate, maintain, or provide quality control for nuclear testing and research equipment. May monitor radiation.",Technologists and Technicians,0,3,2026,Auxiliary Operator; Equipment Operator; Licensed Nuclear Operator; Non-Licensed Nuclear Equipment Operator (NLO); Non-Licensed Nuclear Plant Operator (NLO); Nuclear Auxiliary Operator; Nuclear Equipment Operator (NEO); Nuclear Plant Equipment Operator (NAPEO); Operations Technician; Systems Operator,18,15,1,https://www.onetonline.org/link/details/19-4051.00,2026-09-16T20:57:00Z
19-4051.02,Nuclear Monitoring Technicians,"Collect and test samples to monitor results of nuclear experiments and contamination of humans, facilities, and environment.",Technologists and Technicians,0,3,2026,Health Physics Technician (HP Tech); Nuclear Chemistry Technician; Radiation Control Technician (Radcon Technician); Radiation Protection Specialist (RP Specialist); Radiation Protection Technician (RPT); Radiation Technician; Radiochemical Technician,19,16,1,https://www.onetonline.org/link/details/19-4051.02,2026-09-16T20:57:01Z
19-4061.00,Social Science Research Assistants,"Assist social scientists in laboratory, survey, and other social science research. May help prepare findings for publication and assist in laboratory analysis, quality control, or data management.",Technologists and Technicians,0,4,2026,Clinical Research Assistant; Graduate Assistant; Graduate Research Assistant; Research Aide; Research Assistant; Research Associate; Research Technician; Social Research Assistant,23,21,1,https://www.onetonline.org/link/details/19-4061.00,2026-09-16T20:57:02Z
19-4071.00,Forest and Conservation Technicians,"Provide technical assistance regarding the conservation of soil, water, forests, or related natural resources. May compile data pertaining to size, content, condition, and other characteristics of forest tracts under the direction of foresters, or train and lead forest workers in forest propagation and fire prevention and suppression. May assist conservation scientists in managing, improving, and protecting rangelands and wildlife habitats.",Technologists and Technicians,0,3,2026,Biological Science Aide; Forest Technician; Forestry Aide; Forestry Technician (Forestry Tech); Resource Technician; Timber Appraiser,24,20,1,https://www.onetonline.org/link/details/19-4071.00,2026-09-16T20:57:02Z
19-4092.00,Forensic Science Technicians,"Collect, identify, classify, and analyze physical evidence related to criminal investigations. Perform tests on weapons or substances, such as fiber, hair, and tissue to determine significance to investigation. May testify as expert witnesses on evidence or crime laboratory techniques. May serve as specialists in area of expertise, such as ballistics, fingerprinting, handwriting, or biochemistry.",Technologists and Technicians,1,3,2026,Crime Lab Analyst (Crime Laboratory Analyst); Crime Scene Analyst (CSA); Crime Scene Technician (Crime Scene Tech); Criminalist; CSI (Crime Scene Investigator); Evidence Technician (Evidence Tech); Forensic Science Examiner; Forensic Scientist; Forensic Specialist; Latent Print Examiner,26,20,1,https://www.onetonline.org/link/details/19-4092.00,2026-09-16T20:57:03Z
19-4099.00,"Life, Physical, and Social Science Technicians, All Other","All life, physical, and social science technicians not listed separately.",Technologists and Technicians,0,,,,0,0,1,https://www.onetonline.org/link/details/19-4099.00,2026-09-16T20:57:03Z
19-4099.01,Quality Control Analysts,"Conduct tests to determine quality of raw materials, bulk intermediate and finished products. May conduct stability sample tests.",Technologists and Technicians,0,3,2026,Lab Analyst; Lab Technician (Lab Tech); Laboratory Analyst; Microbiology Lab Analyst; QA Auditor (Quality Assurance Auditor); QA Lab Tech (Quality Assurance Lab Technician); QA Tech (Quality Assurance Technician); Quality Control Analyst (QC Analyst); Quality Control Lab Technician (QC Lab Tech); Quality Control Technician (QC Tech),26,24,1,https://www.onetonline.org/link/details/19-4099.01,2026-09-16T20:57:05Z
19-4099.03,Remote Sensing Technicians,"Apply remote sensing technologies to assist scientists in areas such as natural resources, urban planning, or homeland security. May prepare flight plans or sensor configurations for flight trips.",Technologists and Technicians,0,4,2026,Digital Cartographic Technician; Geospatial Extractor; Meteorologist Liaison; Research Associate,22,20,1,https://www.onetonline.org/link/details/19-4099.03,2026-09-16T20:57:05Z
25-1021.00,"Computer Science Teachers, Postsecondary","Teach courses in computer science. May specialize in a field of computer science, such as the design and function of computers or operations and research analysis. Includes both teachers primarily engaged in teaching and those who do a combination of teaching and research.",Postsecondary Teaching,1,5,2026,Assistant Professor; Associate Professor; Computer Information Systems Instructor (CIS Instructor); Computer Science Instructor; Computer Science Professor; Faculty Member; Information Technology Instructor (IT Instructor); Instructor; Lecturer; Professor,26,28,1,https://www.onetonline.org/link/details/25-1021.00,2026-09-16T20:57:06Z
25-1022.00,"Mathematical Science Teachers, Postsecondary","Teach courses pertaining to mathematical concepts, statistics, and actuarial science and to the application of original and standardized mathematical techniques in solving specific problems and situations. Includes both teachers primarily engaged in teaching and those who do a combination of teaching and research.",Postsecondary Teaching,0,5,2026,Adjunct Mathematics Instructor; Assistant Professor; Associate Professor; Instructor; Math Teacher; Mathematical Sciences Professor; Mathematics Instructor (Math Instructor); Mathematics Lecturer; Mathematics Professor; Professor,24,29,1,https://www.onetonline.org/link/details/25-1022.00,2026-09-16T20:57:07Z
25-1031.00,"Architecture Teachers, Postsecondary","Teach courses in architecture and architectural design, such as architectural environmental design, interior architecture/design, and landscape architecture. Includes both teachers primarily engaged in teaching and those who do a combination of teaching and research.",Postsecondary Teaching,0,5,2026,Adjunct Instructor; Adjunct Professor; Architecture Professor; Assistant Professor; Associate Professor; Faculty Member; Instructor; Interior Design Professor; Lecturer; Professor,22,25,1,https://www.onetonline.org/link/details/25-1031.00,2026-09-16T20:57:08Z
25-1032.00,"Engineering Teachers, Postsecondary","Teach courses pertaining to the application of physical laws and principles of engineering for the development of machines, materials, instruments, processes, and services. Includes teachers of subjects such as chemical, civil, electrical, industrial, mechanical, mineral, and petroleum engineering. Includes both teachers primarily engaged in teaching and those who do a combination of teaching and research.",Postsecondary Teaching,1,5,2026,Assistant Professor; Associate Professor; Chemical Engineering Professor; Electrical Engineering Professor; Engineering Instructor; Engineering Professor; Environmental Engineering Professor; Instructor; Mechanical Engineering Professor; Professor,24,29,1,https://www.onetonline.org/link/details/25-1032.00,2026-09-16T20:57:08Z
25-1041.00,"Agricultural Sciences Teachers, Postsecondary","Teach courses in the agricultural sciences. Includes teachers of agronomy, dairy sciences, fisheries management, horticultural sciences, poultry sciences, range management, and agricultural soil conservation. Includes both teachers primarily engaged in teaching and those who do a combination of teaching and research.",Postsecondary Teaching,0,5,2026,Agriculture Instructor; Agriculture Professor; Agronomy Professor; Animal Science Professor; Associate Professor; Horticulture Instructor; Horticulture Professor; Instructor; Plant Science Professor; Professor,23,26,1,https://www.onetonline.org/link/details/25-1041.00,2026-09-16T20:57:09Z
25-1042.00,"Biological Science Teachers, Postsecondary",Teach courses in biological sciences. Includes both teachers primarily engaged in teaching and those who do a combination of teaching and research.,Postsecondary Teaching,1,5,2026,Anatomy Instructor; Assistant Professor; Associate Professor; Biological Sciences Professor; Biology Instructor; Biology Professor; Instructor; Lecturer; Physiology Instructor; Professor,28,31,1,https://www.onetonline.org/link/details/25-1042.00,2026-09-16T20:57:09Z
25-1043.00,"Forestry and Conservation Science Teachers, Postsecondary",Teach courses in forestry and conservation science. Includes both teachers primarily engaged in teaching and those who do a combination of teaching and research.,Postsecondary Teaching,0,5,2026,Assistant Professor; Associate Professor; Conservation Biology Professor; Extension Professor; Forest Technology Professor; Forestry Professor; Lecturer; Natural Resources Professor; Professor; Research Professor,26,28,1,https://www.onetonline.org/link/details/25-1043.00,2026-09-16T20:57:10Z
25-1051.00,"Atmospheric, Earth, Marine, and Space Sciences Teachers, Postsecondary","Teach courses in the physical sciences, except chemistry and physics. Includes both teachers primarily engaged in teaching, and those who do a combination of teaching and research.",Postsecondary Teaching,0,5,2026,Assistant Professor; Associate Professor; Astronomy Professor; Atmospheric Sciences Professor; Geology Professor; Instructor; Meteorology Professor; Oceanography Professor; Professor; Research Professor,26,29,1,https://www.onetonline.org/link/details/25-1051.00,2026-09-16T20:57:11Z
25-1052.00,"Chemistry Teachers, Postsecondary","Teach courses pertaining to the chemical and physical properties and compositional changes of substances. Work may include providing instruction in the methods of qualitative and quantitative chemical analysis. Includes both teachers primarily engaged in teaching, and those who do a combination of teaching and research.",Postsecondary Teaching,0,5,2026,Assistant Professor; Associate Professor; Biochemistry Professor; Chemistry Faculty Member; Chemistry Instructor; Chemistry Professor; Instructor; Lecturer; Organic Chemistry Professor; Professor,28,34,1,https://www.onetonline.org/link/details/25-1052.00,2026-09-16T20:57:11Z
25-1053.00,"Environmental Science Teachers, Postsecondary",Teach courses in environmental science. Includes both teachers primarily engaged in teaching and those who do a combination of teaching and research.,Postsecondary Teaching,0,5,2026,Adjunct Professor; Assistant Professor; Associate Professor; Environmental Engineering Professor; Environmental Sciences Professor; Environmental Studies Professor; Faculty Member; Instructor; Lecturer; Professor,25,28,1,https://www.onetonline.org/link/details/25-1053.00,2026-09-16T20:57:12Z
25-1054.00,"Physics Teachers, Postsecondary",Teach courses pertaining to the laws of matter and energy. Includes both teachers primarily engaged in teaching and those who do a combination of teaching and research.,Postsecondary Teaching,0,5,2026,Adjunct Professor; Assistant Professor; Associate Professor; Instructor; Physical Science Professor; Physics Instructor; Physics Lecturer; Physics Professor; Professor; Science Instructor,25,28,1,https://www.onetonline.org/link/details/25-1054.00,2026-09-16T20:57:13Z
25-1061.00,"Anthropology and Archeology Teachers, Postsecondary",Teach courses in anthropology or archeology. Includes both teachers primarily engaged in teaching and those who do a combination of teaching and research.,Postsecondary Teaching,0,5,2026,Anthropology Department Chair; Anthropology Instructor; Anthropology Lecturer; Anthropology Professor; Archaeology Professor; Assistant Professor; Cultural Anthropology Professor; Instructor; Lecturer; Professor,27,31,1,https://www.onetonline.org/link/details/25-1061.00,2026-09-16T20:57:13Z
25-1062.00,"Area, Ethnic, and Cultural Studies Teachers, Postsecondary","Teach courses pertaining to the culture and development of an area, an ethnic group, or any other group, such as Latin American studies, women's studies, or urban affairs. Includes both teachers primarily engaged in teaching and those who do a combination of teaching and research.",Postsecondary Teaching,0,5,2026,Adjunct Professor; American Studies Professor; Assistant Professor; Associate Professor; Black Studies Professor; Ethnic Studies Professor; Humanities Professor; Lecturer; Professor; Women's Studies Professor,23,26,1,https://www.onetonline.org/link/details/25-1062.00,2026-09-16T20:57:14Z
25-1063.00,"Economics Teachers, Postsecondary",Teach courses in economics. Includes both teachers primarily engaged in teaching and those who do a combination of teaching and research.,Postsecondary Teaching,0,5,2026,Adjunct Professor; Assistant Professor; Associate Professor; Economics Instructor; Economics Lecturer; Economics Professor; Finance Professor; Instructor; Lecturer; Professor,22,25,1,https://www.onetonline.org/link/details/25-1063.00,2026-09-16T20:57:15Z
25-1064.00,"Geography Teachers, Postsecondary",Teach courses in geography. Includes both teachers primarily engaged in teaching and those who do a combination of teaching and research.,Postsecondary Teaching,0,5,2026,Assistant Professor; Associate Professor; Geography Instructor; Geography Professor; Human Geography Instructor; Human Geography Professor; Instructor; Lecturer; Physical Geography Professor; Professor,25,29,1,https://www.onetonline.org/link/details/25-1064.00,2026-09-16T20:57:16Z
25-1065.00,"Political Science Teachers, Postsecondary","Teach courses in political science, international affairs, and international relations. Includes both teachers primarily engaged in teaching and those who do a combination of teaching and research.",Postsecondary Teaching,0,5,2026,Adjunct Professor; Assistant Professor; Associate Professor; Faculty Member; Government Professor; Instructor; Political Science Instructor; Political Science Professor; Professor; Public Administration Professor,22,25,1,https://www.onetonline.org/link/details/25-1065.00,2026-09-16T20:57:16Z
25-1066.00,"Psychology Teachers, Postsecondary","Teach courses in psychology, such as child, clinical, and developmental psychology, and psychological counseling. Includes both teachers primarily engaged in teaching and those who do a combination of teaching and research.",Postsecondary Teaching,0,5,2026,Adjunct Instructor; Assistant Professor; Associate Professor; Clinical Psychology Professor; Faculty Member; Instructor; Lecturer; Professor; Psychology Instructor; Psychology Professor,30,35,1,https://www.onetonline.org/link/details/25-1066.00,2026-09-16T20:57:17Z
25-1067.00,"Sociology Teachers, Postsecondary",Teach courses in sociology. Includes both teachers primarily engaged in teaching and those who do a combination of teaching and research.,Postsecondary Teaching,0,5,2026,Adjunct Instructor; Assistant Professor; Associate Professor; Faculty Member; Instructor; Lecturer; Professor; Social Science Instructor; Sociology Instructor; Sociology Professor,27,28,1,https://www.onetonline.org/link/details/25-1067.00,2026-09-16T20:57:18Z
25-1069.00,"Social Sciences Teachers, Postsecondary, All Other",All postsecondary social sciences teachers not listed separately.,Postsecondary Teaching,0,,,,0,0,1,https://www.onetonline.org/link/details/25-1069.00,2026-09-16T20:57:18Z
25-1071.00,"Health Specialties Teachers, Postsecondary","Teach courses in health specialties, in fields such as dentistry, laboratory technology, medicine, pharmacy, public health, therapy, and veterinary medicine.",Postsecondary Teaching,1,5,2026,Assistant Professor; Associate Professor; Clinical Professor; Instructor; Lecturer; Occupational Therapy Professor; Pharmacology Professor; Physical Therapy Professor; Professor; Public Health Professor,22,25,1,https://www.onetonline.org/link/details/25-1071.00,2026-09-16T20:57:19Z
25-1072.00,"Nursing Instructors and Teachers, Postsecondary",Demonstrate and teach patient care in classroom and clinical units to nursing students. Includes both teachers primarily engaged in teaching and those who do a combination of teaching and research.,Postsecondary Teaching,1,5,2026,Assistant Professor; Associate Professor; Clinical Nursing Instructor; Faculty Member; Instructor; Lecturer; Nurse Educator; Nursing Instructor; Nursing Professor; Professor,29,31,1,https://www.onetonline.org/link/details/25-1072.00,2026-09-16T20:57:20Z
29-1011.00,Chiropractors,"Assess, treat, and care for patients by manipulation of spine and musculoskeletal system. May provide spinal adjustment or address sacral or pelvic misalignment.","Research, Development, Design, and Practitioners",1,5,2026,Chiropractic Doctor (DC); Chiropractic Neurologist; Chiropractic Physician,13,20,1,https://www.onetonline.org/link/details/29-1011.00,2026-09-16T20:57:20Z
29-1021.00,"Dentists, General","Examine, diagnose, and treat diseases, injuries, and malformations of teeth and gums. May treat diseases of nerve, pulp, and other dental tissues affecting oral hygiene and retention of teeth. May fit dental appliances or provide preventive care.","Research, Development, Design, and Practitioners",0,5,2026,DDS (Dental Surgery Doctor); Dentist; DMD (Dental Medicine Doctor); Endodontist; Family Dentist; General Dentist; Pediatric Dentist; Pedodontist; Periodontist,21,19,1,https://www.onetonline.org/link/details/29-1021.00,2026-09-16T20:57:21Z
29-1022.00,Oral and Maxillofacial Surgeons,"Perform surgery and related procedures on the hard and soft tissues of the oral and maxillofacial regions to treat diseases, injuries, or defects. May diagnose problems of the oral and maxillofacial regions. May perform surgery to improve function or appearance.","Research, Development, Design, and Practitioners",0,5,2026,DDS (Dental Surgery Doctor); Maxillofacial Surgeon; Oral and Maxillofacial Surgery Resident; Oral Surgeon; Surgeon,16,9,1,https://www.onetonline.org/link/details/29-1022.00,2026-09-16T20:57:22Z
29-1023.00,Orthodontists,"Examine, diagnose, and treat dental malocclusions and oral cavity anomalies. Design and fabricate appliances to realign teeth and jaws to produce and maintain normal function and to improve appearance.","Research, Development, Design, and Practitioners",0,5,2026,Board Certified Orthodontist; Orthodontic Dentist; Orthodontic Specialist; Orthodontics and Dentofacial Orthopedics Specialist; Orthodontics Doctor; Orthodontist,11,12,1,https://www.onetonline.org/link/details/29-1023.00,2026-09-16T20:57:23Z
29-1024.00,Prosthodontists,"Diagnose, treat, rehabilitate, design, and fit prostheses that maintain oral function, health, and appearance for patients with clinical conditions associated with teeth, oral and maxillofacial tissues, or the jaw.","Research, Development, Design, and Practitioners",1,5,2026,DDS (Doctor of Dental Surgery); Dental Science Dr (Dental Science Doctor); Denturist; Maxillofacial Prosthodontist; Prosthetic Dentist; Prosthodontist; Reconstructive Dentist; Removable Prosthodontist; Restorative Dentist,14,9,1,https://www.onetonline.org/link/details/29-1024.00,2026-09-16T20:57:23Z
29-1029.00,"Dentists, All Other Specialists",All dentists not listed separately.,"Research, Development, Design, and Practitioners",0,,,,0,0,1,https://www.onetonline.org/link/details/29-1029.00,2026-09-16T20:57:24Z
29-1031.00,Dietitians and Nutritionists,"Plan and conduct food service or nutritional programs to assist in the promotion of health and control of disease. May supervise activities of a department providing quantity food services, counsel individuals, or conduct nutritional research.","Research, Development, Design, and Practitioners",1,5,2026,Clinical Dietician; Clinical Dietitian; Clinical Nutritionist; Dietitian; Nutritionist; Oncology Dietitian; Outpatient Dietitian; Registered Dietician; Registered Dietitian; Renal Dietitian,28,30,1,https://www.onetonline.org/link/details/29-1031.00,2026-09-16T20:57:25Z
29-1041.00,Optometrists,"Diagnose, manage, and treat conditions and diseases of the human eye and visual system. Examine eyes and visual system, diagnose problems or impairments, prescribe corrective lenses, and provide treatment. May prescribe therapeutic drugs to treat specific eye conditions.","Research, Development, Design, and Practitioners",1,5,2026,Optometrist; Optometry Doctor (OD); Therapeutic Optometrist,10,13,1,https://www.onetonline.org/link/details/29-1041.00,2026-09-16T20:57:25Z
29-1051.00,Pharmacists,"Dispense drugs prescribed by physicians and other health practitioners and provide information to patients about medications and their use. May advise physicians and other health practitioners on the selection, dosage, interactions, and side effects of medications.","Research, Development, Design, and Practitioners",1,5,2026,Clinical Pharmacist; Clinical Pharmacy Specialist (CPS); Community Pharmacist; Hospital Pharmacist; Inpatient Pharmacist; Pharm D (Pharmacy Doctor); Pharmacy Informaticist; Pharmacy Services Clinical Coordinator; Registered Pharmacist; Retail Pharmacist,21,29,1,https://www.onetonline.org/link/details/29-1051.00,2026-09-16T20:57:26Z
29-1071.00,Physician Assistants,"Provide healthcare services typically performed by a physician, under the supervision of a physician. Conduct complete physicals, provide treatment, and counsel patients. May, in some cases, prescribe medication. Must graduate from an accredited educational program for physician assistants.","Research, Development, Design, and Practitioners",1,5,2026,Cardiology Physician Assistant; Certified Physician Assistant (PA-C); Emergency Medicine Physician Assistant (Emergency Medicine PA); Family Practice Physician Assistant; Orthopaedic Physician Assistant; Orthopedic Physician Assistant; Physician Assistant (PA); Physician's Assistant; Surgical Critical Care Physician Assistant (Surgical Critical Care PA); Surgical Physician Assistant (Surgical PA),13,15,1,https://www.onetonline.org/link/details/29-1071.00,2026-09-16T20:57:27Z
29-1071.01,Anesthesiologist Assistants,Assist anesthesiologists in the administration of anesthesia for surgical and non-surgical procedures. Monitor patient status and provide patient care during surgical treatment.,"Research, Development, Design, and Practitioners",1,5,2026,Anesthesia Assistant; Anesthesia Orderly; Anesthesia Technician (Anesthesia Tech); Anesthesiology Assistant; Anesthesiology Technician (Anesthesiology Tech); CAA (Certified Anesthesiologist Assistant); CAA (Certified Anesthesiology Assistant); Cardiothoracic Anesthesia Technician (Cardiothoracic Anesthesia Tech); Cer.AT (Certified Anesthesia Technician); Cer.ATT (Certified Anesthesia Technologist),16,17,1,https://www.onetonline.org/link/details/29-1071.01,2026-09-16T20:57:27Z
29-1081.00,Podiatrists,Diagnose and treat diseases and deformities of the human foot.,"Research, Development, Design, and Practitioners",0,5,2026,Attending Physician; Doctor of Podiatric Medicine (DPM); Doctor of Podiatric Medicine and Surgery (DPM and Surgery); Doctor Podiatric Medicine (DPM); Foot and Ankle Surgeon; Physician; Podiatric Physician; Podiatric Surgeon; Podiatrist,11,16,1,https://www.onetonline.org/link/details/29-1081.00,2026-09-16T20:57:28Z
29-1122.00,Occupational Therapists,"Assess, plan, and organize rehabilitative programs that help build or restore vocational, homemaking, and daily living skills, as well as general independence, to persons with disabilities or developmental delays. Use therapeutic techniques, adapt the individual's environment, teach skills, and modify specific tasks that present barriers to the individual.","Research, Development, Design, and Practitioners",1,5,2026,Assistive Technology Trainer; Certified Hand Therapist (CHT); Early Intervention Occupational Therapist; Home Health Occupational Therapist; Industrial Rehabilitation Consultant; Occupational Therapist (OT); Pediatric Occupational Therapist (Pediatric OT); Pediatrics and Acute Care Occupational Therapist; Registered Occupational Therapist (OTR),18,22,1,https://www.onetonline.org/link/details/29-1122.00,2026-09-16T20:57:29Z
29-1122.01,"Low Vision Therapists, Orientation and Mobility Specialists, and Vision Rehabilitation Therapists","Provide therapy to patients with visual impairments to improve their functioning in daily life activities. May train patients in activities such as computer use, communication skills, or home management skills.","Research, Development, Design, and Practitioners",1,5,2026,Certified Low Vision Therapist (CLVT); Certified Orientation and Mobility Specialist (COMS); Mobility Specialist; Orientation and Mobility Instructor (O and M Instructor); Orientation and Mobility Specialist (O and M Specialist); Rehabilitation Teacher; Rehabilitation Therapist; Students with Visual Impairments Teacher (TVI); Vision Rehabilitation Therapist (VRT); Visually Impaired Teacher (TVI),21,17,1,https://www.onetonline.org/link/details/29-1122.01,2026-09-16T20:57:30Z
29-1123.00,Physical Therapists,"Assess, plan, organize, and participate in rehabilitative programs that improve mobility, relieve pain, increase strength, and improve or correct disabling conditions resulting from disease or injury.","Research, Development, Design, and Practitioners",1,5,2026,Acute Care PT (Acute Care Physical Therapist); Doctor of Physical Therapy (DPT); Home Care Physical Therapist (Home Care PT); Inpatient Physical Therapist (Inpatient PT); Outpatient Physical Therapist (Outpatient PT); Pediatric Physical Therapist (Pediatric PT); Registered Physical Therapist (RPT); Therapist,24,27,1,https://www.onetonline.org/link/details/29-1123.00,2026-09-16T20:57:30Z
29-1124.00,Radiation Therapists,"Provide radiation therapy to patients as prescribed by a radiation oncologist according to established practices and standards. Duties may include reviewing prescription and diagnosis; acting as liaison with physician and supportive care personnel; preparing equipment, such as immobilization, treatment, and protection devices; and maintaining records, reports, and files. May assist in dosimetry procedures and tumor localization.","Research, Development, Design, and Practitioners",0,3,2026,Computed Tomography Simulation Therapist (CT Simulation Therapist); Dosimetrist; Radiation Therapist (RT); Radiation Therapy Technologist (RTT); Registered Radiation Therapist; Staff Radiation Therapist,22,28,1,https://www.onetonline.org/link/details/29-1124.00,2026-09-16T20:57:31Z
29-1125.00,Recreational Therapists,"Plan, direct, or coordinate medically-approved recreation programs for patients in hospitals, nursing homes, or other institutions. Activities include sports, trips, dramatics, social activities, and crafts. May assess a patient condition and recommend appropriate recreational activity.","Research, Development, Design, and Practitioners",0,4,2026,Activities Coordinator; Certified Therapeutic Recreation Specialist (CTRS); General Activities Therapist; Recreation Therapist; Recreational Therapist; Recreational Therapy Program Coordinator; Rehabilitation Therapist; Therapeutic Recreation Specialist; Therapeutic Specialist; Therapist,11,13,1,https://www.onetonline.org/link/details/29-1125.00,2026-09-16T20:57:32Z
29-1126.00,Respiratory Therapists,"Assess, treat, and care for patients with breathing disorders. Assume primary responsibility for all respiratory care modalities, including the supervision of respiratory therapy technicians. Initiate and conduct therapeutic procedures; maintain patient records; and select, assemble, check, and operate equipment.","Research, Development, Design, and Practitioners",1,3,2026,CRRT (Cardiopulmonary Rehabilitation Respiratory Therapist); CRT (Certified Respiratory Therapist); Diagnostics RRT (Diagnostics Registered Respiratory Therapist); Infant RT (Infant Respiratory Therapist); Licensed CRT (Licensed Certified Respiratory Therapist); Licensed RT (Licensed Respiratory Therapist); Registered Respiratory Care Practitioner (Registered RCP); Registered Respiratory Practitioner; Respiratory Care Practitioner (RCP); RRT (Registered Respiratory Therapist),23,27,1,https://www.onetonline.org/link/details/29-1126.00,2026-09-16T20:57:33Z
29-1127.00,Speech-Language Pathologists,"Assess and treat persons with speech, language, voice, and fluency disorders. May select alternative communication systems and teach their use. May perform research related to speech and language problems.","Research, Development, Design, and Practitioners",1,5,2026,Bilingual Speech-Language Pathologist (Bilingual SLP); Pediatric Speech-Language Pathologist (Pediatric SLP); Speech and Language Clinician; Speech and Language Specialist; Speech and Language Teacher; Speech and Language Therapist; Speech Clinician; Speech Pathologist; Speech Therapist; Speech-Language Pathologist (SLP),23,26,1,https://www.onetonline.org/link/details/29-1127.00,2026-09-16T20:57:33Z
29-1128.00,Exercise Physiologists,"Assess, plan, or implement fitness programs that include exercise or physical activities such as those designed to improve cardiorespiratory function, body composition, muscular strength, muscular endurance, or flexibility.","Research, Development, Design, and Practitioners",1,4,2026,Bariatric Weight Loss Counselor; Cardiopulmonary Rehabilitation Practitioner; Cardiopulmonary Rehabilitation Therapist; Certified Exercise Physiologist (Certified EP); Clinical Cardiac Exercise Physiologist; Clinical Exercise Physiologist; Clinical Exercise Specialist; Exercise Scientist; Exercise Specialist; Lifestyle and Weight Management Consultant,27,25,1,https://www.onetonline.org/link/details/29-1128.00,2026-09-16T20:57:34Z
29-1129.00,"Therapists, All Other",All therapists not listed separately.,"Research, Development, Design, and Practitioners",1,,,,0,0,1,https://www.onetonline.org/link/details/29-1129.00,2026-09-16T20:57:34Z
29-1129.01,Art Therapists,"Plan or conduct art therapy sessions or programs to improve clients' physical, cognitive, or emotional well-being.","Research, Development, Design, and Practitioners",1,5,2026,Activity Therapy Specialist; Art Psychotherapist; ATR (Registered Art Therapist); ATR-BC (Board Certified Art Therapist); Clinical Art Therapist; Creative Arts Therapist; Expressive Arts Therapist; Oncology Art Therapist; Therapist,27,29,1,https://www.onetonline.org/link/details/29-1129.01,2026-09-16T20:57:35Z
29-1129.02,Music Therapists,"Plan, organize, direct, or assess clinical and evidenced-based music therapy interventions to positively influence individuals' physical, psychological, cognitive, or behavioral status.","Research, Development, Design, and Practitioners",1,4,2026,Board Certified Music Therapist (MT-BC); LCAT (Licensed Creative Arts Therapist); Music Therapist; Neurologic Music Therapist; Public School System Music Therapist; Therapist,30,26,1,https://www.onetonline.org/link/details/29-1129.02,2026-09-16T20:57:36Z
29-1131.00,Veterinarians,"Diagnose, treat, or research diseases and injuries of animals. Includes veterinarians who conduct research and development, inspect livestock, or care for pets and companion animals.","Research, Development, Design, and Practitioners",1,5,2026,Companion Animal Practitioner; Doctor of Veterinary Medicine (DVM); Emergency Veterinarian (Emergency Vet); Large Animal Veterinarian (Large Animal Vet); Mixed Animal Veterinarian (Mixed Animal Vet); Small Animal Veterinarian (Small Animal Vet); Veterinary Medicine Doctor (DVM); Veterinary Surgeon (Vet Surgeon); Veterinary Surgical Specialist (Vet Surgical Specialist); Zoo Veterinarian (Zoo Vet),21,25,1,https://www.onetonline.org/link/details/29-1131.00,2026-09-16T20:57:37Z
29-1141.00,Registered Nurses,"Assess patient health problems and needs, develop and implement nursing care plans, and maintain medical records. Administer nursing care to ill, injured, convalescent, or disabled patients. May advise patients on health maintenance and disease prevention or provide case management. Licensing or registration required.","Research, Development, Design, and Practitioners",1,4,2026,Certified Operating Room Nurse (CNOR); Charge Nurse; Emergency Department RN (Emergency Department Registered Nurse); Oncology RN (Oncology Registered Nurse); Operating Room Registered Nurse (OR RN); Psychiatric RN (Psychiatric Registered Nurse); Relief Charge Nurse; School Nurse; Staff Nurse; Staff RN (Staff Registered Nurse),27,37,1,https://www.onetonline.org/link/details/29-1141.00,2026-09-16T20:57:37Z
29-1141.01,Acute Care Nurses,"Provide advanced nursing care for patients with acute conditions such as heart attacks, respiratory distress syndrome, or shock. May care for pre- and post-operative patients or perform advanced, invasive diagnostic or therapeutic procedures.","Research, Development, Design, and Practitioners",1,4,2026,Acute Care Nurse; Cardiac Interventional Care Nurse; Cardiovascular ICU Nurse (Cardiovascular Intense Care Unit Nurse); Cardiovascular Surgery Acute Care Nurse Practitioner (Cardiovascular Surgery ACNP); Charge Nurse; DSU Nurse (Day Surgery Unit Nurse); MSN (Medical Surgical Nurse); PCU RN (Progressive Care Unit Registered Nurse); Staff Nurse; Vascular Access Registered Nurse (Vascular Access RN),27,28,1,https://www.onetonline.org/link/details/29-1141.01,2026-09-16T20:57:38Z
29-1141.02,Advanced Practice Psychiatric Nurses,"Assess, diagnose, and treat individuals and families with mental health or substance use disorders or the potential for such disorders. Apply therapeutic activities, including the prescription of medication, per state regulations, and the administration of psychotherapy.","Research, Development, Design, and Practitioners",1,5,2026,Adult Psychiatric Mental Health APRN (Adult Psychiatric Mental Health Advanced Practice Registered Nurse); Advanced Practice Psychiatric Nurse; APN (Advanced Practice Nurse); Board Certified Psychiatric Mental Health Clinical Nurse Specialist (BC PMH-CNS); PMHNP (Psychiatric-Mental Health Nurse Practitioner); Psychiatric APN (Psychiatric Advanced Practice Nurse); Psychiatric Clinical Nurse Specialist (Psychiatric CNS); Psychiatric NP (Psychiatric Nurse Practitioner); Psychiatric Provider; Psychiatry APRN (Psychiatry Advanced Practice Registered Nurse),25,22,1,https://www.onetonline.org/link/details/29-1141.02,2026-09-16T20:57:39Z
29-1141.03,Critical Care Nurses,Provide specialized nursing care for patients in critical or coronary care units.,"Research, Development, Design, and Practitioners",1,4,2026,Certified Critical Care Nurse; Critical Care Nurse Practitioner; Critical Care Registered Nurse (CCRN); ICU Critical Care NP (Intensive Care Unit Critical Care Nurse Practitioner); ICU Nurse (Intensive Care Unit Nurse); Intensive Care Unit Registered Nurse (ICU RN); Newborn ICU RN (Newborn Intensive Care Unit Registered Nurse); Nurse; Pediatric Critical Care Nurse Practitioner; Staff Nurse,29,33,1,https://www.onetonline.org/link/details/29-1141.03,2026-09-16T20:57:39Z
29-1141.04,Clinical Nurse Specialists,"Direct nursing staff in the provision of patient care in a clinical practice setting, such as a hospital, hospice, clinic, or home. Ensure adherence to established clinical policies, protocols, regulations, and standards.","Research, Development, Design, and Practitioners",1,5,2026,APN (Advanced Practice Nurse); Board Certified Clinical Nurse Specialist (CNS-BC); CNS (Clinical Nurse Specialist); Critical Care CNS (Critical Care Clinical Nurse Specialist); Emergency Clinical Nurse Specialist (Emergency CNS); ICU CNS (Intensive Care Unit Clinical Nurse Specialist); Neuroscience Clinical Nurse Specialist (Neuroscience CNS); Pediatric Clinical Nurse Specialist (Pediatric CNS); Psychiatric Adult Clinical Nurse Specialist (Psychiatric Adult CNS); Trauma ICU CNS (Trauma Intensive Care Unit Clinical Nurse Specialist),31,27,1,https://www.onetonline.org/link/details/29-1141.04,2026-09-16T20:57:40Z
29-1151.00,Nurse Anesthetists,"Administer anesthesia, monitor patient's vital signs, and oversee patient recovery from anesthesia. May assist anesthesiologists, surgeons, other physicians, or dentists. Must be registered nurses who have specialized graduate education.","Research, Development, Design, and Practitioners",1,5,2026,Certified Registered Nurse Anesthetist (CRNA); Nurse Anesthetist; Staff Certified Registered Nurse Anesthetist (Staff CRNA); Staff Nurse Anesthetist,24,27,1,https://www.onetonline.org/link/details/29-1151.00,2026-09-16T20:57:41Z
29-1161.00,Nurse Midwives,"Diagnose and coordinate all aspects of the birthing process, either independently or as part of a healthcare team. May provide well-woman gynecological care. Must have specialized, graduate nursing education.","Research, Development, Design, and Practitioners",1,5,2026,Certified Nurse-Midwife (CNM); Nurse Midwife; Staff Certified Nurse Midwife; Staff Nurse Midwife,23,23,1,https://www.onetonline.org/link/details/29-1161.00,2026-09-16T20:57:41Z
29-1171.00,Nurse Practitioners,"Diagnose and treat acute, episodic, or chronic illness, independently or as part of a healthcare team. May focus on health promotion and disease prevention. May order, perform, or interpret diagnostic tests such as lab work and x rays. May prescribe medication. Must be registered nurses who have specialized graduate education.","Research, Development, Design, and Practitioners",1,5,2026,ACNP (Acute Care Nurse Practitioner); Adult Nurse Practitioner; Advanced Practice Registered Nurse (APRN); ARNP Specialist (Advanced Registered Nurse Practitioner Specialist); Family Nurse Practitioner (FNP); Family Practice Certified Advanced Registered Nurse Practitioner; Gastroenterology Nurse Practitioner; Nurse Practitioner (NP); Pediatric Nurse Practitioner (PNP); Women's Health Care Nurse Practitioner,27,27,1,https://www.onetonline.org/link/details/29-1171.00,2026-09-16T20:57:42Z
29-1181.00,Audiologists,Assess and treat persons with hearing and related disorders. May fit hearing aids and provide auditory training. May perform research related to hearing problems.,"Research, Development, Design, and Practitioners",1,5,2026,Audiologist; Audiology Doctor (AUD); Certificate of Clinical Competence in Audiology Licensed Audiologist (CCC-A Licensed Audiologist); Clinical Audiologist; Dispensing Audiologist; Educational Audiologist; Forensic Audiologist; Industrial Audiologist; Pediatric Audiologist; Staff Audiologist,22,26,1,https://www.onetonline.org/link/details/29-1181.00,2026-09-16T20:57:43Z
29-1211.00,Anesthesiologists,"Administer anesthetics and analgesics for pain management prior to, during, or after surgery.","Research, Development, Design, and Practitioners",0,5,2026,Anesthesiologist MD (Anesthesiologist Medical Doctor); Anesthesiology Resident; Attending Anesthesiologist; Cardiothoracic Anesthesiologist; Critical Care Anesthesiologist; Medical Doctor (MD); Obstetrical Anesthesiologist; Pediatric Anesthesiologist; Physician; Physician Anesthesiologist,20,24,1,https://www.onetonline.org/link/details/29-1211.00,2026-09-16T20:57:44Z
29-1212.00,Cardiologists,"Diagnose, treat, manage, and prevent diseases or conditions of the cardiovascular system. May further subspecialize in interventional procedures (e.g., balloon angioplasty and stent placement), echocardiography, or electrophysiology.","Research, Development, Design, and Practitioners",0,5,2026,,25,25,1,https://www.onetonline.org/link/details/29-1212.00,2026-09-16T20:57:44Z
29-1213.00,Dermatologists,"Diagnose and treat diseases relating to the skin, hair, and nails. May perform both medical and dermatological surgery functions.","Research, Development, Design, and Practitioners",1,5,2026,Board Certified Dermatologist; Dermatologist MD (Dermatologist Medical Doctor); Dermatologist Physician; Dermatopathologist; Doctor; MD (Medical Doctor); Mohs Micrographic Surgeon; Mohs Surgeon; Pediatric Dermatologist; Practicing Dermatologist,18,14,1,https://www.onetonline.org/link/details/29-1213.00,2026-09-16T20:57:45Z
29-1214.00,Emergency Medicine Physicians,"Make immediate medical decisions and act to prevent death or further disability. Provide immediate recognition, evaluation, care, stabilization, and disposition of patients. May direct emergency medical staff in an emergency department.","Research, Development, Design, and Practitioners",0,5,2026,Attending Emergency Physician; Attending Physician; Emergency MD (Emergency Medicine Doctor); Emergency Medicine Physician (EM Physician); Emergency Physician; MD (Medical Doctor); Physician,19,19,1,https://www.onetonline.org/link/details/29-1214.00,2026-09-16T20:57:46Z
29-1215.00,Family Medicine Physicians,"Diagnose, treat, and provide preventive care to individuals and families across the lifespan. May refer patients to specialists when needed for further diagnosis or treatment.","Research, Development, Design, and Practitioners",0,5,2026,Board Certified Family Physician; Family Medicine Physician; Family Physician; Family Practice Medical Doctor (FP MD); Family Practice Physician (FP Physician); Family Practitioner; Medical Doctor (MD); Medical Staff Physician; Physician; Primary Care Physician,12,18,1,https://www.onetonline.org/link/details/29-1215.00,2026-09-16T20:57:47Z
29-1216.00,General Internal Medicine Physicians,"Diagnose and provide nonsurgical treatment for a wide range of diseases and injuries of internal organ systems. Provide care mainly for adults and adolescents, and are based primarily in an outpatient care setting.","Research, Development, Design, and Practitioners",0,5,2026,Doctor; Gastroenterologist; General Internal Medicine Physician; General Internist; Internal Medicine Doctor; Internal Medicine Physician (IM Physician); Internist; Medical Doctor (MD); Physician; Primary Care Physician,19,22,1,https://www.onetonline.org/link/details/29-1216.00,2026-09-16T20:57:47Z
29-1217.00,Neurologists,"Diagnose, manage, and treat disorders and diseases of the brain, spinal cord, and peripheral nerves, with a primarily nonsurgical focus.","Research, Development, Design, and Practitioners",1,5,2026,Adult and Pediatric Neurologist; Adult Neurologist; General Neurologist; Neurologist; Pediatric Neurologist; Physician,24,23,1,https://www.onetonline.org/link/details/29-1217.00,2026-09-16T20:57:48Z
29-1218.00,Obstetricians and Gynecologists,"Provide medical care related to pregnancy or childbirth. Diagnose, treat, and help prevent diseases of women, particularly those affecting the reproductive system. May also provide general care to women. May perform both medical and gynecological surgery functions.","Research, Development, Design, and Practitioners",0,5,2026,GYN (Gynecologist); MD (Medical Doctor); OB (Obstetrician); OB/GYN (Obstetrician Gynecologist); OBGYN (Obstetrician and Gynecologist); OBGYN MD (Obstetrics Gynecology Medical Doctor); OBGYN Physician (Obstetrics and Gynecology Physician); Physician; Physician GYN (Physician Gynecologist); Physician OB (Physician Obstetrician),15,21,1,https://www.onetonline.org/link/details/29-1218.00,2026-09-16T20:57:49Z
29-1221.00,"Pediatricians, General","Diagnose, treat, and help prevent diseases and injuries in children. May refer patients to specialists for further diagnosis or treatment, as needed.","Research, Development, Design, and Practitioners",0,5,2026,Developmental Pediatrician; Emergency Room Pediatrician (ER Pediatrician); General Pediatrician; Group Practice Pediatrician; Medical Doctor (MD); Pediatric Emergency Medicine Physician; Pediatric Physician; Physician; Primary Care Pediatrician,17,23,1,https://www.onetonline.org/link/details/29-1221.00,2026-09-16T20:57:50Z
29-1222.00,"Physicians, Pathologists","Diagnose diseases and conduct lab tests using organs, body tissues, and fluids. Includes medical examiners.","Research, Development, Design, and Practitioners",0,5,2026,Anatomic Pathologist; Cytopathologist; Dermatopathologist; Forensic Pathologist; Hematopathologist; Neuropathologist; Oral Pathologist; Pathologist; Surgical Pathologist,19,19,1,https://www.onetonline.org/link/details/29-1222.00,2026-09-16T20:57:50Z
29-1223.00,Psychiatrists,"Diagnose, treat, and help prevent mental disorders.","Research, Development, Design, and Practitioners",1,5,2026,Adolescent Psychiatrist; Adult Psychiatrist; Attending Psychiatrist; Board Certified Psychiatrist; Child and Adolescent Psychiatrist; Child Psychiatrist; Consulting Psychiatrist; Forensic Psychiatrist; Medical Doctor (MD); Physician,14,18,1,https://www.onetonline.org/link/details/29-1223.00,2026-09-16T20:57:51Z
29-1224.00,Radiologists,"Diagnose and treat diseases and injuries using medical imaging techniques, such as x rays, magnetic resonance imaging (MRI), nuclear medicine, and ultrasounds. May perform minimally invasive medical procedures and tests.","Research, Development, Design, and Practitioners",0,5,2026,Attending Physician; Diagnostic Radiologist; Interventional Neuroradiologist; Interventional Radiologist; Musculoskeletal Specialty Radiologist (MSK Specialty Radiologist); Neuroradiologist; Nuclear Medicine Physician; Nuclear Medicine Specialist; Physician; Radiologist,30,32,1,https://www.onetonline.org/link/details/29-1224.00,2026-09-16T20:57:52Z
29-1229.00,"Physicians, All Other",All physicians not listed separately.,"Research, Development, Design, and Practitioners",0,,,,0,0,1,https://www.onetonline.org/link/details/29-1229.00,2026-09-16T20:57:52Z
29-1229.01,Allergists and Immunologists,"Diagnose, treat, and help prevent allergic diseases and disease processes affecting the immune system.","Research, Development, Design, and Practitioners",0,5,2026,Adult and Pediatric Allergy Partner; Allergist; Allergy and Immunology Physician; Allergy and Immunology Specialist; Allergy Physician; Immunologist; Immunology Physician; MD (Medical Doctor); Pediatric Pulmonologist; Physician,16,18,1,https://www.onetonline.org/link/details/29-1229.01,2026-09-16T20:57:53Z
29-1229.02,Hospitalists,"Provide inpatient care predominantly in settings such as medical wards, acute care units, intensive care units, rehabilitation centers, or emergency rooms. Manage and coordinate patient care throughout treatment.","Research, Development, Design, and Practitioners",0,5,2026,Academic Hospitalist; Consultant Physician; Hospitalist; Hospitalist Medical Doctor (Hospitalist MD); MD (Medical Doctor); Physician,14,16,1,https://www.onetonline.org/link/details/29-1229.02,2026-09-16T20:57:54Z
29-1229.03,Urologists,"Diagnose, treat, and help prevent benign and malignant medical and surgical disorders of the genitourinary system and the renal glands.","Research, Development, Design, and Practitioners",0,5,2026,Acute Care Physician; MD (Medical Doctor); Owner; Physician; Practicing Urologist; Surgeon; Urologic Surgeon; Urologist; Urology MD (Urology Medical Doctor),14,16,1,https://www.onetonline.org/link/details/29-1229.03,2026-09-16T20:57:54Z
29-1229.04,Physical Medicine and Rehabilitation Physicians,"Diagnose and treat disorders requiring physiotherapy to provide physical, mental, and occupational rehabilitation.","Research, Development, Design, and Practitioners",0,5,2026,Acute Rehabilitation Unit Physiatrist; Attending Physician; EDX Medicine MD (Electrodiagnostic Medicine Medical Doctor); MD (Medical Doctor); Pain Management Physician; Pediatric Physiatrist; Physiatrist; Physician; PM and R MD (Physical Medicine and Rehabilitation Medical Doctor); Rehabilitation Physician,16,14,1,https://www.onetonline.org/link/details/29-1229.04,2026-09-16T20:57:55Z
29-1229.05,Preventive Medicine Physicians,"Apply knowledge of general preventive medicine and public health issues to promote health care to groups or individuals, and aid in the prevention or reduction of risk of disease, injury, disability, or death. May practice population-based medicine or diagnose and treat patients in the context of clinical health promotion and disease prevention.","Research, Development, Design, and Practitioners",0,5,2026,Occupational Medicine Physician; Occupational Physician; Physician; Preventive Medicine Physician; Primary Clinician; Public Health Officer; Public Health Physician,15,16,1,https://www.onetonline.org/link/details/29-1229.05,2026-09-16T20:57:56Z
29-1229.06,Sports Medicine Physicians,"Diagnose, treat, and help prevent injuries that occur during sporting events, athletic training, and physical activities.","Research, Development, Design, and Practitioners",0,5,2026,Athletic Team Physician; MD (Medical Doctor); Nonsurgical Primary Care Sports Medicine Physician; Orthopedic Team Physician; Pediatric Sports Medicine Physician; Physician; Sports Medicine Medical Doctor (Sports Medicine MD); Sports Medicine Primary Care Physician; Sports Medicine Specialist; Team Physician,29,28,1,https://www.onetonline.org/link/details/29-1229.06,2026-09-16T20:57:57Z
29-1241.00,"Ophthalmologists, Except Pediatric",Diagnose and perform surgery to treat and help prevent disorders and diseases of the eye. May also provide vision services for treatment including glasses and contacts.,"Research, Development, Design, and Practitioners",0,5,2026,Clinical Ophthalmologist; Cornea Specialist; Glaucoma Specialist; Oculoplastic Specialist; Ophthalmic Surgeon; Ophthalmologist; Ophthalmologist Specialist; Physician; Retina Specialist; Surgical Ophthalmologist,18,19,1,https://www.onetonline.org/link/details/29-1241.00,2026-09-16T20:57:57Z
29-1242.00,"Orthopedic Surgeons, Except Pediatric",Diagnose and perform surgery to treat and prevent rheumatic and other diseases in the musculoskeletal system.,"Research, Development, Design, and Practitioners",0,5,2026,General Surgeon; Hand Surgeon; Orthopaedic Surgeon; Orthopedic Surgeon; Physician; Surgeon,15,20,1,https://www.onetonline.org/link/details/29-1242.00,2026-09-16T20:57:58Z
29-1243.00,Pediatric Surgeons,"Diagnose and perform surgery to treat fetal abnormalities and birth defects, diseases, and injuries in fetuses, premature and newborn infants, children, and adolescents. Includes all pediatric surgical specialties and subspecialties.","Research, Development, Design, and Practitioners",0,5,2026,Cardiovascular Surgeon; General Surgeon; Hand Surgeon; Physician; Plastic Surgeon; Surgeon; Thoracic Surgeon; Vascular Surgeon,18,22,1,https://www.onetonline.org/link/details/29-1243.00,2026-09-16T20:57:58Z
29-1249.00,"Surgeons, All Other",All surgeons not listed separately.,"Research, Development, Design, and Practitioners",0,,,,0,0,1,https://www.onetonline.org/link/details/29-1249.00,2026-09-16T20:57:59Z
29-1291.00,Acupuncturists,"Diagnose, treat, and prevent disorders by stimulating specific acupuncture points within the body using acupuncture needles. May also use cups, nutritional supplements, therapeutic massage, acupressure, and other alternative health therapies.","Research, Development, Design, and Practitioners",1,5,2026,Acupuncture Doctor; Acupuncture Physician; Acupuncture Provider; Acupuncturist; Chinese Medical Doctor (Chinese MD); Chinese Medicine Doctor; Herbalist; Licensed Acupuncturist (LAC); Oriental Medicine Provider; Traditional Chinese Medicine Doctor,18,14,1,https://www.onetonline.org/link/details/29-1291.00,2026-09-16T20:58:00Z
29-1292.00,Dental Hygienists,Administer oral hygiene care to patients. Assess patient oral hygiene problems or needs and maintain health records. Advise patients on oral health maintenance and disease prevention. May provide advanced care such as providing fluoride treatment or administering topical anesthesia.,"Research, Development, Design, and Practitioners",1,3,2026,Dental Hygienist; Hygienist; Licensed Dental Hygienist; Pediatric Dental Hygienist; Registered Dental Hygienist (RDH),16,15,1,https://www.onetonline.org/link/details/29-1292.00,2026-09-16T20:58:01Z
29-1299.00,"Healthcare Diagnosing or Treating Practitioners, All Other",All healthcare diagnosing or treating practitioners not listed separately.,"Research, Development, Design, and Practitioners",0,,,,0,0,1,https://www.onetonline.org/link/details/29-1299.00,2026-09-16T20:58:01Z
29-1299.01,Naturopathic Physicians,"Diagnose, treat, and help prevent diseases using a system of practice that is based on the natural healing capacity of individuals. May use physiological, psychological or mechanical methods. May also use natural medicines, prescription or legend drugs, foods, herbs, or other natural remedies.","Research, Development, Design, and Practitioners",0,5,2026,Doctor (Dr); Naturopathic Doctor; Naturopathic Endocrinologist; Naturopathic Medicine Doctor; Naturopathic Oncologist; Naturopathic Oncology Provider; Physician,20,21,1,https://www.onetonline.org/link/details/29-1299.01,2026-09-16T20:58:02Z
29-1299.02,Orthoptists,Diagnose and treat visual system disorders such as binocular vision and eye movement impairments.,"Research, Development, Design, and Practitioners",0,5,2026,Clinical Orthoptist (CO); CO (Certified Orthoptist),16,15,1,https://www.onetonline.org/link/details/29-1299.02,2026-09-16T20:58:03Z
29-2011.00,Medical and Clinical Laboratory Technologists,"Perform complex medical laboratory tests for diagnosis, treatment, and prevention of disease. May train or supervise staff.",Technologists and Technicians,0,4,2026,Clinical Chemist; Clinical Laboratory Scientist (CLS); Clinical Laboratory Technologist; Histologist Technologist; Lab Tech (Laboratory Technologist); Medical Lab Technologist (Medical Laboratory Technologist); Medical Technologist (MT); Microbiology Technologist (MT); MLS (Medical Laboratory Scientist); Technologist,16,16,1,https://www.onetonline.org/link/details/29-2011.00,2026-09-16T20:58:04Z
29-2011.01,Cytogenetic Technologists,"Analyze chromosomes or chromosome segments found in biological specimens, such as amniotic fluids, bone marrow, solid tumors, and blood to aid in the study, diagnosis, classification, or treatment of inherited or acquired genetic diseases. Conduct analyses through classical cytogenetic, fluorescent in situ hybridization (FISH) or array comparative genome hybridization (aCGH) techniques.",Technologists and Technicians,0,4,2026,Certified Cytogenetic Technologist; Clinical Cytogeneticist Scientist (CCS); Cytogenetics Clinical Laboratory Specialist (CG CLSp); Cytogenetics Specialist; Cytogenetics Technical Specialist; Lab Technologist (Laboratory Technologist); Microarray Laboratory Technologist (Microarray Lab Technologist); Molecular Genetics Technologist,30,20,1,https://www.onetonline.org/link/details/29-2011.01,2026-09-16T20:58:04Z
29-2011.02,Cytotechnologists,"Stain, mount, and study cells to detect evidence of cancer, hormonal abnormalities, and other pathological conditions following established standards and practices.",Technologists and Technicians,0,5,2026,Cytologist; Cytology Applications Specialist; Cytology Coordinator; Cytology Technical Specialist; Cytotechnologist,13,13,1,https://www.onetonline.org/link/details/29-2011.02,2026-09-16T20:58:05Z
29-2011.04,Histotechnologists,Apply knowledge of health and disease causes to evaluate new laboratory techniques and procedures to examine tissue samples. Process and prepare histological slides from tissue sections for microscopic examination and diagnosis by pathologists. May solve technical or instrument problems or assist with research studies.,Technologists and Technicians,0,4,2026,Clinical Lab Manager (Clinical Laboratory Manager); Histology Lab Manager (Histology Laboratory Manager); Histology Specialist; Histology Technologist; Histotechnologist,17,12,1,https://www.onetonline.org/link/details/29-2011.04,2026-09-16T20:58:05Z
29-2012.00,Medical and Clinical Laboratory Technicians,"Perform routine medical laboratory tests for the diagnosis, treatment, and prevention of disease. May work under the supervision of a medical technologist.",Technologists and Technicians,0,3,2026,Clinical Lab Tech (Clinical Laboratory Technician); Lab Assistant (Laboratory Assistant); Lab Associate (Laboratory Associate); Lab Tech (Laboratory Technician); Medical Lab Assistant (Medical Laboratory Assistant); Medical Technician (Medical Tech); Microbiology MLT (Microbiology Medical Laboratory Technician); MLT (Medical Laboratory Technician); Specimen Processor; Travel Medical Lab Tech (Travel Medical Laboratory Technician),14,21,1,https://www.onetonline.org/link/details/29-2012.00,2026-09-16T20:58:06Z
29-2012.01,Histology Technicians,Prepare histological slides from tissue sections for microscopic examination and diagnosis by pathologists. May assist with research studies.,Technologists and Technicians,0,3,2026,Clinical Histology Technician (Clinical Histology Tech); Histologic Technician (HT); Histologist; Histology Consultant; Histology Coordinator; Histology Technician (HT); Histotechnician,9,5,1,https://www.onetonline.org/link/details/29-2012.01,2026-09-16T20:58:07Z
29-2031.00,Cardiovascular Technologists and Technicians,"Conduct tests on pulmonary or cardiovascular systems of patients for diagnostic, therapeutic, or research purposes. May conduct or assist in electrocardiograms, cardiac catheterizations, pulmonary functions, lung capacity, and similar tests.",Technologists and Technicians,0,3,2026,Cardiac Cath Lab Technologist (Cardiac Catheterization Laboratory Technologist); Cardiac Catheterization Technician; Cardiac Technician; Cardio Tech (Cardiovascular Technician); Cardiology Technician; Cardiopulmonary Technician; Cardiovascular Technologist (CVT); Electrocardiogram Technician (EKG Tech); Registered Cardiovascular Invasive Specialist (RCIS),21,27,1,https://www.onetonline.org/link/details/29-2031.00,2026-09-16T20:58:07Z
29-2032.00,Diagnostic Medical Sonographers,Produce ultrasonic recordings of internal organs for use by physicians. Includes vascular technologists.,Technologists and Technicians,1,3,2026,Cardiovascular Sonographer; Echo Tech (Echocardiographic Technician); Echosonographer Technologist (Echo Technologist); Medical Sonographer; RDMS (Registered Diagnostic Medical Sonographer); Registered Diagnostic Cardiac Sonographer; RVT (Registered Vascular Technologist); Staff Sonographer; Ultrasound Technician (Ultrasound Tech); Ultrasound Technologist (Ultrasound Tech),19,31,1,https://www.onetonline.org/link/details/29-2032.00,2026-09-16T20:58:08Z
29-2033.00,Nuclear Medicine Technologists,"Prepare, administer, and measure radioactive isotopes in therapeutic, diagnostic, and tracer studies using a variety of radioisotope equipment. Prepare stock solutions of radioactive materials and calculate doses to be administered by radiologists. Subject patients to radiation. Execute blood volume, red cell survival, and fat absorption studies following standard laboratory techniques.",Technologists and Technicians,0,3,2026,Certified Nuclear Medicine Technologist (CNMT); Nuclear Cardiology Technologist; Nuclear Medicine PET-CT Technologist (Nuclear Medicine Positron Emission Tomography - Computed Tomography Technologist); Nuclear Medicine Technologist (NMT); Radiation Safety Officer; Registered Nuclear Medicine Technologist; Staff Nuclear Medicine Technologist,18,21,1,https://www.onetonline.org/link/details/29-2033.00,2026-09-16T20:58:09Z
29-2034.00,Radiologic Technologists and Technicians,Take x-rays and CAT scans or administer nonradioactive materials into patient's bloodstream for diagnostic or research purposes. Includes radiologic technologists and technicians who specialize in other scanning modalities.,Technologists and Technicians,0,3,2026,CT Tech (Computed Tomography Technologist); Mammographer; Multimodality Technologist; Radiographer; Radiologic Technician (RAD Tech); Radiology Technician (Radiology Tech); Registered Radiologic Technologist (RT (R)); RT (Radiologic Technologist); X-Ray Tech (X-Ray Technician); X-Ray Tech (X-Ray Technologist),30,28,1,https://www.onetonline.org/link/details/29-2034.00,2026-09-16T20:58:09Z
29-2035.00,Magnetic Resonance Imaging Technologists,"Operate Magnetic Resonance Imaging (MRI) scanners. Monitor patient safety and comfort, and view images of area being scanned to ensure quality of pictures. May administer gadolinium contrast dosage intravenously. May interview patient, explain MRI procedures, and position patient on examining table. May enter into the computer data such as patient history, anatomical area to be scanned, orientation specified, and position of entry.",Technologists and Technicians,1,3,2026,MRI Coordinator (Magnetic Resonance Imaging Coordinator); MRI QA Coordinator (Magnetic Resonance Imaging Quality Assurance Coordinator); MRI Radiographer (Magnetic Resonance Imaging Radiographer); MRI Specialist (Magnetic Resonance Imaging Specialist); MRI Tech (Magnetic Resonance Imaging Technician); MRI Technologist (Magnetic Resonance Imaging Technologist); Research MRI Technologist (Research Magnetic Resonance Imaging Technologist),24,25,1,https://www.onetonline.org/link/details/29-2035.00,2026-09-16T20:58:10Z
29-2036.00,Medical Dosimetrists,"Generate radiation treatment plans, develop radiation dose calculations, communicate and supervise the treatment plan implementation, and consult with members of radiation oncology team.",Technologists and Technicians,0,4,2026,CMD (Certified Medical Dosimetrist); Dosimetrist; Medical Dosimetrist; Medical Physicist; Radiation Oncology Medical Physicist,19,31,1,https://www.onetonline.org/link/details/29-2036.00,2026-09-16T20:58:11Z
29-2042.00,Emergency Medical Technicians,Assess injuries and illnesses and administer basic emergency medical care. May transport injured or sick persons to medical facilities.,Technologists and Technicians,1,3,2026,Emergency Medical Technician (EMT); First Responder,12,13,1,https://www.onetonline.org/link/details/29-2042.00,2026-09-16T20:58:11Z
29-2043.00,Paramedics,"Administer basic or advanced emergency medical care and assess injuries and illnesses. May administer medication intravenously, use equipment such as EKGs, or administer advanced life support to sick or injured individuals.",Technologists and Technicians,1,3,2026,Critical Care Paramedic; Firefighter Paramedic; First Responder; Flight Paramedic,14,14,1,https://www.onetonline.org/link/details/29-2043.00,2026-09-16T20:58:12Z
29-2051.00,Dietetic Technicians,"Assist in the provision of food service and nutritional programs, under the supervision of a dietitian. May plan and produce meals based on established guidelines, teach principles of food and nutrition, or counsel individuals.",Technologists and Technicians,0,3,2026,Cook Chill Technician (CCT); Diet Assistant; Diet Clerk; Diet Tech (Diet Technician); Diet Tech (Dietetic Technician); Diet Technician Registered (DTR); Dietary Aide; Dietetic Assistant; Dietetic Technician Registered (DTR); Nutrition Technician,13,19,1,https://www.onetonline.org/link/details/29-2051.00,2026-09-16T20:58:13Z
29-2052.00,Pharmacy Technicians,"Prepare medications under the direction of a pharmacist. May measure, mix, count out, label, and record amounts and dosages of medications according to prescription orders.",Technologists and Technicians,1,3,2026,Accredited Pharmacy Technician; Certified Pharmacy Technician (CPhT); Chemotherapy Pharmacy Technician (Chemo Pharmacy Technician); Compounding Technician; OR Pharmacy Tech (Operating Room Pharmacy Tech); RPhT (Registered Pharmacy Technician),21,21,1,https://www.onetonline.org/link/details/29-2052.00,2026-09-16T20:58:13Z
29-2053.00,Psychiatric Technicians,"Care for individuals with mental or emotional conditions or disabilities, following the instructions of physicians or other health practitioners. Monitor patients' physical and emotional well-being and report to medical staff. May participate in rehabilitation and treatment programs, help with personal hygiene, and administer oral or injectable medications.",Technologists and Technicians,1,3,2026,BHT (Behavioral Health Technician); Health Care Technician (Health Care Tech); LPT (Licensed Psychiatric Technician); Mental Health Associate; Mental Health Specialist; Mental Health Technician (MHT); MHA (Mental Health Assistant); MHW (Mental Health Worker); Psychiatric Technician (PT); Residential Aide (RA),16,21,1,https://www.onetonline.org/link/details/29-2053.00,2026-09-16T20:58:14Z
29-2055.00,Surgical Technologists,"Assist in operations, under the supervision of surgeons, registered nurses, or other surgical personnel. May help set up operating room, prepare and transport patients for surgery, adjust lights and equipment, pass instruments and other supplies to surgeons and surgeons' assistants, hold retractors, cut sutures, and help count sponges, needles, supplies, and instruments.",Technologists and Technicians,1,3,2026,Central Supply Technician (Central Supply Tech); Certified Scrub Technician (Certified Scrub Tech); CST (Certified Surgical Technologist); OR Surgical Tech (Operating Room Surgical Technician); OR Tech (Operating Room Technician); OR Technologist (Operating Room Technologist); Scrub Technician (Scrub Tech); Scrub Technologist (Scrub Tech); Surgical Scrub Technician (Surgical Scrub Tech); Surgical Scrub Technologist (Surgical Scrub Tech),18,19,1,https://www.onetonline.org/link/details/29-2055.00,2026-09-16T20:58:15Z
29-2056.00,Veterinary Technologists and Technicians,"Perform medical tests in a laboratory environment for use in the treatment and diagnosis of diseases in animals. Prepare vaccines and serums for prevention of diseases. Prepare tissue samples, take blood samples, and execute laboratory tests, such as urinalysis and blood counts. Clean and sterilize instruments and materials and maintain equipment and machines. May assist a veterinarian during surgery.",Technologists and Technicians,1,3,2026,Certified Veterinary Technician (CVT); Emergency Veterinary Technician (Emergency Vet Tech); Internal Medicine Veterinary Technician (Internal Medicine Vet Tech); Licensed Veterinary Technician (LVT); Registered Veterinary Technician (RVT); Veterinarian Technician (Vet Tech); Veterinary Laboratory Technician (Vet Lab Tech); Veterinary Nurse (Vet Nurse); Veterinary Technician (Vet Tech); Veterinary Technologist,31,35,1,https://www.onetonline.org/link/details/29-2056.00,2026-09-16T20:58:15Z
29-2057.00,Ophthalmic Medical Technicians,"Assist ophthalmologists by performing ophthalmic clinical functions. May administer eye exams, administer eye medications, and instruct the patient in care and use of corrective lenses.",Technologists and Technicians,1,3,2026,Certified Ophthalmic Medical Technician (Certified Ophthalmic Medical Tech); Certified Ophthalmic Surgical Assistant; Certified Ophthalmic Technician (COT); Certified Ophthalmic Technician-Surgical Assistant (COT-SA); Health Technician (Health Tech); Ophthalmic Assistant; Ophthalmic Diagnostic Sonographer; Ophthalmic Medical Assistant; Ophthalmic Medical Technician (Ophthalmic Medical Tech); Ophthalmic Tech (Ophthalmic Technician),21,14,1,https://www.onetonline.org/link/details/29-2057.00,2026-09-16T20:58:16Z
29-2061.00,Licensed Practical and Licensed Vocational Nurses,"Care for ill, injured, or convalescing patients or persons with disabilities in hospitals, nursing homes, clinics, private homes, group homes, and similar institutions. May work under the supervision of a registered nurse. Licensing required.",Technologists and Technicians,0,3,2026,Charge Nurse; Clinic Licensed Practical Nurse (Clinic LPN); Clinic Nurse; Home Health Licensed Practical Nurse (Home Health LPN); Licensed Vocational Nurse (LVN); Office Nurse; Pediatric LPN (Pediatric Licensed Practical Nurse); Private Duty Nurse; Radiation Oncology Nurse; Triage LPN (Triage Licensed Practical Nurse),22,28,1,https://www.onetonline.org/link/details/29-2061.00,2026-09-16T20:58:17Z
29-2072.00,Medical Records Specialists,"Compile, process, and maintain medical records of hospital and clinic patients in a manner consistent with medical, administrative, ethical, legal, and regulatory requirements of the healthcare system. Classify medical and healthcare concepts, including diagnosis, procedures, medical services, and equipment, into the healthcare industry's numerical coding system. Includes medical coders.",Technologists and Technicians,1,3,2026,Coder; Health Information Clerk; Health Information Specialist; Health Information Technician (Health Information Tech); Health Records Specialist; HIM Clerk (Health Information Management Clerk); Medical Coder; Medical Records Clerk; Medical Records Technician (Medical Records Tech); RHIT (Registered Health Information Technician),16,15,1,https://www.onetonline.org/link/details/29-2072.00,2026-09-16T20:58:18Z
29-2081.00,"Opticians, Dispensing","Design, measure, fit, and adapt lenses and frames for client according to written optical prescription or specification. Assist client with inserting, removing, and caring for contact lenses. Assist client with selecting frames. Measure customer for size of eyeglasses and coordinate frames with facial and eye measurements and optical prescription. Prepare work order for optical laboratory containing instructions for grinding and mounting lenses in frames. Verify exactness of finished lens spectacles. Adjust frame and lens position to fit client. May shape or reshape frames. Includes contact lens opticians.",Technologists and Technicians,0,3,2026,Certified Optician; Contact Lens Technician; Dispensing Optician; Licensed Dispensing Optician (LDO); Licensed Optician; Ophthalmic Dispenser; Optical Technician; Optician; Optometric Technician; Registered Optician,21,18,1,https://www.onetonline.org/link/details/29-2081.00,2026-09-16T20:58:18Z
29-2091.00,Orthotists and Prosthetists,"Design, measure, fit, and adapt orthopedic braces, appliances or prostheses, such as limbs or facial parts for patients with disabling conditions.",Technologists and Technicians,1,5,2026,Certified Orthotist (CO); Certified Pedorthist; Certified Prosthetist (CP); Certified Prosthetist Orthotist (CPO); Licensed Orthotist; LPO (Licensed Prosthetist Orthotist); Orthotic Practitioner; Orthotist; Prosthetic Practitioner; Prosthetist,15,14,1,https://www.onetonline.org/link/details/29-2091.00,2026-09-16T20:58:19Z
29-2092.00,Hearing Aid Specialists,"Select and fit hearing aids for customers. Administer and interpret tests of hearing. Assess hearing instrument efficacy. Take ear impressions and prepare, design, and modify ear molds.",Technologists and Technicians,1,3,2026,Audioprosthologist; Hearing Aid Consultant; Hearing Aid Specialist; Hearing Care Practitioner; Hearing Care Specialist; Hearing Instrument Dispenser; Hearing Instrument Specialist (HIS); Hearing Specialist; Licensed Hearing Instrument Specialist (Licensed HIS); National Board Certified Hearing Instrument Specialist (National Board Certified HIS),11,12,1,https://www.onetonline.org/link/details/29-2092.00,2026-09-16T20:58:20Z
29-2099.00,"Health Technologists and Technicians, All Other",All health technologists and technicians not listed separately.,Technologists and Technicians,1,,,,0,0,1,https://www.onetonline.org/link/details/29-2099.00,2026-09-16T20:58:20Z
29-2099.01,Neurodiagnostic Technologists,"Conduct electroneurodiagnostic (END) tests such as electroencephalograms, evoked potentials, polysomnograms, or electronystagmograms. May perform nerve conduction studies.",Technologists and Technicians,1,3,2026,Certified Intraoperative Neurophysiology Technologist (Certified Intraoperative Neurophysiology Tech); Certified Neurodiagnostic Technologist; Electroneurodiagnostic Technologist (END Technologist); Intraoperative Neuromonitoring Technologist (IONM Tech); Neurodiagnostic Technologist (Neurodiagnostic Tech); Neurophysiology Technical Specialist; Registered Electroencephalogram Technologist (Registered EEG Tech); Registered Electroencephalography Technologist (R. EEG. T); Registered Electroneurodiagnostic Technologist (Registered END Tech); Registered Polysomnographic Technologist (RPSGT),16,18,1,https://www.onetonline.org/link/details/29-2099.01,2026-09-16T20:58:21Z
29-2099.05,Ophthalmic Medical Technologists,"Assist ophthalmologists by performing ophthalmic clinical functions and ophthalmic photography. Provide instruction and supervision to other ophthalmic personnel. Assist with minor surgical procedures, applying aseptic techniques and preparing instruments. May perform eye exams, administer eye medications, and instruct patients in care and use of corrective lenses.",Technologists and Technicians,1,3,2026,Certified Diagnostic Ophthalmic Sonographer (CDOS); Certified Ophthalmic Medical Technologist (COMT); Ophthalmic Echographer; Ophthalmic Medical Technologist (Ophthalmic Medical Tech); Ophthalmic Photographer; Ophthalmic Sonographer; Ophthalmic Technologist (Ophthalmic Tech); Ophthalmic Ultrasonographer; Registered Ophthalmic Ultrasound Biometrist (ROUB); Surgical Coordinator,31,21,1,https://www.onetonline.org/link/details/29-2099.05,2026-09-16T20:58:22Z
29-2099.08,Patient Representatives,"Assist patients in obtaining services, understanding policies and making health care decisions.",Technologists and Technicians,1,3,2026,Access Representative (Access Rep); Admissions Coordinator; BCPA (Board Certified Patient Advocate); Case Manager; Patient Access Specialist; Patient Advocate; Patient Navigator; Patient Resource Worker; Patient Service Representative (Patient Service Rep); Service Coordinator,14,13,1,https://www.onetonline.org/link/details/29-2099.08,2026-09-16T20:58:23Z
29-9021.00,Health Information Technologists and Medical Registrars,"Apply knowledge of healthcare and information systems to assist in the design, development, and continued modification and analysis of computerized healthcare systems. Abstract, collect, and analyze treatment and followup information of patients. May educate staff and assist in problem solving to promote the implementation of the healthcare information system. May design, develop, test, and implement databases with complete history, diagnosis, treatment, and health status to help monitor diseases.","Research, Development, Design, and Practitioners; Technologists and Technicians",1,3,2026,Medical Records Analyst; Medical Records Director,16,22,1,https://www.onetonline.org/link/details/29-9021.00,2026-09-16T20:58:23Z
29-9091.00,Athletic Trainers,"Evaluate and treat musculoskeletal injuries or illnesses. Provide preventive, therapeutic, emergency, and rehabilitative care.","Research, Development, Design, and Practitioners",1,5,2026,Athletic Instructor; Athletic Lecturer; Athletic Trainer; Certified Athletic Trainer; Personal Trainer; Resident Athletic Trainer; Women's Athletic Trainer,24,26,1,https://www.onetonline.org/link/details/29-9091.00,2026-09-16T20:58:24Z
29-9092.00,Genetic Counselors,"Assess individual or family risk for a variety of inherited conditions, such as genetic disorders and birth defects. Provide information to other healthcare providers or to individuals and families concerned with the risk of inherited conditions. Advise individuals and families to support informed decisionmaking and coping methods for those at risk. May help conduct research related to genetic conditions or genetic counseling.","Research, Development, Design, and Practitioners",1,5,2026,Cardiovascular Genetics Counselor; Certified Genetic Counselor (CGC); Clinical Genetic Counselor; Genetic Services Coordinator; Hereditary Cancer Program Coordinator; Lab Genetic Counselor (Laboratory Genetic Counselor); Medical Science Liaison; Pediatric Genetics Clinical Coordinator; Prenatal Genetic Counselor; Reproductive Genetic Counseling Coordinator,19,24,1,https://www.onetonline.org/link/details/29-9092.00,2026-09-16T20:58:25Z
29-9093.00,Surgical Assistants,"Assist in operations, under the supervision of surgeons. May, in accordance with state laws, help surgeons to make incisions and close surgical sites, manipulate or remove tissues, implant surgical devices or drains, suction the surgical site, place catheters, clamp or cauterize vessels or tissue, and apply dressings to surgical site.","Research, Development, Design, and Practitioners",1,3,2026,Certified Surgical Technician (Certified Surgical Tech); CRNFA (Certified Registered Nurse First Assistant); CSA (Certified Surgical Assistant); CSFA (Certified Surgical First Assistant); GI Technician (Gastrointestinal Technician); RNFA (Registered Nurse First Assistant); Scrub Technician (Scrub Tech); Surgical First Assistant; Surgical Scrub Technician (Surgical Scrub Tech); Surgical Technician (Surgical Tech),28,27,1,https://www.onetonline.org/link/details/29-9093.00,2026-09-16T20:58:25Z
29-9099.00,"Healthcare Practitioners and Technical Workers, All Other",All healthcare practitioners and technical workers not listed separately.,"Research, Development, Design, and Practitioners; Technologists and Technicians",0,,,,0,0,1,https://www.onetonline.org/link/details/29-9099.00,2026-09-16T20:58:26Z
29-9099.01,Midwives,Provide prenatal care and childbirth assistance.,"Research, Development, Design, and Practitioners; Technologists and Technicians",0,5,2026,Birth Center Midwife; Certified Direct-Entry Midwife; Certified Professional Midwife (CPM); Homebirth Midwife; Lay Midwife; Licensed and Certified Midwife; Licensed Certified Professional Midwife; Licensed Direct Entry Midwife; Licensed Midwife (LM),37,31,1,https://www.onetonline.org/link/details/29-9099.01,2026-09-16T20:58:27Z
41-4011.00,"Sales Representatives, Wholesale and Manufacturing, Technical and Scientific Products","Sell goods for wholesalers or manufacturers where technical or scientific knowledge is required in such areas as biology, engineering, chemistry, and electronics, normally obtained from at least 2 years of postsecondary education.",Sales,0,4,2026,Inside Sales Representative; Marketing Representative; Sales Representative,33,30,1,https://www.onetonline.org/link/details/41-4011.00,2026-09-16T20:58:27Z
41-4011.07,Solar Sales Representatives and Assessors,"Contact new or existing customers to determine their solar equipment needs, suggest systems or equipment, or estimate costs.",Sales,0,3,2025,Energy Consultant; Sales Associate; Sales Consultant; Sales Representative (Sales Rep); Salesman; Solar Consultant; Solar Energy Consultant; Solar Sales Consultant; Solar Sales Representative (Solar Sales Rep); Solar Sales Specialist,14,14,1,https://www.onetonline.org/link/details/41-4011.07,2026-09-16T20:58:28Z
41-9031.00,Sales Engineers,"Sell business goods or services, the selling of which requires a technical background equivalent to a baccalaureate degree in engineering.",Sales,1,4,2026,Business Development Engineer; Inside Sales Engineer; Product Sales Engineer; Sales Applications Engineer; Sales Engineer; Technical Marketing Engineer; Technical Sales Engineer,25,25,1,https://www.onetonline.org/link/details/41-9031.00,2026-09-16T20:58:29Z
