onet_soc_code,related_onet_soc_code,related_title,relatedness_tier,rank,related_is_stem
11-3021.00,15-1211.00,Computer Systems Analysts,Primary-Short,1.0,1
11-3021.00,13-1082.00,Project Management Specialists,Primary-Short,2.0,0
11-3021.00,15-1252.00,Software Developers,Primary-Short,3.0,1
11-3021.00,15-1299.08,Computer Systems Engineers/Architects,Primary-Short,4.0,1
11-3021.00,13-1111.00,Management Analysts,Primary-Short,5.0,0
11-3021.00,15-1299.09,Information Technology Project Managers,Primary-Long,6.0,1
11-3021.00,15-1243.00,Database Architects,Primary-Long,7.0,1
11-3021.00,15-1241.00,Computer Network Architects,Primary-Long,8.0,1
11-3021.00,15-1299.05,Information Security Engineers,Primary-Long,9.0,1
11-3021.00,15-1242.00,Database Administrators,Primary-Long,10.0,1
11-3021.00,25-1021.00,"Computer Science Teachers, Postsecondary",Supplemental,11.0,1
11-3021.00,15-1244.00,Network and Computer Systems Administrators,Supplemental,12.0,1
11-3021.00,15-1212.00,Information Security Analysts,Supplemental,13.0,1
11-3021.00,15-1251.00,Computer Programmers,Supplemental,14.0,1
11-3021.00,15-2051.01,Business Intelligence Analysts,Supplemental,15.0,1
11-3021.00,15-1253.00,Software Quality Assurance Analysts and Testers,Supplemental,16.0,1
11-3021.00,15-2051.00,Data Scientists,Supplemental,17.0,1
11-3021.00,15-1231.00,Computer Network Support Specialists,Supplemental,18.0,1
11-3021.00,15-1232.00,Computer User Support Specialists,Supplemental,19.0,1
11-3021.00,15-1299.03,Document Management Specialists,Supplemental,20.0,1
11-9041.00,13-1082.00,Project Management Specialists,Primary-Short,1.0,0
11-9041.00,17-2112.00,Industrial Engineers,Primary-Short,2.0,1
11-9041.00,13-1081.01,Logistics Engineers,Primary-Short,3.0,0
11-9041.00,17-2071.00,Electrical Engineers,Primary-Short,4.0,1
11-9041.00,25-1032.00,"Engineering Teachers, Postsecondary",Primary-Short,5.0,1
11-9041.00,17-3011.00,Architectural and Civil Drafters,Primary-Long,6.0,1
11-9041.00,17-2199.05,Mechatronics Engineers,Primary-Long,7.0,1
11-9041.00,17-2072.00,"Electronics Engineers, Except Computer",Primary-Long,8.0,1
11-9041.00,11-9121.00,Natural Sciences Managers,Primary-Long,9.0,1
11-9041.00,11-9041.01,Biofuels/Biodiesel Technology and Product Development Managers,Primary-Long,10.0,1
11-9041.00,17-3022.00,Civil Engineering Technologists and Technicians,Supplemental,11.0,1
11-9041.00,17-3027.00,Mechanical Engineering Technologists and Technicians,Supplemental,12.0,1
11-9041.00,17-2141.00,Mechanical Engineers,Supplemental,13.0,1
11-9041.00,17-2051.00,Civil Engineers,Supplemental,14.0,1
11-9041.00,11-9021.00,Construction Managers,Supplemental,15.0,0
11-9041.00,41-9031.00,Sales Engineers,Supplemental,16.0,1
11-9041.00,17-3023.00,Electrical and Electronic Engineering Technologists and Technicians,Supplemental,17.0,1
11-9041.00,17-3026.00,Industrial Engineering Technologists and Technicians,Supplemental,18.0,1
11-9041.00,17-2112.03,Manufacturing Engineers,Supplemental,19.0,1
11-9041.00,17-3012.00,Electrical and Electronics Drafters,Supplemental,20.0,1
11-9041.01,11-3051.03,Biofuels Production Managers,Primary-Short,1.0,0
11-9041.01,17-2041.00,Chemical Engineers,Primary-Short,2.0,1
11-9041.01,11-3051.04,Biomass Power Plant Managers,Primary-Short,3.0,0
11-9041.01,11-3051.02,Geothermal Production Managers,Primary-Short,4.0,0
11-9041.01,17-3026.01,Nanotechnology Engineering Technologists and Technicians,Primary-Short,5.0,1
11-9041.01,17-2112.03,Manufacturing Engineers,Primary-Long,6.0,1
11-9041.01,17-2199.03,"Energy Engineers, Except Wind and Solar",Primary-Long,7.0,1
11-9041.01,11-9199.10,Wind Energy Development Managers,Primary-Long,8.0,0
11-9041.01,17-2051.02,Water/Wastewater Engineers,Primary-Long,9.0,1
11-9041.01,17-2031.00,Bioengineers and Biomedical Engineers,Primary-Long,10.0,1
11-9041.01,51-8099.01,Biofuels Processing Technicians,Supplemental,11.0,0
11-9041.01,51-8013.03,Biomass Plant Technicians,Supplemental,12.0,0
11-9041.01,17-2199.09,Nanosystems Engineers,Supplemental,13.0,1
11-9041.01,19-2041.03,Industrial Ecologists,Supplemental,14.0,1
11-9041.01,17-2141.01,Fuel Cell Engineers,Supplemental,15.0,1
11-9041.01,17-3026.00,Industrial Engineering Technologists and Technicians,Supplemental,16.0,1
11-9041.01,11-3051.06,Hydroelectric Production Managers,Supplemental,17.0,0
11-9041.01,17-2112.00,Industrial Engineers,Supplemental,18.0,1
11-9041.01,17-2021.00,Agricultural Engineers,Supplemental,19.0,1
11-9041.01,17-2199.11,Solar Energy Systems Engineers,Supplemental,20.0,1
11-9111.00,15-1211.01,Health Informatics Specialists,Primary-Short,1.0,1
11-9111.00,21-1091.00,Health Education Specialists,Primary-Short,2.0,0
11-9111.00,29-1141.04,Clinical Nurse Specialists,Primary-Short,3.0,1
11-9111.00,11-9151.00,Social and Community Service Managers,Primary-Short,4.0,0
11-9111.00,25-1071.00,"Health Specialties Teachers, Postsecondary",Primary-Short,5.0,1
11-9111.00,13-1111.00,Management Analysts,Primary-Long,6.0,0
11-9111.00,29-9021.00,Health Information Technologists and Medical Registrars,Primary-Long,7.0,1
11-9111.00,29-1229.05,Preventive Medicine Physicians,Primary-Long,8.0,1
11-9111.00,11-9031.00,"Education and Childcare Administrators, Preschool and Daycare",Primary-Long,9.0,0
11-9111.00,29-1214.00,Emergency Medicine Physicians,Primary-Long,10.0,1
11-9111.00,21-1015.00,Rehabilitation Counselors,Supplemental,11.0,0
11-9111.00,29-2099.08,Patient Representatives,Supplemental,12.0,1
11-9111.00,39-1022.00,First-Line Supervisors of Personal Service Workers,Supplemental,13.0,0
11-9111.00,31-2012.00,Occupational Therapy Aides,Supplemental,14.0,0
11-9111.00,31-9092.00,Medical Assistants,Supplemental,15.0,0
11-9111.00,15-2051.02,Clinical Data Managers,Supplemental,16.0,1
11-9111.00,29-1141.00,Registered Nurses,Supplemental,17.0,1
11-9111.00,11-9121.01,Clinical Research Coordinators,Supplemental,18.0,1
11-9111.00,43-6013.00,Medical Secretaries and Administrative Assistants,Supplemental,19.0,0
11-9111.00,11-3012.00,Administrative Services Managers,Supplemental,20.0,0
11-9121.00,13-1082.00,Project Management Specialists,Primary-Short,1.0,0
11-9121.00,17-2031.00,Bioengineers and Biomedical Engineers,Primary-Short,2.0,1
11-9121.00,15-2051.00,Data Scientists,Primary-Short,3.0,1
11-9121.00,19-4021.00,Biological Technicians,Primary-Short,4.0,1
11-9121.00,19-1029.02,Molecular and Cellular Biologists,Primary-Short,5.0,1
11-9121.00,19-1029.04,Biologists,Primary-Long,6.0,1
11-9121.00,25-1053.00,"Environmental Science Teachers, Postsecondary",Primary-Long,7.0,1
11-9121.00,11-9121.01,Clinical Research Coordinators,Primary-Long,8.0,1
11-9121.00,19-1029.01,Bioinformatics Scientists,Primary-Long,9.0,1
11-9121.00,11-9121.02,Water Resource Specialists,Primary-Long,10.0,1
11-9121.00,11-9041.00,Architectural and Engineering Managers,Supplemental,11.0,1
11-9121.00,17-3026.01,Nanotechnology Engineering Technologists and Technicians,Supplemental,12.0,1
11-9121.00,19-2031.00,Chemists,Supplemental,13.0,1
11-9121.00,19-4031.00,Chemical Technicians,Supplemental,14.0,1
11-9121.00,15-1221.00,Computer and Information Research Scientists,Supplemental,15.0,1
11-9121.00,15-2051.02,Clinical Data Managers,Supplemental,16.0,1
11-9121.00,13-1111.00,Management Analysts,Supplemental,17.0,0
11-9121.00,15-2099.01,Bioinformatics Technicians,Supplemental,18.0,1
11-9121.00,19-2041.00,"Environmental Scientists and Specialists, Including Health",Supplemental,19.0,1
11-9121.00,17-2112.00,Industrial Engineers,Supplemental,20.0,1
11-9121.01,15-2051.02,Clinical Data Managers,Primary-Short,1.0,1
11-9121.01,29-1141.04,Clinical Nurse Specialists,Primary-Short,2.0,1
11-9121.01,15-1211.01,Health Informatics Specialists,Primary-Short,3.0,1
11-9121.01,19-4061.00,Social Science Research Assistants,Primary-Short,4.0,1
11-9121.01,25-1071.00,"Health Specialties Teachers, Postsecondary",Primary-Short,5.0,1
11-9121.01,11-9111.00,Medical and Health Services Managers,Primary-Long,6.0,1
11-9121.01,29-2011.00,Medical and Clinical Laboratory Technologists,Primary-Long,7.0,1
11-9121.01,11-9121.00,Natural Sciences Managers,Primary-Long,8.0,1
11-9121.01,15-2041.01,Biostatisticians,Primary-Long,9.0,1
11-9121.01,19-1042.00,"Medical Scientists, Except Epidemiologists",Primary-Long,10.0,1
11-9121.01,29-9021.00,Health Information Technologists and Medical Registrars,Supplemental,11.0,1
11-9121.01,29-2099.08,Patient Representatives,Supplemental,12.0,1
11-9121.01,19-1041.00,Epidemiologists,Supplemental,13.0,1
11-9121.01,29-2012.00,Medical and Clinical Laboratory Technicians,Supplemental,14.0,1
11-9121.01,15-2051.00,Data Scientists,Supplemental,15.0,1
11-9121.01,29-1222.00,"Physicians, Pathologists",Supplemental,16.0,1
11-9121.01,29-1229.05,Preventive Medicine Physicians,Supplemental,17.0,1
11-9121.01,21-1091.00,Health Education Specialists,Supplemental,18.0,0
11-9121.01,31-9092.00,Medical Assistants,Supplemental,19.0,0
11-9121.01,17-2031.00,Bioengineers and Biomedical Engineers,Supplemental,20.0,1
11-9121.02,17-2051.02,Water/Wastewater Engineers,Primary-Short,1.0,1
11-9121.02,19-2041.03,Industrial Ecologists,Primary-Short,2.0,1
11-9121.02,19-1031.00,Conservation Scientists,Primary-Short,3.0,1
11-9121.02,17-2081.00,Environmental Engineers,Primary-Short,4.0,1
11-9121.02,19-2043.00,Hydrologists,Primary-Short,5.0,1
11-9121.02,19-2041.02,Environmental Restoration Planners,Primary-Long,6.0,1
11-9121.02,11-9199.11,Brownfield Redevelopment Specialists and Site Managers,Primary-Long,7.0,0
11-9121.02,19-2041.00,"Environmental Scientists and Specialists, Including Health",Primary-Long,8.0,1
11-9121.02,19-1031.02,Range Managers,Primary-Long,9.0,1
11-9121.02,11-9121.00,Natural Sciences Managers,Primary-Long,10.0,1
11-9121.02,19-4044.00,Hydrologic Technicians,Supplemental,11.0,1
11-9121.02,17-2051.00,Civil Engineers,Supplemental,12.0,1
11-9121.02,19-4042.00,"Environmental Science and Protection Technicians, Including Health",Supplemental,13.0,1
11-9121.02,17-3025.00,Environmental Engineering Technologists and Technicians,Supplemental,14.0,1
11-9121.02,11-3051.02,Geothermal Production Managers,Supplemental,15.0,0
11-9121.02,17-2021.00,Agricultural Engineers,Supplemental,16.0,1
11-9121.02,11-9199.10,Wind Energy Development Managers,Supplemental,17.0,0
11-9121.02,47-4011.01,Energy Auditors,Supplemental,18.0,0
11-9121.02,13-1041.01,Environmental Compliance Inspectors,Supplemental,19.0,0
11-9121.02,17-2171.00,Petroleum Engineers,Supplemental,20.0,1
15-1211.00,15-1252.00,Software Developers,Primary-Short,1.0,1
15-1211.00,15-1299.08,Computer Systems Engineers/Architects,Primary-Short,2.0,1
15-1211.00,15-1242.00,Database Administrators,Primary-Short,3.0,1
15-1211.00,11-3021.00,Computer and Information Systems Managers,Primary-Short,4.0,1
15-1211.00,15-1243.00,Database Architects,Primary-Short,5.0,1
15-1211.00,15-1244.00,Network and Computer Systems Administrators,Primary-Long,6.0,1
15-1211.00,15-1212.00,Information Security Analysts,Primary-Long,7.0,1
15-1211.00,15-1299.05,Information Security Engineers,Primary-Long,8.0,1
15-1211.00,15-1253.00,Software Quality Assurance Analysts and Testers,Primary-Long,9.0,1
15-1211.00,15-1211.01,Health Informatics Specialists,Primary-Long,10.0,1
15-1211.00,15-1251.00,Computer Programmers,Supplemental,11.0,1
15-1211.00,15-1241.00,Computer Network Architects,Supplemental,12.0,1
15-1211.00,15-1231.00,Computer Network Support Specialists,Supplemental,13.0,1
15-1211.00,15-1232.00,Computer User Support Specialists,Supplemental,14.0,1
15-1211.00,15-1243.01,Data Warehousing Specialists,Supplemental,15.0,1
15-1211.00,13-1111.00,Management Analysts,Supplemental,16.0,0
15-1211.00,15-1299.07,Blockchain Engineers,Supplemental,17.0,1
15-1211.00,15-1299.04,Penetration Testers,Supplemental,18.0,1
15-1211.00,15-2051.00,Data Scientists,Supplemental,19.0,1
15-1211.00,15-1299.03,Document Management Specialists,Supplemental,20.0,1
15-1211.01,29-9021.00,Health Information Technologists and Medical Registrars,Primary-Short,1.0,1
15-1211.01,11-9111.00,Medical and Health Services Managers,Primary-Short,2.0,1
15-1211.01,15-2051.02,Clinical Data Managers,Primary-Short,3.0,1
15-1211.01,21-1091.00,Health Education Specialists,Primary-Short,4.0,0
15-1211.01,29-1171.00,Nurse Practitioners,Primary-Short,5.0,1
15-1211.01,29-2072.00,Medical Records Specialists,Primary-Long,6.0,1
15-1211.01,29-2099.08,Patient Representatives,Primary-Long,7.0,1
15-1211.01,11-9121.01,Clinical Research Coordinators,Primary-Long,8.0,1
15-1211.01,19-4061.00,Social Science Research Assistants,Primary-Long,9.0,1
15-1211.01,15-1211.00,Computer Systems Analysts,Primary-Long,10.0,1
15-1211.01,29-1141.04,Clinical Nurse Specialists,Supplemental,11.0,1
15-1211.01,25-1072.00,"Nursing Instructors and Teachers, Postsecondary",Supplemental,12.0,1
15-1211.01,29-1141.00,Registered Nurses,Supplemental,13.0,1
15-1211.01,29-1229.05,Preventive Medicine Physicians,Supplemental,14.0,1
15-1211.01,29-1141.01,Acute Care Nurses,Supplemental,15.0,1
15-1211.01,29-1141.03,Critical Care Nurses,Supplemental,16.0,1
15-1211.01,25-1071.00,"Health Specialties Teachers, Postsecondary",Supplemental,17.0,1
15-1211.01,19-1041.00,Epidemiologists,Supplemental,18.0,1
15-1211.01,29-1141.02,Advanced Practice Psychiatric Nurses,Supplemental,19.0,1
15-1211.01,29-2061.00,Licensed Practical and Licensed Vocational Nurses,Supplemental,20.0,1
15-1212.00,15-1299.05,Information Security Engineers,Primary-Short,1.0,1
15-1212.00,15-1299.04,Penetration Testers,Primary-Short,2.0,1
15-1212.00,15-1299.06,Digital Forensics Analysts,Primary-Short,3.0,1
15-1212.00,15-1244.00,Network and Computer Systems Administrators,Primary-Short,4.0,1
15-1212.00,15-1211.00,Computer Systems Analysts,Primary-Short,5.0,1
15-1212.00,15-1231.00,Computer Network Support Specialists,Primary-Long,6.0,1
15-1212.00,15-1242.00,Database Administrators,Primary-Long,7.0,1
15-1212.00,15-1299.08,Computer Systems Engineers/Architects,Primary-Long,8.0,1
15-1212.00,15-1241.00,Computer Network Architects,Primary-Long,9.0,1
15-1212.00,15-1299.07,Blockchain Engineers,Primary-Long,10.0,1
15-1212.00,13-1199.07,Security Management Specialists,Supplemental,11.0,0
15-1212.00,11-3013.01,Security Managers,Supplemental,12.0,0
15-1212.00,11-3021.00,Computer and Information Systems Managers,Supplemental,13.0,1
15-1212.00,15-1252.00,Software Developers,Supplemental,14.0,1
15-1212.00,15-1232.00,Computer User Support Specialists,Supplemental,15.0,1
15-1212.00,15-1243.00,Database Architects,Supplemental,16.0,1
15-1212.00,33-3021.06,Intelligence Analysts,Supplemental,17.0,0
15-1212.00,15-1299.03,Document Management Specialists,Supplemental,18.0,1
15-1212.00,15-1241.01,Telecommunications Engineering Specialists,Supplemental,19.0,1
15-1212.00,15-1253.00,Software Quality Assurance Analysts and Testers,Supplemental,20.0,1
15-1221.00,15-2051.00,Data Scientists,Primary-Short,1.0,1
15-1221.00,15-2021.00,Mathematicians,Primary-Short,2.0,1
15-1221.00,15-1252.00,Software Developers,Primary-Short,3.0,1
15-1221.00,15-1251.00,Computer Programmers,Primary-Short,4.0,1
15-1221.00,15-2031.00,Operations Research Analysts,Primary-Short,5.0,1
15-1221.00,15-1299.08,Computer Systems Engineers/Architects,Primary-Long,6.0,1
15-1221.00,15-1211.00,Computer Systems Analysts,Primary-Long,7.0,1
15-1221.00,15-2099.01,Bioinformatics Technicians,Primary-Long,8.0,1
15-1221.00,19-1029.01,Bioinformatics Scientists,Primary-Long,9.0,1
15-1221.00,15-1243.00,Database Architects,Primary-Long,10.0,1
15-1221.00,11-9121.00,Natural Sciences Managers,Supplemental,11.0,1
15-1221.00,17-2031.00,Bioengineers and Biomedical Engineers,Supplemental,12.0,1
15-1221.00,11-3021.00,Computer and Information Systems Managers,Supplemental,13.0,1
15-1221.00,11-9041.00,Architectural and Engineering Managers,Supplemental,14.0,1
15-1221.00,15-2041.00,Statisticians,Supplemental,15.0,1
15-1221.00,25-1021.00,"Computer Science Teachers, Postsecondary",Supplemental,16.0,1
15-1221.00,17-2199.08,Robotics Engineers,Supplemental,17.0,1
15-1221.00,17-3026.01,Nanotechnology Engineering Technologists and Technicians,Supplemental,18.0,1
15-1221.00,15-1299.09,Information Technology Project Managers,Supplemental,19.0,1
15-1221.00,17-2061.00,Computer Hardware Engineers,Supplemental,20.0,1
15-1231.00,15-1241.00,Computer Network Architects,Primary-Short,1.0,1
15-1231.00,15-1244.00,Network and Computer Systems Administrators,Primary-Short,2.0,1
15-1231.00,15-1232.00,Computer User Support Specialists,Primary-Short,3.0,1
15-1231.00,15-1299.08,Computer Systems Engineers/Architects,Primary-Short,4.0,1
15-1231.00,15-1299.05,Information Security Engineers,Primary-Short,5.0,1
15-1231.00,15-1212.00,Information Security Analysts,Primary-Long,6.0,1
15-1231.00,15-1241.01,Telecommunications Engineering Specialists,Primary-Long,7.0,1
15-1231.00,15-1211.00,Computer Systems Analysts,Primary-Long,8.0,1
15-1231.00,15-1242.00,Database Administrators,Primary-Long,9.0,1
15-1231.00,49-2022.00,"Telecommunications Equipment Installers and Repairers, Except Line Installers",Primary-Long,10.0,0
15-1231.00,15-1252.00,Software Developers,Supplemental,11.0,1
15-1231.00,15-1299.04,Penetration Testers,Supplemental,12.0,1
15-1231.00,27-4012.00,Broadcast Technicians,Supplemental,13.0,0
15-1231.00,11-3021.00,Computer and Information Systems Managers,Supplemental,14.0,1
15-1231.00,15-1243.00,Database Architects,Supplemental,15.0,1
15-1231.00,15-1299.01,Web Administrators,Supplemental,16.0,1
15-1231.00,15-1253.00,Software Quality Assurance Analysts and Testers,Supplemental,17.0,1
15-1231.00,15-1299.07,Blockchain Engineers,Supplemental,18.0,1
15-1231.00,17-3023.00,Electrical and Electronic Engineering Technologists and Technicians,Supplemental,19.0,1
15-1231.00,49-2094.00,"Electrical and Electronics Repairers, Commercial and Industrial Equipment",Supplemental,20.0,0
15-1232.00,15-1231.00,Computer Network Support Specialists,Primary-Short,1.0,1
15-1232.00,15-1244.00,Network and Computer Systems Administrators,Primary-Short,2.0,1
15-1232.00,15-1299.08,Computer Systems Engineers/Architects,Primary-Short,3.0,1
15-1232.00,15-1211.00,Computer Systems Analysts,Primary-Short,4.0,1
15-1232.00,15-1252.00,Software Developers,Primary-Short,5.0,1
15-1232.00,15-1242.00,Database Administrators,Primary-Long,6.0,1
15-1232.00,49-2011.00,"Computer, Automated Teller, and Office Machine Repairers",Primary-Long,7.0,0
15-1232.00,15-1212.00,Information Security Analysts,Primary-Long,8.0,1
15-1232.00,15-1299.05,Information Security Engineers,Primary-Long,9.0,1
15-1232.00,15-1253.00,Software Quality Assurance Analysts and Testers,Primary-Long,10.0,1
15-1232.00,15-1241.00,Computer Network Architects,Supplemental,11.0,1
15-1232.00,17-3023.00,Electrical and Electronic Engineering Technologists and Technicians,Supplemental,12.0,1
15-1232.00,15-1241.01,Telecommunications Engineering Specialists,Supplemental,13.0,1
15-1232.00,15-1251.00,Computer Programmers,Supplemental,14.0,1
15-1232.00,49-2022.00,"Telecommunications Equipment Installers and Repairers, Except Line Installers",Supplemental,15.0,0
15-1232.00,11-3021.00,Computer and Information Systems Managers,Supplemental,16.0,1
15-1232.00,15-1299.01,Web Administrators,Supplemental,17.0,1
15-1232.00,49-2094.00,"Electrical and Electronics Repairers, Commercial and Industrial Equipment",Supplemental,18.0,0
15-1232.00,15-1255.00,Web and Digital Interface Designers,Supplemental,19.0,1
15-1232.00,27-4012.00,Broadcast Technicians,Supplemental,20.0,0
15-1241.00,15-1231.00,Computer Network Support Specialists,Primary-Short,1.0,1
15-1241.00,15-1244.00,Network and Computer Systems Administrators,Primary-Short,2.0,1
15-1241.00,15-1299.08,Computer Systems Engineers/Architects,Primary-Short,3.0,1
15-1241.00,15-1241.01,Telecommunications Engineering Specialists,Primary-Short,4.0,1
15-1241.00,15-1211.00,Computer Systems Analysts,Primary-Short,5.0,1
15-1241.00,15-1252.00,Software Developers,Primary-Long,6.0,1
15-1241.00,15-1299.05,Information Security Engineers,Primary-Long,7.0,1
15-1241.00,15-1242.00,Database Administrators,Primary-Long,8.0,1
15-1241.00,15-1243.00,Database Architects,Primary-Long,9.0,1
15-1241.00,17-2061.00,Computer Hardware Engineers,Primary-Long,10.0,1
15-1241.00,15-1212.00,Information Security Analysts,Supplemental,11.0,1
15-1241.00,15-1232.00,Computer User Support Specialists,Supplemental,12.0,1
15-1241.00,11-3021.00,Computer and Information Systems Managers,Supplemental,13.0,1
15-1241.00,17-2072.00,"Electronics Engineers, Except Computer",Supplemental,14.0,1
15-1241.00,49-2022.00,"Telecommunications Equipment Installers and Repairers, Except Line Installers",Supplemental,15.0,0
15-1241.00,15-1299.04,Penetration Testers,Supplemental,16.0,1
15-1241.00,15-1299.07,Blockchain Engineers,Supplemental,17.0,1
15-1241.00,17-2072.01,Radio Frequency Identification Device Specialists,Supplemental,18.0,1
15-1241.00,27-4012.00,Broadcast Technicians,Supplemental,19.0,0
15-1241.00,17-3023.00,Electrical and Electronic Engineering Technologists and Technicians,Supplemental,20.0,1
15-1241.01,15-1241.00,Computer Network Architects,Primary-Short,1.0,1
15-1241.01,15-1231.00,Computer Network Support Specialists,Primary-Short,2.0,1
15-1241.01,49-2022.00,"Telecommunications Equipment Installers and Repairers, Except Line Installers",Primary-Short,3.0,0
15-1241.01,15-1299.08,Computer Systems Engineers/Architects,Primary-Short,4.0,1
15-1241.01,15-1244.00,Network and Computer Systems Administrators,Primary-Short,5.0,1
15-1241.01,17-2072.00,"Electronics Engineers, Except Computer",Primary-Long,6.0,1
15-1241.01,15-1211.00,Computer Systems Analysts,Primary-Long,7.0,1
15-1241.01,15-1252.00,Software Developers,Primary-Long,8.0,1
15-1241.01,49-2021.00,"Radio, Cellular, and Tower Equipment Installers and Repairers",Primary-Long,9.0,0
15-1241.01,17-3023.00,Electrical and Electronic Engineering Technologists and Technicians,Primary-Long,10.0,1
15-1241.01,15-1299.05,Information Security Engineers,Supplemental,11.0,1
15-1241.01,15-1232.00,Computer User Support Specialists,Supplemental,12.0,1
15-1241.01,17-2072.01,Radio Frequency Identification Device Specialists,Supplemental,13.0,1
15-1241.01,15-1212.00,Information Security Analysts,Supplemental,14.0,1
15-1241.01,15-1242.00,Database Administrators,Supplemental,15.0,1
15-1241.01,11-3021.00,Computer and Information Systems Managers,Supplemental,16.0,1
15-1241.01,27-4012.00,Broadcast Technicians,Supplemental,17.0,0
15-1241.01,49-2094.00,"Electrical and Electronics Repairers, Commercial and Industrial Equipment",Supplemental,18.0,0
15-1241.01,49-9052.00,Telecommunications Line Installers and Repairers,Supplemental,19.0,0
15-1241.01,17-2061.00,Computer Hardware Engineers,Supplemental,20.0,1
15-1242.00,15-1243.00,Database Architects,Primary-Short,1.0,1
15-1242.00,15-1211.00,Computer Systems Analysts,Primary-Short,2.0,1
15-1242.00,15-1244.00,Network and Computer Systems Administrators,Primary-Short,3.0,1
15-1242.00,15-1252.00,Software Developers,Primary-Short,4.0,1
15-1242.00,15-1299.08,Computer Systems Engineers/Architects,Primary-Short,5.0,1
15-1242.00,15-1243.01,Data Warehousing Specialists,Primary-Long,6.0,1
15-1242.00,15-1299.05,Information Security Engineers,Primary-Long,7.0,1
15-1242.00,15-1299.01,Web Administrators,Primary-Long,8.0,1
15-1242.00,15-1212.00,Information Security Analysts,Primary-Long,9.0,1
15-1242.00,15-1299.03,Document Management Specialists,Primary-Long,10.0,1
15-1242.00,15-1251.00,Computer Programmers,Supplemental,11.0,1
15-1242.00,15-1299.07,Blockchain Engineers,Supplemental,12.0,1
15-1242.00,15-1253.00,Software Quality Assurance Analysts and Testers,Supplemental,13.0,1
15-1242.00,15-1231.00,Computer Network Support Specialists,Supplemental,14.0,1
15-1242.00,15-1255.00,Web and Digital Interface Designers,Supplemental,15.0,1
15-1242.00,15-1241.00,Computer Network Architects,Supplemental,16.0,1
15-1242.00,15-1232.00,Computer User Support Specialists,Supplemental,17.0,1
15-1242.00,11-3021.00,Computer and Information Systems Managers,Supplemental,18.0,1
15-1242.00,15-1254.00,Web Developers,Supplemental,19.0,1
15-1242.00,15-1299.04,Penetration Testers,Supplemental,20.0,1
15-1243.00,15-1242.00,Database Administrators,Primary-Short,1.0,1
15-1243.00,15-1243.01,Data Warehousing Specialists,Primary-Short,2.0,1
15-1243.00,15-1252.00,Software Developers,Primary-Short,3.0,1
15-1243.00,15-1211.00,Computer Systems Analysts,Primary-Short,4.0,1
15-1243.00,15-1299.08,Computer Systems Engineers/Architects,Primary-Short,5.0,1
15-1243.00,15-1299.07,Blockchain Engineers,Primary-Long,6.0,1
15-1243.00,15-2051.00,Data Scientists,Primary-Long,7.0,1
15-1243.00,15-1253.00,Software Quality Assurance Analysts and Testers,Primary-Long,8.0,1
15-1243.00,15-1244.00,Network and Computer Systems Administrators,Primary-Long,9.0,1
15-1243.00,15-1241.00,Computer Network Architects,Primary-Long,10.0,1
15-1243.00,15-1251.00,Computer Programmers,Supplemental,11.0,1
15-1243.00,15-1255.00,Web and Digital Interface Designers,Supplemental,12.0,1
15-1243.00,11-3021.00,Computer and Information Systems Managers,Supplemental,13.0,1
15-1243.00,15-1299.05,Information Security Engineers,Supplemental,14.0,1
15-1243.00,15-2051.01,Business Intelligence Analysts,Supplemental,15.0,1
15-1243.00,15-2031.00,Operations Research Analysts,Supplemental,16.0,1
15-1243.00,13-1082.00,Project Management Specialists,Supplemental,17.0,0
15-1243.00,15-1299.02,Geographic Information Systems Technologists and Technicians,Supplemental,18.0,1
15-1243.00,15-1299.03,Document Management Specialists,Supplemental,19.0,1
15-1243.00,17-2061.00,Computer Hardware Engineers,Supplemental,20.0,1
15-1243.01,15-1243.00,Database Architects,Primary-Short,1.0,1
15-1243.01,15-1242.00,Database Administrators,Primary-Short,2.0,1
15-1243.01,15-1252.00,Software Developers,Primary-Short,3.0,1
15-1243.01,15-1211.00,Computer Systems Analysts,Primary-Short,4.0,1
15-1243.01,15-1299.08,Computer Systems Engineers/Architects,Primary-Short,5.0,1
15-1243.01,15-1253.00,Software Quality Assurance Analysts and Testers,Primary-Long,6.0,1
15-1243.01,15-2051.00,Data Scientists,Primary-Long,7.0,1
15-1243.01,15-1299.07,Blockchain Engineers,Primary-Long,8.0,1
15-1243.01,15-2051.01,Business Intelligence Analysts,Primary-Long,9.0,1
15-1243.01,15-1251.00,Computer Programmers,Primary-Long,10.0,1
15-1243.01,15-1299.03,Document Management Specialists,Supplemental,11.0,1
15-1243.01,15-1244.00,Network and Computer Systems Administrators,Supplemental,12.0,1
15-1243.01,13-1081.01,Logistics Engineers,Supplemental,13.0,0
15-1243.01,15-2031.00,Operations Research Analysts,Supplemental,14.0,1
15-1243.01,17-2061.00,Computer Hardware Engineers,Supplemental,15.0,1
15-1243.01,17-2112.00,Industrial Engineers,Supplemental,16.0,1
15-1243.01,17-2112.02,Validation Engineers,Supplemental,17.0,1
15-1243.01,11-3021.00,Computer and Information Systems Managers,Supplemental,18.0,1
15-1243.01,15-1254.00,Web Developers,Supplemental,19.0,1
15-1243.01,15-1241.00,Computer Network Architects,Supplemental,20.0,1
15-1244.00,15-1231.00,Computer Network Support Specialists,Primary-Short,1.0,1
15-1244.00,15-1242.00,Database Administrators,Primary-Short,2.0,1
15-1244.00,15-1241.00,Computer Network Architects,Primary-Short,3.0,1
15-1244.00,15-1299.08,Computer Systems Engineers/Architects,Primary-Short,4.0,1
15-1244.00,15-1211.00,Computer Systems Analysts,Primary-Short,5.0,1
15-1244.00,15-1299.05,Information Security Engineers,Primary-Long,6.0,1
15-1244.00,15-1212.00,Information Security Analysts,Primary-Long,7.0,1
15-1244.00,15-1232.00,Computer User Support Specialists,Primary-Long,8.0,1
15-1244.00,15-1252.00,Software Developers,Primary-Long,9.0,1
15-1244.00,15-1243.00,Database Architects,Primary-Long,10.0,1
15-1244.00,15-1241.01,Telecommunications Engineering Specialists,Supplemental,11.0,1
15-1244.00,15-1299.01,Web Administrators,Supplemental,12.0,1
15-1244.00,11-3021.00,Computer and Information Systems Managers,Supplemental,13.0,1
15-1244.00,15-1299.04,Penetration Testers,Supplemental,14.0,1
15-1244.00,15-1253.00,Software Quality Assurance Analysts and Testers,Supplemental,15.0,1
15-1244.00,15-1251.00,Computer Programmers,Supplemental,16.0,1
15-1244.00,49-2022.00,"Telecommunications Equipment Installers and Repairers, Except Line Installers",Supplemental,17.0,0
15-1244.00,15-1299.07,Blockchain Engineers,Supplemental,18.0,1
15-1244.00,15-1299.09,Information Technology Project Managers,Supplemental,19.0,1
15-1244.00,15-1254.00,Web Developers,Supplemental,20.0,1
15-1251.00,15-1252.00,Software Developers,Primary-Short,1.0,1
15-1251.00,15-1255.00,Web and Digital Interface Designers,Primary-Short,2.0,1
15-1251.00,15-1299.08,Computer Systems Engineers/Architects,Primary-Short,3.0,1
15-1251.00,15-1211.00,Computer Systems Analysts,Primary-Short,4.0,1
15-1251.00,15-1242.00,Database Administrators,Primary-Short,5.0,1
15-1251.00,15-1243.00,Database Architects,Primary-Long,6.0,1
15-1251.00,15-1253.00,Software Quality Assurance Analysts and Testers,Primary-Long,7.0,1
15-1251.00,15-1299.07,Blockchain Engineers,Primary-Long,8.0,1
15-1251.00,17-2061.00,Computer Hardware Engineers,Primary-Long,9.0,1
15-1251.00,15-1241.00,Computer Network Architects,Primary-Long,10.0,1
15-1251.00,15-1254.00,Web Developers,Supplemental,11.0,1
15-1251.00,51-9162.00,Computer Numerically Controlled Tool Programmers,Supplemental,12.0,0
15-1251.00,15-1244.00,Network and Computer Systems Administrators,Supplemental,13.0,1
15-1251.00,11-3021.00,Computer and Information Systems Managers,Supplemental,14.0,1
15-1251.00,15-1243.01,Data Warehousing Specialists,Supplemental,15.0,1
15-1251.00,15-1221.00,Computer and Information Research Scientists,Supplemental,16.0,1
15-1251.00,15-1299.01,Web Administrators,Supplemental,17.0,1
15-1251.00,15-1232.00,Computer User Support Specialists,Supplemental,18.0,1
15-1251.00,15-2051.00,Data Scientists,Supplemental,19.0,1
15-1251.00,25-1021.00,"Computer Science Teachers, Postsecondary",Supplemental,20.0,1
15-1252.00,15-1299.08,Computer Systems Engineers/Architects,Primary-Short,1.0,1
15-1252.00,15-1211.00,Computer Systems Analysts,Primary-Short,2.0,1
15-1252.00,15-1253.00,Software Quality Assurance Analysts and Testers,Primary-Short,3.0,1
15-1252.00,15-1251.00,Computer Programmers,Primary-Short,4.0,1
15-1252.00,15-1242.00,Database Administrators,Primary-Short,5.0,1
15-1252.00,15-1243.00,Database Architects,Primary-Long,6.0,1
15-1252.00,17-2061.00,Computer Hardware Engineers,Primary-Long,7.0,1
15-1252.00,15-1241.00,Computer Network Architects,Primary-Long,8.0,1
15-1252.00,15-1254.00,Web Developers,Primary-Long,9.0,1
15-1252.00,15-1299.05,Information Security Engineers,Primary-Long,10.0,1
15-1252.00,15-1255.00,Web and Digital Interface Designers,Supplemental,11.0,1
15-1252.00,15-1299.07,Blockchain Engineers,Supplemental,12.0,1
15-1252.00,11-3021.00,Computer and Information Systems Managers,Supplemental,13.0,1
15-1252.00,15-1243.01,Data Warehousing Specialists,Supplemental,14.0,1
15-1252.00,13-1082.00,Project Management Specialists,Supplemental,15.0,0
15-1252.00,15-1244.00,Network and Computer Systems Administrators,Supplemental,16.0,1
15-1252.00,15-2051.00,Data Scientists,Supplemental,17.0,1
15-1252.00,17-2072.00,"Electronics Engineers, Except Computer",Supplemental,18.0,1
15-1252.00,15-1299.04,Penetration Testers,Supplemental,19.0,1
15-1252.00,15-1299.09,Information Technology Project Managers,Supplemental,20.0,1
15-1253.00,15-1252.00,Software Developers,Primary-Short,1.0,1
15-1253.00,17-2112.02,Validation Engineers,Primary-Short,2.0,1
15-1253.00,15-1299.08,Computer Systems Engineers/Architects,Primary-Short,3.0,1
15-1253.00,15-1299.04,Penetration Testers,Primary-Short,4.0,1
15-1253.00,15-1211.00,Computer Systems Analysts,Primary-Short,5.0,1
15-1253.00,15-1243.00,Database Architects,Primary-Long,6.0,1
15-1253.00,15-1251.00,Computer Programmers,Primary-Long,7.0,1
15-1253.00,17-2061.00,Computer Hardware Engineers,Primary-Long,8.0,1
15-1253.00,15-1299.07,Blockchain Engineers,Primary-Long,9.0,1
15-1253.00,15-1299.05,Information Security Engineers,Primary-Long,10.0,1
15-1253.00,15-1242.00,Database Administrators,Supplemental,11.0,1
15-1253.00,15-1243.01,Data Warehousing Specialists,Supplemental,12.0,1
15-1253.00,17-3028.00,Calibration Technologists and Technicians,Supplemental,13.0,1
15-1253.00,15-1255.00,Web and Digital Interface Designers,Supplemental,14.0,1
15-1253.00,15-1244.00,Network and Computer Systems Administrators,Supplemental,15.0,1
15-1253.00,19-4099.01,Quality Control Analysts,Supplemental,16.0,1
15-1253.00,17-2112.00,Industrial Engineers,Supplemental,17.0,1
15-1253.00,11-3051.01,Quality Control Systems Managers,Supplemental,18.0,0
15-1253.00,17-2072.00,"Electronics Engineers, Except Computer",Supplemental,19.0,1
15-1253.00,17-3023.00,Electrical and Electronic Engineering Technologists and Technicians,Supplemental,20.0,1
15-1254.00,15-1255.00,Web and Digital Interface Designers,Primary-Short,1.0,1
15-1254.00,15-1299.01,Web Administrators,Primary-Short,2.0,1
15-1254.00,15-1252.00,Software Developers,Primary-Short,3.0,1
15-1254.00,15-1251.00,Computer Programmers,Primary-Short,4.0,1
15-1254.00,15-1242.00,Database Administrators,Primary-Short,5.0,1
15-1254.00,15-1299.08,Computer Systems Engineers/Architects,Primary-Long,6.0,1
15-1254.00,15-1243.00,Database Architects,Primary-Long,7.0,1
15-1254.00,13-1161.01,Search Marketing Strategists,Primary-Long,8.0,0
15-1254.00,15-1299.07,Blockchain Engineers,Primary-Long,9.0,1
15-1254.00,15-1211.00,Computer Systems Analysts,Primary-Long,10.0,1
15-1254.00,15-1253.00,Software Quality Assurance Analysts and Testers,Supplemental,11.0,1
15-1254.00,15-1244.00,Network and Computer Systems Administrators,Supplemental,12.0,1
15-1254.00,15-1243.01,Data Warehousing Specialists,Supplemental,13.0,1
15-1254.00,15-1299.03,Document Management Specialists,Supplemental,14.0,1
15-1254.00,15-1241.00,Computer Network Architects,Supplemental,15.0,1
15-1254.00,15-1231.00,Computer Network Support Specialists,Supplemental,16.0,1
15-1254.00,43-9031.00,Desktop Publishers,Supplemental,17.0,0
15-1254.00,15-1299.05,Information Security Engineers,Supplemental,18.0,1
15-1254.00,15-1232.00,Computer User Support Specialists,Supplemental,19.0,1
15-1254.00,17-2061.00,Computer Hardware Engineers,Supplemental,20.0,1
15-1255.00,15-1254.00,Web Developers,Primary-Short,1.0,1
15-1255.00,15-1299.01,Web Administrators,Primary-Short,2.0,1
15-1255.00,15-1252.00,Software Developers,Primary-Short,3.0,1
15-1255.00,15-1251.00,Computer Programmers,Primary-Short,4.0,1
15-1255.00,15-1299.08,Computer Systems Engineers/Architects,Primary-Short,5.0,1
15-1255.00,15-1242.00,Database Administrators,Primary-Long,6.0,1
15-1255.00,15-1243.00,Database Architects,Primary-Long,7.0,1
15-1255.00,27-1024.00,Graphic Designers,Primary-Long,8.0,0
15-1255.00,15-1211.00,Computer Systems Analysts,Primary-Long,9.0,1
15-1255.00,15-1255.01,Video Game Designers,Primary-Long,10.0,1
15-1255.00,13-1161.01,Search Marketing Strategists,Supplemental,11.0,0
15-1255.00,15-1253.00,Software Quality Assurance Analysts and Testers,Supplemental,12.0,1
15-1255.00,15-1244.00,Network and Computer Systems Administrators,Supplemental,13.0,1
15-1255.00,15-1299.07,Blockchain Engineers,Supplemental,14.0,1
15-1255.00,15-1299.03,Document Management Specialists,Supplemental,15.0,1
15-1255.00,15-1232.00,Computer User Support Specialists,Supplemental,16.0,1
15-1255.00,17-2061.00,Computer Hardware Engineers,Supplemental,17.0,1
15-1255.00,15-1243.01,Data Warehousing Specialists,Supplemental,18.0,1
15-1255.00,43-9031.00,Desktop Publishers,Supplemental,19.0,0
15-1255.00,15-1241.00,Computer Network Architects,Supplemental,20.0,1
15-1255.01,15-1255.00,Web and Digital Interface Designers,Primary-Short,1.0,1
15-1255.01,27-1014.00,Special Effects Artists and Animators,Primary-Short,2.0,0
15-1255.01,27-1024.00,Graphic Designers,Primary-Short,3.0,0
15-1255.01,15-1254.00,Web Developers,Primary-Short,4.0,1
15-1255.01,15-1251.00,Computer Programmers,Primary-Short,5.0,1
15-1255.01,27-4032.00,Film and Video Editors,Primary-Long,6.0,0
15-1255.01,15-1252.00,Software Developers,Primary-Long,7.0,1
15-1255.01,27-2012.00,Producers and Directors,Primary-Long,8.0,0
15-1255.01,17-2061.00,Computer Hardware Engineers,Primary-Long,9.0,1
15-1255.01,15-1299.08,Computer Systems Engineers/Architects,Primary-Long,10.0,1
15-1255.01,27-1011.00,Art Directors,Supplemental,11.0,0
15-1255.01,43-9031.00,Desktop Publishers,Supplemental,12.0,0
15-1255.01,27-1013.00,"Fine Artists, Including Painters, Sculptors, and Illustrators",Supplemental,13.0,0
15-1255.01,15-1253.00,Software Quality Assurance Analysts and Testers,Supplemental,14.0,1
15-1255.01,27-1021.00,Commercial and Industrial Designers,Supplemental,15.0,0
15-1255.01,15-1299.01,Web Administrators,Supplemental,16.0,1
15-1255.01,27-1027.00,Set and Exhibit Designers,Supplemental,17.0,0
15-1255.01,13-1161.01,Search Marketing Strategists,Supplemental,18.0,0
15-1255.01,27-4011.00,Audio and Video Technicians,Supplemental,19.0,0
15-1255.01,15-1221.00,Computer and Information Research Scientists,Supplemental,20.0,1
15-1299.01,15-1255.00,Web and Digital Interface Designers,Primary-Short,1.0,1
15-1299.01,15-1254.00,Web Developers,Primary-Short,2.0,1
15-1299.01,15-1242.00,Database Administrators,Primary-Short,3.0,1
15-1299.01,15-1244.00,Network and Computer Systems Administrators,Primary-Short,4.0,1
15-1299.01,15-1252.00,Software Developers,Primary-Short,5.0,1
15-1299.01,15-1299.08,Computer Systems Engineers/Architects,Primary-Long,6.0,1
15-1299.01,13-1161.01,Search Marketing Strategists,Primary-Long,7.0,0
15-1299.01,15-1211.00,Computer Systems Analysts,Primary-Long,8.0,1
15-1299.01,15-1251.00,Computer Programmers,Primary-Long,9.0,1
15-1299.01,15-1299.09,Information Technology Project Managers,Primary-Long,10.0,1
15-1299.01,15-1243.00,Database Architects,Supplemental,11.0,1
15-1299.01,15-1299.03,Document Management Specialists,Supplemental,12.0,1
15-1299.01,15-1299.05,Information Security Engineers,Supplemental,13.0,1
15-1299.01,15-1231.00,Computer Network Support Specialists,Supplemental,14.0,1
15-1299.01,15-1253.00,Software Quality Assurance Analysts and Testers,Supplemental,15.0,1
15-1299.01,15-1241.00,Computer Network Architects,Supplemental,16.0,1
15-1299.01,15-1232.00,Computer User Support Specialists,Supplemental,17.0,1
15-1299.01,15-1212.00,Information Security Analysts,Supplemental,18.0,1
15-1299.01,11-3021.00,Computer and Information Systems Managers,Supplemental,19.0,1
15-1299.01,15-1299.07,Blockchain Engineers,Supplemental,20.0,1
15-1299.02,17-3031.00,Surveying and Mapping Technicians,Primary-Short,1.0,1
15-1299.02,15-2051.00,Data Scientists,Primary-Short,2.0,1
15-1299.02,17-1021.00,Cartographers and Photogrammetrists,Primary-Short,3.0,1
15-1299.02,19-3092.00,Geographers,Primary-Short,4.0,1
15-1299.02,17-1022.01,Geodetic Surveyors,Primary-Short,5.0,1
15-1299.02,15-1243.00,Database Architects,Primary-Long,6.0,1
15-1299.02,19-2099.01,Remote Sensing Scientists and Technologists,Primary-Long,7.0,1
15-1299.02,15-1211.00,Computer Systems Analysts,Primary-Long,8.0,1
15-1299.02,15-2099.01,Bioinformatics Technicians,Primary-Long,9.0,1
15-1299.02,19-4099.03,Remote Sensing Technicians,Primary-Long,10.0,1
15-1299.02,19-4044.00,Hydrologic Technicians,Supplemental,11.0,1
15-1299.02,15-1242.00,Database Administrators,Supplemental,12.0,1
15-1299.02,15-1252.00,Software Developers,Supplemental,13.0,1
15-1299.02,15-1243.01,Data Warehousing Specialists,Supplemental,14.0,1
15-1299.02,43-9111.00,Statistical Assistants,Supplemental,15.0,0
15-1299.02,15-1299.08,Computer Systems Engineers/Architects,Supplemental,16.0,1
15-1299.02,19-4043.00,"Geological Technicians, Except Hydrologic Technicians",Supplemental,17.0,1
15-1299.02,15-2041.00,Statisticians,Supplemental,18.0,1
15-1299.02,15-1251.00,Computer Programmers,Supplemental,19.0,1
15-1299.02,15-2051.01,Business Intelligence Analysts,Supplemental,20.0,1
15-1299.03,13-1111.00,Management Analysts,Primary-Short,1.0,0
15-1299.03,15-1211.00,Computer Systems Analysts,Primary-Short,2.0,1
15-1299.03,15-1242.00,Database Administrators,Primary-Short,3.0,1
15-1299.03,29-9021.00,Health Information Technologists and Medical Registrars,Primary-Short,4.0,1
15-1299.03,29-2072.00,Medical Records Specialists,Primary-Short,5.0,1
15-1299.03,15-1243.00,Database Architects,Primary-Long,6.0,1
15-1299.03,11-3012.00,Administrative Services Managers,Primary-Long,7.0,0
15-1299.03,15-1252.00,Software Developers,Primary-Long,8.0,1
15-1299.03,15-1299.01,Web Administrators,Primary-Long,9.0,1
15-1299.03,15-1212.00,Information Security Analysts,Primary-Long,10.0,1
15-1299.03,43-4071.00,File Clerks,Supplemental,11.0,0
15-1299.03,43-9111.00,Statistical Assistants,Supplemental,12.0,0
15-1299.03,15-1243.01,Data Warehousing Specialists,Supplemental,13.0,1
15-1299.03,15-2051.02,Clinical Data Managers,Supplemental,14.0,1
15-1299.03,27-3042.00,Technical Writers,Supplemental,15.0,0
15-1299.03,11-3021.00,Computer and Information Systems Managers,Supplemental,16.0,1
15-1299.03,43-9061.00,"Office Clerks, General",Supplemental,17.0,0
15-1299.03,11-9199.02,Compliance Managers,Supplemental,18.0,0
15-1299.03,15-2051.01,Business Intelligence Analysts,Supplemental,19.0,1
15-1299.03,43-9021.00,Data Entry Keyers,Supplemental,20.0,0
15-1299.04,15-1299.05,Information Security Engineers,Primary-Short,1.0,1
15-1299.04,15-1212.00,Information Security Analysts,Primary-Short,2.0,1
15-1299.04,15-1253.00,Software Quality Assurance Analysts and Testers,Primary-Short,3.0,1
15-1299.04,15-1211.00,Computer Systems Analysts,Primary-Short,4.0,1
15-1299.04,15-1299.08,Computer Systems Engineers/Architects,Primary-Short,5.0,1
15-1299.04,15-1252.00,Software Developers,Primary-Long,6.0,1
15-1299.04,17-2112.02,Validation Engineers,Primary-Long,7.0,1
15-1299.04,15-1242.00,Database Administrators,Primary-Long,8.0,1
15-1299.04,15-1299.07,Blockchain Engineers,Primary-Long,9.0,1
15-1299.04,15-1231.00,Computer Network Support Specialists,Primary-Long,10.0,1
15-1299.04,13-1199.07,Security Management Specialists,Supplemental,11.0,0
15-1299.04,11-3013.01,Security Managers,Supplemental,12.0,0
15-1299.04,15-1299.06,Digital Forensics Analysts,Supplemental,13.0,1
15-1299.04,15-1244.00,Network and Computer Systems Administrators,Supplemental,14.0,1
15-1299.04,33-3021.06,Intelligence Analysts,Supplemental,15.0,0
15-1299.04,15-1241.00,Computer Network Architects,Supplemental,16.0,1
15-1299.04,15-1243.00,Database Architects,Supplemental,17.0,1
15-1299.04,17-2111.00,"Health and Safety Engineers, Except Mining Safety Engineers and Inspectors",Supplemental,18.0,1
15-1299.04,19-4099.01,Quality Control Analysts,Supplemental,19.0,1
15-1299.04,11-3021.00,Computer and Information Systems Managers,Supplemental,20.0,1
15-1299.05,15-1299.04,Penetration Testers,Primary-Short,1.0,1
15-1299.05,15-1212.00,Information Security Analysts,Primary-Short,2.0,1
15-1299.05,13-1199.07,Security Management Specialists,Primary-Short,3.0,0
15-1299.05,15-1244.00,Network and Computer Systems Administrators,Primary-Short,4.0,1
15-1299.05,15-1299.08,Computer Systems Engineers/Architects,Primary-Short,5.0,1
15-1299.05,11-3013.01,Security Managers,Primary-Long,6.0,0
15-1299.05,15-1231.00,Computer Network Support Specialists,Primary-Long,7.0,1
15-1299.05,15-1211.00,Computer Systems Analysts,Primary-Long,8.0,1
15-1299.05,15-1241.00,Computer Network Architects,Primary-Long,9.0,1
15-1299.05,15-1242.00,Database Administrators,Primary-Long,10.0,1
15-1299.05,15-1299.06,Digital Forensics Analysts,Supplemental,11.0,1
15-1299.05,15-1299.07,Blockchain Engineers,Supplemental,12.0,1
15-1299.05,15-1252.00,Software Developers,Supplemental,13.0,1
15-1299.05,15-1243.00,Database Architects,Supplemental,14.0,1
15-1299.05,11-3021.00,Computer and Information Systems Managers,Supplemental,15.0,1
15-1299.05,15-1253.00,Software Quality Assurance Analysts and Testers,Supplemental,16.0,1
15-1299.05,15-1232.00,Computer User Support Specialists,Supplemental,17.0,1
15-1299.05,15-1241.01,Telecommunications Engineering Specialists,Supplemental,18.0,1
15-1299.05,15-1299.01,Web Administrators,Supplemental,19.0,1
15-1299.05,33-3021.06,Intelligence Analysts,Supplemental,20.0,0
15-1299.06,15-1212.00,Information Security Analysts,Primary-Short,1.0,1
15-1299.06,15-1299.05,Information Security Engineers,Primary-Short,2.0,1
15-1299.06,33-3021.06,Intelligence Analysts,Primary-Short,3.0,0
15-1299.06,15-1299.04,Penetration Testers,Primary-Short,4.0,1
15-1299.06,13-1199.07,Security Management Specialists,Primary-Short,5.0,0
15-1299.06,11-3013.01,Security Managers,Primary-Long,6.0,0
15-1299.06,15-1211.00,Computer Systems Analysts,Primary-Long,7.0,1
15-1299.06,19-4092.00,Forensic Science Technicians,Primary-Long,8.0,1
15-1299.06,15-2051.01,Business Intelligence Analysts,Primary-Long,9.0,1
15-1299.06,15-1299.03,Document Management Specialists,Primary-Long,10.0,1
15-1299.06,15-1231.00,Computer Network Support Specialists,Supplemental,11.0,1
15-1299.06,11-3021.00,Computer and Information Systems Managers,Supplemental,12.0,1
15-1299.06,15-2099.01,Bioinformatics Technicians,Supplemental,13.0,1
15-1299.06,33-9031.00,Gambling Surveillance Officers and Gambling Investigators,Supplemental,14.0,0
15-1299.06,15-1241.00,Computer Network Architects,Supplemental,15.0,1
15-1299.06,33-3021.02,Police Identification and Records Officers,Supplemental,16.0,0
15-1299.06,15-1242.00,Database Administrators,Supplemental,17.0,1
15-1299.06,13-2099.04,"Fraud Examiners, Investigators and Analysts",Supplemental,18.0,0
15-1299.06,15-1299.02,Geographic Information Systems Technologists and Technicians,Supplemental,19.0,1
15-1299.06,15-1243.00,Database Architects,Supplemental,20.0,1
15-1299.07,15-1252.00,Software Developers,Primary-Short,1.0,1
15-1299.07,15-1299.08,Computer Systems Engineers/Architects,Primary-Short,2.0,1
15-1299.07,15-1243.00,Database Architects,Primary-Short,3.0,1
15-1299.07,15-1242.00,Database Administrators,Primary-Short,4.0,1
15-1299.07,15-1299.05,Information Security Engineers,Primary-Short,5.0,1
15-1299.07,15-1211.00,Computer Systems Analysts,Primary-Long,6.0,1
15-1299.07,15-1253.00,Software Quality Assurance Analysts and Testers,Primary-Long,7.0,1
15-1299.07,15-1251.00,Computer Programmers,Primary-Long,8.0,1
15-1299.07,15-1212.00,Information Security Analysts,Primary-Long,9.0,1
15-1299.07,15-1299.04,Penetration Testers,Primary-Long,10.0,1
15-1299.07,15-1243.01,Data Warehousing Specialists,Supplemental,11.0,1
15-1299.07,15-1241.00,Computer Network Architects,Supplemental,12.0,1
15-1299.07,15-1244.00,Network and Computer Systems Administrators,Supplemental,13.0,1
15-1299.07,15-1254.00,Web Developers,Supplemental,14.0,1
15-1299.07,17-2061.00,Computer Hardware Engineers,Supplemental,15.0,1
15-1299.07,17-2199.05,Mechatronics Engineers,Supplemental,16.0,1
15-1299.07,15-1231.00,Computer Network Support Specialists,Supplemental,17.0,1
15-1299.07,15-1255.00,Web and Digital Interface Designers,Supplemental,18.0,1
15-1299.07,15-2051.01,Business Intelligence Analysts,Supplemental,19.0,1
15-1299.07,15-1299.01,Web Administrators,Supplemental,20.0,1
15-1299.08,15-1252.00,Software Developers,Primary-Short,1.0,1
15-1299.08,15-1211.00,Computer Systems Analysts,Primary-Short,2.0,1
15-1299.08,15-1241.00,Computer Network Architects,Primary-Short,3.0,1
15-1299.08,15-1244.00,Network and Computer Systems Administrators,Primary-Short,4.0,1
15-1299.08,15-1299.07,Blockchain Engineers,Primary-Short,5.0,1
15-1299.08,15-1242.00,Database Administrators,Primary-Long,6.0,1
15-1299.08,15-1243.00,Database Architects,Primary-Long,7.0,1
15-1299.08,15-1299.05,Information Security Engineers,Primary-Long,8.0,1
15-1299.08,15-1253.00,Software Quality Assurance Analysts and Testers,Primary-Long,9.0,1
15-1299.08,17-2061.00,Computer Hardware Engineers,Primary-Long,10.0,1
15-1299.08,15-1231.00,Computer Network Support Specialists,Supplemental,11.0,1
15-1299.08,15-1251.00,Computer Programmers,Supplemental,12.0,1
15-1299.08,11-3021.00,Computer and Information Systems Managers,Supplemental,13.0,1
15-1299.08,15-1232.00,Computer User Support Specialists,Supplemental,14.0,1
15-1299.08,15-1241.01,Telecommunications Engineering Specialists,Supplemental,15.0,1
15-1299.08,15-1255.00,Web and Digital Interface Designers,Supplemental,16.0,1
15-1299.08,15-1212.00,Information Security Analysts,Supplemental,17.0,1
15-1299.08,15-1243.01,Data Warehousing Specialists,Supplemental,18.0,1
15-1299.08,15-1299.04,Penetration Testers,Supplemental,19.0,1
15-1299.08,13-1082.00,Project Management Specialists,Supplemental,20.0,0
15-1299.09,13-1082.00,Project Management Specialists,Primary-Short,1.0,0
15-1299.09,13-1111.00,Management Analysts,Primary-Short,2.0,0
15-1299.09,11-3021.00,Computer and Information Systems Managers,Primary-Short,3.0,1
15-1299.09,15-1252.00,Software Developers,Primary-Short,4.0,1
15-1299.09,15-1211.00,Computer Systems Analysts,Primary-Short,5.0,1
15-1299.09,15-1299.08,Computer Systems Engineers/Architects,Primary-Long,6.0,1
15-1299.09,11-1021.00,General and Operations Managers,Primary-Long,7.0,0
15-1299.09,15-1242.00,Database Administrators,Primary-Long,8.0,1
15-1299.09,15-1244.00,Network and Computer Systems Administrators,Primary-Long,9.0,1
15-1299.09,15-1243.00,Database Architects,Primary-Long,10.0,1
15-1299.09,11-9041.00,Architectural and Engineering Managers,Supplemental,11.0,1
15-1299.09,11-3012.00,Administrative Services Managers,Supplemental,12.0,0
15-1299.09,15-1299.01,Web Administrators,Supplemental,13.0,1
15-1299.09,17-2112.00,Industrial Engineers,Supplemental,14.0,1
15-1299.09,43-1011.00,First-Line Supervisors of Office and Administrative Support Workers,Supplemental,15.0,0
15-1299.09,13-1199.04,Business Continuity Planners,Supplemental,16.0,0
15-1299.09,15-1299.03,Document Management Specialists,Supplemental,17.0,1
15-1299.09,15-2031.00,Operations Research Analysts,Supplemental,18.0,1
15-1299.09,13-1081.01,Logistics Engineers,Supplemental,19.0,0
15-1299.09,47-1011.03,Solar Energy Installation Managers,Supplemental,20.0,0
15-2011.00,13-2052.00,Personal Financial Advisors,Primary-Short,1.0,0
15-2011.00,13-2054.00,Financial Risk Specialists,Primary-Short,2.0,0
15-2011.00,13-2051.00,Financial and Investment Analysts,Primary-Short,3.0,0
15-2011.00,13-1141.00,"Compensation, Benefits, and Job Analysis Specialists",Primary-Short,4.0,0
15-2011.00,13-2011.00,Accountants and Auditors,Primary-Short,5.0,0
15-2011.00,19-3011.00,Economists,Primary-Long,6.0,1
15-2011.00,13-2053.00,Insurance Underwriters,Primary-Long,7.0,0
15-2011.00,43-9111.00,Statistical Assistants,Primary-Long,8.0,0
15-2011.00,13-2061.00,Financial Examiners,Primary-Long,9.0,0
15-2011.00,11-3031.00,Financial Managers,Primary-Long,10.0,0
15-2011.00,11-3031.03,Investment Fund Managers,Supplemental,11.0,0
15-2011.00,13-2099.01,Financial Quantitative Analysts,Supplemental,12.0,0
15-2011.00,13-1111.00,Management Analysts,Supplemental,13.0,0
15-2011.00,41-3031.00,"Securities, Commodities, and Financial Services Sales Agents",Supplemental,14.0,0
15-2011.00,11-3111.00,Compensation and Benefits Managers,Supplemental,15.0,0
15-2011.00,13-2041.00,Credit Analysts,Supplemental,16.0,0
15-2011.00,41-3021.00,Insurance Sales Agents,Supplemental,17.0,0
15-2011.00,41-3091.00,"Sales Representatives of Services, Except Advertising, Insurance, Financial Services, and Travel",Supplemental,18.0,0
15-2011.00,15-2041.00,Statisticians,Supplemental,19.0,1
15-2011.00,15-2051.01,Business Intelligence Analysts,Supplemental,20.0,1
15-2021.00,15-2051.00,Data Scientists,Primary-Short,1.0,1
15-2021.00,19-2012.00,Physicists,Primary-Short,2.0,1
15-2021.00,15-2041.00,Statisticians,Primary-Short,3.0,1
15-2021.00,15-1221.00,Computer and Information Research Scientists,Primary-Short,4.0,1
15-2021.00,25-1022.00,"Mathematical Science Teachers, Postsecondary",Primary-Short,5.0,1
15-2021.00,19-1029.01,Bioinformatics Scientists,Primary-Long,6.0,1
15-2021.00,19-2011.00,Astronomers,Primary-Long,7.0,1
15-2021.00,15-2099.01,Bioinformatics Technicians,Primary-Long,8.0,1
15-2021.00,15-2041.01,Biostatisticians,Primary-Long,9.0,1
15-2021.00,15-2031.00,Operations Research Analysts,Primary-Long,10.0,1
15-2021.00,25-1054.00,"Physics Teachers, Postsecondary",Supplemental,11.0,1
15-2021.00,19-1021.00,Biochemists and Biophysicists,Supplemental,12.0,1
15-2021.00,13-2099.01,Financial Quantitative Analysts,Supplemental,13.0,0
15-2021.00,19-2042.00,"Geoscientists, Except Hydrologists and Geographers",Supplemental,14.0,1
15-2021.00,17-2031.00,Bioengineers and Biomedical Engineers,Supplemental,15.0,1
15-2021.00,43-9111.00,Statistical Assistants,Supplemental,16.0,0
15-2021.00,19-1029.02,Molecular and Cellular Biologists,Supplemental,17.0,1
15-2021.00,19-1029.03,Geneticists,Supplemental,18.0,1
15-2021.00,15-1252.00,Software Developers,Supplemental,19.0,1
15-2021.00,17-2199.09,Nanosystems Engineers,Supplemental,20.0,1
15-2031.00,15-2051.00,Data Scientists,Primary-Short,1.0,1
15-2031.00,13-1111.00,Management Analysts,Primary-Short,2.0,0
15-2031.00,15-1252.00,Software Developers,Primary-Short,3.0,1
15-2031.00,15-1243.00,Database Architects,Primary-Short,4.0,1
15-2031.00,15-1211.00,Computer Systems Analysts,Primary-Short,5.0,1
15-2031.00,15-2041.00,Statisticians,Primary-Long,6.0,1
15-2031.00,15-1221.00,Computer and Information Research Scientists,Primary-Long,7.0,1
15-2031.00,15-2051.01,Business Intelligence Analysts,Primary-Long,8.0,1
15-2031.00,15-1299.08,Computer Systems Engineers/Architects,Primary-Long,9.0,1
15-2031.00,15-2021.00,Mathematicians,Primary-Long,10.0,1
15-2031.00,13-1082.00,Project Management Specialists,Supplemental,11.0,0
15-2031.00,17-2112.00,Industrial Engineers,Supplemental,12.0,1
15-2031.00,13-1081.01,Logistics Engineers,Supplemental,13.0,0
15-2031.00,13-2099.01,Financial Quantitative Analysts,Supplemental,14.0,0
15-2031.00,29-9021.00,Health Information Technologists and Medical Registrars,Supplemental,15.0,1
15-2031.00,13-2054.00,Financial Risk Specialists,Supplemental,16.0,0
15-2031.00,43-9111.00,Statistical Assistants,Supplemental,17.0,0
15-2031.00,15-1242.00,Database Administrators,Supplemental,18.0,1
15-2031.00,15-1243.01,Data Warehousing Specialists,Supplemental,19.0,1
15-2031.00,15-1253.00,Software Quality Assurance Analysts and Testers,Supplemental,20.0,1
15-2041.00,15-2051.00,Data Scientists,Primary-Short,1.0,1
15-2041.00,15-2041.01,Biostatisticians,Primary-Short,2.0,1
15-2041.00,15-2051.02,Clinical Data Managers,Primary-Short,3.0,1
15-2041.00,15-2021.00,Mathematicians,Primary-Short,4.0,1
15-2041.00,19-1029.01,Bioinformatics Scientists,Primary-Short,5.0,1
15-2041.00,13-2099.01,Financial Quantitative Analysts,Primary-Long,6.0,0
15-2041.00,19-3022.00,Survey Researchers,Primary-Long,7.0,1
15-2041.00,15-2031.00,Operations Research Analysts,Primary-Long,8.0,1
15-2041.00,15-1221.00,Computer and Information Research Scientists,Primary-Long,9.0,1
15-2041.00,19-3011.01,Environmental Economists,Primary-Long,10.0,1
15-2041.00,43-9111.00,Statistical Assistants,Supplemental,11.0,0
15-2041.00,15-2099.01,Bioinformatics Technicians,Supplemental,12.0,1
15-2041.00,19-4061.00,Social Science Research Assistants,Supplemental,13.0,1
15-2041.00,15-2051.01,Business Intelligence Analysts,Supplemental,14.0,1
15-2041.00,19-1029.03,Geneticists,Supplemental,15.0,1
15-2041.00,15-1299.02,Geographic Information Systems Technologists and Technicians,Supplemental,16.0,1
15-2041.00,29-9021.00,Health Information Technologists and Medical Registrars,Supplemental,17.0,1
15-2041.00,17-2031.00,Bioengineers and Biomedical Engineers,Supplemental,18.0,1
15-2041.00,13-1111.00,Management Analysts,Supplemental,19.0,0
15-2041.00,15-1243.00,Database Architects,Supplemental,20.0,1
15-2041.01,15-2051.00,Data Scientists,Primary-Short,1.0,1
15-2041.01,15-2041.00,Statisticians,Primary-Short,2.0,1
15-2041.01,19-1029.01,Bioinformatics Scientists,Primary-Short,3.0,1
15-2041.01,15-2051.02,Clinical Data Managers,Primary-Short,4.0,1
15-2041.01,15-2099.01,Bioinformatics Technicians,Primary-Short,5.0,1
15-2041.01,43-9111.00,Statistical Assistants,Primary-Long,6.0,0
15-2041.01,11-9121.01,Clinical Research Coordinators,Primary-Long,7.0,1
15-2041.01,19-1029.03,Geneticists,Primary-Long,8.0,1
15-2041.01,19-4061.00,Social Science Research Assistants,Primary-Long,9.0,1
15-2041.01,15-2021.00,Mathematicians,Primary-Long,10.0,1
15-2041.01,17-2031.00,Bioengineers and Biomedical Engineers,Supplemental,11.0,1
15-2041.01,15-1211.01,Health Informatics Specialists,Supplemental,12.0,1
15-2041.01,19-1029.02,Molecular and Cellular Biologists,Supplemental,13.0,1
15-2041.01,19-1042.00,"Medical Scientists, Except Epidemiologists",Supplemental,14.0,1
15-2041.01,19-1041.00,Epidemiologists,Supplemental,15.0,1
15-2041.01,19-1021.00,Biochemists and Biophysicists,Supplemental,16.0,1
15-2041.01,19-1022.00,Microbiologists,Supplemental,17.0,1
15-2041.01,11-9121.00,Natural Sciences Managers,Supplemental,18.0,1
15-2041.01,13-2099.01,Financial Quantitative Analysts,Supplemental,19.0,0
15-2041.01,15-2031.00,Operations Research Analysts,Supplemental,20.0,1
15-2051.00,15-2041.00,Statisticians,Primary-Short,1.0,1
15-2051.00,43-9111.00,Statistical Assistants,Primary-Short,2.0,0
15-2051.00,13-2099.01,Financial Quantitative Analysts,Primary-Short,3.0,0
15-2051.00,15-2031.00,Operations Research Analysts,Primary-Short,4.0,1
15-2051.00,19-1029.01,Bioinformatics Scientists,Primary-Short,5.0,1
15-2051.00,15-2099.01,Bioinformatics Technicians,Primary-Long,6.0,1
15-2051.00,15-2021.00,Mathematicians,Primary-Long,7.0,1
15-2051.00,15-1221.00,Computer and Information Research Scientists,Primary-Long,8.0,1
15-2051.00,15-2041.01,Biostatisticians,Primary-Long,9.0,1
15-2051.00,15-2051.01,Business Intelligence Analysts,Primary-Long,10.0,1
15-2051.00,15-1243.00,Database Architects,Supplemental,11.0,1
15-2051.00,15-2051.02,Clinical Data Managers,Supplemental,12.0,1
15-2051.00,13-1111.00,Management Analysts,Supplemental,13.0,0
15-2051.00,19-4061.00,Social Science Research Assistants,Supplemental,14.0,1
15-2051.00,19-3022.00,Survey Researchers,Supplemental,15.0,1
15-2051.00,15-1299.02,Geographic Information Systems Technologists and Technicians,Supplemental,16.0,1
15-2051.00,15-1211.00,Computer Systems Analysts,Supplemental,17.0,1
15-2051.00,15-1243.01,Data Warehousing Specialists,Supplemental,18.0,1
15-2051.00,17-2031.00,Bioengineers and Biomedical Engineers,Supplemental,19.0,1
15-2051.00,13-1161.00,Market Research Analysts and Marketing Specialists,Supplemental,20.0,0
15-2051.01,15-2051.00,Data Scientists,Primary-Short,1.0,1
15-2051.01,15-1211.00,Computer Systems Analysts,Primary-Short,2.0,1
15-2051.01,13-1161.00,Market Research Analysts and Marketing Specialists,Primary-Short,3.0,0
15-2051.01,43-9111.00,Statistical Assistants,Primary-Short,4.0,0
15-2051.01,11-2021.00,Marketing Managers,Primary-Short,5.0,0
15-2051.01,13-1161.01,Search Marketing Strategists,Primary-Long,6.0,0
15-2051.01,13-2054.00,Financial Risk Specialists,Primary-Long,7.0,0
15-2051.01,15-2031.00,Operations Research Analysts,Primary-Long,8.0,1
15-2051.01,15-1299.03,Document Management Specialists,Primary-Long,9.0,1
15-2051.01,15-2051.02,Clinical Data Managers,Primary-Long,10.0,1
15-2051.01,13-1111.00,Management Analysts,Supplemental,11.0,0
15-2051.01,15-1243.00,Database Architects,Supplemental,12.0,1
15-2051.01,15-1243.01,Data Warehousing Specialists,Supplemental,13.0,1
15-2051.01,11-3021.00,Computer and Information Systems Managers,Supplemental,14.0,1
15-2051.01,15-1252.00,Software Developers,Supplemental,15.0,1
15-2051.01,15-1242.00,Database Administrators,Supplemental,16.0,1
15-2051.01,41-3091.00,"Sales Representatives of Services, Except Advertising, Insurance, Financial Services, and Travel",Supplemental,17.0,0
15-2051.01,13-2099.01,Financial Quantitative Analysts,Supplemental,18.0,0
15-2051.01,15-1299.08,Computer Systems Engineers/Architects,Supplemental,19.0,1
15-2051.01,15-1299.07,Blockchain Engineers,Supplemental,20.0,1
15-2051.02,11-9121.01,Clinical Research Coordinators,Primary-Short,1.0,1
15-2051.02,15-1211.01,Health Informatics Specialists,Primary-Short,2.0,1
15-2051.02,15-2051.00,Data Scientists,Primary-Short,3.0,1
15-2051.02,19-4061.00,Social Science Research Assistants,Primary-Short,4.0,1
15-2051.02,15-2099.01,Bioinformatics Technicians,Primary-Short,5.0,1
15-2051.02,15-2041.00,Statisticians,Primary-Long,6.0,1
15-2051.02,15-2041.01,Biostatisticians,Primary-Long,7.0,1
15-2051.02,13-1111.00,Management Analysts,Primary-Long,8.0,0
15-2051.02,43-9111.00,Statistical Assistants,Primary-Long,9.0,0
15-2051.02,15-2051.01,Business Intelligence Analysts,Primary-Long,10.0,1
15-2051.02,29-9021.00,Health Information Technologists and Medical Registrars,Supplemental,11.0,1
15-2051.02,13-1041.07,Regulatory Affairs Specialists,Supplemental,12.0,0
15-2051.02,13-1082.00,Project Management Specialists,Supplemental,13.0,0
15-2051.02,17-2031.00,Bioengineers and Biomedical Engineers,Supplemental,14.0,1
15-2051.02,11-9111.00,Medical and Health Services Managers,Supplemental,15.0,1
15-2051.02,15-1299.03,Document Management Specialists,Supplemental,16.0,1
15-2051.02,15-1242.00,Database Administrators,Supplemental,17.0,1
15-2051.02,29-2072.00,Medical Records Specialists,Supplemental,18.0,1
15-2051.02,19-1029.01,Bioinformatics Scientists,Supplemental,19.0,1
15-2051.02,11-9121.00,Natural Sciences Managers,Supplemental,20.0,1
15-2099.01,15-2051.00,Data Scientists,Primary-Short,1.0,1
15-2099.01,29-9021.00,Health Information Technologists and Medical Registrars,Primary-Short,2.0,1
15-2099.01,19-4021.00,Biological Technicians,Primary-Short,3.0,1
15-2099.01,15-1243.00,Database Architects,Primary-Short,4.0,1
15-2099.01,43-9111.00,Statistical Assistants,Primary-Short,5.0,0
15-2099.01,15-1242.00,Database Administrators,Primary-Long,6.0,1
15-2099.01,29-2011.00,Medical and Clinical Laboratory Technologists,Primary-Long,7.0,1
15-2099.01,19-4061.00,Social Science Research Assistants,Primary-Long,8.0,1
15-2099.01,29-2011.01,Cytogenetic Technologists,Primary-Long,9.0,1
15-2099.01,29-2072.00,Medical Records Specialists,Primary-Long,10.0,1
15-2099.01,19-1029.01,Bioinformatics Scientists,Supplemental,11.0,1
15-2099.01,17-2031.00,Bioengineers and Biomedical Engineers,Supplemental,12.0,1
15-2099.01,15-2051.02,Clinical Data Managers,Supplemental,13.0,1
15-2099.01,15-2041.00,Statisticians,Supplemental,14.0,1
15-2099.01,15-2041.01,Biostatisticians,Supplemental,15.0,1
15-2099.01,17-3026.01,Nanotechnology Engineering Technologists and Technicians,Supplemental,16.0,1
15-2099.01,15-1221.00,Computer and Information Research Scientists,Supplemental,17.0,1
15-2099.01,15-1299.02,Geographic Information Systems Technologists and Technicians,Supplemental,18.0,1
15-2099.01,19-1029.02,Molecular and Cellular Biologists,Supplemental,19.0,1
15-2099.01,11-9121.00,Natural Sciences Managers,Supplemental,20.0,1
17-1011.00,17-1012.00,Landscape Architects,Primary-Short,1.0,1
17-1011.00,11-9021.00,Construction Managers,Primary-Short,2.0,0
17-1011.00,27-1025.00,Interior Designers,Primary-Short,3.0,0
17-1011.00,17-2051.00,Civil Engineers,Primary-Short,4.0,1
17-1011.00,47-4011.00,Construction and Building Inspectors,Primary-Short,5.0,0
17-1011.00,11-9041.00,Architectural and Engineering Managers,Primary-Long,6.0,1
17-1011.00,17-2112.00,Industrial Engineers,Primary-Long,7.0,1
17-1011.00,27-1021.00,Commercial and Industrial Designers,Primary-Long,8.0,0
17-1011.00,13-1082.00,Project Management Specialists,Primary-Long,9.0,0
17-1011.00,25-1031.00,"Architecture Teachers, Postsecondary",Primary-Long,10.0,1
17-1011.00,17-3011.00,Architectural and Civil Drafters,Supplemental,11.0,1
17-1011.00,47-1011.03,Solar Energy Installation Managers,Supplemental,12.0,0
17-1011.00,17-3022.00,Civil Engineering Technologists and Technicians,Supplemental,13.0,1
17-1011.00,17-3012.00,Electrical and Electronics Drafters,Supplemental,14.0,1
17-1011.00,11-9199.10,Wind Energy Development Managers,Supplemental,15.0,0
17-1011.00,47-1011.00,First-Line Supervisors of Construction Trades and Extraction Workers,Supplemental,16.0,0
17-1011.00,49-9071.00,"Maintenance and Repair Workers, General",Supplemental,17.0,0
17-1011.00,17-2199.11,Solar Energy Systems Engineers,Supplemental,18.0,1
17-1011.00,11-3013.00,Facilities Managers,Supplemental,19.0,0
17-1011.00,13-1199.05,Sustainability Specialists,Supplemental,20.0,0
17-1012.00,17-1011.00,"Architects, Except Landscape and Naval",Primary-Short,1.0,1
17-1012.00,19-2041.02,Environmental Restoration Planners,Primary-Short,2.0,1
17-1012.00,17-3011.00,Architectural and Civil Drafters,Primary-Short,3.0,1
17-1012.00,17-2051.00,Civil Engineers,Primary-Short,4.0,1
17-1012.00,13-1199.05,Sustainability Specialists,Primary-Short,5.0,0
17-1012.00,37-1012.00,"First-Line Supervisors of Landscaping, Lawn Service, and Groundskeeping Workers",Primary-Long,6.0,0
17-1012.00,25-1031.00,"Architecture Teachers, Postsecondary",Primary-Long,7.0,1
17-1012.00,17-3022.00,Civil Engineering Technologists and Technicians,Primary-Long,8.0,1
17-1012.00,19-3051.00,Urban and Regional Planners,Primary-Long,9.0,1
17-1012.00,11-9021.00,Construction Managers,Primary-Long,10.0,0
17-1012.00,27-1025.00,Interior Designers,Supplemental,11.0,0
17-1012.00,19-1031.00,Conservation Scientists,Supplemental,12.0,1
17-1012.00,19-2041.03,Industrial Ecologists,Supplemental,13.0,1
17-1012.00,47-1011.03,Solar Energy Installation Managers,Supplemental,14.0,0
17-1012.00,11-9199.11,Brownfield Redevelopment Specialists and Site Managers,Supplemental,15.0,0
17-1012.00,11-1011.03,Chief Sustainability Officers,Supplemental,16.0,0
17-1012.00,11-9121.02,Water Resource Specialists,Supplemental,17.0,1
17-1012.00,17-2021.00,Agricultural Engineers,Supplemental,18.0,1
17-1012.00,19-1031.02,Range Managers,Supplemental,19.0,1
17-1012.00,17-3031.00,Surveying and Mapping Technicians,Supplemental,20.0,1
17-1021.00,17-3031.00,Surveying and Mapping Technicians,Primary-Short,1.0,1
17-1021.00,17-1022.01,Geodetic Surveyors,Primary-Short,2.0,1
17-1021.00,15-1299.02,Geographic Information Systems Technologists and Technicians,Primary-Short,3.0,1
17-1021.00,19-4099.03,Remote Sensing Technicians,Primary-Short,4.0,1
17-1021.00,17-1022.00,Surveyors,Primary-Short,5.0,1
17-1021.00,19-3092.00,Geographers,Primary-Long,6.0,1
17-1021.00,19-2099.01,Remote Sensing Scientists and Technologists,Primary-Long,7.0,1
17-1021.00,19-4043.00,"Geological Technicians, Except Hydrologic Technicians",Primary-Long,8.0,1
17-1021.00,17-3011.00,Architectural and Civil Drafters,Primary-Long,9.0,1
17-1021.00,15-2051.00,Data Scientists,Primary-Long,10.0,1
17-1021.00,19-4044.00,Hydrologic Technicians,Supplemental,11.0,1
17-1021.00,17-3012.00,Electrical and Electronics Drafters,Supplemental,12.0,1
17-1021.00,43-9111.00,Statistical Assistants,Supplemental,13.0,0
17-1021.00,15-1243.00,Database Architects,Supplemental,14.0,1
17-1021.00,17-3028.00,Calibration Technologists and Technicians,Supplemental,15.0,1
17-1021.00,19-2042.00,"Geoscientists, Except Hydrologists and Geographers",Supplemental,16.0,1
17-1021.00,17-3022.00,Civil Engineering Technologists and Technicians,Supplemental,17.0,1
17-1021.00,15-1252.00,Software Developers,Supplemental,18.0,1
17-1021.00,19-2021.00,Atmospheric and Space Scientists,Supplemental,19.0,1
17-1021.00,15-1243.01,Data Warehousing Specialists,Supplemental,20.0,1
17-1022.00,17-1022.01,Geodetic Surveyors,Primary-Short,1.0,1
17-1022.00,17-3031.00,Surveying and Mapping Technicians,Primary-Short,2.0,1
17-1022.00,17-2051.00,Civil Engineers,Primary-Short,3.0,1
17-1022.00,17-1021.00,Cartographers and Photogrammetrists,Primary-Short,4.0,1
17-1022.00,17-3022.00,Civil Engineering Technologists and Technicians,Primary-Short,5.0,1
17-1022.00,47-4011.00,Construction and Building Inspectors,Primary-Long,6.0,0
17-1022.00,19-4043.00,"Geological Technicians, Except Hydrologic Technicians",Primary-Long,7.0,1
17-1022.00,17-2151.00,"Mining and Geological Engineers, Including Mining Safety Engineers",Primary-Long,8.0,1
17-1022.00,17-3011.00,Architectural and Civil Drafters,Primary-Long,9.0,1
17-1022.00,13-2023.00,Appraisers and Assessors of Real Estate,Primary-Long,10.0,0
17-1022.00,19-2042.00,"Geoscientists, Except Hydrologists and Geographers",Supplemental,11.0,1
17-1022.00,13-1041.04,Government Property Inspectors and Investigators,Supplemental,12.0,0
17-1022.00,13-1051.00,Cost Estimators,Supplemental,13.0,0
17-1022.00,53-6051.00,Transportation Inspectors,Supplemental,14.0,0
17-1022.00,17-1011.00,"Architects, Except Landscape and Naval",Supplemental,15.0,1
17-1022.00,19-2043.00,Hydrologists,Supplemental,16.0,1
17-1022.00,19-1031.00,Conservation Scientists,Supplemental,17.0,1
17-1022.00,11-9021.00,Construction Managers,Supplemental,18.0,0
17-1022.00,19-4071.00,Forest and Conservation Technicians,Supplemental,19.0,1
17-1022.00,17-1012.00,Landscape Architects,Supplemental,20.0,1
17-1022.01,17-3031.00,Surveying and Mapping Technicians,Primary-Short,1.0,1
17-1022.01,17-1022.00,Surveyors,Primary-Short,2.0,1
17-1022.01,17-1021.00,Cartographers and Photogrammetrists,Primary-Short,3.0,1
17-1022.01,19-4043.00,"Geological Technicians, Except Hydrologic Technicians",Primary-Short,4.0,1
17-1022.01,15-1299.02,Geographic Information Systems Technologists and Technicians,Primary-Short,5.0,1
17-1022.01,19-2099.01,Remote Sensing Scientists and Technologists,Primary-Long,6.0,1
17-1022.01,19-4099.03,Remote Sensing Technicians,Primary-Long,7.0,1
17-1022.01,19-2042.00,"Geoscientists, Except Hydrologists and Geographers",Primary-Long,8.0,1
17-1022.01,19-2043.00,Hydrologists,Primary-Long,9.0,1
17-1022.01,15-2051.00,Data Scientists,Primary-Long,10.0,1
17-1022.01,19-4044.00,Hydrologic Technicians,Supplemental,11.0,1
17-1022.01,17-3028.00,Calibration Technologists and Technicians,Supplemental,12.0,1
17-1022.01,17-3022.00,Civil Engineering Technologists and Technicians,Supplemental,13.0,1
17-1022.01,17-3011.00,Architectural and Civil Drafters,Supplemental,14.0,1
17-1022.01,17-2051.00,Civil Engineers,Supplemental,15.0,1
17-1022.01,19-3092.00,Geographers,Supplemental,16.0,1
17-1022.01,53-6041.00,Traffic Technicians,Supplemental,17.0,0
17-1022.01,43-9111.00,Statistical Assistants,Supplemental,18.0,0
17-1022.01,17-3023.00,Electrical and Electronic Engineering Technologists and Technicians,Supplemental,19.0,1
17-1022.01,19-2021.00,Atmospheric and Space Scientists,Supplemental,20.0,1
17-2011.00,17-3021.00,Aerospace Engineering and Operations Technologists and Technicians,Primary-Short,1.0,1
17-2011.00,17-3024.00,Electro-Mechanical and Mechatronics Technologists and Technicians,Primary-Short,2.0,1
17-2011.00,49-2091.00,Avionics Technicians,Primary-Short,3.0,0
17-2011.00,17-3027.00,Mechanical Engineering Technologists and Technicians,Primary-Short,4.0,1
17-2011.00,17-2141.00,Mechanical Engineers,Primary-Short,5.0,1
17-2011.00,49-3011.00,Aircraft Mechanics and Service Technicians,Primary-Long,6.0,0
17-2011.00,17-2141.02,Automotive Engineers,Primary-Long,7.0,1
17-2011.00,17-2072.00,"Electronics Engineers, Except Computer",Primary-Long,8.0,1
17-2011.00,17-2199.05,Mechatronics Engineers,Primary-Long,9.0,1
17-2011.00,17-2121.00,Marine Engineers and Naval Architects,Primary-Long,10.0,1
17-2011.00,17-3023.00,Electrical and Electronic Engineering Technologists and Technicians,Supplemental,11.0,1
17-2011.00,17-2112.00,Industrial Engineers,Supplemental,12.0,1
17-2011.00,17-3027.01,Automotive Engineering Technicians,Supplemental,13.0,1
17-2011.00,51-2011.00,"Aircraft Structure, Surfaces, Rigging, and Systems Assemblers",Supplemental,14.0,0
17-2011.00,17-3028.00,Calibration Technologists and Technicians,Supplemental,15.0,1
17-2011.00,17-2071.00,Electrical Engineers,Supplemental,16.0,1
17-2011.00,17-3024.01,Robotics Technicians,Supplemental,17.0,1
17-2011.00,17-3026.00,Industrial Engineering Technologists and Technicians,Supplemental,18.0,1
17-2011.00,17-2199.08,Robotics Engineers,Supplemental,19.0,1
17-2011.00,17-2112.03,Manufacturing Engineers,Supplemental,20.0,1
17-2021.00,19-1013.00,Soil and Plant Scientists,Primary-Short,1.0,1
17-2021.00,19-4012.01,Precision Agriculture Technicians,Primary-Short,2.0,1
17-2021.00,19-2041.03,Industrial Ecologists,Primary-Short,3.0,1
17-2021.00,19-1031.00,Conservation Scientists,Primary-Short,4.0,1
17-2021.00,17-2081.00,Environmental Engineers,Primary-Short,5.0,1
17-2021.00,11-9041.01,Biofuels/Biodiesel Technology and Product Development Managers,Primary-Long,6.0,1
17-2021.00,17-2112.00,Industrial Engineers,Primary-Long,7.0,1
17-2021.00,11-9013.00,"Farmers, Ranchers, and Other Agricultural Managers",Primary-Long,8.0,0
17-2021.00,11-3051.03,Biofuels Production Managers,Primary-Long,9.0,0
17-2021.00,17-2051.02,Water/Wastewater Engineers,Primary-Long,10.0,1
17-2021.00,19-4012.00,Agricultural Technicians,Supplemental,11.0,1
17-2021.00,17-3026.00,Industrial Engineering Technologists and Technicians,Supplemental,12.0,1
17-2021.00,17-3025.00,Environmental Engineering Technologists and Technicians,Supplemental,13.0,1
17-2021.00,11-9121.02,Water Resource Specialists,Supplemental,14.0,1
17-2021.00,17-2051.00,Civil Engineers,Supplemental,15.0,1
17-2021.00,19-4071.00,Forest and Conservation Technicians,Supplemental,16.0,1
17-2021.00,25-1041.00,"Agricultural Sciences Teachers, Postsecondary",Supplemental,17.0,1
17-2021.00,11-3051.02,Geothermal Production Managers,Supplemental,18.0,0
17-2021.00,19-2041.00,"Environmental Scientists and Specialists, Including Health",Supplemental,19.0,1
17-2021.00,49-3041.00,Farm Equipment Mechanics and Service Technicians,Supplemental,20.0,0
17-2031.00,17-3026.01,Nanotechnology Engineering Technologists and Technicians,Primary-Short,1.0,1
17-2031.00,17-2199.09,Nanosystems Engineers,Primary-Short,2.0,1
17-2031.00,19-1029.01,Bioinformatics Scientists,Primary-Short,3.0,1
17-2031.00,19-1021.00,Biochemists and Biophysicists,Primary-Short,4.0,1
17-2031.00,19-1029.02,Molecular and Cellular Biologists,Primary-Short,5.0,1
17-2031.00,15-2099.01,Bioinformatics Technicians,Primary-Long,6.0,1
17-2031.00,15-2051.00,Data Scientists,Primary-Long,7.0,1
17-2031.00,17-3026.00,Industrial Engineering Technologists and Technicians,Primary-Long,8.0,1
17-2031.00,19-2031.00,Chemists,Primary-Long,9.0,1
17-2031.00,17-2041.00,Chemical Engineers,Primary-Long,10.0,1
17-2031.00,29-2011.00,Medical and Clinical Laboratory Technologists,Supplemental,11.0,1
17-2031.00,11-9121.00,Natural Sciences Managers,Supplemental,12.0,1
17-2031.00,49-9062.00,Medical Equipment Repairers,Supplemental,13.0,0
17-2031.00,17-3028.00,Calibration Technologists and Technicians,Supplemental,14.0,1
17-2031.00,19-1022.00,Microbiologists,Supplemental,15.0,1
17-2031.00,19-4021.00,Biological Technicians,Supplemental,16.0,1
17-2031.00,17-3027.00,Mechanical Engineering Technologists and Technicians,Supplemental,17.0,1
17-2031.00,15-2051.02,Clinical Data Managers,Supplemental,18.0,1
17-2031.00,19-1029.03,Geneticists,Supplemental,19.0,1
17-2031.00,19-2032.00,Materials Scientists,Supplemental,20.0,1
17-2041.00,17-2131.00,Materials Engineers,Primary-Short,1.0,1
17-2041.00,17-2112.03,Manufacturing Engineers,Primary-Short,2.0,1
17-2041.00,19-2032.00,Materials Scientists,Primary-Short,3.0,1
17-2041.00,19-2031.00,Chemists,Primary-Short,4.0,1
17-2041.00,11-9041.01,Biofuels/Biodiesel Technology and Product Development Managers,Primary-Short,5.0,1
17-2041.00,17-2112.00,Industrial Engineers,Primary-Long,6.0,1
17-2041.00,17-2171.00,Petroleum Engineers,Primary-Long,7.0,1
17-2041.00,17-2141.00,Mechanical Engineers,Primary-Long,8.0,1
17-2041.00,17-2161.00,Nuclear Engineers,Primary-Long,9.0,1
17-2041.00,17-2199.05,Mechatronics Engineers,Primary-Long,10.0,1
17-2041.00,51-8091.00,Chemical Plant and System Operators,Supplemental,11.0,0
17-2041.00,17-3026.00,Industrial Engineering Technologists and Technicians,Supplemental,12.0,1
17-2041.00,19-4031.00,Chemical Technicians,Supplemental,13.0,1
17-2041.00,51-9011.00,Chemical Equipment Operators and Tenders,Supplemental,14.0,0
17-2041.00,51-8013.03,Biomass Plant Technicians,Supplemental,15.0,0
17-2041.00,17-2199.09,Nanosystems Engineers,Supplemental,16.0,1
17-2041.00,17-3027.00,Mechanical Engineering Technologists and Technicians,Supplemental,17.0,1
17-2041.00,51-8099.01,Biofuels Processing Technicians,Supplemental,18.0,0
17-2041.00,17-2141.01,Fuel Cell Engineers,Supplemental,19.0,1
17-2041.00,17-3026.01,Nanotechnology Engineering Technologists and Technicians,Supplemental,20.0,1
17-2051.00,17-3022.00,Civil Engineering Technologists and Technicians,Primary-Short,1.0,1
17-2051.00,17-2051.01,Transportation Engineers,Primary-Short,2.0,1
17-2051.00,11-9021.00,Construction Managers,Primary-Short,3.0,0
17-2051.00,17-2051.02,Water/Wastewater Engineers,Primary-Short,4.0,1
17-2051.00,47-4011.00,Construction and Building Inspectors,Primary-Short,5.0,0
17-2051.00,17-2081.00,Environmental Engineers,Primary-Long,6.0,1
17-2051.00,17-3011.00,Architectural and Civil Drafters,Primary-Long,7.0,1
17-2051.00,11-9041.00,Architectural and Engineering Managers,Primary-Long,8.0,1
17-2051.00,17-1011.00,"Architects, Except Landscape and Naval",Primary-Long,9.0,1
17-2051.00,17-2151.00,"Mining and Geological Engineers, Including Mining Safety Engineers",Primary-Long,10.0,1
17-2051.00,17-2112.00,Industrial Engineers,Supplemental,11.0,1
17-2051.00,47-1011.03,Solar Energy Installation Managers,Supplemental,12.0,0
17-2051.00,17-2199.10,Wind Energy Engineers,Supplemental,13.0,1
17-2051.00,11-9199.11,Brownfield Redevelopment Specialists and Site Managers,Supplemental,14.0,0
17-2051.00,47-1011.00,First-Line Supervisors of Construction Trades and Extraction Workers,Supplemental,15.0,0
17-2051.00,17-2071.00,Electrical Engineers,Supplemental,16.0,1
17-2051.00,49-9071.00,"Maintenance and Repair Workers, General",Supplemental,17.0,0
17-2051.00,17-2121.00,Marine Engineers and Naval Architects,Supplemental,18.0,1
17-2051.00,17-3027.00,Mechanical Engineering Technologists and Technicians,Supplemental,19.0,1
17-2051.00,11-3013.00,Facilities Managers,Supplemental,20.0,0
17-2051.01,17-2051.00,Civil Engineers,Primary-Short,1.0,1
17-2051.01,19-3099.01,Transportation Planners,Primary-Short,2.0,1
17-2051.01,17-3022.00,Civil Engineering Technologists and Technicians,Primary-Short,3.0,1
17-2051.01,53-6041.00,Traffic Technicians,Primary-Short,4.0,0
17-2051.01,47-4051.00,Highway Maintenance Workers,Primary-Short,5.0,0
17-2051.01,47-4011.00,Construction and Building Inspectors,Primary-Long,6.0,0
17-2051.01,11-9021.00,Construction Managers,Primary-Long,7.0,0
17-2051.01,17-2081.00,Environmental Engineers,Primary-Long,8.0,1
17-2051.01,17-2051.02,Water/Wastewater Engineers,Primary-Long,9.0,1
17-2051.01,17-2112.00,Industrial Engineers,Primary-Long,10.0,1
17-2051.01,13-1081.01,Logistics Engineers,Supplemental,11.0,0
17-2051.01,11-3071.00,"Transportation, Storage, and Distribution Managers",Supplemental,12.0,0
17-2051.01,17-2011.00,Aerospace Engineers,Supplemental,13.0,1
17-2051.01,11-9041.00,Architectural and Engineering Managers,Supplemental,14.0,1
17-2051.01,17-2141.02,Automotive Engineers,Supplemental,15.0,1
17-2051.01,17-2151.00,"Mining and Geological Engineers, Including Mining Safety Engineers",Supplemental,16.0,1
17-2051.01,47-1011.03,Solar Energy Installation Managers,Supplemental,17.0,0
17-2051.01,17-3011.00,Architectural and Civil Drafters,Supplemental,18.0,1
17-2051.01,13-1082.00,Project Management Specialists,Supplemental,19.0,0
17-2051.01,11-9199.11,Brownfield Redevelopment Specialists and Site Managers,Supplemental,20.0,0
17-2051.02,11-9121.02,Water Resource Specialists,Primary-Short,1.0,1
17-2051.02,17-2081.00,Environmental Engineers,Primary-Short,2.0,1
17-2051.02,17-2051.00,Civil Engineers,Primary-Short,3.0,1
17-2051.02,11-9199.11,Brownfield Redevelopment Specialists and Site Managers,Primary-Short,4.0,0
17-2051.02,17-2171.00,Petroleum Engineers,Primary-Short,5.0,1
17-2051.02,17-2199.03,"Energy Engineers, Except Wind and Solar",Primary-Long,6.0,1
17-2051.02,19-4042.00,"Environmental Science and Protection Technicians, Including Health",Primary-Long,7.0,1
17-2051.02,17-2041.00,Chemical Engineers,Primary-Long,8.0,1
17-2051.02,17-2199.10,Wind Energy Engineers,Primary-Long,9.0,1
17-2051.02,17-2051.01,Transportation Engineers,Primary-Long,10.0,1
17-2051.02,51-8031.00,Water and Wastewater Treatment Plant and System Operators,Supplemental,11.0,0
17-2051.02,19-4044.00,Hydrologic Technicians,Supplemental,12.0,1
17-2051.02,11-3051.02,Geothermal Production Managers,Supplemental,13.0,0
17-2051.02,17-3025.00,Environmental Engineering Technologists and Technicians,Supplemental,14.0,1
17-2051.02,19-2043.00,Hydrologists,Supplemental,15.0,1
17-2051.02,19-1031.00,Conservation Scientists,Supplemental,16.0,1
17-2051.02,19-2041.03,Industrial Ecologists,Supplemental,17.0,1
17-2051.02,19-2041.02,Environmental Restoration Planners,Supplemental,18.0,1
17-2051.02,11-3051.06,Hydroelectric Production Managers,Supplemental,19.0,0
17-2051.02,51-8013.04,Hydroelectric Plant Technicians,Supplemental,20.0,0
17-2061.00,17-2072.00,"Electronics Engineers, Except Computer",Primary-Short,1.0,1
17-2061.00,17-3023.00,Electrical and Electronic Engineering Technologists and Technicians,Primary-Short,2.0,1
17-2061.00,17-2199.06,Microsystems Engineers,Primary-Short,3.0,1
17-2061.00,15-1252.00,Software Developers,Primary-Short,4.0,1
17-2061.00,17-3024.01,Robotics Technicians,Primary-Short,5.0,1
17-2061.00,17-2199.05,Mechatronics Engineers,Primary-Long,6.0,1
17-2061.00,15-1299.08,Computer Systems Engineers/Architects,Primary-Long,7.0,1
17-2061.00,17-2199.08,Robotics Engineers,Primary-Long,8.0,1
17-2061.00,17-2071.00,Electrical Engineers,Primary-Long,9.0,1
17-2061.00,17-3027.00,Mechanical Engineering Technologists and Technicians,Primary-Long,10.0,1
17-2061.00,17-3028.00,Calibration Technologists and Technicians,Supplemental,11.0,1
17-2061.00,17-2072.01,Radio Frequency Identification Device Specialists,Supplemental,12.0,1
17-2061.00,17-3012.00,Electrical and Electronics Drafters,Supplemental,13.0,1
17-2061.00,49-2094.00,"Electrical and Electronics Repairers, Commercial and Industrial Equipment",Supplemental,14.0,0
17-2061.00,15-1253.00,Software Quality Assurance Analysts and Testers,Supplemental,15.0,1
17-2061.00,17-2141.00,Mechanical Engineers,Supplemental,16.0,1
17-2061.00,17-3024.00,Electro-Mechanical and Mechatronics Technologists and Technicians,Supplemental,17.0,1
17-2061.00,51-9162.00,Computer Numerically Controlled Tool Programmers,Supplemental,18.0,0
17-2061.00,17-2199.07,Photonics Engineers,Supplemental,19.0,1
17-2061.00,15-1211.00,Computer Systems Analysts,Supplemental,20.0,1
17-2071.00,17-2072.00,"Electronics Engineers, Except Computer",Primary-Short,1.0,1
17-2071.00,17-3023.00,Electrical and Electronic Engineering Technologists and Technicians,Primary-Short,2.0,1
17-2071.00,17-2141.00,Mechanical Engineers,Primary-Short,3.0,1
17-2071.00,49-2094.00,"Electrical and Electronics Repairers, Commercial and Industrial Equipment",Primary-Short,4.0,0
17-2071.00,17-3027.00,Mechanical Engineering Technologists and Technicians,Primary-Short,5.0,1
17-2071.00,49-2095.00,"Electrical and Electronics Repairers, Powerhouse, Substation, and Relay",Primary-Long,6.0,0
17-2071.00,17-2199.05,Mechatronics Engineers,Primary-Long,7.0,1
17-2071.00,17-2112.00,Industrial Engineers,Primary-Long,8.0,1
17-2071.00,17-2199.11,Solar Energy Systems Engineers,Primary-Long,9.0,1
17-2071.00,17-2199.06,Microsystems Engineers,Primary-Long,10.0,1
17-2071.00,51-8012.00,Power Distributors and Dispatchers,Supplemental,11.0,0
17-2071.00,49-2093.00,"Electrical and Electronics Installers and Repairers, Transportation Equipment",Supplemental,12.0,0
17-2071.00,17-3024.01,Robotics Technicians,Supplemental,13.0,1
17-2071.00,17-3026.00,Industrial Engineering Technologists and Technicians,Supplemental,14.0,1
17-2071.00,17-3012.00,Electrical and Electronics Drafters,Supplemental,15.0,1
17-2071.00,17-3028.00,Calibration Technologists and Technicians,Supplemental,16.0,1
17-2071.00,17-2112.03,Manufacturing Engineers,Supplemental,17.0,1
17-2071.00,17-2141.02,Automotive Engineers,Supplemental,18.0,1
17-2071.00,51-2022.00,Electrical and Electronic Equipment Assemblers,Supplemental,19.0,0
17-2071.00,17-3021.00,Aerospace Engineering and Operations Technologists and Technicians,Supplemental,20.0,1
17-2072.00,17-3023.00,Electrical and Electronic Engineering Technologists and Technicians,Primary-Short,1.0,1
17-2072.00,49-2094.00,"Electrical and Electronics Repairers, Commercial and Industrial Equipment",Primary-Short,2.0,0
17-2072.00,17-2071.00,Electrical Engineers,Primary-Short,3.0,1
17-2072.00,17-2199.06,Microsystems Engineers,Primary-Short,4.0,1
17-2072.00,17-2199.05,Mechatronics Engineers,Primary-Short,5.0,1
17-2072.00,17-2072.01,Radio Frequency Identification Device Specialists,Primary-Long,6.0,1
17-2072.00,17-2141.00,Mechanical Engineers,Primary-Long,7.0,1
17-2072.00,17-2199.07,Photonics Engineers,Primary-Long,8.0,1
17-2072.00,17-2199.08,Robotics Engineers,Primary-Long,9.0,1
17-2072.00,17-2112.00,Industrial Engineers,Primary-Long,10.0,1
17-2072.00,17-2061.00,Computer Hardware Engineers,Supplemental,11.0,1
17-2072.00,17-3028.00,Calibration Technologists and Technicians,Supplemental,12.0,1
17-2072.00,17-3024.01,Robotics Technicians,Supplemental,13.0,1
17-2072.00,17-3027.00,Mechanical Engineering Technologists and Technicians,Supplemental,14.0,1
17-2072.00,17-3024.00,Electro-Mechanical and Mechatronics Technologists and Technicians,Supplemental,15.0,1
17-2072.00,17-3012.00,Electrical and Electronics Drafters,Supplemental,16.0,1
17-2072.00,51-2023.00,Electromechanical Equipment Assemblers,Supplemental,17.0,0
17-2072.00,51-2022.00,Electrical and Electronic Equipment Assemblers,Supplemental,18.0,0
17-2072.00,49-2095.00,"Electrical and Electronics Repairers, Powerhouse, Substation, and Relay",Supplemental,19.0,0
17-2072.00,17-3021.00,Aerospace Engineering and Operations Technologists and Technicians,Supplemental,20.0,1
17-2072.01,17-2072.00,"Electronics Engineers, Except Computer",Primary-Short,1.0,1
17-2072.01,17-2061.00,Computer Hardware Engineers,Primary-Short,2.0,1
17-2072.01,17-2199.06,Microsystems Engineers,Primary-Short,3.0,1
17-2072.01,17-3023.00,Electrical and Electronic Engineering Technologists and Technicians,Primary-Short,4.0,1
17-2072.01,15-1252.00,Software Developers,Primary-Short,5.0,1
17-2072.01,17-2071.00,Electrical Engineers,Primary-Long,6.0,1
17-2072.01,17-2199.07,Photonics Engineers,Primary-Long,7.0,1
17-2072.01,15-1299.08,Computer Systems Engineers/Architects,Primary-Long,8.0,1
17-2072.01,17-2199.08,Robotics Engineers,Primary-Long,9.0,1
17-2072.01,17-2199.05,Mechatronics Engineers,Primary-Long,10.0,1
17-2072.01,17-3028.00,Calibration Technologists and Technicians,Supplemental,11.0,1
17-2072.01,49-2094.00,"Electrical and Electronics Repairers, Commercial and Industrial Equipment",Supplemental,12.0,0
17-2072.01,49-2021.00,"Radio, Cellular, and Tower Equipment Installers and Repairers",Supplemental,13.0,0
17-2072.01,27-4012.00,Broadcast Technicians,Supplemental,14.0,0
17-2072.01,17-3024.01,Robotics Technicians,Supplemental,15.0,1
17-2072.01,17-3029.08,Photonics Technicians,Supplemental,16.0,1
17-2072.01,15-1241.00,Computer Network Architects,Supplemental,17.0,1
17-2072.01,15-1241.01,Telecommunications Engineering Specialists,Supplemental,18.0,1
17-2072.01,17-3021.00,Aerospace Engineering and Operations Technologists and Technicians,Supplemental,19.0,1
17-2072.01,17-3024.00,Electro-Mechanical and Mechatronics Technologists and Technicians,Supplemental,20.0,1
17-2081.00,19-2041.00,"Environmental Scientists and Specialists, Including Health",Primary-Short,1.0,1
17-2081.00,17-2051.02,Water/Wastewater Engineers,Primary-Short,2.0,1
17-2081.00,17-3025.00,Environmental Engineering Technologists and Technicians,Primary-Short,3.0,1
17-2081.00,11-9199.11,Brownfield Redevelopment Specialists and Site Managers,Primary-Short,4.0,0
17-2081.00,13-1041.01,Environmental Compliance Inspectors,Primary-Short,5.0,0
17-2081.00,19-4042.00,"Environmental Science and Protection Technicians, Including Health",Primary-Long,6.0,1
17-2081.00,19-2041.03,Industrial Ecologists,Primary-Long,7.0,1
17-2081.00,11-9121.02,Water Resource Specialists,Primary-Long,8.0,1
17-2081.00,17-2051.00,Civil Engineers,Primary-Long,9.0,1
17-2081.00,19-1031.00,Conservation Scientists,Primary-Long,10.0,1
17-2081.00,19-2041.02,Environmental Restoration Planners,Supplemental,11.0,1
17-2081.00,17-2111.00,"Health and Safety Engineers, Except Mining Safety Engineers and Inspectors",Supplemental,12.0,1
17-2081.00,17-2161.00,Nuclear Engineers,Supplemental,13.0,1
17-2081.00,51-8031.00,Water and Wastewater Treatment Plant and System Operators,Supplemental,14.0,0
17-2081.00,19-5011.00,Occupational Health and Safety Specialists,Supplemental,15.0,0
17-2081.00,17-2021.00,Agricultural Engineers,Supplemental,16.0,1
17-2081.00,17-2171.00,Petroleum Engineers,Supplemental,17.0,1
17-2081.00,19-2043.00,Hydrologists,Supplemental,18.0,1
17-2081.00,17-2041.00,Chemical Engineers,Supplemental,19.0,1
17-2081.00,19-4044.00,Hydrologic Technicians,Supplemental,20.0,1
17-2111.00,19-5012.00,Occupational Health and Safety Technicians,Primary-Short,1.0,0
17-2111.00,19-5011.00,Occupational Health and Safety Specialists,Primary-Short,2.0,0
17-2111.00,13-1041.01,Environmental Compliance Inspectors,Primary-Short,3.0,0
17-2111.00,19-2041.00,"Environmental Scientists and Specialists, Including Health",Primary-Short,4.0,1
17-2111.00,17-2081.00,Environmental Engineers,Primary-Short,5.0,1
17-2111.00,19-4042.00,"Environmental Science and Protection Technicians, Including Health",Primary-Long,6.0,1
17-2111.00,17-2111.02,Fire-Prevention and Protection Engineers,Primary-Long,7.0,1
17-2111.00,17-2112.00,Industrial Engineers,Primary-Long,8.0,1
17-2111.00,17-3025.00,Environmental Engineering Technologists and Technicians,Primary-Long,9.0,1
17-2111.00,13-1199.07,Security Management Specialists,Primary-Long,10.0,0
17-2111.00,47-4011.00,Construction and Building Inspectors,Supplemental,11.0,0
17-2111.00,45-2011.00,Agricultural Inspectors,Supplemental,12.0,0
17-2111.00,53-6051.01,Aviation Inspectors,Supplemental,13.0,0
17-2111.00,17-2112.01,Human Factors Engineers and Ergonomists,Supplemental,14.0,1
17-2111.00,15-1299.04,Penetration Testers,Supplemental,15.0,1
17-2111.00,17-2112.02,Validation Engineers,Supplemental,16.0,1
17-2111.00,11-3051.01,Quality Control Systems Managers,Supplemental,17.0,0
17-2111.00,53-6051.07,"Transportation Vehicle, Equipment and Systems Inspectors, Except Aviation",Supplemental,18.0,0
17-2111.00,17-3026.00,Industrial Engineering Technologists and Technicians,Supplemental,19.0,1
17-2111.00,11-9199.02,Compliance Managers,Supplemental,20.0,0
17-2111.02,33-2021.00,Fire Inspectors and Investigators,Primary-Short,1.0,0
17-2111.02,33-2022.00,Forest Fire Inspectors and Prevention Specialists,Primary-Short,2.0,0
17-2111.02,17-2111.00,"Health and Safety Engineers, Except Mining Safety Engineers and Inspectors",Primary-Short,3.0,1
17-2111.02,33-1021.00,First-Line Supervisors of Firefighting and Prevention Workers,Primary-Short,4.0,0
17-2111.02,33-2011.00,Firefighters,Primary-Short,5.0,0
17-2111.02,47-4011.00,Construction and Building Inspectors,Primary-Long,6.0,0
17-2111.02,17-2081.00,Environmental Engineers,Primary-Long,7.0,1
17-2111.02,19-5011.00,Occupational Health and Safety Specialists,Primary-Long,8.0,0
17-2111.02,17-2161.00,Nuclear Engineers,Primary-Long,9.0,1
17-2111.02,13-1199.07,Security Management Specialists,Primary-Long,10.0,0
17-2111.02,49-2098.00,Security and Fire Alarm Systems Installers,Supplemental,11.0,0
17-2111.02,19-5012.00,Occupational Health and Safety Technicians,Supplemental,12.0,0
17-2111.02,17-2051.00,Civil Engineers,Supplemental,13.0,1
17-2111.02,13-1041.01,Environmental Compliance Inspectors,Supplemental,14.0,0
17-2111.02,17-2051.02,Water/Wastewater Engineers,Supplemental,15.0,1
17-2111.02,11-9161.00,Emergency Management Directors,Supplemental,16.0,0
17-2111.02,15-1299.04,Penetration Testers,Supplemental,17.0,1
17-2111.02,13-1041.04,Government Property Inspectors and Investigators,Supplemental,18.0,0
17-2111.02,17-3022.00,Civil Engineering Technologists and Technicians,Supplemental,19.0,1
17-2111.02,17-3025.00,Environmental Engineering Technologists and Technicians,Supplemental,20.0,1
17-2112.00,17-3026.00,Industrial Engineering Technologists and Technicians,Primary-Short,1.0,1
17-2112.00,17-2112.03,Manufacturing Engineers,Primary-Short,2.0,1
17-2112.00,11-3051.00,Industrial Production Managers,Primary-Short,3.0,0
17-2112.00,17-2112.02,Validation Engineers,Primary-Short,4.0,1
17-2112.00,17-2141.00,Mechanical Engineers,Primary-Short,5.0,1
17-2112.00,13-1081.01,Logistics Engineers,Primary-Long,6.0,0
17-2112.00,17-2199.05,Mechatronics Engineers,Primary-Long,7.0,1
17-2112.00,17-2071.00,Electrical Engineers,Primary-Long,8.0,1
17-2112.00,17-2131.00,Materials Engineers,Primary-Long,9.0,1
17-2112.00,17-2112.01,Human Factors Engineers and Ergonomists,Primary-Long,10.0,1
17-2112.00,17-3027.00,Mechanical Engineering Technologists and Technicians,Supplemental,11.0,1
17-2112.00,11-3051.01,Quality Control Systems Managers,Supplemental,12.0,0
17-2112.00,17-3023.00,Electrical and Electronic Engineering Technologists and Technicians,Supplemental,13.0,1
17-2112.00,17-3028.00,Calibration Technologists and Technicians,Supplemental,14.0,1
17-2112.00,13-1082.00,Project Management Specialists,Supplemental,15.0,0
17-2112.00,17-2072.00,"Electronics Engineers, Except Computer",Supplemental,16.0,1
17-2112.00,51-2092.00,Team Assemblers,Supplemental,17.0,0
17-2112.00,17-2141.02,Automotive Engineers,Supplemental,18.0,1
17-2112.00,17-3021.00,Aerospace Engineering and Operations Technologists and Technicians,Supplemental,19.0,1
17-2112.00,11-9041.00,Architectural and Engineering Managers,Supplemental,20.0,1
17-2112.01,17-2111.00,"Health and Safety Engineers, Except Mining Safety Engineers and Inspectors",Primary-Short,1.0,1
17-2112.01,17-2112.00,Industrial Engineers,Primary-Short,2.0,1
17-2112.01,17-2031.00,Bioengineers and Biomedical Engineers,Primary-Short,3.0,1
17-2112.01,17-2112.02,Validation Engineers,Primary-Short,4.0,1
17-2112.01,15-2051.00,Data Scientists,Primary-Short,5.0,1
17-2112.01,15-1221.00,Computer and Information Research Scientists,Primary-Long,6.0,1
17-2112.01,15-1211.01,Health Informatics Specialists,Primary-Long,7.0,1
17-2112.01,17-2199.08,Robotics Engineers,Primary-Long,8.0,1
17-2112.01,17-2199.05,Mechatronics Engineers,Primary-Long,9.0,1
17-2112.01,17-2112.03,Manufacturing Engineers,Primary-Long,10.0,1
17-2112.01,17-3026.00,Industrial Engineering Technologists and Technicians,Supplemental,11.0,1
17-2112.01,15-1253.00,Software Quality Assurance Analysts and Testers,Supplemental,12.0,1
17-2112.01,15-1299.04,Penetration Testers,Supplemental,13.0,1
17-2112.01,17-3027.00,Mechanical Engineering Technologists and Technicians,Supplemental,14.0,1
17-2112.01,15-2051.02,Clinical Data Managers,Supplemental,15.0,1
17-2112.01,17-3026.01,Nanotechnology Engineering Technologists and Technicians,Supplemental,16.0,1
17-2112.01,19-5012.00,Occupational Health and Safety Technicians,Supplemental,17.0,0
17-2112.01,17-2141.00,Mechanical Engineers,Supplemental,18.0,1
17-2112.01,19-5011.00,Occupational Health and Safety Specialists,Supplemental,19.0,0
17-2112.01,17-3023.00,Electrical and Electronic Engineering Technologists and Technicians,Supplemental,20.0,1
17-2112.02,17-2112.00,Industrial Engineers,Primary-Short,1.0,1
17-2112.02,11-3051.01,Quality Control Systems Managers,Primary-Short,2.0,0
17-2112.02,15-1253.00,Software Quality Assurance Analysts and Testers,Primary-Short,3.0,1
17-2112.02,17-2112.03,Manufacturing Engineers,Primary-Short,4.0,1
17-2112.02,17-2141.00,Mechanical Engineers,Primary-Short,5.0,1
17-2112.02,17-2072.00,"Electronics Engineers, Except Computer",Primary-Long,6.0,1
17-2112.02,17-2141.02,Automotive Engineers,Primary-Long,7.0,1
17-2112.02,17-2199.05,Mechatronics Engineers,Primary-Long,8.0,1
17-2112.02,17-2071.00,Electrical Engineers,Primary-Long,9.0,1
17-2112.02,17-2112.01,Human Factors Engineers and Ergonomists,Primary-Long,10.0,1
17-2112.02,17-3028.00,Calibration Technologists and Technicians,Supplemental,11.0,1
17-2112.02,17-3026.00,Industrial Engineering Technologists and Technicians,Supplemental,12.0,1
17-2112.02,19-4099.01,Quality Control Analysts,Supplemental,13.0,1
17-2112.02,17-3021.00,Aerospace Engineering and Operations Technologists and Technicians,Supplemental,14.0,1
17-2112.02,17-3027.00,Mechanical Engineering Technologists and Technicians,Supplemental,15.0,1
17-2112.02,15-1299.04,Penetration Testers,Supplemental,16.0,1
17-2112.02,17-3027.01,Automotive Engineering Technicians,Supplemental,17.0,1
17-2112.02,17-3023.00,Electrical and Electronic Engineering Technologists and Technicians,Supplemental,18.0,1
17-2112.02,49-2094.00,"Electrical and Electronics Repairers, Commercial and Industrial Equipment",Supplemental,19.0,0
17-2112.02,15-1252.00,Software Developers,Supplemental,20.0,1
17-2112.03,17-2112.00,Industrial Engineers,Primary-Short,1.0,1
17-2112.03,17-2141.00,Mechanical Engineers,Primary-Short,2.0,1
17-2112.03,11-3051.00,Industrial Production Managers,Primary-Short,3.0,0
17-2112.03,17-2199.05,Mechatronics Engineers,Primary-Short,4.0,1
17-2112.03,17-2041.00,Chemical Engineers,Primary-Short,5.0,1
17-2112.03,17-2141.02,Automotive Engineers,Primary-Long,6.0,1
17-2112.03,17-2131.00,Materials Engineers,Primary-Long,7.0,1
17-2112.03,17-2072.00,"Electronics Engineers, Except Computer",Primary-Long,8.0,1
17-2112.03,17-2112.02,Validation Engineers,Primary-Long,9.0,1
17-2112.03,17-2112.01,Human Factors Engineers and Ergonomists,Primary-Long,10.0,1
17-2112.03,17-3026.00,Industrial Engineering Technologists and Technicians,Supplemental,11.0,1
17-2112.03,17-3027.00,Mechanical Engineering Technologists and Technicians,Supplemental,12.0,1
17-2112.03,17-3023.00,Electrical and Electronic Engineering Technologists and Technicians,Supplemental,13.0,1
17-2112.03,17-2071.00,Electrical Engineers,Supplemental,14.0,1
17-2112.03,17-2199.06,Microsystems Engineers,Supplemental,15.0,1
17-2112.03,51-2092.00,Team Assemblers,Supplemental,16.0,0
17-2112.03,19-2032.00,Materials Scientists,Supplemental,17.0,1
17-2112.03,17-3024.01,Robotics Technicians,Supplemental,18.0,1
17-2112.03,13-1081.01,Logistics Engineers,Supplemental,19.0,0
17-2112.03,17-3021.00,Aerospace Engineering and Operations Technologists and Technicians,Supplemental,20.0,1
17-2121.00,53-5031.00,Ship Engineers,Primary-Short,1.0,0
17-2121.00,17-3021.00,Aerospace Engineering and Operations Technologists and Technicians,Primary-Short,2.0,1
17-2121.00,17-2011.00,Aerospace Engineers,Primary-Short,3.0,1
17-2121.00,17-3027.00,Mechanical Engineering Technologists and Technicians,Primary-Short,4.0,1
17-2121.00,17-2141.00,Mechanical Engineers,Primary-Short,5.0,1
17-2121.00,17-2112.00,Industrial Engineers,Primary-Long,6.0,1
17-2121.00,17-3022.00,Civil Engineering Technologists and Technicians,Primary-Long,7.0,1
17-2121.00,17-3023.00,Electrical and Electronic Engineering Technologists and Technicians,Primary-Long,8.0,1
17-2121.00,17-2051.00,Civil Engineers,Primary-Long,9.0,1
17-2121.00,17-2071.00,Electrical Engineers,Primary-Long,10.0,1
17-2121.00,49-3051.00,Motorboat Mechanics and Service Technicians,Supplemental,11.0,0
17-2121.00,49-2091.00,Avionics Technicians,Supplemental,12.0,0
17-2121.00,51-2011.00,"Aircraft Structure, Surfaces, Rigging, and Systems Assemblers",Supplemental,13.0,0
17-2121.00,17-3024.00,Electro-Mechanical and Mechatronics Technologists and Technicians,Supplemental,14.0,1
17-2121.00,49-2094.00,"Electrical and Electronics Repairers, Commercial and Industrial Equipment",Supplemental,15.0,0
17-2121.00,49-3011.00,Aircraft Mechanics and Service Technicians,Supplemental,16.0,0
17-2121.00,49-9071.00,"Maintenance and Repair Workers, General",Supplemental,17.0,0
17-2121.00,11-9041.00,Architectural and Engineering Managers,Supplemental,18.0,1
17-2121.00,17-3025.00,Environmental Engineering Technologists and Technicians,Supplemental,19.0,1
17-2121.00,17-3027.01,Automotive Engineering Technicians,Supplemental,20.0,1
17-2131.00,19-2032.00,Materials Scientists,Primary-Short,1.0,1
17-2131.00,17-2041.00,Chemical Engineers,Primary-Short,2.0,1
17-2131.00,17-2112.03,Manufacturing Engineers,Primary-Short,3.0,1
17-2131.00,17-2112.00,Industrial Engineers,Primary-Short,4.0,1
17-2131.00,17-2141.00,Mechanical Engineers,Primary-Short,5.0,1
17-2131.00,17-2199.09,Nanosystems Engineers,Primary-Long,6.0,1
17-2131.00,17-3026.01,Nanotechnology Engineering Technologists and Technicians,Primary-Long,7.0,1
17-2131.00,27-1021.00,Commercial and Industrial Designers,Primary-Long,8.0,0
17-2131.00,17-2071.00,Electrical Engineers,Primary-Long,9.0,1
17-2131.00,17-2031.00,Bioengineers and Biomedical Engineers,Primary-Long,10.0,1
17-2131.00,17-3026.00,Industrial Engineering Technologists and Technicians,Supplemental,11.0,1
17-2131.00,19-4031.00,Chemical Technicians,Supplemental,12.0,1
17-2131.00,17-3027.00,Mechanical Engineering Technologists and Technicians,Supplemental,13.0,1
17-2131.00,19-2031.00,Chemists,Supplemental,14.0,1
17-2131.00,17-2199.06,Microsystems Engineers,Supplemental,15.0,1
17-2131.00,17-3023.00,Electrical and Electronic Engineering Technologists and Technicians,Supplemental,16.0,1
17-2131.00,17-2199.05,Mechatronics Engineers,Supplemental,17.0,1
17-2131.00,17-2072.00,"Electronics Engineers, Except Computer",Supplemental,18.0,1
17-2131.00,11-9041.00,Architectural and Engineering Managers,Supplemental,19.0,1
17-2131.00,17-3029.08,Photonics Technicians,Supplemental,20.0,1
17-2141.00,17-3027.00,Mechanical Engineering Technologists and Technicians,Primary-Short,1.0,1
17-2141.00,17-2071.00,Electrical Engineers,Primary-Short,2.0,1
17-2141.00,17-3023.00,Electrical and Electronic Engineering Technologists and Technicians,Primary-Short,3.0,1
17-2141.00,17-2199.05,Mechatronics Engineers,Primary-Short,4.0,1
17-2141.00,17-2112.00,Industrial Engineers,Primary-Short,5.0,1
17-2141.00,17-2072.00,"Electronics Engineers, Except Computer",Primary-Long,6.0,1
17-2141.00,17-3028.00,Calibration Technologists and Technicians,Primary-Long,7.0,1
17-2141.00,17-3021.00,Aerospace Engineering and Operations Technologists and Technicians,Primary-Long,8.0,1
17-2141.00,17-2141.02,Automotive Engineers,Primary-Long,9.0,1
17-2141.00,17-2141.01,Fuel Cell Engineers,Primary-Long,10.0,1
17-2141.00,49-9041.00,Industrial Machinery Mechanics,Supplemental,11.0,0
17-2141.00,51-2031.00,Engine and Other Machine Assemblers,Supplemental,12.0,0
17-2141.00,51-8021.00,Stationary Engineers and Boiler Operators,Supplemental,13.0,0
17-2141.00,49-2094.00,"Electrical and Electronics Repairers, Commercial and Industrial Equipment",Supplemental,14.0,0
17-2141.00,17-2112.03,Manufacturing Engineers,Supplemental,15.0,1
17-2141.00,17-3026.00,Industrial Engineering Technologists and Technicians,Supplemental,16.0,1
17-2141.00,51-2011.00,"Aircraft Structure, Surfaces, Rigging, and Systems Assemblers",Supplemental,17.0,0
17-2141.00,49-9012.00,"Control and Valve Installers and Repairers, Except Mechanical Door",Supplemental,18.0,0
17-2141.00,51-2022.00,Electrical and Electronic Equipment Assemblers,Supplemental,19.0,0
17-2141.00,51-2023.00,Electromechanical Equipment Assemblers,Supplemental,20.0,0
17-2141.01,17-2041.00,Chemical Engineers,Primary-Short,1.0,1
17-2141.01,17-2141.02,Automotive Engineers,Primary-Short,2.0,1
17-2141.01,17-2199.06,Microsystems Engineers,Primary-Short,3.0,1
17-2141.01,11-9041.01,Biofuels/Biodiesel Technology and Product Development Managers,Primary-Short,4.0,1
17-2141.01,17-2071.00,Electrical Engineers,Primary-Short,5.0,1
17-2141.01,17-2141.00,Mechanical Engineers,Primary-Long,6.0,1
17-2141.01,17-2072.00,"Electronics Engineers, Except Computer",Primary-Long,7.0,1
17-2141.01,17-2011.00,Aerospace Engineers,Primary-Long,8.0,1
17-2141.01,19-2032.00,Materials Scientists,Primary-Long,9.0,1
17-2141.01,17-2161.00,Nuclear Engineers,Primary-Long,10.0,1
17-2141.01,17-3023.00,Electrical and Electronic Engineering Technologists and Technicians,Supplemental,11.0,1
17-2141.01,51-8013.03,Biomass Plant Technicians,Supplemental,12.0,0
17-2141.01,17-2199.11,Solar Energy Systems Engineers,Supplemental,13.0,1
17-2141.01,17-3027.00,Mechanical Engineering Technologists and Technicians,Supplemental,14.0,1
17-2141.01,17-2199.09,Nanosystems Engineers,Supplemental,15.0,1
17-2141.01,17-3027.01,Automotive Engineering Technicians,Supplemental,16.0,1
17-2141.01,17-3021.00,Aerospace Engineering and Operations Technologists and Technicians,Supplemental,17.0,1
17-2141.01,17-2199.05,Mechatronics Engineers,Supplemental,18.0,1
17-2141.01,17-3024.00,Electro-Mechanical and Mechatronics Technologists and Technicians,Supplemental,19.0,1
17-2141.01,17-2199.03,"Energy Engineers, Except Wind and Solar",Supplemental,20.0,1
17-2141.02,17-2141.00,Mechanical Engineers,Primary-Short,1.0,1
17-2141.02,17-2112.03,Manufacturing Engineers,Primary-Short,2.0,1
17-2141.02,17-2112.00,Industrial Engineers,Primary-Short,3.0,1
17-2141.02,17-2011.00,Aerospace Engineers,Primary-Short,4.0,1
17-2141.02,17-2072.00,"Electronics Engineers, Except Computer",Primary-Short,5.0,1
17-2141.02,17-2199.05,Mechatronics Engineers,Primary-Long,6.0,1
17-2141.02,17-2071.00,Electrical Engineers,Primary-Long,7.0,1
17-2141.02,17-2141.01,Fuel Cell Engineers,Primary-Long,8.0,1
17-2141.02,17-2112.02,Validation Engineers,Primary-Long,9.0,1
17-2141.02,17-2199.08,Robotics Engineers,Primary-Long,10.0,1
17-2141.02,17-3027.01,Automotive Engineering Technicians,Supplemental,11.0,1
17-2141.02,17-3027.00,Mechanical Engineering Technologists and Technicians,Supplemental,12.0,1
17-2141.02,17-3023.00,Electrical and Electronic Engineering Technologists and Technicians,Supplemental,13.0,1
17-2141.02,17-3021.00,Aerospace Engineering and Operations Technologists and Technicians,Supplemental,14.0,1
17-2141.02,17-3028.00,Calibration Technologists and Technicians,Supplemental,15.0,1
17-2141.02,17-3026.00,Industrial Engineering Technologists and Technicians,Supplemental,16.0,1
17-2141.02,49-3023.00,Automotive Service Technicians and Mechanics,Supplemental,17.0,0
17-2141.02,17-3024.01,Robotics Technicians,Supplemental,18.0,1
17-2141.02,49-2094.00,"Electrical and Electronics Repairers, Commercial and Industrial Equipment",Supplemental,19.0,0
17-2141.02,49-2091.00,Avionics Technicians,Supplemental,20.0,0
17-2151.00,17-2171.00,Petroleum Engineers,Primary-Short,1.0,1
17-2151.00,17-2051.00,Civil Engineers,Primary-Short,2.0,1
17-2151.00,19-4043.00,"Geological Technicians, Except Hydrologic Technicians",Primary-Short,3.0,1
17-2151.00,17-2112.00,Industrial Engineers,Primary-Short,4.0,1
17-2151.00,11-3051.02,Geothermal Production Managers,Primary-Short,5.0,0
17-2151.00,17-2041.00,Chemical Engineers,Primary-Long,6.0,1
17-2151.00,17-2081.00,Environmental Engineers,Primary-Long,7.0,1
17-2151.00,17-2051.02,Water/Wastewater Engineers,Primary-Long,8.0,1
17-2151.00,19-2042.00,"Geoscientists, Except Hydrologists and Geographers",Primary-Long,9.0,1
17-2151.00,17-3022.00,Civil Engineering Technologists and Technicians,Primary-Long,10.0,1
17-2151.00,17-2131.00,Materials Engineers,Supplemental,11.0,1
17-2151.00,17-2161.00,Nuclear Engineers,Supplemental,12.0,1
17-2151.00,47-5023.00,"Earth Drillers, Except Oil and Gas",Supplemental,13.0,0
17-2151.00,17-3026.00,Industrial Engineering Technologists and Technicians,Supplemental,14.0,1
17-2151.00,17-3025.00,Environmental Engineering Technologists and Technicians,Supplemental,15.0,1
17-2151.00,17-2112.03,Manufacturing Engineers,Supplemental,16.0,1
17-2151.00,47-5041.00,Continuous Mining Machine Operators,Supplemental,17.0,0
17-2151.00,47-5032.00,"Explosives Workers, Ordnance Handling Experts, and Blasters",Supplemental,18.0,0
17-2151.00,11-9021.00,Construction Managers,Supplemental,19.0,0
17-2151.00,51-8013.04,Hydroelectric Plant Technicians,Supplemental,20.0,0
17-2161.00,51-8011.00,Nuclear Power Reactor Operators,Primary-Short,1.0,0
17-2161.00,19-4051.00,Nuclear Technicians,Primary-Short,2.0,1
17-2161.00,19-4051.02,Nuclear Monitoring Technicians,Primary-Short,3.0,1
17-2161.00,17-2041.00,Chemical Engineers,Primary-Short,4.0,1
17-2161.00,11-3051.02,Geothermal Production Managers,Primary-Short,5.0,0
17-2161.00,17-2081.00,Environmental Engineers,Primary-Long,6.0,1
17-2161.00,11-9041.01,Biofuels/Biodiesel Technology and Product Development Managers,Primary-Long,7.0,1
17-2161.00,17-3025.00,Environmental Engineering Technologists and Technicians,Primary-Long,8.0,1
17-2161.00,11-3051.04,Biomass Power Plant Managers,Primary-Long,9.0,0
17-2161.00,17-2141.01,Fuel Cell Engineers,Primary-Long,10.0,1
17-2161.00,51-8013.00,Power Plant Operators,Supplemental,11.0,0
17-2161.00,19-4042.00,"Environmental Science and Protection Technicians, Including Health",Supplemental,12.0,1
17-2161.00,17-3026.01,Nanotechnology Engineering Technologists and Technicians,Supplemental,13.0,1
17-2161.00,11-3051.06,Hydroelectric Production Managers,Supplemental,14.0,0
17-2161.00,51-8013.03,Biomass Plant Technicians,Supplemental,15.0,0
17-2161.00,51-8013.04,Hydroelectric Plant Technicians,Supplemental,16.0,0
17-2161.00,17-2151.00,"Mining and Geological Engineers, Including Mining Safety Engineers",Supplemental,17.0,1
17-2161.00,17-2199.03,"Energy Engineers, Except Wind and Solar",Supplemental,18.0,1
17-2161.00,17-2112.00,Industrial Engineers,Supplemental,19.0,1
17-2161.00,17-3026.00,Industrial Engineering Technologists and Technicians,Supplemental,20.0,1
17-2171.00,17-2151.00,"Mining and Geological Engineers, Including Mining Safety Engineers",Primary-Short,1.0,1
17-2171.00,17-2041.00,Chemical Engineers,Primary-Short,2.0,1
17-2171.00,11-3051.02,Geothermal Production Managers,Primary-Short,3.0,0
17-2171.00,17-2051.02,Water/Wastewater Engineers,Primary-Short,4.0,1
17-2171.00,17-2112.00,Industrial Engineers,Primary-Short,5.0,1
17-2171.00,17-2141.00,Mechanical Engineers,Primary-Long,6.0,1
17-2171.00,17-2071.00,Electrical Engineers,Primary-Long,7.0,1
17-2171.00,17-2081.00,Environmental Engineers,Primary-Long,8.0,1
17-2171.00,17-2051.00,Civil Engineers,Primary-Long,9.0,1
17-2171.00,17-2112.03,Manufacturing Engineers,Primary-Long,10.0,1
17-2171.00,51-8093.00,"Petroleum Pump System Operators, Refinery Operators, and Gaugers",Supplemental,11.0,0
17-2171.00,19-4043.00,"Geological Technicians, Except Hydrologic Technicians",Supplemental,12.0,1
17-2171.00,51-8092.00,Gas Plant Operators,Supplemental,13.0,0
17-2171.00,53-7073.00,Wellhead Pumpers,Supplemental,14.0,0
17-2171.00,47-5013.00,"Service Unit Operators, Oil and Gas",Supplemental,15.0,0
17-2171.00,17-3026.00,Industrial Engineering Technologists and Technicians,Supplemental,16.0,1
17-2171.00,49-9099.01,Geothermal Technicians,Supplemental,17.0,0
17-2171.00,51-8031.00,Water and Wastewater Treatment Plant and System Operators,Supplemental,18.0,0
17-2171.00,17-2199.03,"Energy Engineers, Except Wind and Solar",Supplemental,19.0,1
17-2171.00,11-9041.01,Biofuels/Biodiesel Technology and Product Development Managers,Supplemental,20.0,1
17-2199.03,47-4011.01,Energy Auditors,Primary-Short,1.0,0
17-2199.03,17-2199.11,Solar Energy Systems Engineers,Primary-Short,2.0,1
17-2199.03,17-2199.10,Wind Energy Engineers,Primary-Short,3.0,1
17-2199.03,11-9199.10,Wind Energy Development Managers,Primary-Short,4.0,0
17-2199.03,11-3051.04,Biomass Power Plant Managers,Primary-Short,5.0,0
17-2199.03,17-2141.00,Mechanical Engineers,Primary-Long,6.0,1
17-2199.03,17-2071.00,Electrical Engineers,Primary-Long,7.0,1
17-2199.03,11-9041.01,Biofuels/Biodiesel Technology and Product Development Managers,Primary-Long,8.0,1
17-2199.03,47-1011.03,Solar Energy Installation Managers,Primary-Long,9.0,0
17-2199.03,17-2081.00,Environmental Engineers,Primary-Long,10.0,1
17-2199.03,11-3051.02,Geothermal Production Managers,Supplemental,11.0,0
17-2199.03,51-8013.03,Biomass Plant Technicians,Supplemental,12.0,0
17-2199.03,11-3051.06,Hydroelectric Production Managers,Supplemental,13.0,0
17-2199.03,17-2051.02,Water/Wastewater Engineers,Supplemental,14.0,1
17-2199.03,49-9099.01,Geothermal Technicians,Supplemental,15.0,0
17-2199.03,51-8012.00,Power Distributors and Dispatchers,Supplemental,16.0,0
17-2199.03,47-2152.04,Solar Thermal Installers and Technicians,Supplemental,17.0,0
17-2199.03,51-8013.00,Power Plant Operators,Supplemental,18.0,0
17-2199.03,49-9021.00,"Heating, Air Conditioning, and Refrigeration Mechanics and Installers",Supplemental,19.0,0
17-2199.03,41-4011.07,Solar Sales Representatives and Assessors,Supplemental,20.0,1
17-2199.05,17-3024.01,Robotics Technicians,Primary-Short,1.0,1
17-2199.05,17-2199.08,Robotics Engineers,Primary-Short,2.0,1
17-2199.05,17-3027.00,Mechanical Engineering Technologists and Technicians,Primary-Short,3.0,1
17-2199.05,17-2072.00,"Electronics Engineers, Except Computer",Primary-Short,4.0,1
17-2199.05,17-2141.00,Mechanical Engineers,Primary-Short,5.0,1
17-2199.05,17-3023.00,Electrical and Electronic Engineering Technologists and Technicians,Primary-Long,6.0,1
17-2199.05,17-3028.00,Calibration Technologists and Technicians,Primary-Long,7.0,1
17-2199.05,17-2199.06,Microsystems Engineers,Primary-Long,8.0,1
17-2199.05,17-2071.00,Electrical Engineers,Primary-Long,9.0,1
17-2199.05,15-1252.00,Software Developers,Primary-Long,10.0,1
17-2199.05,17-3024.00,Electro-Mechanical and Mechatronics Technologists and Technicians,Supplemental,11.0,1
17-2199.05,17-3026.00,Industrial Engineering Technologists and Technicians,Supplemental,12.0,1
17-2199.05,17-2112.03,Manufacturing Engineers,Supplemental,13.0,1
17-2199.05,17-3021.00,Aerospace Engineering and Operations Technologists and Technicians,Supplemental,14.0,1
17-2199.05,49-2094.00,"Electrical and Electronics Repairers, Commercial and Industrial Equipment",Supplemental,15.0,0
17-2199.05,17-2112.00,Industrial Engineers,Supplemental,16.0,1
17-2199.05,17-3013.00,Mechanical Drafters,Supplemental,17.0,1
17-2199.05,17-2061.00,Computer Hardware Engineers,Supplemental,18.0,1
17-2199.05,17-2141.02,Automotive Engineers,Supplemental,19.0,1
17-2199.05,17-3029.08,Photonics Technicians,Supplemental,20.0,1
17-2199.06,17-2072.00,"Electronics Engineers, Except Computer",Primary-Short,1.0,1
17-2199.06,17-2199.07,Photonics Engineers,Primary-Short,2.0,1
17-2199.06,17-2199.05,Mechatronics Engineers,Primary-Short,3.0,1
17-2199.06,17-2199.09,Nanosystems Engineers,Primary-Short,4.0,1
17-2199.06,17-2072.01,Radio Frequency Identification Device Specialists,Primary-Short,5.0,1
17-2199.06,19-2032.00,Materials Scientists,Primary-Long,6.0,1
17-2199.06,17-2199.08,Robotics Engineers,Primary-Long,7.0,1
17-2199.06,17-2112.03,Manufacturing Engineers,Primary-Long,8.0,1
17-2199.06,17-2071.00,Electrical Engineers,Primary-Long,9.0,1
17-2199.06,17-2141.00,Mechanical Engineers,Primary-Long,10.0,1
17-2199.06,17-2061.00,Computer Hardware Engineers,Supplemental,11.0,1
17-2199.06,17-3029.08,Photonics Technicians,Supplemental,12.0,1
17-2199.06,17-3023.00,Electrical and Electronic Engineering Technologists and Technicians,Supplemental,13.0,1
17-2199.06,17-3024.01,Robotics Technicians,Supplemental,14.0,1
17-2199.06,17-3027.00,Mechanical Engineering Technologists and Technicians,Supplemental,15.0,1
17-2199.06,17-3024.00,Electro-Mechanical and Mechatronics Technologists and Technicians,Supplemental,16.0,1
17-2199.06,17-3028.00,Calibration Technologists and Technicians,Supplemental,17.0,1
17-2199.06,49-2094.00,"Electrical and Electronics Repairers, Commercial and Industrial Equipment",Supplemental,18.0,0
17-2199.06,17-3026.01,Nanotechnology Engineering Technologists and Technicians,Supplemental,19.0,1
17-2199.06,51-9141.00,Semiconductor Processing Technicians,Supplemental,20.0,0
17-2199.07,17-3029.08,Photonics Technicians,Primary-Short,1.0,1
17-2199.07,17-2199.06,Microsystems Engineers,Primary-Short,2.0,1
17-2199.07,17-2072.00,"Electronics Engineers, Except Computer",Primary-Short,3.0,1
17-2199.07,17-2061.00,Computer Hardware Engineers,Primary-Short,4.0,1
17-2199.07,17-3023.00,Electrical and Electronic Engineering Technologists and Technicians,Primary-Short,5.0,1
17-2199.07,17-2199.05,Mechatronics Engineers,Primary-Long,6.0,1
17-2199.07,17-2199.09,Nanosystems Engineers,Primary-Long,7.0,1
17-2199.07,17-2071.00,Electrical Engineers,Primary-Long,8.0,1
17-2199.07,17-2072.01,Radio Frequency Identification Device Specialists,Primary-Long,9.0,1
17-2199.07,17-2199.08,Robotics Engineers,Primary-Long,10.0,1
17-2199.07,17-3028.00,Calibration Technologists and Technicians,Supplemental,11.0,1
17-2199.07,17-3024.01,Robotics Technicians,Supplemental,12.0,1
17-2199.07,19-2032.00,Materials Scientists,Supplemental,13.0,1
17-2199.07,17-3027.00,Mechanical Engineering Technologists and Technicians,Supplemental,14.0,1
17-2199.07,17-3024.00,Electro-Mechanical and Mechatronics Technologists and Technicians,Supplemental,15.0,1
17-2199.07,49-2094.00,"Electrical and Electronics Repairers, Commercial and Industrial Equipment",Supplemental,16.0,0
17-2199.07,17-3021.00,Aerospace Engineering and Operations Technologists and Technicians,Supplemental,17.0,1
17-2199.07,17-3026.01,Nanotechnology Engineering Technologists and Technicians,Supplemental,18.0,1
17-2199.07,17-2141.02,Automotive Engineers,Supplemental,19.0,1
17-2199.07,17-2141.00,Mechanical Engineers,Supplemental,20.0,1
17-2199.08,17-2199.05,Mechatronics Engineers,Primary-Short,1.0,1
17-2199.08,17-2072.00,"Electronics Engineers, Except Computer",Primary-Short,2.0,1
17-2199.08,17-2199.06,Microsystems Engineers,Primary-Short,3.0,1
17-2199.08,17-2141.00,Mechanical Engineers,Primary-Short,4.0,1
17-2199.08,17-2061.00,Computer Hardware Engineers,Primary-Short,5.0,1
17-2199.08,17-2112.03,Manufacturing Engineers,Primary-Long,6.0,1
17-2199.08,17-2141.02,Automotive Engineers,Primary-Long,7.0,1
17-2199.08,17-2011.00,Aerospace Engineers,Primary-Long,8.0,1
17-2199.08,17-2071.00,Electrical Engineers,Primary-Long,9.0,1
17-2199.08,15-1252.00,Software Developers,Primary-Long,10.0,1
17-2199.08,17-3024.01,Robotics Technicians,Supplemental,11.0,1
17-2199.08,17-3024.00,Electro-Mechanical and Mechatronics Technologists and Technicians,Supplemental,12.0,1
17-2199.08,17-3027.00,Mechanical Engineering Technologists and Technicians,Supplemental,13.0,1
17-2199.08,17-3021.00,Aerospace Engineering and Operations Technologists and Technicians,Supplemental,14.0,1
17-2199.08,17-3023.00,Electrical and Electronic Engineering Technologists and Technicians,Supplemental,15.0,1
17-2199.08,49-2094.00,"Electrical and Electronics Repairers, Commercial and Industrial Equipment",Supplemental,16.0,0
17-2199.08,17-3026.01,Nanotechnology Engineering Technologists and Technicians,Supplemental,17.0,1
17-2199.08,51-9162.00,Computer Numerically Controlled Tool Programmers,Supplemental,18.0,0
17-2199.08,51-9161.00,Computer Numerically Controlled Tool Operators,Supplemental,19.0,0
17-2199.08,17-3026.00,Industrial Engineering Technologists and Technicians,Supplemental,20.0,1
17-2199.09,17-3026.01,Nanotechnology Engineering Technologists and Technicians,Primary-Short,1.0,1
17-2199.09,19-2032.00,Materials Scientists,Primary-Short,2.0,1
17-2199.09,17-2199.06,Microsystems Engineers,Primary-Short,3.0,1
17-2199.09,17-2031.00,Bioengineers and Biomedical Engineers,Primary-Short,4.0,1
17-2199.09,17-2041.00,Chemical Engineers,Primary-Short,5.0,1
17-2199.09,11-9041.01,Biofuels/Biodiesel Technology and Product Development Managers,Primary-Long,6.0,1
17-2199.09,17-2131.00,Materials Engineers,Primary-Long,7.0,1
17-2199.09,17-2199.07,Photonics Engineers,Primary-Long,8.0,1
17-2199.09,17-3029.08,Photonics Technicians,Primary-Long,9.0,1
17-2199.09,19-2031.00,Chemists,Primary-Long,10.0,1
17-2199.09,17-2199.05,Mechatronics Engineers,Supplemental,11.0,1
17-2199.09,17-2199.08,Robotics Engineers,Supplemental,12.0,1
17-2199.09,17-2112.03,Manufacturing Engineers,Supplemental,13.0,1
17-2199.09,17-3026.00,Industrial Engineering Technologists and Technicians,Supplemental,14.0,1
17-2199.09,17-3027.00,Mechanical Engineering Technologists and Technicians,Supplemental,15.0,1
17-2199.09,19-1029.01,Bioinformatics Scientists,Supplemental,16.0,1
17-2199.09,19-1021.00,Biochemists and Biophysicists,Supplemental,17.0,1
17-2199.09,19-4031.00,Chemical Technicians,Supplemental,18.0,1
17-2199.09,17-2141.01,Fuel Cell Engineers,Supplemental,19.0,1
17-2199.09,19-1029.02,Molecular and Cellular Biologists,Supplemental,20.0,1
17-2199.10,11-9199.10,Wind Energy Development Managers,Primary-Short,1.0,0
17-2199.10,17-2199.11,Solar Energy Systems Engineers,Primary-Short,2.0,1
17-2199.10,17-2199.03,"Energy Engineers, Except Wind and Solar",Primary-Short,3.0,1
17-2199.10,17-2071.00,Electrical Engineers,Primary-Short,4.0,1
17-2199.10,17-2141.00,Mechanical Engineers,Primary-Short,5.0,1
17-2199.10,17-2011.00,Aerospace Engineers,Primary-Long,6.0,1
17-2199.10,17-2051.02,Water/Wastewater Engineers,Primary-Long,7.0,1
17-2199.10,17-2051.00,Civil Engineers,Primary-Long,8.0,1
17-2199.10,17-2141.02,Automotive Engineers,Primary-Long,9.0,1
17-2199.10,17-2199.05,Mechatronics Engineers,Primary-Long,10.0,1
17-2199.10,49-9081.00,Wind Turbine Service Technicians,Supplemental,11.0,0
17-2199.10,11-9199.09,Wind Energy Operations Managers,Supplemental,12.0,0
17-2199.10,11-3051.06,Hydroelectric Production Managers,Supplemental,13.0,0
17-2199.10,51-8013.04,Hydroelectric Plant Technicians,Supplemental,14.0,0
17-2199.10,11-3051.02,Geothermal Production Managers,Supplemental,15.0,0
17-2199.10,11-3051.04,Biomass Power Plant Managers,Supplemental,16.0,0
17-2199.10,47-2231.00,Solar Photovoltaic Installers,Supplemental,17.0,0
17-2199.10,51-8013.00,Power Plant Operators,Supplemental,18.0,0
17-2199.10,17-3027.00,Mechanical Engineering Technologists and Technicians,Supplemental,19.0,1
17-2199.10,51-8012.00,Power Distributors and Dispatchers,Supplemental,20.0,0
17-2199.11,41-4011.07,Solar Sales Representatives and Assessors,Primary-Short,1.0,1
17-2199.11,47-1011.03,Solar Energy Installation Managers,Primary-Short,2.0,0
17-2199.11,47-2152.04,Solar Thermal Installers and Technicians,Primary-Short,3.0,0
17-2199.11,17-2199.03,"Energy Engineers, Except Wind and Solar",Primary-Short,4.0,1
17-2199.11,17-2199.10,Wind Energy Engineers,Primary-Short,5.0,1
17-2199.11,17-2071.00,Electrical Engineers,Primary-Long,6.0,1
17-2199.11,11-9199.10,Wind Energy Development Managers,Primary-Long,7.0,0
17-2199.11,47-4011.01,Energy Auditors,Primary-Long,8.0,0
17-2199.11,17-2141.00,Mechanical Engineers,Primary-Long,9.0,1
17-2199.11,17-2072.00,"Electronics Engineers, Except Computer",Primary-Long,10.0,1
17-2199.11,47-2231.00,Solar Photovoltaic Installers,Supplemental,11.0,0
17-2199.11,49-9081.00,Wind Turbine Service Technicians,Supplemental,12.0,0
17-2199.11,11-3051.02,Geothermal Production Managers,Supplemental,13.0,0
17-2199.11,11-3051.06,Hydroelectric Production Managers,Supplemental,14.0,0
17-2199.11,51-8013.04,Hydroelectric Plant Technicians,Supplemental,15.0,0
17-2199.11,49-9099.01,Geothermal Technicians,Supplemental,16.0,0
17-2199.11,17-2141.01,Fuel Cell Engineers,Supplemental,17.0,1
17-2199.11,11-9041.01,Biofuels/Biodiesel Technology and Product Development Managers,Supplemental,18.0,1
17-2199.11,17-2051.02,Water/Wastewater Engineers,Supplemental,19.0,1
17-2199.11,17-3023.00,Electrical and Electronic Engineering Technologists and Technicians,Supplemental,20.0,1
17-3011.00,17-3013.00,Mechanical Drafters,Primary-Short,1.0,1
17-3011.00,17-3012.00,Electrical and Electronics Drafters,Primary-Short,2.0,1
17-3011.00,17-3022.00,Civil Engineering Technologists and Technicians,Primary-Short,3.0,1
17-3011.00,17-3027.00,Mechanical Engineering Technologists and Technicians,Primary-Short,4.0,1
17-3011.00,11-9041.00,Architectural and Engineering Managers,Primary-Short,5.0,1
17-3011.00,17-2051.00,Civil Engineers,Primary-Long,6.0,1
17-3011.00,17-1011.00,"Architects, Except Landscape and Naval",Primary-Long,7.0,1
17-3011.00,51-4192.00,"Layout Workers, Metal and Plastic",Primary-Long,8.0,0
17-3011.00,17-3031.00,Surveying and Mapping Technicians,Primary-Long,9.0,1
17-3011.00,17-3023.00,Electrical and Electronic Engineering Technologists and Technicians,Primary-Long,10.0,1
17-3011.00,17-2112.00,Industrial Engineers,Supplemental,11.0,1
17-3011.00,17-2141.00,Mechanical Engineers,Supplemental,12.0,1
17-3011.00,27-1021.00,Commercial and Industrial Designers,Supplemental,13.0,0
17-3011.00,17-2072.00,"Electronics Engineers, Except Computer",Supplemental,14.0,1
17-3011.00,47-4011.00,Construction and Building Inspectors,Supplemental,15.0,0
17-3011.00,11-9021.00,Construction Managers,Supplemental,16.0,0
17-3011.00,17-2071.00,Electrical Engineers,Supplemental,17.0,1
17-3011.00,51-9162.00,Computer Numerically Controlled Tool Programmers,Supplemental,18.0,0
17-3011.00,17-3028.00,Calibration Technologists and Technicians,Supplemental,19.0,1
17-3011.00,15-1252.00,Software Developers,Supplemental,20.0,1
17-3012.00,17-3013.00,Mechanical Drafters,Primary-Short,1.0,1
17-3012.00,17-3011.00,Architectural and Civil Drafters,Primary-Short,2.0,1
17-3012.00,17-3023.00,Electrical and Electronic Engineering Technologists and Technicians,Primary-Short,3.0,1
17-3012.00,17-2072.00,"Electronics Engineers, Except Computer",Primary-Short,4.0,1
17-3012.00,17-3027.00,Mechanical Engineering Technologists and Technicians,Primary-Short,5.0,1
17-3012.00,17-2071.00,Electrical Engineers,Primary-Long,6.0,1
17-3012.00,17-3022.00,Civil Engineering Technologists and Technicians,Primary-Long,7.0,1
17-3012.00,17-3028.00,Calibration Technologists and Technicians,Primary-Long,8.0,1
17-3012.00,51-9162.00,Computer Numerically Controlled Tool Programmers,Primary-Long,9.0,0
17-3012.00,27-1021.00,Commercial and Industrial Designers,Primary-Long,10.0,0
17-3012.00,17-2061.00,Computer Hardware Engineers,Supplemental,11.0,1
17-3012.00,17-2141.00,Mechanical Engineers,Supplemental,12.0,1
17-3012.00,51-4192.00,"Layout Workers, Metal and Plastic",Supplemental,13.0,0
17-3012.00,17-2199.05,Mechatronics Engineers,Supplemental,14.0,1
17-3012.00,51-2022.00,Electrical and Electronic Equipment Assemblers,Supplemental,15.0,0
17-3012.00,49-2094.00,"Electrical and Electronics Repairers, Commercial and Industrial Equipment",Supplemental,16.0,0
17-3012.00,17-2112.00,Industrial Engineers,Supplemental,17.0,1
17-3012.00,17-3024.01,Robotics Technicians,Supplemental,18.0,1
17-3012.00,51-2023.00,Electromechanical Equipment Assemblers,Supplemental,19.0,0
17-3012.00,17-3024.00,Electro-Mechanical and Mechatronics Technologists and Technicians,Supplemental,20.0,1
17-3013.00,17-3012.00,Electrical and Electronics Drafters,Primary-Short,1.0,1
17-3013.00,17-3011.00,Architectural and Civil Drafters,Primary-Short,2.0,1
17-3013.00,17-3027.00,Mechanical Engineering Technologists and Technicians,Primary-Short,3.0,1
17-3013.00,51-4061.00,"Model Makers, Metal and Plastic",Primary-Short,4.0,0
17-3013.00,27-1021.00,Commercial and Industrial Designers,Primary-Short,5.0,0
17-3013.00,51-4192.00,"Layout Workers, Metal and Plastic",Primary-Long,6.0,0
17-3013.00,17-3023.00,Electrical and Electronic Engineering Technologists and Technicians,Primary-Long,7.0,1
17-3013.00,51-9162.00,Computer Numerically Controlled Tool Programmers,Primary-Long,8.0,0
17-3013.00,51-4062.00,"Patternmakers, Metal and Plastic",Primary-Long,9.0,0
17-3013.00,51-4041.00,Machinists,Primary-Long,10.0,0
17-3013.00,17-2141.00,Mechanical Engineers,Supplemental,11.0,1
17-3013.00,17-2199.05,Mechatronics Engineers,Supplemental,12.0,1
17-3013.00,17-2112.00,Industrial Engineers,Supplemental,13.0,1
17-3013.00,17-3022.00,Civil Engineering Technologists and Technicians,Supplemental,14.0,1
17-3013.00,17-3024.01,Robotics Technicians,Supplemental,15.0,1
17-3013.00,17-3026.00,Industrial Engineering Technologists and Technicians,Supplemental,16.0,1
17-3013.00,17-2072.00,"Electronics Engineers, Except Computer",Supplemental,17.0,1
17-3013.00,17-3028.00,Calibration Technologists and Technicians,Supplemental,18.0,1
17-3013.00,17-2071.00,Electrical Engineers,Supplemental,19.0,1
17-3013.00,15-1252.00,Software Developers,Supplemental,20.0,1
17-3021.00,17-3028.00,Calibration Technologists and Technicians,Primary-Short,1.0,1
17-3021.00,49-2091.00,Avionics Technicians,Primary-Short,2.0,0
17-3021.00,17-3024.00,Electro-Mechanical and Mechatronics Technologists and Technicians,Primary-Short,3.0,1
17-3021.00,17-3027.00,Mechanical Engineering Technologists and Technicians,Primary-Short,4.0,1
17-3021.00,17-3027.01,Automotive Engineering Technicians,Primary-Short,5.0,1
17-3021.00,17-3024.01,Robotics Technicians,Primary-Long,6.0,1
17-3021.00,49-2094.00,"Electrical and Electronics Repairers, Commercial and Industrial Equipment",Primary-Long,7.0,0
17-3021.00,17-3023.00,Electrical and Electronic Engineering Technologists and Technicians,Primary-Long,8.0,1
17-3021.00,49-3011.00,Aircraft Mechanics and Service Technicians,Primary-Long,9.0,0
17-3021.00,17-3026.00,Industrial Engineering Technologists and Technicians,Primary-Long,10.0,1
17-3021.00,17-2011.00,Aerospace Engineers,Supplemental,11.0,1
17-3021.00,51-2011.00,"Aircraft Structure, Surfaces, Rigging, and Systems Assemblers",Supplemental,12.0,0
17-3021.00,17-2141.00,Mechanical Engineers,Supplemental,13.0,1
17-3021.00,17-3029.08,Photonics Technicians,Supplemental,14.0,1
17-3021.00,17-2199.05,Mechatronics Engineers,Supplemental,15.0,1
17-3021.00,17-2112.02,Validation Engineers,Supplemental,16.0,1
17-3021.00,17-2072.00,"Electronics Engineers, Except Computer",Supplemental,17.0,1
17-3021.00,49-9062.00,Medical Equipment Repairers,Supplemental,18.0,0
17-3021.00,17-2199.08,Robotics Engineers,Supplemental,19.0,1
17-3021.00,15-1252.00,Software Developers,Supplemental,20.0,1
17-3022.00,17-3011.00,Architectural and Civil Drafters,Primary-Short,1.0,1
17-3022.00,17-3027.00,Mechanical Engineering Technologists and Technicians,Primary-Short,2.0,1
17-3022.00,11-9021.00,Construction Managers,Primary-Short,3.0,0
17-3022.00,47-4011.00,Construction and Building Inspectors,Primary-Short,4.0,0
17-3022.00,17-3012.00,Electrical and Electronics Drafters,Primary-Short,5.0,1
17-3022.00,17-3013.00,Mechanical Drafters,Primary-Long,6.0,1
17-3022.00,17-2051.01,Transportation Engineers,Primary-Long,7.0,1
17-3022.00,17-3023.00,Electrical and Electronic Engineering Technologists and Technicians,Primary-Long,8.0,1
17-3022.00,17-3025.00,Environmental Engineering Technologists and Technicians,Primary-Long,9.0,1
17-3022.00,17-3026.00,Industrial Engineering Technologists and Technicians,Primary-Long,10.0,1
17-3022.00,17-2051.00,Civil Engineers,Supplemental,11.0,1
17-3022.00,11-9041.00,Architectural and Engineering Managers,Supplemental,12.0,1
17-3022.00,17-2112.00,Industrial Engineers,Supplemental,13.0,1
17-3022.00,47-1011.00,First-Line Supervisors of Construction Trades and Extraction Workers,Supplemental,14.0,0
17-3022.00,13-1082.00,Project Management Specialists,Supplemental,15.0,0
17-3022.00,17-2121.00,Marine Engineers and Naval Architects,Supplemental,16.0,1
17-3022.00,13-1051.00,Cost Estimators,Supplemental,17.0,0
17-3022.00,17-1011.00,"Architects, Except Landscape and Naval",Supplemental,18.0,1
17-3022.00,17-2141.00,Mechanical Engineers,Supplemental,19.0,1
17-3022.00,13-1081.01,Logistics Engineers,Supplemental,20.0,0
17-3023.00,17-3028.00,Calibration Technologists and Technicians,Primary-Short,1.0,1
17-3023.00,17-2072.00,"Electronics Engineers, Except Computer",Primary-Short,2.0,1
17-3023.00,17-3027.00,Mechanical Engineering Technologists and Technicians,Primary-Short,3.0,1
17-3023.00,49-2094.00,"Electrical and Electronics Repairers, Commercial and Industrial Equipment",Primary-Short,4.0,0
17-3023.00,17-3024.01,Robotics Technicians,Primary-Short,5.0,1
17-3023.00,49-2093.00,"Electrical and Electronics Installers and Repairers, Transportation Equipment",Primary-Long,6.0,0
17-3023.00,17-3024.00,Electro-Mechanical and Mechatronics Technologists and Technicians,Primary-Long,7.0,1
17-3023.00,17-3021.00,Aerospace Engineering and Operations Technologists and Technicians,Primary-Long,8.0,1
17-3023.00,51-2023.00,Electromechanical Equipment Assemblers,Primary-Long,9.0,0
17-3023.00,17-3026.00,Industrial Engineering Technologists and Technicians,Primary-Long,10.0,1
17-3023.00,17-2071.00,Electrical Engineers,Supplemental,11.0,1
17-3023.00,17-2141.00,Mechanical Engineers,Supplemental,12.0,1
17-3023.00,17-2199.05,Mechatronics Engineers,Supplemental,13.0,1
17-3023.00,17-2061.00,Computer Hardware Engineers,Supplemental,14.0,1
17-3023.00,17-3029.08,Photonics Technicians,Supplemental,15.0,1
17-3023.00,51-2022.00,Electrical and Electronic Equipment Assemblers,Supplemental,16.0,0
17-3023.00,17-3027.01,Automotive Engineering Technicians,Supplemental,17.0,1
17-3023.00,17-3012.00,Electrical and Electronics Drafters,Supplemental,18.0,1
17-3023.00,49-2091.00,Avionics Technicians,Supplemental,19.0,0
17-3023.00,49-2095.00,"Electrical and Electronics Repairers, Powerhouse, Substation, and Relay",Supplemental,20.0,0
17-3024.00,17-3021.00,Aerospace Engineering and Operations Technologists and Technicians,Primary-Short,1.0,1
17-3024.00,49-2091.00,Avionics Technicians,Primary-Short,2.0,0
17-3024.00,17-3024.01,Robotics Technicians,Primary-Short,3.0,1
17-3024.00,17-3028.00,Calibration Technologists and Technicians,Primary-Short,4.0,1
17-3024.00,17-3023.00,Electrical and Electronic Engineering Technologists and Technicians,Primary-Short,5.0,1
17-3024.00,49-2094.00,"Electrical and Electronics Repairers, Commercial and Industrial Equipment",Primary-Long,6.0,0
17-3024.00,17-3027.00,Mechanical Engineering Technologists and Technicians,Primary-Long,7.0,1
17-3024.00,51-2011.00,"Aircraft Structure, Surfaces, Rigging, and Systems Assemblers",Primary-Long,8.0,0
17-3024.00,17-3029.08,Photonics Technicians,Primary-Long,9.0,1
17-3024.00,17-3026.00,Industrial Engineering Technologists and Technicians,Primary-Long,10.0,1
17-3024.00,17-2199.08,Robotics Engineers,Supplemental,11.0,1
17-3024.00,17-2199.05,Mechatronics Engineers,Supplemental,12.0,1
17-3024.00,17-2072.00,"Electronics Engineers, Except Computer",Supplemental,13.0,1
17-3024.00,17-2011.00,Aerospace Engineers,Supplemental,14.0,1
17-3024.00,51-2023.00,Electromechanical Equipment Assemblers,Supplemental,15.0,0
17-3024.00,49-3011.00,Aircraft Mechanics and Service Technicians,Supplemental,16.0,0
17-3024.00,17-2141.00,Mechanical Engineers,Supplemental,17.0,1
17-3024.00,49-2093.00,"Electrical and Electronics Installers and Repairers, Transportation Equipment",Supplemental,18.0,0
17-3024.00,17-2071.00,Electrical Engineers,Supplemental,19.0,1
17-3024.00,17-3027.01,Automotive Engineering Technicians,Supplemental,20.0,1
17-3024.01,17-3023.00,Electrical and Electronic Engineering Technologists and Technicians,Primary-Short,1.0,1
17-3024.01,17-3028.00,Calibration Technologists and Technicians,Primary-Short,2.0,1
17-3024.01,17-3024.00,Electro-Mechanical and Mechatronics Technologists and Technicians,Primary-Short,3.0,1
17-3024.01,17-3027.00,Mechanical Engineering Technologists and Technicians,Primary-Short,4.0,1
17-3024.01,17-3021.00,Aerospace Engineering and Operations Technologists and Technicians,Primary-Short,5.0,1
17-3024.01,49-2094.00,"Electrical and Electronics Repairers, Commercial and Industrial Equipment",Primary-Long,6.0,0
17-3024.01,17-3029.08,Photonics Technicians,Primary-Long,7.0,1
17-3024.01,49-2091.00,Avionics Technicians,Primary-Long,8.0,0
17-3024.01,17-3027.01,Automotive Engineering Technicians,Primary-Long,9.0,1
17-3024.01,17-3026.00,Industrial Engineering Technologists and Technicians,Primary-Long,10.0,1
17-3024.01,17-2199.08,Robotics Engineers,Supplemental,11.0,1
17-3024.01,17-2199.05,Mechatronics Engineers,Supplemental,12.0,1
17-3024.01,17-2072.00,"Electronics Engineers, Except Computer",Supplemental,13.0,1
17-3024.01,51-2023.00,Electromechanical Equipment Assemblers,Supplemental,14.0,0
17-3024.01,49-2093.00,"Electrical and Electronics Installers and Repairers, Transportation Equipment",Supplemental,15.0,0
17-3024.01,51-9162.00,Computer Numerically Controlled Tool Programmers,Supplemental,16.0,0
17-3024.01,17-2141.00,Mechanical Engineers,Supplemental,17.0,1
17-3024.01,51-9161.00,Computer Numerically Controlled Tool Operators,Supplemental,18.0,0
17-3024.01,17-2071.00,Electrical Engineers,Supplemental,19.0,1
17-3024.01,27-4015.00,Lighting Technicians,Supplemental,20.0,0
17-3025.00,19-4042.00,"Environmental Science and Protection Technicians, Including Health",Primary-Short,1.0,1
17-3025.00,17-2081.00,Environmental Engineers,Primary-Short,2.0,1
17-3025.00,19-2041.00,"Environmental Scientists and Specialists, Including Health",Primary-Short,3.0,1
17-3025.00,13-1041.01,Environmental Compliance Inspectors,Primary-Short,4.0,0
17-3025.00,51-8031.00,Water and Wastewater Treatment Plant and System Operators,Primary-Short,5.0,0
17-3025.00,17-2051.02,Water/Wastewater Engineers,Primary-Long,6.0,1
17-3025.00,17-2112.00,Industrial Engineers,Primary-Long,7.0,1
17-3025.00,17-3026.00,Industrial Engineering Technologists and Technicians,Primary-Long,8.0,1
17-3025.00,19-4043.00,"Geological Technicians, Except Hydrologic Technicians",Primary-Long,9.0,1
17-3025.00,17-2041.00,Chemical Engineers,Primary-Long,10.0,1
17-3025.00,17-2141.00,Mechanical Engineers,Supplemental,11.0,1
17-3025.00,17-3021.00,Aerospace Engineering and Operations Technologists and Technicians,Supplemental,12.0,1
17-3025.00,19-4044.00,Hydrologic Technicians,Supplemental,13.0,1
17-3025.00,17-3027.00,Mechanical Engineering Technologists and Technicians,Supplemental,14.0,1
17-3025.00,17-2111.00,"Health and Safety Engineers, Except Mining Safety Engineers and Inspectors",Supplemental,15.0,1
17-3025.00,19-2041.03,Industrial Ecologists,Supplemental,16.0,1
17-3025.00,17-3022.00,Civil Engineering Technologists and Technicians,Supplemental,17.0,1
17-3025.00,11-9199.11,Brownfield Redevelopment Specialists and Site Managers,Supplemental,18.0,0
17-3025.00,17-3026.01,Nanotechnology Engineering Technologists and Technicians,Supplemental,19.0,1
17-3025.00,51-8013.03,Biomass Plant Technicians,Supplemental,20.0,0
17-3026.00,17-2112.00,Industrial Engineers,Primary-Short,1.0,1
17-3026.00,17-2112.03,Manufacturing Engineers,Primary-Short,2.0,1
17-3026.00,17-3027.00,Mechanical Engineering Technologists and Technicians,Primary-Short,3.0,1
17-3026.00,17-3028.00,Calibration Technologists and Technicians,Primary-Short,4.0,1
17-3026.00,17-3023.00,Electrical and Electronic Engineering Technologists and Technicians,Primary-Short,5.0,1
17-3026.00,17-3021.00,Aerospace Engineering and Operations Technologists and Technicians,Primary-Long,6.0,1
17-3026.00,17-3024.01,Robotics Technicians,Primary-Long,7.0,1
17-3026.00,17-3026.01,Nanotechnology Engineering Technologists and Technicians,Primary-Long,8.0,1
17-3026.00,17-3027.01,Automotive Engineering Technicians,Primary-Long,9.0,1
17-3026.00,17-3024.00,Electro-Mechanical and Mechatronics Technologists and Technicians,Primary-Long,10.0,1
17-3026.00,17-2141.00,Mechanical Engineers,Supplemental,11.0,1
17-3026.00,17-2199.05,Mechatronics Engineers,Supplemental,12.0,1
17-3026.00,17-2041.00,Chemical Engineers,Supplemental,13.0,1
17-3026.00,17-2112.02,Validation Engineers,Supplemental,14.0,1
17-3026.00,11-3051.00,Industrial Production Managers,Supplemental,15.0,0
17-3026.00,17-2131.00,Materials Engineers,Supplemental,16.0,1
17-3026.00,17-2072.00,"Electronics Engineers, Except Computer",Supplemental,17.0,1
17-3026.00,49-2094.00,"Electrical and Electronics Repairers, Commercial and Industrial Equipment",Supplemental,18.0,0
17-3026.00,17-2071.00,Electrical Engineers,Supplemental,19.0,1
17-3026.00,51-2092.00,Team Assemblers,Supplemental,20.0,0
17-3026.01,17-2199.09,Nanosystems Engineers,Primary-Short,1.0,1
17-3026.01,17-3027.00,Mechanical Engineering Technologists and Technicians,Primary-Short,2.0,1
17-3026.01,17-3026.00,Industrial Engineering Technologists and Technicians,Primary-Short,3.0,1
17-3026.01,19-4031.00,Chemical Technicians,Primary-Short,4.0,1
17-3026.01,17-3024.01,Robotics Technicians,Primary-Short,5.0,1
17-3026.01,19-2031.00,Chemists,Primary-Long,6.0,1
17-3026.01,17-3028.00,Calibration Technologists and Technicians,Primary-Long,7.0,1
17-3026.01,17-3021.00,Aerospace Engineering and Operations Technologists and Technicians,Primary-Long,8.0,1
17-3026.01,17-3023.00,Electrical and Electronic Engineering Technologists and Technicians,Primary-Long,9.0,1
17-3026.01,17-2041.00,Chemical Engineers,Primary-Long,10.0,1
17-3026.01,17-2031.00,Bioengineers and Biomedical Engineers,Supplemental,11.0,1
17-3026.01,19-2032.00,Materials Scientists,Supplemental,12.0,1
17-3026.01,17-3029.08,Photonics Technicians,Supplemental,13.0,1
17-3026.01,11-9041.01,Biofuels/Biodiesel Technology and Product Development Managers,Supplemental,14.0,1
17-3026.01,17-2199.05,Mechatronics Engineers,Supplemental,15.0,1
17-3026.01,17-2199.08,Robotics Engineers,Supplemental,16.0,1
17-3026.01,49-9062.00,Medical Equipment Repairers,Supplemental,17.0,0
17-3026.01,17-2199.06,Microsystems Engineers,Supplemental,18.0,1
17-3026.01,17-2112.00,Industrial Engineers,Supplemental,19.0,1
17-3026.01,29-2011.00,Medical and Clinical Laboratory Technologists,Supplemental,20.0,1
17-3027.00,17-3028.00,Calibration Technologists and Technicians,Primary-Short,1.0,1
17-3027.00,17-3023.00,Electrical and Electronic Engineering Technologists and Technicians,Primary-Short,2.0,1
17-3027.00,17-3021.00,Aerospace Engineering and Operations Technologists and Technicians,Primary-Short,3.0,1
17-3027.00,17-3024.01,Robotics Technicians,Primary-Short,4.0,1
17-3027.00,17-3026.00,Industrial Engineering Technologists and Technicians,Primary-Short,5.0,1
17-3027.00,17-3013.00,Mechanical Drafters,Primary-Long,6.0,1
17-3027.00,17-3027.01,Automotive Engineering Technicians,Primary-Long,7.0,1
17-3027.00,17-3029.08,Photonics Technicians,Primary-Long,8.0,1
17-3027.00,17-3022.00,Civil Engineering Technologists and Technicians,Primary-Long,9.0,1
17-3027.00,17-3026.01,Nanotechnology Engineering Technologists and Technicians,Primary-Long,10.0,1
17-3027.00,17-2141.00,Mechanical Engineers,Supplemental,11.0,1
17-3027.00,17-2199.05,Mechatronics Engineers,Supplemental,12.0,1
17-3027.00,17-2112.00,Industrial Engineers,Supplemental,13.0,1
17-3027.00,17-2072.00,"Electronics Engineers, Except Computer",Supplemental,14.0,1
17-3027.00,49-2094.00,"Electrical and Electronics Repairers, Commercial and Industrial Equipment",Supplemental,15.0,0
17-3027.00,17-2112.03,Manufacturing Engineers,Supplemental,16.0,1
17-3027.00,17-3012.00,Electrical and Electronics Drafters,Supplemental,17.0,1
17-3027.00,17-2071.00,Electrical Engineers,Supplemental,18.0,1
17-3027.00,17-2011.00,Aerospace Engineers,Supplemental,19.0,1
17-3027.00,15-1252.00,Software Developers,Supplemental,20.0,1
17-3027.01,17-3028.00,Calibration Technologists and Technicians,Primary-Short,1.0,1
17-3027.01,17-3021.00,Aerospace Engineering and Operations Technologists and Technicians,Primary-Short,2.0,1
17-3027.01,17-3027.00,Mechanical Engineering Technologists and Technicians,Primary-Short,3.0,1
17-3027.01,17-3023.00,Electrical and Electronic Engineering Technologists and Technicians,Primary-Short,4.0,1
17-3027.01,17-3024.01,Robotics Technicians,Primary-Short,5.0,1
17-3027.01,49-3023.00,Automotive Service Technicians and Mechanics,Primary-Long,6.0,0
17-3027.01,49-2093.00,"Electrical and Electronics Installers and Repairers, Transportation Equipment",Primary-Long,7.0,0
17-3027.01,17-3026.00,Industrial Engineering Technologists and Technicians,Primary-Long,8.0,1
17-3027.01,49-2091.00,Avionics Technicians,Primary-Long,9.0,0
17-3027.01,17-3024.00,Electro-Mechanical and Mechatronics Technologists and Technicians,Primary-Long,10.0,1
17-3027.01,17-2141.02,Automotive Engineers,Supplemental,11.0,1
17-3027.01,17-2141.00,Mechanical Engineers,Supplemental,12.0,1
17-3027.01,49-2094.00,"Electrical and Electronics Repairers, Commercial and Industrial Equipment",Supplemental,13.0,0
17-3027.01,17-3029.08,Photonics Technicians,Supplemental,14.0,1
17-3027.01,17-2112.00,Industrial Engineers,Supplemental,15.0,1
17-3027.01,17-2112.02,Validation Engineers,Supplemental,16.0,1
17-3027.01,17-2072.00,"Electronics Engineers, Except Computer",Supplemental,17.0,1
17-3027.01,49-9062.00,Medical Equipment Repairers,Supplemental,18.0,0
17-3027.01,17-2199.05,Mechatronics Engineers,Supplemental,19.0,1
17-3027.01,17-2011.00,Aerospace Engineers,Supplemental,20.0,1
17-3028.00,17-3021.00,Aerospace Engineering and Operations Technologists and Technicians,Primary-Short,1.0,1
17-3028.00,17-3023.00,Electrical and Electronic Engineering Technologists and Technicians,Primary-Short,2.0,1
17-3028.00,17-3027.00,Mechanical Engineering Technologists and Technicians,Primary-Short,3.0,1
17-3028.00,49-2094.00,"Electrical and Electronics Repairers, Commercial and Industrial Equipment",Primary-Short,4.0,0
17-3028.00,17-3024.01,Robotics Technicians,Primary-Short,5.0,1
17-3028.00,17-3027.01,Automotive Engineering Technicians,Primary-Long,6.0,1
17-3028.00,17-3024.00,Electro-Mechanical and Mechatronics Technologists and Technicians,Primary-Long,7.0,1
17-3028.00,51-2023.00,Electromechanical Equipment Assemblers,Primary-Long,8.0,0
17-3028.00,51-9061.00,"Inspectors, Testers, Sorters, Samplers, and Weighers",Primary-Long,9.0,0
17-3028.00,49-9062.00,Medical Equipment Repairers,Primary-Long,10.0,0
17-3028.00,17-2072.00,"Electronics Engineers, Except Computer",Supplemental,11.0,1
17-3028.00,17-3026.00,Industrial Engineering Technologists and Technicians,Supplemental,12.0,1
17-3028.00,17-2112.02,Validation Engineers,Supplemental,13.0,1
17-3028.00,49-2093.00,"Electrical and Electronics Installers and Repairers, Transportation Equipment",Supplemental,14.0,0
17-3028.00,17-3029.08,Photonics Technicians,Supplemental,15.0,1
17-3028.00,51-2022.00,Electrical and Electronic Equipment Assemblers,Supplemental,16.0,0
17-3028.00,17-2141.00,Mechanical Engineers,Supplemental,17.0,1
17-3028.00,19-4031.00,Chemical Technicians,Supplemental,18.0,1
17-3028.00,17-2199.05,Mechatronics Engineers,Supplemental,19.0,1
17-3028.00,49-2091.00,Avionics Technicians,Supplemental,20.0,0
17-3029.01,17-3021.00,Aerospace Engineering and Operations Technologists and Technicians,Primary-Short,1.0,1
17-3029.01,17-3028.00,Calibration Technologists and Technicians,Primary-Short,2.0,1
17-3029.01,17-3027.00,Mechanical Engineering Technologists and Technicians,Primary-Short,3.0,1
17-3029.01,17-3027.01,Automotive Engineering Technicians,Primary-Short,4.0,1
17-3029.01,17-3023.00,Electrical and Electronic Engineering Technologists and Technicians,Primary-Short,5.0,1
17-3029.01,51-9061.00,"Inspectors, Testers, Sorters, Samplers, and Weighers",Primary-Long,6.0,0
17-3029.01,17-3024.01,Robotics Technicians,Primary-Long,7.0,1
17-3029.01,49-2094.00,"Electrical and Electronics Repairers, Commercial and Industrial Equipment",Primary-Long,8.0,0
17-3029.01,19-4031.00,Chemical Technicians,Primary-Long,9.0,1
17-3029.01,19-4051.02,Nuclear Monitoring Technicians,Primary-Long,10.0,1
17-3029.01,17-2141.00,Mechanical Engineers,Supplemental,11.0,1
17-3029.01,17-2112.02,Validation Engineers,Supplemental,12.0,1
17-3029.01,17-3026.01,Nanotechnology Engineering Technologists and Technicians,Supplemental,13.0,1
17-3029.01,17-2041.00,Chemical Engineers,Supplemental,14.0,1
17-3029.01,17-3024.00,Electro-Mechanical and Mechatronics Technologists and Technicians,Supplemental,15.0,1
17-3029.01,17-3026.00,Industrial Engineering Technologists and Technicians,Supplemental,16.0,1
17-3029.01,17-3025.00,Environmental Engineering Technologists and Technicians,Supplemental,17.0,1
17-3029.01,17-3029.08,Photonics Technicians,Supplemental,18.0,1
17-3029.01,17-2112.00,Industrial Engineers,Supplemental,19.0,1
17-3029.01,19-4043.00,"Geological Technicians, Except Hydrologic Technicians",Supplemental,20.0,1
17-3029.08,17-2199.07,Photonics Engineers,Primary-Short,1.0,1
17-3029.08,17-3023.00,Electrical and Electronic Engineering Technologists and Technicians,Primary-Short,2.0,1
17-3029.08,17-3028.00,Calibration Technologists and Technicians,Primary-Short,3.0,1
17-3029.08,17-3024.01,Robotics Technicians,Primary-Short,4.0,1
17-3029.08,17-3027.00,Mechanical Engineering Technologists and Technicians,Primary-Short,5.0,1
17-3029.08,17-3021.00,Aerospace Engineering and Operations Technologists and Technicians,Primary-Long,6.0,1
17-3029.08,49-2094.00,"Electrical and Electronics Repairers, Commercial and Industrial Equipment",Primary-Long,7.0,0
17-3029.08,17-3024.00,Electro-Mechanical and Mechatronics Technologists and Technicians,Primary-Long,8.0,1
17-3029.08,17-3026.01,Nanotechnology Engineering Technologists and Technicians,Primary-Long,9.0,1
17-3029.08,17-3026.00,Industrial Engineering Technologists and Technicians,Primary-Long,10.0,1
17-3029.08,17-2199.06,Microsystems Engineers,Supplemental,11.0,1
17-3029.08,49-9062.00,Medical Equipment Repairers,Supplemental,12.0,0
17-3029.08,17-2072.00,"Electronics Engineers, Except Computer",Supplemental,13.0,1
17-3029.08,17-3027.01,Automotive Engineering Technicians,Supplemental,14.0,1
17-3029.08,17-2199.05,Mechatronics Engineers,Supplemental,15.0,1
17-3029.08,49-2093.00,"Electrical and Electronics Installers and Repairers, Transportation Equipment",Supplemental,16.0,0
17-3029.08,51-9083.00,Ophthalmic Laboratory Technicians,Supplemental,17.0,0
17-3029.08,17-2071.00,Electrical Engineers,Supplemental,18.0,1
17-3029.08,17-2199.08,Robotics Engineers,Supplemental,19.0,1
17-3029.08,17-2141.00,Mechanical Engineers,Supplemental,20.0,1
17-3031.00,17-1021.00,Cartographers and Photogrammetrists,Primary-Short,1.0,1
17-3031.00,17-1022.01,Geodetic Surveyors,Primary-Short,2.0,1
17-3031.00,15-1299.02,Geographic Information Systems Technologists and Technicians,Primary-Short,3.0,1
17-3031.00,17-1022.00,Surveyors,Primary-Short,4.0,1
17-3031.00,19-4043.00,"Geological Technicians, Except Hydrologic Technicians",Primary-Short,5.0,1
17-3031.00,17-3011.00,Architectural and Civil Drafters,Primary-Long,6.0,1
17-3031.00,17-3022.00,Civil Engineering Technologists and Technicians,Primary-Long,7.0,1
17-3031.00,19-4099.03,Remote Sensing Technicians,Primary-Long,8.0,1
17-3031.00,19-2099.01,Remote Sensing Scientists and Technologists,Primary-Long,9.0,1
17-3031.00,19-3092.00,Geographers,Primary-Long,10.0,1
17-3031.00,19-4044.00,Hydrologic Technicians,Supplemental,11.0,1
17-3031.00,19-2042.00,"Geoscientists, Except Hydrologists and Geographers",Supplemental,12.0,1
17-3031.00,17-3012.00,Electrical and Electronics Drafters,Supplemental,13.0,1
17-3031.00,15-2051.00,Data Scientists,Supplemental,14.0,1
17-3031.00,17-2051.00,Civil Engineers,Supplemental,15.0,1
17-3031.00,43-9111.00,Statistical Assistants,Supplemental,16.0,0
17-3031.00,53-6041.00,Traffic Technicians,Supplemental,17.0,0
17-3031.00,17-3028.00,Calibration Technologists and Technicians,Supplemental,18.0,1
17-3031.00,19-2043.00,Hydrologists,Supplemental,19.0,1
17-3031.00,17-2151.00,"Mining and Geological Engineers, Including Mining Safety Engineers",Supplemental,20.0,1
19-1011.00,19-1012.00,Food Scientists and Technologists,Primary-Short,1.0,1
19-1011.00,19-1013.00,Soil and Plant Scientists,Primary-Short,2.0,1
19-1011.00,19-1022.00,Microbiologists,Primary-Short,3.0,1
19-1011.00,11-9013.00,"Farmers, Ranchers, and Other Agricultural Managers",Primary-Short,4.0,0
19-1011.00,29-1131.00,Veterinarians,Primary-Short,5.0,1
19-1011.00,25-1041.00,"Agricultural Sciences Teachers, Postsecondary",Primary-Long,6.0,1
19-1011.00,19-1021.00,Biochemists and Biophysicists,Primary-Long,7.0,1
19-1011.00,19-1029.03,Geneticists,Primary-Long,8.0,1
19-1011.00,19-1029.04,Biologists,Primary-Long,9.0,1
19-1011.00,19-1023.00,Zoologists and Wildlife Biologists,Primary-Long,10.0,1
19-1011.00,45-2021.00,Animal Breeders,Supplemental,11.0,0
19-1011.00,19-4012.00,Agricultural Technicians,Supplemental,12.0,1
19-1011.00,45-2093.00,"Farmworkers, Farm, Ranch, and Aquacultural Animals",Supplemental,13.0,0
19-1011.00,19-4013.00,Food Science Technicians,Supplemental,14.0,1
19-1011.00,29-1031.00,Dietitians and Nutritionists,Supplemental,15.0,1
19-1011.00,31-9096.00,Veterinary Assistants and Laboratory Animal Caretakers,Supplemental,16.0,0
19-1011.00,45-2011.00,Agricultural Inspectors,Supplemental,17.0,0
19-1011.00,19-4021.00,Biological Technicians,Supplemental,18.0,1
19-1011.00,29-2051.00,Dietetic Technicians,Supplemental,19.0,1
19-1011.00,29-2056.00,Veterinary Technologists and Technicians,Supplemental,20.0,1
19-1012.00,19-4013.00,Food Science Technicians,Primary-Short,1.0,1
19-1012.00,19-1011.00,Animal Scientists,Primary-Short,2.0,1
19-1012.00,19-2031.00,Chemists,Primary-Short,3.0,1
19-1012.00,19-4012.00,Agricultural Technicians,Primary-Short,4.0,1
19-1012.00,19-1022.00,Microbiologists,Primary-Short,5.0,1
19-1012.00,11-9041.01,Biofuels/Biodiesel Technology and Product Development Managers,Primary-Long,6.0,1
19-1012.00,19-1013.00,Soil and Plant Scientists,Primary-Long,7.0,1
19-1012.00,19-4099.01,Quality Control Analysts,Primary-Long,8.0,1
19-1012.00,17-2021.00,Agricultural Engineers,Primary-Long,9.0,1
19-1012.00,17-2041.00,Chemical Engineers,Primary-Long,10.0,1
19-1012.00,45-2011.00,Agricultural Inspectors,Supplemental,11.0,0
19-1012.00,19-4031.00,Chemical Technicians,Supplemental,12.0,1
19-1012.00,51-8099.01,Biofuels Processing Technicians,Supplemental,13.0,0
19-1012.00,17-2112.00,Industrial Engineers,Supplemental,14.0,1
19-1012.00,11-3051.03,Biofuels Production Managers,Supplemental,15.0,0
19-1012.00,17-2111.00,"Health and Safety Engineers, Except Mining Safety Engineers and Inspectors",Supplemental,16.0,1
19-1012.00,17-3026.00,Industrial Engineering Technologists and Technicians,Supplemental,17.0,1
19-1012.00,19-2041.03,Industrial Ecologists,Supplemental,18.0,1
19-1012.00,45-2041.00,"Graders and Sorters, Agricultural Products",Supplemental,19.0,0
19-1012.00,35-2014.00,"Cooks, Restaurant",Supplemental,20.0,0
19-1013.00,19-1031.00,Conservation Scientists,Primary-Short,1.0,1
19-1013.00,19-4012.01,Precision Agriculture Technicians,Primary-Short,2.0,1
19-1013.00,19-2041.03,Industrial Ecologists,Primary-Short,3.0,1
19-1013.00,19-1022.00,Microbiologists,Primary-Short,4.0,1
19-1013.00,17-2021.00,Agricultural Engineers,Primary-Short,5.0,1
19-1013.00,19-1029.04,Biologists,Primary-Long,6.0,1
19-1013.00,19-2042.00,"Geoscientists, Except Hydrologists and Geographers",Primary-Long,7.0,1
19-1013.00,19-1031.02,Range Managers,Primary-Long,8.0,1
19-1013.00,19-2043.00,Hydrologists,Primary-Long,9.0,1
19-1013.00,19-2041.00,"Environmental Scientists and Specialists, Including Health",Primary-Long,10.0,1
19-1013.00,19-4012.00,Agricultural Technicians,Supplemental,11.0,1
19-1013.00,19-1011.00,Animal Scientists,Supplemental,12.0,1
19-1013.00,45-2092.00,"Farmworkers and Laborers, Crop, Nursery, and Greenhouse",Supplemental,13.0,0
19-1013.00,19-4071.00,Forest and Conservation Technicians,Supplemental,14.0,1
19-1013.00,11-9013.00,"Farmers, Ranchers, and Other Agricultural Managers",Supplemental,15.0,0
19-1013.00,19-2041.02,Environmental Restoration Planners,Supplemental,16.0,1
19-1013.00,19-4021.00,Biological Technicians,Supplemental,17.0,1
19-1013.00,19-4042.00,"Environmental Science and Protection Technicians, Including Health",Supplemental,18.0,1
19-1013.00,19-1012.00,Food Scientists and Technologists,Supplemental,19.0,1
19-1013.00,19-1032.00,Foresters,Supplemental,20.0,1
19-1021.00,19-1029.02,Molecular and Cellular Biologists,Primary-Short,1.0,1
19-1021.00,19-1022.00,Microbiologists,Primary-Short,2.0,1
19-1021.00,19-1029.03,Geneticists,Primary-Short,3.0,1
19-1021.00,19-1042.00,"Medical Scientists, Except Epidemiologists",Primary-Short,4.0,1
19-1021.00,19-2031.00,Chemists,Primary-Short,5.0,1
19-1021.00,17-2031.00,Bioengineers and Biomedical Engineers,Primary-Long,6.0,1
19-1021.00,19-1029.01,Bioinformatics Scientists,Primary-Long,7.0,1
19-1021.00,19-2012.00,Physicists,Primary-Long,8.0,1
19-1021.00,29-2012.00,Medical and Clinical Laboratory Technicians,Primary-Long,9.0,1
19-1021.00,19-1011.00,Animal Scientists,Primary-Long,10.0,1
19-1021.00,29-2011.00,Medical and Clinical Laboratory Technologists,Supplemental,11.0,1
19-1021.00,19-4021.00,Biological Technicians,Supplemental,12.0,1
19-1021.00,19-1029.04,Biologists,Supplemental,13.0,1
19-1021.00,29-2011.01,Cytogenetic Technologists,Supplemental,14.0,1
19-1021.00,17-3026.01,Nanotechnology Engineering Technologists and Technicians,Supplemental,15.0,1
19-1021.00,17-2199.09,Nanosystems Engineers,Supplemental,16.0,1
19-1021.00,15-2051.00,Data Scientists,Supplemental,17.0,1
19-1021.00,25-1052.00,"Chemistry Teachers, Postsecondary",Supplemental,18.0,1
19-1021.00,29-2011.04,Histotechnologists,Supplemental,19.0,1
19-1021.00,29-2012.01,Histology Technicians,Supplemental,20.0,1
19-1022.00,19-1021.00,Biochemists and Biophysicists,Primary-Short,1.0,1
19-1022.00,19-4021.00,Biological Technicians,Primary-Short,2.0,1
19-1022.00,19-1042.00,"Medical Scientists, Except Epidemiologists",Primary-Short,3.0,1
19-1022.00,29-2011.04,Histotechnologists,Primary-Short,4.0,1
19-1022.00,19-1029.03,Geneticists,Primary-Short,5.0,1
19-1022.00,19-2031.00,Chemists,Primary-Long,6.0,1
19-1022.00,19-1029.02,Molecular and Cellular Biologists,Primary-Long,7.0,1
19-1022.00,19-1029.04,Biologists,Primary-Long,8.0,1
19-1022.00,29-1222.00,"Physicians, Pathologists",Primary-Long,9.0,1
19-1022.00,19-1041.00,Epidemiologists,Primary-Long,10.0,1
19-1022.00,29-2011.00,Medical and Clinical Laboratory Technologists,Supplemental,11.0,1
19-1022.00,29-2012.00,Medical and Clinical Laboratory Technicians,Supplemental,12.0,1
19-1022.00,19-1013.00,Soil and Plant Scientists,Supplemental,13.0,1
19-1022.00,29-2011.01,Cytogenetic Technologists,Supplemental,14.0,1
19-1022.00,29-2012.01,Histology Technicians,Supplemental,15.0,1
19-1022.00,17-2031.00,Bioengineers and Biomedical Engineers,Supplemental,16.0,1
19-1022.00,19-4031.00,Chemical Technicians,Supplemental,17.0,1
19-1022.00,19-4012.00,Agricultural Technicians,Supplemental,18.0,1
19-1022.00,19-1029.01,Bioinformatics Scientists,Supplemental,19.0,1
19-1022.00,17-3026.01,Nanotechnology Engineering Technologists and Technicians,Supplemental,20.0,1
19-1023.00,19-1029.04,Biologists,Primary-Short,1.0,1
19-1023.00,19-1031.00,Conservation Scientists,Primary-Short,2.0,1
19-1023.00,19-1031.02,Range Managers,Primary-Short,3.0,1
19-1023.00,19-2041.02,Environmental Restoration Planners,Primary-Short,4.0,1
19-1023.00,33-3031.00,Fish and Game Wardens,Primary-Short,5.0,0
19-1023.00,19-1013.00,Soil and Plant Scientists,Primary-Long,6.0,1
19-1023.00,19-2041.00,"Environmental Scientists and Specialists, Including Health",Primary-Long,7.0,1
19-1023.00,19-2042.00,"Geoscientists, Except Hydrologists and Geographers",Primary-Long,8.0,1
19-1023.00,19-1011.00,Animal Scientists,Primary-Long,9.0,1
19-1023.00,19-1032.00,Foresters,Primary-Long,10.0,1
19-1023.00,19-4021.00,Biological Technicians,Supplemental,11.0,1
19-1023.00,25-1043.00,"Forestry and Conservation Science Teachers, Postsecondary",Supplemental,12.0,1
19-1023.00,19-4071.00,Forest and Conservation Technicians,Supplemental,13.0,1
19-1023.00,19-2041.03,Industrial Ecologists,Supplemental,14.0,1
19-1023.00,19-1022.00,Microbiologists,Supplemental,15.0,1
19-1023.00,25-1053.00,"Environmental Science Teachers, Postsecondary",Supplemental,16.0,1
19-1023.00,25-1041.00,"Agricultural Sciences Teachers, Postsecondary",Supplemental,17.0,1
19-1023.00,45-4011.00,Forest and Conservation Workers,Supplemental,18.0,0
19-1023.00,19-2043.00,Hydrologists,Supplemental,19.0,1
19-1023.00,19-4012.00,Agricultural Technicians,Supplemental,20.0,1
19-1029.01,15-2099.01,Bioinformatics Technicians,Primary-Short,1.0,1
19-1029.01,15-2051.00,Data Scientists,Primary-Short,2.0,1
19-1029.01,19-1029.02,Molecular and Cellular Biologists,Primary-Short,3.0,1
19-1029.01,19-1029.03,Geneticists,Primary-Short,4.0,1
19-1029.01,17-2031.00,Bioengineers and Biomedical Engineers,Primary-Short,5.0,1
19-1029.01,15-2041.01,Biostatisticians,Primary-Long,6.0,1
19-1029.01,19-1021.00,Biochemists and Biophysicists,Primary-Long,7.0,1
19-1029.01,19-4021.00,Biological Technicians,Primary-Long,8.0,1
19-1029.01,15-2041.00,Statisticians,Primary-Long,9.0,1
19-1029.01,29-2011.01,Cytogenetic Technologists,Primary-Long,10.0,1
19-1029.01,17-3026.01,Nanotechnology Engineering Technologists and Technicians,Supplemental,11.0,1
19-1029.01,19-1022.00,Microbiologists,Supplemental,12.0,1
19-1029.01,29-2011.00,Medical and Clinical Laboratory Technologists,Supplemental,13.0,1
19-1029.01,11-9121.00,Natural Sciences Managers,Supplemental,14.0,1
19-1029.01,15-2021.00,Mathematicians,Supplemental,15.0,1
19-1029.01,15-2051.02,Clinical Data Managers,Supplemental,16.0,1
19-1029.01,17-2199.09,Nanosystems Engineers,Supplemental,17.0,1
19-1029.01,25-1042.00,"Biological Science Teachers, Postsecondary",Supplemental,18.0,1
19-1029.01,19-1042.00,"Medical Scientists, Except Epidemiologists",Supplemental,19.0,1
19-1029.01,15-1252.00,Software Developers,Supplemental,20.0,1
19-1029.02,19-1021.00,Biochemists and Biophysicists,Primary-Short,1.0,1
19-1029.02,19-1029.03,Geneticists,Primary-Short,2.0,1
19-1029.02,19-1029.01,Bioinformatics Scientists,Primary-Short,3.0,1
19-1029.02,19-1029.04,Biologists,Primary-Short,4.0,1
19-1029.02,17-2031.00,Bioengineers and Biomedical Engineers,Primary-Short,5.0,1
19-1029.02,25-1042.00,"Biological Science Teachers, Postsecondary",Primary-Long,6.0,1
19-1029.02,19-1022.00,Microbiologists,Primary-Long,7.0,1
19-1029.02,29-2011.00,Medical and Clinical Laboratory Technologists,Primary-Long,8.0,1
19-1029.02,29-2011.01,Cytogenetic Technologists,Primary-Long,9.0,1
19-1029.02,19-1042.00,"Medical Scientists, Except Epidemiologists",Primary-Long,10.0,1
19-1029.02,19-4021.00,Biological Technicians,Supplemental,11.0,1
19-1029.02,11-9121.00,Natural Sciences Managers,Supplemental,12.0,1
19-1029.02,29-2012.00,Medical and Clinical Laboratory Technicians,Supplemental,13.0,1
19-1029.02,19-2031.00,Chemists,Supplemental,14.0,1
19-1029.02,25-1052.00,"Chemistry Teachers, Postsecondary",Supplemental,15.0,1
19-1029.02,15-2099.01,Bioinformatics Technicians,Supplemental,16.0,1
19-1029.02,29-1222.00,"Physicians, Pathologists",Supplemental,17.0,1
19-1029.02,17-3026.01,Nanotechnology Engineering Technologists and Technicians,Supplemental,18.0,1
19-1029.02,17-2199.09,Nanosystems Engineers,Supplemental,19.0,1
19-1029.02,29-2011.04,Histotechnologists,Supplemental,20.0,1
19-1029.03,19-1029.02,Molecular and Cellular Biologists,Primary-Short,1.0,1
19-1029.03,19-1021.00,Biochemists and Biophysicists,Primary-Short,2.0,1
19-1029.03,19-1042.00,"Medical Scientists, Except Epidemiologists",Primary-Short,3.0,1
19-1029.03,19-1029.01,Bioinformatics Scientists,Primary-Short,4.0,1
19-1029.03,19-1022.00,Microbiologists,Primary-Short,5.0,1
19-1029.03,19-1029.04,Biologists,Primary-Long,6.0,1
19-1029.03,29-1222.00,"Physicians, Pathologists",Primary-Long,7.0,1
19-1029.03,29-2011.00,Medical and Clinical Laboratory Technologists,Primary-Long,8.0,1
19-1029.03,29-2011.01,Cytogenetic Technologists,Primary-Long,9.0,1
19-1029.03,19-1041.00,Epidemiologists,Primary-Long,10.0,1
19-1029.03,19-4021.00,Biological Technicians,Supplemental,11.0,1
19-1029.03,17-2031.00,Bioengineers and Biomedical Engineers,Supplemental,12.0,1
19-1029.03,25-1042.00,"Biological Science Teachers, Postsecondary",Supplemental,13.0,1
19-1029.03,15-2041.01,Biostatisticians,Supplemental,14.0,1
19-1029.03,29-2012.00,Medical and Clinical Laboratory Technicians,Supplemental,15.0,1
19-1029.03,15-2051.00,Data Scientists,Supplemental,16.0,1
19-1029.03,29-9092.00,Genetic Counselors,Supplemental,17.0,1
19-1029.03,11-9121.01,Clinical Research Coordinators,Supplemental,18.0,1
19-1029.03,15-2099.01,Bioinformatics Technicians,Supplemental,19.0,1
19-1029.03,15-2041.00,Statisticians,Supplemental,20.0,1
19-1029.04,19-1029.02,Molecular and Cellular Biologists,Primary-Short,1.0,1
19-1029.04,19-1023.00,Zoologists and Wildlife Biologists,Primary-Short,2.0,1
19-1029.04,19-1029.03,Geneticists,Primary-Short,3.0,1
19-1029.04,19-4021.00,Biological Technicians,Primary-Short,4.0,1
19-1029.04,19-1022.00,Microbiologists,Primary-Short,5.0,1
19-1029.04,19-1021.00,Biochemists and Biophysicists,Primary-Long,6.0,1
19-1029.04,19-1013.00,Soil and Plant Scientists,Primary-Long,7.0,1
19-1029.04,19-1031.00,Conservation Scientists,Primary-Long,8.0,1
19-1029.04,11-9121.00,Natural Sciences Managers,Primary-Long,9.0,1
19-1029.04,19-2042.00,"Geoscientists, Except Hydrologists and Geographers",Primary-Long,10.0,1
19-1029.04,19-1029.01,Bioinformatics Scientists,Supplemental,11.0,1
19-1029.04,19-2041.03,Industrial Ecologists,Supplemental,12.0,1
19-1029.04,25-1053.00,"Environmental Science Teachers, Postsecondary",Supplemental,13.0,1
19-1029.04,19-2041.00,"Environmental Scientists and Specialists, Including Health",Supplemental,14.0,1
19-1029.04,19-1042.00,"Medical Scientists, Except Epidemiologists",Supplemental,15.0,1
19-1029.04,25-1042.00,"Biological Science Teachers, Postsecondary",Supplemental,16.0,1
19-1029.04,25-1043.00,"Forestry and Conservation Science Teachers, Postsecondary",Supplemental,17.0,1
19-1029.04,17-2031.00,Bioengineers and Biomedical Engineers,Supplemental,18.0,1
19-1029.04,19-2041.02,Environmental Restoration Planners,Supplemental,19.0,1
19-1029.04,29-2011.00,Medical and Clinical Laboratory Technologists,Supplemental,20.0,1
19-1031.00,19-2041.02,Environmental Restoration Planners,Primary-Short,1.0,1
19-1031.00,19-1031.02,Range Managers,Primary-Short,2.0,1
19-1031.00,19-2041.03,Industrial Ecologists,Primary-Short,3.0,1
19-1031.00,19-2041.00,"Environmental Scientists and Specialists, Including Health",Primary-Short,4.0,1
19-1031.00,19-1013.00,Soil and Plant Scientists,Primary-Short,5.0,1
19-1031.00,11-9121.02,Water Resource Specialists,Primary-Long,6.0,1
19-1031.00,11-9199.11,Brownfield Redevelopment Specialists and Site Managers,Primary-Long,7.0,0
19-1031.00,19-2043.00,Hydrologists,Primary-Long,8.0,1
19-1031.00,19-1032.00,Foresters,Primary-Long,9.0,1
19-1031.00,19-1031.03,Park Naturalists,Primary-Long,10.0,1
19-1031.00,19-4044.00,Hydrologic Technicians,Supplemental,11.0,1
19-1031.00,19-4071.00,Forest and Conservation Technicians,Supplemental,12.0,1
19-1031.00,17-2081.00,Environmental Engineers,Supplemental,13.0,1
19-1031.00,17-2021.00,Agricultural Engineers,Supplemental,14.0,1
19-1031.00,19-2042.00,"Geoscientists, Except Hydrologists and Geographers",Supplemental,15.0,1
19-1031.00,17-2051.02,Water/Wastewater Engineers,Supplemental,16.0,1
19-1031.00,19-4042.00,"Environmental Science and Protection Technicians, Including Health",Supplemental,17.0,1
19-1031.00,19-1029.04,Biologists,Supplemental,18.0,1
19-1031.00,13-1041.01,Environmental Compliance Inspectors,Supplemental,19.0,0
19-1031.00,19-1023.00,Zoologists and Wildlife Biologists,Supplemental,20.0,1
19-1031.02,19-1031.00,Conservation Scientists,Primary-Short,1.0,1
19-1031.02,19-2041.02,Environmental Restoration Planners,Primary-Short,2.0,1
19-1031.02,19-1032.00,Foresters,Primary-Short,3.0,1
19-1031.02,19-1013.00,Soil and Plant Scientists,Primary-Short,4.0,1
19-1031.02,19-2041.03,Industrial Ecologists,Primary-Short,5.0,1
19-1031.02,11-9121.02,Water Resource Specialists,Primary-Long,6.0,1
19-1031.02,19-2041.00,"Environmental Scientists and Specialists, Including Health",Primary-Long,7.0,1
19-1031.02,19-1023.00,Zoologists and Wildlife Biologists,Primary-Long,8.0,1
19-1031.02,45-1011.00,"First-Line Supervisors of Farming, Fishing, and Forestry Workers",Primary-Long,9.0,0
19-1031.02,19-1031.03,Park Naturalists,Primary-Long,10.0,1
19-1031.02,19-4071.00,Forest and Conservation Technicians,Supplemental,11.0,1
19-1031.02,45-4011.00,Forest and Conservation Workers,Supplemental,12.0,0
19-1031.02,33-3031.00,Fish and Game Wardens,Supplemental,13.0,0
19-1031.02,11-9199.11,Brownfield Redevelopment Specialists and Site Managers,Supplemental,14.0,0
19-1031.02,17-2021.00,Agricultural Engineers,Supplemental,15.0,1
19-1031.02,11-1011.03,Chief Sustainability Officers,Supplemental,16.0,0
19-1031.02,17-2081.00,Environmental Engineers,Supplemental,17.0,1
19-1031.02,33-2022.00,Forest Fire Inspectors and Prevention Specialists,Supplemental,18.0,0
19-1031.02,19-1029.04,Biologists,Supplemental,19.0,1
19-1031.02,19-4044.00,Hydrologic Technicians,Supplemental,20.0,1
19-1031.03,39-7011.00,Tour Guides and Escorts,Primary-Short,1.0,0
19-1031.03,19-4071.00,Forest and Conservation Technicians,Primary-Short,2.0,1
19-1031.03,39-9032.00,Recreation Workers,Primary-Short,3.0,0
19-1031.03,19-1031.02,Range Managers,Primary-Short,4.0,1
19-1031.03,33-3031.00,Fish and Game Wardens,Primary-Short,5.0,0
19-1031.03,19-1031.00,Conservation Scientists,Primary-Long,6.0,1
19-1031.03,25-1043.00,"Forestry and Conservation Science Teachers, Postsecondary",Primary-Long,7.0,1
19-1031.03,19-1032.00,Foresters,Primary-Long,8.0,1
19-1031.03,19-2041.00,"Environmental Scientists and Specialists, Including Health",Primary-Long,9.0,1
19-1031.03,19-3093.00,Historians,Primary-Long,10.0,0
19-1031.03,11-9072.00,"Entertainment and Recreation Managers, Except Gambling",Supplemental,11.0,0
19-1031.03,19-1023.00,Zoologists and Wildlife Biologists,Supplemental,12.0,1
19-1031.03,45-4011.00,Forest and Conservation Workers,Supplemental,13.0,0
19-1031.03,33-2022.00,Forest Fire Inspectors and Prevention Specialists,Supplemental,14.0,0
19-1031.03,11-9031.00,"Education and Childcare Administrators, Preschool and Daycare",Supplemental,15.0,0
19-1031.03,19-2041.02,Environmental Restoration Planners,Supplemental,16.0,1
19-1031.03,25-1053.00,"Environmental Science Teachers, Postsecondary",Supplemental,17.0,1
19-1031.03,39-1014.00,"First-Line Supervisors of Entertainment and Recreation Workers, Except Gambling Services",Supplemental,18.0,0
19-1031.03,19-3092.00,Geographers,Supplemental,19.0,1
19-1031.03,25-9031.00,Instructional Coordinators,Supplemental,20.0,0
19-1032.00,19-4071.00,Forest and Conservation Technicians,Primary-Short,1.0,1
19-1032.00,19-1031.02,Range Managers,Primary-Short,2.0,1
19-1032.00,19-1031.00,Conservation Scientists,Primary-Short,3.0,1
19-1032.00,45-4011.00,Forest and Conservation Workers,Primary-Short,4.0,0
19-1032.00,19-2041.02,Environmental Restoration Planners,Primary-Short,5.0,1
19-1032.00,19-2041.00,"Environmental Scientists and Specialists, Including Health",Primary-Long,6.0,1
19-1032.00,19-1013.00,Soil and Plant Scientists,Primary-Long,7.0,1
19-1032.00,19-2041.03,Industrial Ecologists,Primary-Long,8.0,1
19-1032.00,33-2022.00,Forest Fire Inspectors and Prevention Specialists,Primary-Long,9.0,0
19-1032.00,11-9199.11,Brownfield Redevelopment Specialists and Site Managers,Primary-Long,10.0,0
19-1032.00,45-1011.00,"First-Line Supervisors of Farming, Fishing, and Forestry Workers",Supplemental,11.0,0
19-1032.00,45-4021.00,Fallers,Supplemental,12.0,0
19-1032.00,11-1011.03,Chief Sustainability Officers,Supplemental,13.0,0
19-1032.00,19-4042.00,"Environmental Science and Protection Technicians, Including Health",Supplemental,14.0,1
19-1032.00,17-2021.00,Agricultural Engineers,Supplemental,15.0,1
19-1032.00,19-4012.01,Precision Agriculture Technicians,Supplemental,16.0,1
19-1032.00,11-9121.02,Water Resource Specialists,Supplemental,17.0,1
19-1032.00,19-1023.00,Zoologists and Wildlife Biologists,Supplemental,18.0,1
19-1032.00,17-2081.00,Environmental Engineers,Supplemental,19.0,1
19-1032.00,19-2043.00,Hydrologists,Supplemental,20.0,1
19-1041.00,29-1229.05,Preventive Medicine Physicians,Primary-Short,1.0,1
19-1041.00,19-1042.00,"Medical Scientists, Except Epidemiologists",Primary-Short,2.0,1
19-1041.00,29-1141.04,Clinical Nurse Specialists,Primary-Short,3.0,1
19-1041.00,19-1029.03,Geneticists,Primary-Short,4.0,1
19-1041.00,29-1222.00,"Physicians, Pathologists",Primary-Short,5.0,1
19-1041.00,29-1216.00,General Internal Medicine Physicians,Primary-Long,6.0,1
19-1041.00,19-1022.00,Microbiologists,Primary-Long,7.0,1
19-1041.00,29-1214.00,Emergency Medicine Physicians,Primary-Long,8.0,1
19-1041.00,19-3039.03,Clinical Neuropsychologists,Primary-Long,9.0,1
19-1041.00,19-3039.02,Neuropsychologists,Primary-Long,10.0,1
19-1041.00,29-1229.01,Allergists and Immunologists,Supplemental,11.0,1
19-1041.00,15-1211.01,Health Informatics Specialists,Supplemental,12.0,1
19-1041.00,29-9092.00,Genetic Counselors,Supplemental,13.0,1
19-1041.00,25-1071.00,"Health Specialties Teachers, Postsecondary",Supplemental,14.0,1
19-1041.00,29-1212.00,Cardiologists,Supplemental,15.0,1
19-1041.00,11-9121.01,Clinical Research Coordinators,Supplemental,16.0,1
19-1041.00,21-1091.00,Health Education Specialists,Supplemental,17.0,0
19-1041.00,29-1171.00,Nurse Practitioners,Supplemental,18.0,1
19-1041.00,29-9021.00,Health Information Technologists and Medical Registrars,Supplemental,19.0,1
19-1041.00,29-1243.00,Pediatric Surgeons,Supplemental,20.0,1
19-1042.00,19-1029.03,Geneticists,Primary-Short,1.0,1
19-1042.00,19-1021.00,Biochemists and Biophysicists,Primary-Short,2.0,1
19-1042.00,29-1222.00,"Physicians, Pathologists",Primary-Short,3.0,1
19-1042.00,19-1022.00,Microbiologists,Primary-Short,4.0,1
19-1042.00,29-2011.00,Medical and Clinical Laboratory Technologists,Primary-Short,5.0,1
19-1042.00,19-1041.00,Epidemiologists,Primary-Long,6.0,1
19-1042.00,19-1029.02,Molecular and Cellular Biologists,Primary-Long,7.0,1
19-1042.00,29-2011.01,Cytogenetic Technologists,Primary-Long,8.0,1
19-1042.00,29-2011.04,Histotechnologists,Primary-Long,9.0,1
19-1042.00,19-3039.03,Clinical Neuropsychologists,Primary-Long,10.0,1
19-1042.00,29-2012.00,Medical and Clinical Laboratory Technicians,Supplemental,11.0,1
19-1042.00,29-1212.00,Cardiologists,Supplemental,12.0,1
19-1042.00,29-1229.05,Preventive Medicine Physicians,Supplemental,13.0,1
19-1042.00,29-1224.00,Radiologists,Supplemental,14.0,1
19-1042.00,11-9121.01,Clinical Research Coordinators,Supplemental,15.0,1
19-1042.00,17-2031.00,Bioengineers and Biomedical Engineers,Supplemental,16.0,1
19-1042.00,29-1229.01,Allergists and Immunologists,Supplemental,17.0,1
19-1042.00,19-4021.00,Biological Technicians,Supplemental,18.0,1
19-1042.00,19-1029.01,Bioinformatics Scientists,Supplemental,19.0,1
19-1042.00,29-1243.00,Pediatric Surgeons,Supplemental,20.0,1
19-2011.00,19-2012.00,Physicists,Primary-Short,1.0,1
19-2011.00,15-2021.00,Mathematicians,Primary-Short,2.0,1
19-2011.00,25-1054.00,"Physics Teachers, Postsecondary",Primary-Short,3.0,1
19-2011.00,19-2042.00,"Geoscientists, Except Hydrologists and Geographers",Primary-Short,4.0,1
19-2011.00,19-1021.00,Biochemists and Biophysicists,Primary-Short,5.0,1
19-2011.00,25-1051.00,"Atmospheric, Earth, Marine, and Space Sciences Teachers, Postsecondary",Primary-Long,6.0,1
19-2011.00,19-2021.00,Atmospheric and Space Scientists,Primary-Long,7.0,1
19-2011.00,15-2051.00,Data Scientists,Primary-Long,8.0,1
19-2011.00,17-2199.09,Nanosystems Engineers,Primary-Long,9.0,1
19-2011.00,19-1029.01,Bioinformatics Scientists,Primary-Long,10.0,1
19-2011.00,15-1221.00,Computer and Information Research Scientists,Supplemental,11.0,1
19-2011.00,15-2041.00,Statisticians,Supplemental,12.0,1
19-2011.00,19-1029.02,Molecular and Cellular Biologists,Supplemental,13.0,1
19-2011.00,17-3026.01,Nanotechnology Engineering Technologists and Technicians,Supplemental,14.0,1
19-2011.00,19-2043.00,Hydrologists,Supplemental,15.0,1
19-2011.00,19-2031.00,Chemists,Supplemental,16.0,1
19-2011.00,25-1053.00,"Environmental Science Teachers, Postsecondary",Supplemental,17.0,1
19-2011.00,25-1032.00,"Engineering Teachers, Postsecondary",Supplemental,18.0,1
19-2011.00,25-1022.00,"Mathematical Science Teachers, Postsecondary",Supplemental,19.0,1
19-2011.00,19-1029.04,Biologists,Supplemental,20.0,1
19-2012.00,15-2021.00,Mathematicians,Primary-Short,1.0,1
19-2012.00,19-2011.00,Astronomers,Primary-Short,2.0,1
19-2012.00,25-1054.00,"Physics Teachers, Postsecondary",Primary-Short,3.0,1
19-2012.00,15-2051.00,Data Scientists,Primary-Short,4.0,1
19-2012.00,19-1021.00,Biochemists and Biophysicists,Primary-Short,5.0,1
19-2012.00,19-2031.00,Chemists,Primary-Long,6.0,1
19-2012.00,17-2199.09,Nanosystems Engineers,Primary-Long,7.0,1
19-2012.00,19-2032.00,Materials Scientists,Primary-Long,8.0,1
19-2012.00,19-2042.00,"Geoscientists, Except Hydrologists and Geographers",Primary-Long,9.0,1
19-2012.00,19-1029.02,Molecular and Cellular Biologists,Primary-Long,10.0,1
19-2012.00,15-1221.00,Computer and Information Research Scientists,Supplemental,11.0,1
19-2012.00,17-3026.01,Nanotechnology Engineering Technologists and Technicians,Supplemental,12.0,1
19-2012.00,15-2041.00,Statisticians,Supplemental,13.0,1
19-2012.00,17-2031.00,Bioengineers and Biomedical Engineers,Supplemental,14.0,1
19-2012.00,19-1029.01,Bioinformatics Scientists,Supplemental,15.0,1
19-2012.00,17-2161.00,Nuclear Engineers,Supplemental,16.0,1
19-2012.00,17-2199.06,Microsystems Engineers,Supplemental,17.0,1
19-2012.00,17-2011.00,Aerospace Engineers,Supplemental,18.0,1
19-2012.00,19-2043.00,Hydrologists,Supplemental,19.0,1
19-2012.00,17-2041.00,Chemical Engineers,Supplemental,20.0,1
19-2021.00,19-2043.00,Hydrologists,Primary-Short,1.0,1
19-2021.00,19-2042.00,"Geoscientists, Except Hydrologists and Geographers",Primary-Short,2.0,1
19-2021.00,19-2099.01,Remote Sensing Scientists and Technologists,Primary-Short,3.0,1
19-2021.00,15-2051.00,Data Scientists,Primary-Short,4.0,1
19-2021.00,15-1299.02,Geographic Information Systems Technologists and Technicians,Primary-Short,5.0,1
19-2021.00,19-4043.00,"Geological Technicians, Except Hydrologic Technicians",Primary-Long,6.0,1
19-2021.00,19-2041.01,Climate Change Policy Analysts,Primary-Long,7.0,1
19-2021.00,17-1022.01,Geodetic Surveyors,Primary-Long,8.0,1
19-2021.00,19-3092.00,Geographers,Primary-Long,9.0,1
19-2021.00,19-2011.00,Astronomers,Primary-Long,10.0,1
19-2021.00,19-4044.00,Hydrologic Technicians,Supplemental,11.0,1
19-2021.00,19-4099.03,Remote Sensing Technicians,Supplemental,12.0,1
19-2021.00,19-2041.00,"Environmental Scientists and Specialists, Including Health",Supplemental,13.0,1
19-2021.00,19-2041.03,Industrial Ecologists,Supplemental,14.0,1
19-2021.00,15-2041.00,Statisticians,Supplemental,15.0,1
19-2021.00,17-3031.00,Surveying and Mapping Technicians,Supplemental,16.0,1
19-2021.00,19-1031.00,Conservation Scientists,Supplemental,17.0,1
19-2021.00,19-2012.00,Physicists,Supplemental,18.0,1
19-2021.00,19-4012.01,Precision Agriculture Technicians,Supplemental,19.0,1
19-2021.00,19-1013.00,Soil and Plant Scientists,Supplemental,20.0,1
19-2031.00,17-2041.00,Chemical Engineers,Primary-Short,1.0,1
19-2031.00,19-1021.00,Biochemists and Biophysicists,Primary-Short,2.0,1
19-2031.00,29-2011.00,Medical and Clinical Laboratory Technologists,Primary-Short,3.0,1
19-2031.00,19-1022.00,Microbiologists,Primary-Short,4.0,1
19-2031.00,19-2032.00,Materials Scientists,Primary-Short,5.0,1
19-2031.00,17-2131.00,Materials Engineers,Primary-Long,6.0,1
19-2031.00,17-2031.00,Bioengineers and Biomedical Engineers,Primary-Long,7.0,1
19-2031.00,19-1012.00,Food Scientists and Technologists,Primary-Long,8.0,1
19-2031.00,17-2112.00,Industrial Engineers,Primary-Long,9.0,1
19-2031.00,11-9121.00,Natural Sciences Managers,Primary-Long,10.0,1
19-2031.00,19-4031.00,Chemical Technicians,Supplemental,11.0,1
19-2031.00,17-3026.01,Nanotechnology Engineering Technologists and Technicians,Supplemental,12.0,1
19-2031.00,51-8091.00,Chemical Plant and System Operators,Supplemental,13.0,0
19-2031.00,19-4013.00,Food Science Technicians,Supplemental,14.0,1
19-2031.00,17-3028.00,Calibration Technologists and Technicians,Supplemental,15.0,1
19-2031.00,19-4099.01,Quality Control Analysts,Supplemental,16.0,1
19-2031.00,29-2012.00,Medical and Clinical Laboratory Technicians,Supplemental,17.0,1
19-2031.00,17-3026.00,Industrial Engineering Technologists and Technicians,Supplemental,18.0,1
19-2031.00,19-4021.00,Biological Technicians,Supplemental,19.0,1
19-2031.00,17-2199.09,Nanosystems Engineers,Supplemental,20.0,1
19-2032.00,17-2131.00,Materials Engineers,Primary-Short,1.0,1
19-2032.00,17-2199.09,Nanosystems Engineers,Primary-Short,2.0,1
19-2032.00,17-2041.00,Chemical Engineers,Primary-Short,3.0,1
19-2032.00,17-2199.06,Microsystems Engineers,Primary-Short,4.0,1
19-2032.00,17-2112.03,Manufacturing Engineers,Primary-Short,5.0,1
19-2032.00,17-2141.00,Mechanical Engineers,Primary-Long,6.0,1
19-2032.00,17-2199.05,Mechatronics Engineers,Primary-Long,7.0,1
19-2032.00,19-2031.00,Chemists,Primary-Long,8.0,1
19-2032.00,17-3029.08,Photonics Technicians,Primary-Long,9.0,1
19-2032.00,17-2071.00,Electrical Engineers,Primary-Long,10.0,1
19-2032.00,17-3027.00,Mechanical Engineering Technologists and Technicians,Supplemental,11.0,1
19-2032.00,17-3026.01,Nanotechnology Engineering Technologists and Technicians,Supplemental,12.0,1
19-2032.00,19-4031.00,Chemical Technicians,Supplemental,13.0,1
19-2032.00,17-3026.00,Industrial Engineering Technologists and Technicians,Supplemental,14.0,1
19-2032.00,17-2072.00,"Electronics Engineers, Except Computer",Supplemental,15.0,1
19-2032.00,17-3023.00,Electrical and Electronic Engineering Technologists and Technicians,Supplemental,16.0,1
19-2032.00,17-2112.00,Industrial Engineers,Supplemental,17.0,1
19-2032.00,17-2031.00,Bioengineers and Biomedical Engineers,Supplemental,18.0,1
19-2032.00,17-3028.00,Calibration Technologists and Technicians,Supplemental,19.0,1
19-2032.00,25-1032.00,"Engineering Teachers, Postsecondary",Supplemental,20.0,1
19-2041.00,13-1041.01,Environmental Compliance Inspectors,Primary-Short,1.0,0
19-2041.00,17-2081.00,Environmental Engineers,Primary-Short,2.0,1
19-2041.00,19-2041.03,Industrial Ecologists,Primary-Short,3.0,1
19-2041.00,19-4042.00,"Environmental Science and Protection Technicians, Including Health",Primary-Short,4.0,1
19-2041.00,19-1031.00,Conservation Scientists,Primary-Short,5.0,1
19-2041.00,17-3025.00,Environmental Engineering Technologists and Technicians,Primary-Long,6.0,1
19-2041.00,11-9199.11,Brownfield Redevelopment Specialists and Site Managers,Primary-Long,7.0,0
19-2041.00,19-2041.01,Climate Change Policy Analysts,Primary-Long,8.0,1
19-2041.00,19-2041.02,Environmental Restoration Planners,Primary-Long,9.0,1
19-2041.00,19-4044.00,Hydrologic Technicians,Primary-Long,10.0,1
19-2041.00,17-2111.00,"Health and Safety Engineers, Except Mining Safety Engineers and Inspectors",Supplemental,11.0,1
19-2041.00,19-2043.00,Hydrologists,Supplemental,12.0,1
19-2041.00,19-5011.00,Occupational Health and Safety Specialists,Supplemental,13.0,0
19-2041.00,11-9121.02,Water Resource Specialists,Supplemental,14.0,1
19-2041.00,25-1053.00,"Environmental Science Teachers, Postsecondary",Supplemental,15.0,1
19-2041.00,11-1011.03,Chief Sustainability Officers,Supplemental,16.0,0
19-2041.00,19-1013.00,Soil and Plant Scientists,Supplemental,17.0,1
19-2041.00,19-1031.02,Range Managers,Supplemental,18.0,1
19-2041.00,19-5012.00,Occupational Health and Safety Technicians,Supplemental,19.0,0
19-2041.00,19-1032.00,Foresters,Supplemental,20.0,1
19-2041.01,11-1011.03,Chief Sustainability Officers,Primary-Short,1.0,0
19-2041.01,19-2041.00,"Environmental Scientists and Specialists, Including Health",Primary-Short,2.0,1
19-2041.01,19-2041.03,Industrial Ecologists,Primary-Short,3.0,1
19-2041.01,19-3011.01,Environmental Economists,Primary-Short,4.0,1
19-2041.01,13-1199.05,Sustainability Specialists,Primary-Short,5.0,0
19-2041.01,19-1031.00,Conservation Scientists,Primary-Long,6.0,1
19-2041.01,19-2041.02,Environmental Restoration Planners,Primary-Long,7.0,1
19-2041.01,11-9199.11,Brownfield Redevelopment Specialists and Site Managers,Primary-Long,8.0,0
19-2041.01,17-2081.00,Environmental Engineers,Primary-Long,9.0,1
19-2041.01,19-2043.00,Hydrologists,Primary-Long,10.0,1
19-2041.01,19-3051.00,Urban and Regional Planners,Supplemental,11.0,1
19-2041.01,25-1053.00,"Environmental Science Teachers, Postsecondary",Supplemental,12.0,1
19-2041.01,13-1041.01,Environmental Compliance Inspectors,Supplemental,13.0,0
19-2041.01,19-4044.00,Hydrologic Technicians,Supplemental,14.0,1
19-2041.01,19-2021.00,Atmospheric and Space Scientists,Supplemental,15.0,1
19-2041.01,19-3011.00,Economists,Supplemental,16.0,1
19-2041.01,19-2042.00,"Geoscientists, Except Hydrologists and Geographers",Supplemental,17.0,1
19-2041.01,13-2054.00,Financial Risk Specialists,Supplemental,18.0,0
19-2041.01,19-3094.00,Political Scientists,Supplemental,19.0,1
19-2041.01,11-9121.02,Water Resource Specialists,Supplemental,20.0,1
19-2041.02,19-1031.00,Conservation Scientists,Primary-Short,1.0,1
19-2041.02,11-9199.11,Brownfield Redevelopment Specialists and Site Managers,Primary-Short,2.0,0
19-2041.02,19-2041.03,Industrial Ecologists,Primary-Short,3.0,1
19-2041.02,19-1031.02,Range Managers,Primary-Short,4.0,1
19-2041.02,19-2041.00,"Environmental Scientists and Specialists, Including Health",Primary-Short,5.0,1
19-2041.02,11-9121.02,Water Resource Specialists,Primary-Long,6.0,1
19-2041.02,17-2081.00,Environmental Engineers,Primary-Long,7.0,1
19-2041.02,19-2043.00,Hydrologists,Primary-Long,8.0,1
19-2041.02,11-1011.03,Chief Sustainability Officers,Primary-Long,9.0,0
19-2041.02,19-2041.01,Climate Change Policy Analysts,Primary-Long,10.0,1
19-2041.02,19-4044.00,Hydrologic Technicians,Supplemental,11.0,1
19-2041.02,17-2051.02,Water/Wastewater Engineers,Supplemental,12.0,1
19-2041.02,19-4071.00,Forest and Conservation Technicians,Supplemental,13.0,1
19-2041.02,19-1032.00,Foresters,Supplemental,14.0,1
19-2041.02,19-1013.00,Soil and Plant Scientists,Supplemental,15.0,1
19-2041.02,19-1023.00,Zoologists and Wildlife Biologists,Supplemental,16.0,1
19-2041.02,19-4042.00,"Environmental Science and Protection Technicians, Including Health",Supplemental,17.0,1
19-2041.02,17-2051.00,Civil Engineers,Supplemental,18.0,1
19-2041.02,19-2042.00,"Geoscientists, Except Hydrologists and Geographers",Supplemental,19.0,1
19-2041.02,19-1029.04,Biologists,Supplemental,20.0,1
19-2041.03,19-2041.00,"Environmental Scientists and Specialists, Including Health",Primary-Short,1.0,1
19-2041.03,19-1031.00,Conservation Scientists,Primary-Short,2.0,1
19-2041.03,19-2041.02,Environmental Restoration Planners,Primary-Short,3.0,1
19-2041.03,11-9121.02,Water Resource Specialists,Primary-Short,4.0,1
19-2041.03,19-1013.00,Soil and Plant Scientists,Primary-Short,5.0,1
19-2041.03,17-2081.00,Environmental Engineers,Primary-Long,6.0,1
19-2041.03,19-2043.00,Hydrologists,Primary-Long,7.0,1
19-2041.03,19-2041.01,Climate Change Policy Analysts,Primary-Long,8.0,1
19-2041.03,19-4042.00,"Environmental Science and Protection Technicians, Including Health",Primary-Long,9.0,1
19-2041.03,11-9199.11,Brownfield Redevelopment Specialists and Site Managers,Primary-Long,10.0,0
19-2041.03,19-4044.00,Hydrologic Technicians,Supplemental,11.0,1
19-2041.03,11-9041.01,Biofuels/Biodiesel Technology and Product Development Managers,Supplemental,12.0,1
19-2041.03,13-1199.05,Sustainability Specialists,Supplemental,13.0,0
19-2041.03,17-2021.00,Agricultural Engineers,Supplemental,14.0,1
19-2041.03,11-1011.03,Chief Sustainability Officers,Supplemental,15.0,0
19-2041.03,19-2042.00,"Geoscientists, Except Hydrologists and Geographers",Supplemental,16.0,1
19-2041.03,19-3011.01,Environmental Economists,Supplemental,17.0,1
19-2041.03,17-2051.02,Water/Wastewater Engineers,Supplemental,18.0,1
19-2041.03,17-3025.00,Environmental Engineering Technologists and Technicians,Supplemental,19.0,1
19-2041.03,19-1031.02,Range Managers,Supplemental,20.0,1
19-2042.00,19-2043.00,Hydrologists,Primary-Short,1.0,1
19-2042.00,19-2041.03,Industrial Ecologists,Primary-Short,2.0,1
19-2042.00,19-1031.00,Conservation Scientists,Primary-Short,3.0,1
19-2042.00,19-1013.00,Soil and Plant Scientists,Primary-Short,4.0,1
19-2042.00,19-3092.00,Geographers,Primary-Short,5.0,1
19-2042.00,17-2151.00,"Mining and Geological Engineers, Including Mining Safety Engineers",Primary-Long,6.0,1
19-2042.00,19-1029.04,Biologists,Primary-Long,7.0,1
19-2042.00,15-2051.00,Data Scientists,Primary-Long,8.0,1
19-2042.00,19-2041.00,"Environmental Scientists and Specialists, Including Health",Primary-Long,9.0,1
19-2042.00,19-2021.00,Atmospheric and Space Scientists,Primary-Long,10.0,1
19-2042.00,19-4043.00,"Geological Technicians, Except Hydrologic Technicians",Supplemental,11.0,1
19-2042.00,19-4044.00,Hydrologic Technicians,Supplemental,12.0,1
19-2042.00,17-1022.01,Geodetic Surveyors,Supplemental,13.0,1
19-2042.00,17-3031.00,Surveying and Mapping Technicians,Supplemental,14.0,1
19-2042.00,17-2171.00,Petroleum Engineers,Supplemental,15.0,1
19-2042.00,19-2041.02,Environmental Restoration Planners,Supplemental,16.0,1
19-2042.00,19-4042.00,"Environmental Science and Protection Technicians, Including Health",Supplemental,17.0,1
19-2042.00,11-9121.02,Water Resource Specialists,Supplemental,18.0,1
19-2042.00,17-1022.00,Surveyors,Supplemental,19.0,1
19-2042.00,19-2011.00,Astronomers,Supplemental,20.0,1
19-2043.00,19-2042.00,"Geoscientists, Except Hydrologists and Geographers",Primary-Short,1.0,1
19-2043.00,19-4044.00,Hydrologic Technicians,Primary-Short,2.0,1
19-2043.00,19-2041.03,Industrial Ecologists,Primary-Short,3.0,1
19-2043.00,11-9121.02,Water Resource Specialists,Primary-Short,4.0,1
19-2043.00,19-1031.00,Conservation Scientists,Primary-Short,5.0,1
19-2043.00,17-2051.02,Water/Wastewater Engineers,Primary-Long,6.0,1
19-2043.00,19-2041.00,"Environmental Scientists and Specialists, Including Health",Primary-Long,7.0,1
19-2043.00,19-1013.00,Soil and Plant Scientists,Primary-Long,8.0,1
19-2043.00,19-2041.02,Environmental Restoration Planners,Primary-Long,9.0,1
19-2043.00,17-2081.00,Environmental Engineers,Primary-Long,10.0,1
19-2043.00,19-4043.00,"Geological Technicians, Except Hydrologic Technicians",Supplemental,11.0,1
19-2043.00,19-2021.00,Atmospheric and Space Scientists,Supplemental,12.0,1
19-2043.00,19-4042.00,"Environmental Science and Protection Technicians, Including Health",Supplemental,13.0,1
19-2043.00,17-3025.00,Environmental Engineering Technologists and Technicians,Supplemental,14.0,1
19-2043.00,11-9199.11,Brownfield Redevelopment Specialists and Site Managers,Supplemental,15.0,0
19-2043.00,17-1022.01,Geodetic Surveyors,Supplemental,16.0,1
19-2043.00,17-2171.00,Petroleum Engineers,Supplemental,17.0,1
19-2043.00,19-1029.04,Biologists,Supplemental,18.0,1
19-2043.00,19-2041.01,Climate Change Policy Analysts,Supplemental,19.0,1
19-2043.00,17-2151.00,"Mining and Geological Engineers, Including Mining Safety Engineers",Supplemental,20.0,1
19-2099.01,19-4099.03,Remote Sensing Technicians,Primary-Short,1.0,1
19-2099.01,17-3024.00,Electro-Mechanical and Mechatronics Technologists and Technicians,Primary-Short,2.0,1
19-2099.01,15-1299.02,Geographic Information Systems Technologists and Technicians,Primary-Short,3.0,1
19-2099.01,19-4043.00,"Geological Technicians, Except Hydrologic Technicians",Primary-Short,4.0,1
19-2099.01,17-1022.01,Geodetic Surveyors,Primary-Short,5.0,1
19-2099.01,17-3031.00,Surveying and Mapping Technicians,Primary-Long,6.0,1
19-2099.01,17-3028.00,Calibration Technologists and Technicians,Primary-Long,7.0,1
19-2099.01,17-2011.00,Aerospace Engineers,Primary-Long,8.0,1
19-2099.01,17-1021.00,Cartographers and Photogrammetrists,Primary-Long,9.0,1
19-2099.01,19-2021.00,Atmospheric and Space Scientists,Primary-Long,10.0,1
19-2099.01,27-4031.00,"Camera Operators, Television, Video, and Film",Supplemental,11.0,0
19-2099.01,17-3021.00,Aerospace Engineering and Operations Technologists and Technicians,Supplemental,12.0,1
19-2099.01,17-2072.01,Radio Frequency Identification Device Specialists,Supplemental,13.0,1
19-2099.01,49-2094.00,"Electrical and Electronics Repairers, Commercial and Industrial Equipment",Supplemental,14.0,0
19-2099.01,19-4044.00,Hydrologic Technicians,Supplemental,15.0,1
19-2099.01,49-2091.00,Avionics Technicians,Supplemental,16.0,0
19-2099.01,17-2199.08,Robotics Engineers,Supplemental,17.0,1
19-2099.01,17-2072.00,"Electronics Engineers, Except Computer",Supplemental,18.0,1
19-2099.01,17-3024.01,Robotics Technicians,Supplemental,19.0,1
19-2099.01,17-3023.00,Electrical and Electronic Engineering Technologists and Technicians,Supplemental,20.0,1
19-3011.00,19-3011.01,Environmental Economists,Primary-Short,1.0,1
19-3011.00,25-1063.00,"Economics Teachers, Postsecondary",Primary-Short,2.0,1
19-3011.00,13-2051.00,Financial and Investment Analysts,Primary-Short,3.0,0
19-3011.00,19-3094.00,Political Scientists,Primary-Short,4.0,1
19-3011.00,25-1011.00,"Business Teachers, Postsecondary",Primary-Short,5.0,0
19-3011.00,13-2099.01,Financial Quantitative Analysts,Primary-Long,6.0,0
19-3011.00,11-3031.03,Investment Fund Managers,Primary-Long,7.0,0
19-3011.00,13-2054.00,Financial Risk Specialists,Primary-Long,8.0,0
19-3011.00,15-2051.00,Data Scientists,Primary-Long,9.0,1
19-3011.00,15-2041.00,Statisticians,Primary-Long,10.0,1
19-3011.00,19-3041.00,Sociologists,Supplemental,11.0,1
19-3011.00,15-2051.01,Business Intelligence Analysts,Supplemental,12.0,1
19-3011.00,19-2041.01,Climate Change Policy Analysts,Supplemental,13.0,1
19-3011.00,13-1161.00,Market Research Analysts and Marketing Specialists,Supplemental,14.0,0
19-3011.00,15-2011.00,Actuaries,Supplemental,15.0,1
19-3011.00,13-2052.00,Personal Financial Advisors,Supplemental,16.0,0
19-3011.00,25-1065.00,"Political Science Teachers, Postsecondary",Supplemental,17.0,1
19-3011.00,19-4061.00,Social Science Research Assistants,Supplemental,18.0,1
19-3011.00,41-3031.00,"Securities, Commodities, and Financial Services Sales Agents",Supplemental,19.0,0
19-3011.00,15-2031.00,Operations Research Analysts,Supplemental,20.0,1
19-3011.01,19-3011.00,Economists,Primary-Short,1.0,1
19-3011.01,19-2041.01,Climate Change Policy Analysts,Primary-Short,2.0,1
19-3011.01,19-2041.03,Industrial Ecologists,Primary-Short,3.0,1
19-3011.01,15-2051.00,Data Scientists,Primary-Short,4.0,1
19-3011.01,25-1063.00,"Economics Teachers, Postsecondary",Primary-Short,5.0,1
19-3011.01,11-1011.03,Chief Sustainability Officers,Primary-Long,6.0,0
19-3011.01,19-2041.00,"Environmental Scientists and Specialists, Including Health",Primary-Long,7.0,1
19-3011.01,19-2042.00,"Geoscientists, Except Hydrologists and Geographers",Primary-Long,8.0,1
19-3011.01,15-2041.00,Statisticians,Primary-Long,9.0,1
19-3011.01,19-2041.02,Environmental Restoration Planners,Primary-Long,10.0,1
19-3011.01,19-1031.00,Conservation Scientists,Supplemental,11.0,1
19-3011.01,13-1199.05,Sustainability Specialists,Supplemental,12.0,0
19-3011.01,13-2099.01,Financial Quantitative Analysts,Supplemental,13.0,0
19-3011.01,13-2054.00,Financial Risk Specialists,Supplemental,14.0,0
19-3011.01,19-3041.00,Sociologists,Supplemental,15.0,1
19-3011.01,19-1013.00,Soil and Plant Scientists,Supplemental,16.0,1
19-3011.01,19-2043.00,Hydrologists,Supplemental,17.0,1
19-3011.01,19-1029.04,Biologists,Supplemental,18.0,1
19-3011.01,19-3094.00,Political Scientists,Supplemental,19.0,1
19-3011.01,19-1023.00,Zoologists and Wildlife Biologists,Supplemental,20.0,1
19-3022.00,15-2051.00,Data Scientists,Primary-Short,1.0,1
19-3022.00,19-4061.00,Social Science Research Assistants,Primary-Short,2.0,1
19-3022.00,13-1111.00,Management Analysts,Primary-Short,3.0,0
19-3022.00,43-9111.00,Statistical Assistants,Primary-Short,4.0,0
19-3022.00,15-2041.00,Statisticians,Primary-Short,5.0,1
19-3022.00,13-1161.00,Market Research Analysts and Marketing Specialists,Primary-Long,6.0,0
19-3022.00,19-3041.00,Sociologists,Primary-Long,7.0,1
19-3022.00,15-2051.01,Business Intelligence Analysts,Primary-Long,8.0,1
19-3022.00,15-2041.01,Biostatisticians,Primary-Long,9.0,1
19-3022.00,19-3032.00,Industrial-Organizational Psychologists,Primary-Long,10.0,1
19-3022.00,43-4111.00,"Interviewers, Except Eligibility and Loan",Supplemental,11.0,0
19-3022.00,15-2051.02,Clinical Data Managers,Supplemental,12.0,1
19-3022.00,29-9021.00,Health Information Technologists and Medical Registrars,Supplemental,13.0,1
19-3022.00,11-9121.01,Clinical Research Coordinators,Supplemental,14.0,1
19-3022.00,43-4061.00,"Eligibility Interviewers, Government Programs",Supplemental,15.0,0
19-3022.00,15-2031.00,Operations Research Analysts,Supplemental,16.0,1
19-3022.00,25-9031.00,Instructional Coordinators,Supplemental,17.0,0
19-3022.00,17-1022.01,Geodetic Surveyors,Supplemental,18.0,1
19-3022.00,13-2099.01,Financial Quantitative Analysts,Supplemental,19.0,0
19-3022.00,33-3021.06,Intelligence Analysts,Supplemental,20.0,0
19-3032.00,11-3131.00,Training and Development Managers,Primary-Short,1.0,0
19-3032.00,13-1151.00,Training and Development Specialists,Primary-Short,2.0,0
19-3032.00,13-1111.00,Management Analysts,Primary-Short,3.0,0
19-3032.00,11-3121.00,Human Resources Managers,Primary-Short,4.0,0
19-3032.00,13-1071.00,Human Resources Specialists,Primary-Short,5.0,0
19-3032.00,25-9031.00,Instructional Coordinators,Primary-Long,6.0,0
19-3032.00,21-1012.00,"Educational, Guidance, and Career Counselors and Advisors",Primary-Long,7.0,0
19-3032.00,11-9151.00,Social and Community Service Managers,Primary-Long,8.0,0
19-3032.00,13-1082.00,Project Management Specialists,Primary-Long,9.0,0
19-3032.00,25-1011.00,"Business Teachers, Postsecondary",Primary-Long,10.0,0
19-3032.00,21-1015.00,Rehabilitation Counselors,Supplemental,11.0,0
19-3032.00,19-3033.00,Clinical and Counseling Psychologists,Supplemental,12.0,1
19-3032.00,25-1081.00,"Education Teachers, Postsecondary",Supplemental,13.0,0
19-3032.00,19-3034.00,School Psychologists,Supplemental,14.0,1
19-3032.00,25-1113.00,"Social Work Teachers, Postsecondary",Supplemental,15.0,0
19-3032.00,43-4161.00,"Human Resources Assistants, Except Payroll and Timekeeping",Supplemental,16.0,0
19-3032.00,25-1066.00,"Psychology Teachers, Postsecondary",Supplemental,17.0,1
19-3032.00,15-2051.00,Data Scientists,Supplemental,18.0,1
19-3032.00,11-9033.00,"Education Administrators, Postsecondary",Supplemental,19.0,0
19-3032.00,11-9111.00,Medical and Health Services Managers,Supplemental,20.0,1
19-3033.00,21-1023.00,Mental Health and Substance Abuse Social Workers,Primary-Short,1.0,0
19-3033.00,21-1013.00,Marriage and Family Therapists,Primary-Short,2.0,0
19-3033.00,21-1014.00,Mental Health Counselors,Primary-Short,3.0,0
19-3033.00,29-1223.00,Psychiatrists,Primary-Short,4.0,1
19-3033.00,21-1022.00,Healthcare Social Workers,Primary-Short,5.0,0
19-3033.00,19-3034.00,School Psychologists,Primary-Long,6.0,1
19-3033.00,19-3039.02,Neuropsychologists,Primary-Long,7.0,1
19-3033.00,19-3039.03,Clinical Neuropsychologists,Primary-Long,8.0,1
19-3033.00,29-1141.02,Advanced Practice Psychiatric Nurses,Primary-Long,9.0,1
19-3033.00,21-1011.00,Substance Abuse and Behavioral Disorder Counselors,Primary-Long,10.0,0
19-3033.00,29-2053.00,Psychiatric Technicians,Supplemental,11.0,1
19-3033.00,21-1015.00,Rehabilitation Counselors,Supplemental,12.0,0
19-3033.00,29-1125.00,Recreational Therapists,Supplemental,13.0,1
19-3033.00,21-1021.00,"Child, Family, and School Social Workers",Supplemental,14.0,0
19-3033.00,29-1122.00,Occupational Therapists,Supplemental,15.0,1
19-3033.00,29-9092.00,Genetic Counselors,Supplemental,16.0,1
19-3033.00,31-1133.00,Psychiatric Aides,Supplemental,17.0,0
19-3033.00,21-1093.00,Social and Human Service Assistants,Supplemental,18.0,0
19-3033.00,29-1141.04,Clinical Nurse Specialists,Supplemental,19.0,1
19-3033.00,29-1215.00,Family Medicine Physicians,Supplemental,20.0,1
19-3034.00,19-3033.00,Clinical and Counseling Psychologists,Primary-Short,1.0,1
19-3034.00,21-1012.00,"Educational, Guidance, and Career Counselors and Advisors",Primary-Short,2.0,0
19-3034.00,21-1013.00,Marriage and Family Therapists,Primary-Short,3.0,0
19-3034.00,25-2058.00,"Special Education Teachers, Secondary School",Primary-Short,4.0,0
19-3034.00,21-1021.00,"Child, Family, and School Social Workers",Primary-Short,5.0,0
19-3034.00,21-1023.00,Mental Health and Substance Abuse Social Workers,Primary-Long,6.0,0
19-3034.00,19-3039.02,Neuropsychologists,Primary-Long,7.0,1
19-3034.00,21-1014.00,Mental Health Counselors,Primary-Long,8.0,0
19-3034.00,19-3039.03,Clinical Neuropsychologists,Primary-Long,9.0,1
19-3034.00,29-1223.00,Psychiatrists,Primary-Long,10.0,1
19-3034.00,25-2055.00,"Special Education Teachers, Kindergarten",Supplemental,11.0,0
19-3034.00,25-2056.00,"Special Education Teachers, Elementary School",Supplemental,12.0,0
19-3034.00,25-2021.00,"Elementary School Teachers, Except Special Education",Supplemental,13.0,0
19-3034.00,25-2057.00,"Special Education Teachers, Middle School",Supplemental,14.0,0
19-3034.00,25-1081.00,"Education Teachers, Postsecondary",Supplemental,15.0,0
19-3034.00,11-9032.00,"Education Administrators, Kindergarten through Secondary",Supplemental,16.0,0
19-3034.00,25-1066.00,"Psychology Teachers, Postsecondary",Supplemental,17.0,1
19-3034.00,21-1015.00,Rehabilitation Counselors,Supplemental,18.0,0
19-3034.00,25-3041.00,Tutors,Supplemental,19.0,0
19-3034.00,25-1113.00,"Social Work Teachers, Postsecondary",Supplemental,20.0,0
19-3039.02,19-3039.03,Clinical Neuropsychologists,Primary-Short,1.0,1
19-3039.02,29-1223.00,Psychiatrists,Primary-Short,2.0,1
19-3039.02,29-1217.00,Neurologists,Primary-Short,3.0,1
19-3039.02,19-3033.00,Clinical and Counseling Psychologists,Primary-Short,4.0,1
19-3039.02,29-1221.00,"Pediatricians, General",Primary-Short,5.0,1
19-3039.02,29-1141.02,Advanced Practice Psychiatric Nurses,Primary-Long,6.0,1
19-3039.02,29-1141.04,Clinical Nurse Specialists,Primary-Long,7.0,1
19-3039.02,29-1215.00,Family Medicine Physicians,Primary-Long,8.0,1
19-3039.02,29-1229.04,Physical Medicine and Rehabilitation Physicians,Primary-Long,9.0,1
19-3039.02,29-1122.00,Occupational Therapists,Primary-Long,10.0,1
19-3039.02,29-2053.00,Psychiatric Technicians,Supplemental,11.0,1
19-3039.02,29-1216.00,General Internal Medicine Physicians,Supplemental,12.0,1
19-3039.02,29-1171.00,Nurse Practitioners,Supplemental,13.0,1
19-3039.02,21-1014.00,Mental Health Counselors,Supplemental,14.0,0
19-3039.02,29-9092.00,Genetic Counselors,Supplemental,15.0,1
19-3039.02,29-1214.00,Emergency Medicine Physicians,Supplemental,16.0,1
19-3039.02,29-1243.00,Pediatric Surgeons,Supplemental,17.0,1
19-3039.02,21-1023.00,Mental Health and Substance Abuse Social Workers,Supplemental,18.0,0
19-3039.02,19-3034.00,School Psychologists,Supplemental,19.0,1
19-3039.02,29-1181.00,Audiologists,Supplemental,20.0,1
19-3039.03,19-3039.02,Neuropsychologists,Primary-Short,1.0,1
19-3039.03,29-1223.00,Psychiatrists,Primary-Short,2.0,1
19-3039.03,29-1217.00,Neurologists,Primary-Short,3.0,1
19-3039.03,29-1141.04,Clinical Nurse Specialists,Primary-Short,4.0,1
19-3039.03,29-1221.00,"Pediatricians, General",Primary-Short,5.0,1
19-3039.03,29-1141.02,Advanced Practice Psychiatric Nurses,Primary-Long,6.0,1
19-3039.03,19-3033.00,Clinical and Counseling Psychologists,Primary-Long,7.0,1
19-3039.03,29-1216.00,General Internal Medicine Physicians,Primary-Long,8.0,1
19-3039.03,29-1229.04,Physical Medicine and Rehabilitation Physicians,Primary-Long,9.0,1
19-3039.03,29-2053.00,Psychiatric Technicians,Primary-Long,10.0,1
19-3039.03,29-1243.00,Pediatric Surgeons,Supplemental,11.0,1
19-3039.03,29-1215.00,Family Medicine Physicians,Supplemental,12.0,1
19-3039.03,29-1214.00,Emergency Medicine Physicians,Supplemental,13.0,1
19-3039.03,29-1212.00,Cardiologists,Supplemental,14.0,1
19-3039.03,29-1171.00,Nurse Practitioners,Supplemental,15.0,1
19-3039.03,29-9092.00,Genetic Counselors,Supplemental,16.0,1
19-3039.03,29-1242.00,"Orthopedic Surgeons, Except Pediatric",Supplemental,17.0,1
19-3039.03,29-1122.00,Occupational Therapists,Supplemental,18.0,1
19-3039.03,29-1071.00,Physician Assistants,Supplemental,19.0,1
19-3039.03,29-1141.01,Acute Care Nurses,Supplemental,20.0,1
19-3041.00,25-1067.00,"Sociology Teachers, Postsecondary",Primary-Short,1.0,1
19-3041.00,19-3091.00,Anthropologists and Archeologists,Primary-Short,2.0,1
19-3041.00,19-3094.00,Political Scientists,Primary-Short,3.0,1
19-3041.00,25-1113.00,"Social Work Teachers, Postsecondary",Primary-Short,4.0,0
19-3041.00,19-3022.00,Survey Researchers,Primary-Short,5.0,1
19-3041.00,25-1065.00,"Political Science Teachers, Postsecondary",Primary-Long,6.0,1
19-3041.00,19-4061.00,Social Science Research Assistants,Primary-Long,7.0,1
19-3041.00,15-2051.00,Data Scientists,Primary-Long,8.0,1
19-3041.00,25-1062.00,"Area, Ethnic, and Cultural Studies Teachers, Postsecondary",Primary-Long,9.0,1
19-3041.00,25-1066.00,"Psychology Teachers, Postsecondary",Primary-Long,10.0,1
19-3041.00,25-1061.00,"Anthropology and Archeology Teachers, Postsecondary",Supplemental,11.0,1
19-3041.00,19-3011.00,Economists,Supplemental,12.0,1
19-3041.00,25-1081.00,"Education Teachers, Postsecondary",Supplemental,13.0,0
19-3041.00,25-1063.00,"Economics Teachers, Postsecondary",Supplemental,14.0,1
19-3041.00,19-3032.00,Industrial-Organizational Psychologists,Supplemental,15.0,1
19-3041.00,19-3093.00,Historians,Supplemental,16.0,0
19-3041.00,19-3034.00,School Psychologists,Supplemental,17.0,1
19-3041.00,19-1041.00,Epidemiologists,Supplemental,18.0,1
19-3041.00,19-3039.02,Neuropsychologists,Supplemental,19.0,1
19-3041.00,19-3039.03,Clinical Neuropsychologists,Supplemental,20.0,1
19-3051.00,19-3099.01,Transportation Planners,Primary-Short,1.0,1
19-3051.00,13-1082.00,Project Management Specialists,Primary-Short,2.0,0
19-3051.00,11-1011.03,Chief Sustainability Officers,Primary-Short,3.0,0
19-3051.00,13-1199.05,Sustainability Specialists,Primary-Short,4.0,0
19-3051.00,11-9199.11,Brownfield Redevelopment Specialists and Site Managers,Primary-Short,5.0,0
19-3051.00,19-2041.01,Climate Change Policy Analysts,Primary-Long,6.0,1
19-3051.00,19-2041.02,Environmental Restoration Planners,Primary-Long,7.0,1
19-3051.00,17-1012.00,Landscape Architects,Primary-Long,8.0,1
19-3051.00,19-1031.00,Conservation Scientists,Primary-Long,9.0,1
19-3051.00,19-2041.03,Industrial Ecologists,Primary-Long,10.0,1
19-3051.00,13-1111.00,Management Analysts,Supplemental,11.0,0
19-3051.00,13-1041.04,Government Property Inspectors and Investigators,Supplemental,12.0,0
19-3051.00,19-2041.00,"Environmental Scientists and Specialists, Including Health",Supplemental,13.0,1
19-3051.00,15-1299.09,Information Technology Project Managers,Supplemental,14.0,1
19-3051.00,19-1031.02,Range Managers,Supplemental,15.0,1
19-3051.00,11-9161.00,Emergency Management Directors,Supplemental,16.0,0
19-3051.00,11-1011.00,Chief Executives,Supplemental,17.0,0
19-3051.00,19-3092.00,Geographers,Supplemental,18.0,1
19-3051.00,19-4044.00,Hydrologic Technicians,Supplemental,19.0,1
19-3051.00,11-9121.02,Water Resource Specialists,Supplemental,20.0,1
19-3091.00,19-3093.00,Historians,Primary-Short,1.0,0
19-3091.00,19-3041.00,Sociologists,Primary-Short,2.0,1
19-3091.00,25-1061.00,"Anthropology and Archeology Teachers, Postsecondary",Primary-Short,3.0,1
19-3091.00,19-3092.00,Geographers,Primary-Short,4.0,1
19-3091.00,25-1062.00,"Area, Ethnic, and Cultural Studies Teachers, Postsecondary",Primary-Short,5.0,1
19-3091.00,25-1125.00,"History Teachers, Postsecondary",Primary-Long,6.0,0
19-3091.00,25-4012.00,Curators,Primary-Long,7.0,0
19-3091.00,25-4011.00,Archivists,Primary-Long,8.0,0
19-3091.00,19-2042.00,"Geoscientists, Except Hydrologists and Geographers",Primary-Long,9.0,1
19-3091.00,19-4061.00,Social Science Research Assistants,Primary-Long,10.0,1
19-3091.00,25-1067.00,"Sociology Teachers, Postsecondary",Supplemental,11.0,1
19-3091.00,25-1064.00,"Geography Teachers, Postsecondary",Supplemental,12.0,1
19-3091.00,15-2051.00,Data Scientists,Supplemental,13.0,1
19-3091.00,25-1065.00,"Political Science Teachers, Postsecondary",Supplemental,14.0,1
19-3091.00,25-1126.00,"Philosophy and Religion Teachers, Postsecondary",Supplemental,15.0,0
19-3091.00,25-1123.00,"English Language and Literature Teachers, Postsecondary",Supplemental,16.0,0
19-3091.00,19-3094.00,Political Scientists,Supplemental,17.0,1
19-3091.00,19-3022.00,Survey Researchers,Supplemental,18.0,1
19-3091.00,25-1113.00,"Social Work Teachers, Postsecondary",Supplemental,19.0,0
19-3091.00,25-1124.00,"Foreign Language and Literature Teachers, Postsecondary",Supplemental,20.0,0
19-3092.00,15-1299.02,Geographic Information Systems Technologists and Technicians,Primary-Short,1.0,1
19-3092.00,25-1064.00,"Geography Teachers, Postsecondary",Primary-Short,2.0,1
19-3092.00,19-2042.00,"Geoscientists, Except Hydrologists and Geographers",Primary-Short,3.0,1
19-3092.00,15-2051.00,Data Scientists,Primary-Short,4.0,1
19-3092.00,17-1021.00,Cartographers and Photogrammetrists,Primary-Short,5.0,1
19-3092.00,19-3091.00,Anthropologists and Archeologists,Primary-Long,6.0,1
19-3092.00,17-1022.01,Geodetic Surveyors,Primary-Long,7.0,1
19-3092.00,19-2021.00,Atmospheric and Space Scientists,Primary-Long,8.0,1
19-3092.00,19-2099.01,Remote Sensing Scientists and Technologists,Primary-Long,9.0,1
19-3092.00,15-2041.00,Statisticians,Primary-Long,10.0,1
19-3092.00,17-3031.00,Surveying and Mapping Technicians,Supplemental,11.0,1
19-3092.00,19-4044.00,Hydrologic Technicians,Supplemental,12.0,1
19-3092.00,19-3093.00,Historians,Supplemental,13.0,0
19-3092.00,19-1031.00,Conservation Scientists,Supplemental,14.0,1
19-3092.00,19-2043.00,Hydrologists,Supplemental,15.0,1
19-3092.00,19-3022.00,Survey Researchers,Supplemental,16.0,1
19-3092.00,19-3041.00,Sociologists,Supplemental,17.0,1
19-3092.00,19-3051.00,Urban and Regional Planners,Supplemental,18.0,1
19-3092.00,19-3011.01,Environmental Economists,Supplemental,19.0,1
19-3092.00,19-4043.00,"Geological Technicians, Except Hydrologic Technicians",Supplemental,20.0,1
19-3094.00,25-1065.00,"Political Science Teachers, Postsecondary",Primary-Short,1.0,1
19-3094.00,19-3041.00,Sociologists,Primary-Short,2.0,1
19-3094.00,19-3011.00,Economists,Primary-Short,3.0,1
19-3094.00,25-1112.00,"Law Teachers, Postsecondary",Primary-Short,4.0,0
19-3094.00,11-1031.00,Legislators,Primary-Short,5.0,0
19-3094.00,25-1067.00,"Sociology Teachers, Postsecondary",Primary-Long,6.0,1
19-3094.00,19-2041.01,Climate Change Policy Analysts,Primary-Long,7.0,1
19-3094.00,25-1063.00,"Economics Teachers, Postsecondary",Primary-Long,8.0,1
19-3094.00,19-3011.01,Environmental Economists,Primary-Long,9.0,1
19-3094.00,19-3022.00,Survey Researchers,Primary-Long,10.0,1
19-3094.00,11-2032.00,Public Relations Managers,Supplemental,11.0,0
19-3094.00,25-1011.00,"Business Teachers, Postsecondary",Supplemental,12.0,0
19-3094.00,13-1111.00,Management Analysts,Supplemental,13.0,0
19-3094.00,11-1011.00,Chief Executives,Supplemental,14.0,0
19-3094.00,13-1075.00,Labor Relations Specialists,Supplemental,15.0,0
19-3094.00,19-3051.00,Urban and Regional Planners,Supplemental,16.0,1
19-3094.00,33-3021.06,Intelligence Analysts,Supplemental,17.0,0
19-3094.00,13-1041.03,Equal Opportunity Representatives and Officers,Supplemental,18.0,0
19-3094.00,25-1125.00,"History Teachers, Postsecondary",Supplemental,19.0,0
19-3094.00,25-1111.00,"Criminal Justice and Law Enforcement Teachers, Postsecondary",Supplemental,20.0,0
19-3099.01,17-2051.01,Transportation Engineers,Primary-Short,1.0,1
19-3099.01,19-3051.00,Urban and Regional Planners,Primary-Short,2.0,1
19-3099.01,11-3071.00,"Transportation, Storage, and Distribution Managers",Primary-Short,3.0,0
19-3099.01,13-1081.01,Logistics Engineers,Primary-Short,4.0,0
19-3099.01,13-1081.00,Logisticians,Primary-Short,5.0,0
19-3099.01,53-6041.00,Traffic Technicians,Primary-Long,6.0,0
19-3099.01,13-1081.02,Logistics Analysts,Primary-Long,7.0,0
19-3099.01,17-2051.00,Civil Engineers,Primary-Long,8.0,1
19-3099.01,13-1082.00,Project Management Specialists,Primary-Long,9.0,0
19-3099.01,17-3022.00,Civil Engineering Technologists and Technicians,Primary-Long,10.0,1
19-3099.01,43-5011.01,Freight Forwarders,Supplemental,11.0,0
19-3099.01,13-1111.00,Management Analysts,Supplemental,12.0,0
19-3099.01,11-1011.03,Chief Sustainability Officers,Supplemental,13.0,0
19-3099.01,19-2041.00,"Environmental Scientists and Specialists, Including Health",Supplemental,14.0,1
19-3099.01,11-9199.11,Brownfield Redevelopment Specialists and Site Managers,Supplemental,15.0,0
19-3099.01,19-2041.01,Climate Change Policy Analysts,Supplemental,16.0,1
19-3099.01,13-1199.05,Sustainability Specialists,Supplemental,17.0,0
19-3099.01,19-2041.03,Industrial Ecologists,Supplemental,18.0,1
19-3099.01,53-1043.00,First-Line Supervisors of Material-Moving Machine and Vehicle Operators,Supplemental,19.0,0
19-3099.01,19-4044.00,Hydrologic Technicians,Supplemental,20.0,1
19-4012.00,17-2021.00,Agricultural Engineers,Primary-Short,1.0,1
19-4012.00,19-4021.00,Biological Technicians,Primary-Short,2.0,1
19-4012.00,11-9013.00,"Farmers, Ranchers, and Other Agricultural Managers",Primary-Short,3.0,0
19-4012.00,19-4012.01,Precision Agriculture Technicians,Primary-Short,4.0,1
19-4012.00,19-4013.00,Food Science Technicians,Primary-Short,5.0,1
19-4012.00,19-1012.00,Food Scientists and Technologists,Primary-Long,6.0,1
19-4012.00,51-8099.01,Biofuels Processing Technicians,Primary-Long,7.0,0
19-4012.00,45-1011.00,"First-Line Supervisors of Farming, Fishing, and Forestry Workers",Primary-Long,8.0,0
19-4012.00,19-4071.00,Forest and Conservation Technicians,Primary-Long,9.0,1
19-4012.00,29-2012.00,Medical and Clinical Laboratory Technicians,Primary-Long,10.0,1
19-4012.00,19-1013.00,Soil and Plant Scientists,Supplemental,11.0,1
19-4012.00,45-2092.00,"Farmworkers and Laborers, Crop, Nursery, and Greenhouse",Supplemental,12.0,0
19-4012.00,19-1022.00,Microbiologists,Supplemental,13.0,1
19-4012.00,25-1041.00,"Agricultural Sciences Teachers, Postsecondary",Supplemental,14.0,1
19-4012.00,19-4042.00,"Environmental Science and Protection Technicians, Including Health",Supplemental,15.0,1
19-4012.00,19-4031.00,Chemical Technicians,Supplemental,16.0,1
19-4012.00,17-3025.00,Environmental Engineering Technologists and Technicians,Supplemental,17.0,1
19-4012.00,19-1011.00,Animal Scientists,Supplemental,18.0,1
19-4012.00,11-3051.03,Biofuels Production Managers,Supplemental,19.0,0
19-4012.00,19-2031.00,Chemists,Supplemental,20.0,1
19-4012.01,19-1013.00,Soil and Plant Scientists,Primary-Short,1.0,1
19-4012.01,17-2021.00,Agricultural Engineers,Primary-Short,2.0,1
19-4012.01,19-4012.00,Agricultural Technicians,Primary-Short,3.0,1
19-4012.01,19-1031.00,Conservation Scientists,Primary-Short,4.0,1
19-4012.01,19-4043.00,"Geological Technicians, Except Hydrologic Technicians",Primary-Short,5.0,1
19-4012.01,19-2041.03,Industrial Ecologists,Primary-Long,6.0,1
19-4012.01,19-4071.00,Forest and Conservation Technicians,Primary-Long,7.0,1
19-4012.01,11-9013.00,"Farmers, Ranchers, and Other Agricultural Managers",Primary-Long,8.0,0
19-4012.01,19-1031.02,Range Managers,Primary-Long,9.0,1
19-4012.01,19-2041.00,"Environmental Scientists and Specialists, Including Health",Primary-Long,10.0,1
19-4012.01,17-2112.00,Industrial Engineers,Supplemental,11.0,1
19-4012.01,19-4044.00,Hydrologic Technicians,Supplemental,12.0,1
19-4012.01,17-3026.00,Industrial Engineering Technologists and Technicians,Supplemental,13.0,1
19-4012.01,19-4042.00,"Environmental Science and Protection Technicians, Including Health",Supplemental,14.0,1
19-4012.01,17-3025.00,Environmental Engineering Technologists and Technicians,Supplemental,15.0,1
19-4012.01,15-2051.00,Data Scientists,Supplemental,16.0,1
19-4012.01,19-2099.01,Remote Sensing Scientists and Technologists,Supplemental,17.0,1
19-4012.01,19-4099.03,Remote Sensing Technicians,Supplemental,18.0,1
19-4012.01,45-2092.00,"Farmworkers and Laborers, Crop, Nursery, and Greenhouse",Supplemental,19.0,0
19-4012.01,19-1012.00,Food Scientists and Technologists,Supplemental,20.0,1
19-4013.00,19-1012.00,Food Scientists and Technologists,Primary-Short,1.0,1
19-4013.00,19-4031.00,Chemical Technicians,Primary-Short,2.0,1
19-4013.00,19-4099.01,Quality Control Analysts,Primary-Short,3.0,1
19-4013.00,19-4012.00,Agricultural Technicians,Primary-Short,4.0,1
19-4013.00,45-2011.00,Agricultural Inspectors,Primary-Short,5.0,0
19-4013.00,11-3051.01,Quality Control Systems Managers,Primary-Long,6.0,0
19-4013.00,17-3028.00,Calibration Technologists and Technicians,Primary-Long,7.0,1
19-4013.00,51-3091.00,"Food and Tobacco Roasting, Baking, and Drying Machine Operators and Tenders",Primary-Long,8.0,0
19-4013.00,51-9061.00,"Inspectors, Testers, Sorters, Samplers, and Weighers",Primary-Long,9.0,0
19-4013.00,17-3026.00,Industrial Engineering Technologists and Technicians,Primary-Long,10.0,1
19-4013.00,19-2031.00,Chemists,Supplemental,11.0,1
19-4013.00,19-1022.00,Microbiologists,Supplemental,12.0,1
19-4013.00,51-3092.00,Food Batchmakers,Supplemental,13.0,0
19-4013.00,45-2041.00,"Graders and Sorters, Agricultural Products",Supplemental,14.0,0
19-4013.00,51-9012.00,"Separating, Filtering, Clarifying, Precipitating, and Still Machine Setters, Operators, and Tenders",Supplemental,15.0,0
19-4013.00,19-4021.00,Biological Technicians,Supplemental,16.0,1
19-4013.00,29-2012.00,Medical and Clinical Laboratory Technicians,Supplemental,17.0,1
19-4013.00,29-2011.00,Medical and Clinical Laboratory Technologists,Supplemental,18.0,1
19-4013.00,19-1011.00,Animal Scientists,Supplemental,19.0,1
19-4013.00,51-8099.01,Biofuels Processing Technicians,Supplemental,20.0,0
19-4021.00,29-2012.00,Medical and Clinical Laboratory Technicians,Primary-Short,1.0,1
19-4021.00,29-2011.00,Medical and Clinical Laboratory Technologists,Primary-Short,2.0,1
19-4021.00,19-4031.00,Chemical Technicians,Primary-Short,3.0,1
19-4021.00,29-2011.01,Cytogenetic Technologists,Primary-Short,4.0,1
19-4021.00,29-2011.04,Histotechnologists,Primary-Short,5.0,1
19-4021.00,19-4012.00,Agricultural Technicians,Primary-Long,6.0,1
19-4021.00,29-2012.01,Histology Technicians,Primary-Long,7.0,1
19-4021.00,15-2099.01,Bioinformatics Technicians,Primary-Long,8.0,1
19-4021.00,17-3026.01,Nanotechnology Engineering Technologists and Technicians,Primary-Long,9.0,1
19-4021.00,17-3028.00,Calibration Technologists and Technicians,Primary-Long,10.0,1
19-4021.00,19-1029.02,Molecular and Cellular Biologists,Supplemental,11.0,1
19-4021.00,19-1022.00,Microbiologists,Supplemental,12.0,1
19-4021.00,19-1029.04,Biologists,Supplemental,13.0,1
19-4021.00,19-1021.00,Biochemists and Biophysicists,Supplemental,14.0,1
19-4021.00,19-1029.03,Geneticists,Supplemental,15.0,1
19-4021.00,19-1029.01,Bioinformatics Scientists,Supplemental,16.0,1
19-4021.00,19-2031.00,Chemists,Supplemental,17.0,1
19-4021.00,17-2031.00,Bioengineers and Biomedical Engineers,Supplemental,18.0,1
19-4021.00,11-9121.00,Natural Sciences Managers,Supplemental,19.0,1
19-4021.00,25-1042.00,"Biological Science Teachers, Postsecondary",Supplemental,20.0,1
19-4031.00,19-2031.00,Chemists,Primary-Short,1.0,1
19-4031.00,17-3028.00,Calibration Technologists and Technicians,Primary-Short,2.0,1
19-4031.00,17-2041.00,Chemical Engineers,Primary-Short,3.0,1
19-4031.00,17-3026.01,Nanotechnology Engineering Technologists and Technicians,Primary-Short,4.0,1
19-4031.00,51-8091.00,Chemical Plant and System Operators,Primary-Short,5.0,0
19-4031.00,17-3026.00,Industrial Engineering Technologists and Technicians,Primary-Long,6.0,1
19-4031.00,29-2012.00,Medical and Clinical Laboratory Technicians,Primary-Long,7.0,1
19-4031.00,19-4099.01,Quality Control Analysts,Primary-Long,8.0,1
19-4031.00,19-4013.00,Food Science Technicians,Primary-Long,9.0,1
19-4031.00,19-4012.00,Agricultural Technicians,Primary-Long,10.0,1
19-4031.00,29-2011.00,Medical and Clinical Laboratory Technologists,Supplemental,11.0,1
19-4031.00,17-2131.00,Materials Engineers,Supplemental,12.0,1
19-4031.00,19-2032.00,Materials Scientists,Supplemental,13.0,1
19-4031.00,19-4021.00,Biological Technicians,Supplemental,14.0,1
19-4031.00,51-9061.00,"Inspectors, Testers, Sorters, Samplers, and Weighers",Supplemental,15.0,0
19-4031.00,17-3027.00,Mechanical Engineering Technologists and Technicians,Supplemental,16.0,1
19-4031.00,19-4042.00,"Environmental Science and Protection Technicians, Including Health",Supplemental,17.0,1
19-4031.00,17-2112.00,Industrial Engineers,Supplemental,18.0,1
19-4031.00,51-9011.00,Chemical Equipment Operators and Tenders,Supplemental,19.0,0
19-4031.00,17-3021.00,Aerospace Engineering and Operations Technologists and Technicians,Supplemental,20.0,1
19-4042.00,17-3025.00,Environmental Engineering Technologists and Technicians,Primary-Short,1.0,1
19-4042.00,19-2041.00,"Environmental Scientists and Specialists, Including Health",Primary-Short,2.0,1
19-4042.00,13-1041.01,Environmental Compliance Inspectors,Primary-Short,3.0,0
19-4042.00,17-2081.00,Environmental Engineers,Primary-Short,4.0,1
19-4042.00,51-8031.00,Water and Wastewater Treatment Plant and System Operators,Primary-Short,5.0,0
19-4042.00,11-9199.11,Brownfield Redevelopment Specialists and Site Managers,Primary-Long,6.0,0
19-4042.00,19-4043.00,"Geological Technicians, Except Hydrologic Technicians",Primary-Long,7.0,1
19-4042.00,17-2051.02,Water/Wastewater Engineers,Primary-Long,8.0,1
19-4042.00,19-1031.00,Conservation Scientists,Primary-Long,9.0,1
19-4042.00,11-9121.02,Water Resource Specialists,Primary-Long,10.0,1
19-4042.00,19-4051.02,Nuclear Monitoring Technicians,Supplemental,11.0,1
19-4042.00,47-4041.00,Hazardous Materials Removal Workers,Supplemental,12.0,0
19-4042.00,19-2041.03,Industrial Ecologists,Supplemental,13.0,1
19-4042.00,19-4031.00,Chemical Technicians,Supplemental,14.0,1
19-4042.00,19-5011.00,Occupational Health and Safety Specialists,Supplemental,15.0,0
19-4042.00,17-2111.00,"Health and Safety Engineers, Except Mining Safety Engineers and Inspectors",Supplemental,16.0,1
19-4042.00,19-4044.00,Hydrologic Technicians,Supplemental,17.0,1
19-4042.00,19-2043.00,Hydrologists,Supplemental,18.0,1
19-4042.00,19-4021.00,Biological Technicians,Supplemental,19.0,1
19-4042.00,17-2161.00,Nuclear Engineers,Supplemental,20.0,1
19-4043.00,19-4044.00,Hydrologic Technicians,Primary-Short,1.0,1
19-4043.00,17-3031.00,Surveying and Mapping Technicians,Primary-Short,2.0,1
19-4043.00,17-1022.01,Geodetic Surveyors,Primary-Short,3.0,1
19-4043.00,19-4042.00,"Environmental Science and Protection Technicians, Including Health",Primary-Short,4.0,1
19-4043.00,17-3028.00,Calibration Technologists and Technicians,Primary-Short,5.0,1
19-4043.00,17-3025.00,Environmental Engineering Technologists and Technicians,Primary-Long,6.0,1
19-4043.00,19-4031.00,Chemical Technicians,Primary-Long,7.0,1
19-4043.00,19-2099.01,Remote Sensing Scientists and Technologists,Primary-Long,8.0,1
19-4043.00,17-3027.00,Mechanical Engineering Technologists and Technicians,Primary-Long,9.0,1
19-4043.00,19-4099.03,Remote Sensing Technicians,Primary-Long,10.0,1
19-4043.00,19-2042.00,"Geoscientists, Except Hydrologists and Geographers",Supplemental,11.0,1
19-4043.00,17-2171.00,Petroleum Engineers,Supplemental,12.0,1
19-4043.00,19-2043.00,Hydrologists,Supplemental,13.0,1
19-4043.00,17-2151.00,"Mining and Geological Engineers, Including Mining Safety Engineers",Supplemental,14.0,1
19-4043.00,17-3023.00,Electrical and Electronic Engineering Technologists and Technicians,Supplemental,15.0,1
19-4043.00,17-3021.00,Aerospace Engineering and Operations Technologists and Technicians,Supplemental,16.0,1
19-4043.00,49-9099.01,Geothermal Technicians,Supplemental,17.0,0
19-4043.00,49-2094.00,"Electrical and Electronics Repairers, Commercial and Industrial Equipment",Supplemental,18.0,0
19-4043.00,19-2032.00,Materials Scientists,Supplemental,19.0,1
19-4043.00,17-2071.00,Electrical Engineers,Supplemental,20.0,1
19-4044.00,19-2043.00,Hydrologists,Primary-Short,1.0,1
19-4044.00,17-2051.02,Water/Wastewater Engineers,Primary-Short,2.0,1
19-4044.00,19-4043.00,"Geological Technicians, Except Hydrologic Technicians",Primary-Short,3.0,1
19-4044.00,11-9121.02,Water Resource Specialists,Primary-Short,4.0,1
19-4044.00,19-1031.00,Conservation Scientists,Primary-Short,5.0,1
19-4044.00,19-2041.00,"Environmental Scientists and Specialists, Including Health",Primary-Long,6.0,1
19-4044.00,17-3031.00,Surveying and Mapping Technicians,Primary-Long,7.0,1
19-4044.00,19-4042.00,"Environmental Science and Protection Technicians, Including Health",Primary-Long,8.0,1
19-4044.00,17-3025.00,Environmental Engineering Technologists and Technicians,Primary-Long,9.0,1
19-4044.00,17-2081.00,Environmental Engineers,Primary-Long,10.0,1
19-4044.00,17-1022.01,Geodetic Surveyors,Supplemental,11.0,1
19-4044.00,19-2041.03,Industrial Ecologists,Supplemental,12.0,1
19-4044.00,19-2042.00,"Geoscientists, Except Hydrologists and Geographers",Supplemental,13.0,1
19-4044.00,19-2041.02,Environmental Restoration Planners,Supplemental,14.0,1
19-4044.00,15-1299.02,Geographic Information Systems Technologists and Technicians,Supplemental,15.0,1
19-4044.00,19-2021.00,Atmospheric and Space Scientists,Supplemental,16.0,1
19-4044.00,19-3092.00,Geographers,Supplemental,17.0,1
19-4044.00,17-2051.00,Civil Engineers,Supplemental,18.0,1
19-4044.00,19-4099.03,Remote Sensing Technicians,Supplemental,19.0,1
19-4044.00,19-2099.01,Remote Sensing Scientists and Technologists,Supplemental,20.0,1
19-4051.00,51-8011.00,Nuclear Power Reactor Operators,Primary-Short,1.0,0
19-4051.00,19-4051.02,Nuclear Monitoring Technicians,Primary-Short,2.0,1
19-4051.00,51-8013.00,Power Plant Operators,Primary-Short,3.0,0
19-4051.00,51-8021.00,Stationary Engineers and Boiler Operators,Primary-Short,4.0,0
19-4051.00,51-8013.04,Hydroelectric Plant Technicians,Primary-Short,5.0,0
19-4051.00,51-8013.03,Biomass Plant Technicians,Primary-Long,6.0,0
19-4051.00,49-9099.01,Geothermal Technicians,Primary-Long,7.0,0
19-4051.00,17-3021.00,Aerospace Engineering and Operations Technologists and Technicians,Primary-Long,8.0,1
19-4051.00,51-8012.00,Power Distributors and Dispatchers,Primary-Long,9.0,0
19-4051.00,17-3028.00,Calibration Technologists and Technicians,Primary-Long,10.0,1
19-4051.00,17-2161.00,Nuclear Engineers,Supplemental,11.0,1
19-4051.00,51-8091.00,Chemical Plant and System Operators,Supplemental,12.0,0
19-4051.00,51-8092.00,Gas Plant Operators,Supplemental,13.0,0
19-4051.00,49-2094.00,"Electrical and Electronics Repairers, Commercial and Industrial Equipment",Supplemental,14.0,0
19-4051.00,49-2095.00,"Electrical and Electronics Repairers, Powerhouse, Substation, and Relay",Supplemental,15.0,0
19-4051.00,17-2041.00,Chemical Engineers,Supplemental,16.0,1
19-4051.00,11-3051.02,Geothermal Production Managers,Supplemental,17.0,0
19-4051.00,11-3051.04,Biomass Power Plant Managers,Supplemental,18.0,0
19-4051.00,17-3023.00,Electrical and Electronic Engineering Technologists and Technicians,Supplemental,19.0,1
19-4051.00,51-8093.00,"Petroleum Pump System Operators, Refinery Operators, and Gaugers",Supplemental,20.0,0
19-4051.02,19-4051.00,Nuclear Technicians,Primary-Short,1.0,1
19-4051.02,17-2161.00,Nuclear Engineers,Primary-Short,2.0,1
19-4051.02,19-4042.00,"Environmental Science and Protection Technicians, Including Health",Primary-Short,3.0,1
19-4051.02,29-2033.00,Nuclear Medicine Technologists,Primary-Short,4.0,1
19-4051.02,51-8011.00,Nuclear Power Reactor Operators,Primary-Short,5.0,0
19-4051.02,17-3028.00,Calibration Technologists and Technicians,Primary-Long,6.0,1
19-4051.02,17-3025.00,Environmental Engineering Technologists and Technicians,Primary-Long,7.0,1
19-4051.02,19-4031.00,Chemical Technicians,Primary-Long,8.0,1
19-4051.02,29-2012.00,Medical and Clinical Laboratory Technicians,Primary-Long,9.0,1
19-4051.02,19-5012.00,Occupational Health and Safety Technicians,Primary-Long,10.0,0
19-4051.02,19-5011.00,Occupational Health and Safety Specialists,Supplemental,11.0,0
19-4051.02,17-3029.01,Non-Destructive Testing Specialists,Supplemental,12.0,1
19-4051.02,51-8031.00,Water and Wastewater Treatment Plant and System Operators,Supplemental,13.0,0
19-4051.02,29-2011.00,Medical and Clinical Laboratory Technologists,Supplemental,14.0,1
19-4051.02,17-3026.01,Nanotechnology Engineering Technologists and Technicians,Supplemental,15.0,1
19-4051.02,51-8091.00,Chemical Plant and System Operators,Supplemental,16.0,0
19-4051.02,49-2094.00,"Electrical and Electronics Repairers, Commercial and Industrial Equipment",Supplemental,17.0,0
19-4051.02,17-2111.00,"Health and Safety Engineers, Except Mining Safety Engineers and Inspectors",Supplemental,18.0,1
19-4051.02,47-4041.00,Hazardous Materials Removal Workers,Supplemental,19.0,0
19-4051.02,19-2031.00,Chemists,Supplemental,20.0,1
19-4061.00,15-2051.00,Data Scientists,Primary-Short,1.0,1
19-4061.00,15-2051.02,Clinical Data Managers,Primary-Short,2.0,1
19-4061.00,19-3022.00,Survey Researchers,Primary-Short,3.0,1
19-4061.00,11-9121.01,Clinical Research Coordinators,Primary-Short,4.0,1
19-4061.00,15-2041.00,Statisticians,Primary-Short,5.0,1
19-4061.00,43-9111.00,Statistical Assistants,Primary-Long,6.0,0
19-4061.00,15-2041.01,Biostatisticians,Primary-Long,7.0,1
19-4061.00,25-9044.00,"Teaching Assistants, Postsecondary",Primary-Long,8.0,0
19-4061.00,15-1211.01,Health Informatics Specialists,Primary-Long,9.0,1
19-4061.00,15-2099.01,Bioinformatics Technicians,Primary-Long,10.0,1
19-4061.00,13-1111.00,Management Analysts,Supplemental,11.0,0
19-4061.00,11-9033.00,"Education Administrators, Postsecondary",Supplemental,12.0,0
19-4061.00,19-3041.00,Sociologists,Supplemental,13.0,1
19-4061.00,43-4111.00,"Interviewers, Except Eligibility and Loan",Supplemental,14.0,0
19-4061.00,25-9031.00,Instructional Coordinators,Supplemental,15.0,0
19-4061.00,29-9021.00,Health Information Technologists and Medical Registrars,Supplemental,16.0,1
19-4061.00,43-6011.00,Executive Secretaries and Executive Administrative Assistants,Supplemental,17.0,0
19-4061.00,43-6014.00,"Secretaries and Administrative Assistants, Except Legal, Medical, and Executive",Supplemental,18.0,0
19-4061.00,25-1081.00,"Education Teachers, Postsecondary",Supplemental,19.0,0
19-4061.00,27-3042.00,Technical Writers,Supplemental,20.0,0
19-4071.00,19-1032.00,Foresters,Primary-Short,1.0,1
19-4071.00,19-1031.02,Range Managers,Primary-Short,2.0,1
19-4071.00,45-4011.00,Forest and Conservation Workers,Primary-Short,3.0,0
19-4071.00,19-1031.00,Conservation Scientists,Primary-Short,4.0,1
19-4071.00,33-2022.00,Forest Fire Inspectors and Prevention Specialists,Primary-Short,5.0,0
19-4071.00,45-1011.00,"First-Line Supervisors of Farming, Fishing, and Forestry Workers",Primary-Long,6.0,0
19-4071.00,19-2041.00,"Environmental Scientists and Specialists, Including Health",Primary-Long,7.0,1
19-4071.00,19-4042.00,"Environmental Science and Protection Technicians, Including Health",Primary-Long,8.0,1
19-4071.00,19-4012.00,Agricultural Technicians,Primary-Long,9.0,1
19-4071.00,19-4012.01,Precision Agriculture Technicians,Primary-Long,10.0,1
19-4071.00,19-2041.02,Environmental Restoration Planners,Supplemental,11.0,1
19-4071.00,19-1013.00,Soil and Plant Scientists,Supplemental,12.0,1
19-4071.00,17-2021.00,Agricultural Engineers,Supplemental,13.0,1
19-4071.00,37-1012.00,"First-Line Supervisors of Landscaping, Lawn Service, and Groundskeeping Workers",Supplemental,14.0,0
19-4071.00,19-2041.03,Industrial Ecologists,Supplemental,15.0,1
19-4071.00,17-3025.00,Environmental Engineering Technologists and Technicians,Supplemental,16.0,1
19-4071.00,19-5011.00,Occupational Health and Safety Specialists,Supplemental,17.0,0
19-4071.00,13-1041.01,Environmental Compliance Inspectors,Supplemental,18.0,0
19-4071.00,11-9121.02,Water Resource Specialists,Supplemental,19.0,1
19-4071.00,19-4044.00,Hydrologic Technicians,Supplemental,20.0,1
19-4092.00,33-3021.02,Police Identification and Records Officers,Primary-Short,1.0,0
19-4092.00,15-1299.06,Digital Forensics Analysts,Primary-Short,2.0,1
19-4092.00,33-3021.00,Detectives and Criminal Investigators,Primary-Short,3.0,0
19-4092.00,13-1041.06,Coroners,Primary-Short,4.0,0
19-4092.00,29-2012.00,Medical and Clinical Laboratory Technicians,Primary-Short,5.0,1
19-4092.00,29-2011.00,Medical and Clinical Laboratory Technologists,Primary-Long,6.0,1
19-4092.00,33-9021.00,Private Detectives and Investigators,Primary-Long,7.0,0
19-4092.00,33-3021.06,Intelligence Analysts,Primary-Long,8.0,0
19-4092.00,29-2012.01,Histology Technicians,Primary-Long,9.0,1
19-4092.00,13-2099.04,"Fraud Examiners, Investigators and Analysts",Primary-Long,10.0,0
19-4092.00,19-4042.00,"Environmental Science and Protection Technicians, Including Health",Supplemental,11.0,1
19-4092.00,19-1022.00,Microbiologists,Supplemental,12.0,1
19-4092.00,15-1299.04,Penetration Testers,Supplemental,13.0,1
19-4092.00,29-1222.00,"Physicians, Pathologists",Supplemental,14.0,1
19-4092.00,13-1041.01,Environmental Compliance Inspectors,Supplemental,15.0,0
19-4092.00,15-2051.00,Data Scientists,Supplemental,16.0,1
19-4092.00,19-4051.02,Nuclear Monitoring Technicians,Supplemental,17.0,1
19-4092.00,31-9097.00,Phlebotomists,Supplemental,18.0,0
19-4092.00,19-4021.00,Biological Technicians,Supplemental,19.0,1
19-4092.00,29-2011.01,Cytogenetic Technologists,Supplemental,20.0,1
19-4099.01,11-3051.01,Quality Control Systems Managers,Primary-Short,1.0,0
19-4099.01,17-2112.02,Validation Engineers,Primary-Short,2.0,1
19-4099.01,17-2112.00,Industrial Engineers,Primary-Short,3.0,1
19-4099.01,19-4031.00,Chemical Technicians,Primary-Short,4.0,1
19-4099.01,17-3028.00,Calibration Technologists and Technicians,Primary-Short,5.0,1
19-4099.01,17-3026.00,Industrial Engineering Technologists and Technicians,Primary-Long,6.0,1
19-4099.01,19-4013.00,Food Science Technicians,Primary-Long,7.0,1
19-4099.01,15-1253.00,Software Quality Assurance Analysts and Testers,Primary-Long,8.0,1
19-4099.01,19-2031.00,Chemists,Primary-Long,9.0,1
19-4099.01,51-9061.00,"Inspectors, Testers, Sorters, Samplers, and Weighers",Primary-Long,10.0,0
19-4099.01,15-1299.04,Penetration Testers,Supplemental,11.0,1
19-4099.01,17-3027.00,Mechanical Engineering Technologists and Technicians,Supplemental,12.0,1
19-4099.01,29-2011.00,Medical and Clinical Laboratory Technologists,Supplemental,13.0,1
19-4099.01,17-3021.00,Aerospace Engineering and Operations Technologists and Technicians,Supplemental,14.0,1
19-4099.01,17-3026.01,Nanotechnology Engineering Technologists and Technicians,Supplemental,15.0,1
19-4099.01,29-2012.00,Medical and Clinical Laboratory Technicians,Supplemental,16.0,1
19-4099.01,17-3027.01,Automotive Engineering Technicians,Supplemental,17.0,1
19-4099.01,17-2111.00,"Health and Safety Engineers, Except Mining Safety Engineers and Inspectors",Supplemental,18.0,1
19-4099.01,29-2011.04,Histotechnologists,Supplemental,19.0,1
19-4099.01,15-1252.00,Software Developers,Supplemental,20.0,1
19-4099.03,19-2099.01,Remote Sensing Scientists and Technologists,Primary-Short,1.0,1
19-4099.03,17-3024.00,Electro-Mechanical and Mechatronics Technologists and Technicians,Primary-Short,2.0,1
19-4099.03,27-4031.00,"Camera Operators, Television, Video, and Film",Primary-Short,3.0,0
19-4099.03,19-4043.00,"Geological Technicians, Except Hydrologic Technicians",Primary-Short,4.0,1
19-4099.03,17-1022.01,Geodetic Surveyors,Primary-Short,5.0,1
19-4099.03,17-3031.00,Surveying and Mapping Technicians,Primary-Long,6.0,1
19-4099.03,17-1021.00,Cartographers and Photogrammetrists,Primary-Long,7.0,1
19-4099.03,15-1299.02,Geographic Information Systems Technologists and Technicians,Primary-Long,8.0,1
19-4099.03,17-3021.00,Aerospace Engineering and Operations Technologists and Technicians,Primary-Long,9.0,1
19-4099.03,17-2011.00,Aerospace Engineers,Primary-Long,10.0,1
19-4099.03,49-2091.00,Avionics Technicians,Supplemental,11.0,0
19-4099.03,17-2072.01,Radio Frequency Identification Device Specialists,Supplemental,12.0,1
19-4099.03,17-3028.00,Calibration Technologists and Technicians,Supplemental,13.0,1
19-4099.03,49-2094.00,"Electrical and Electronics Repairers, Commercial and Industrial Equipment",Supplemental,14.0,0
19-4099.03,19-4012.01,Precision Agriculture Technicians,Supplemental,15.0,1
19-4099.03,17-1022.00,Surveyors,Supplemental,16.0,1
19-4099.03,15-1252.00,Software Developers,Supplemental,17.0,1
19-4099.03,17-2199.08,Robotics Engineers,Supplemental,18.0,1
19-4099.03,17-3023.00,Electrical and Electronic Engineering Technologists and Technicians,Supplemental,19.0,1
19-4099.03,17-3024.01,Robotics Technicians,Supplemental,20.0,1
25-1021.00,11-3021.00,Computer and Information Systems Managers,Primary-Short,1.0,1
25-1021.00,25-1011.00,"Business Teachers, Postsecondary",Primary-Short,2.0,0
25-1021.00,25-1022.00,"Mathematical Science Teachers, Postsecondary",Primary-Short,3.0,1
25-1021.00,25-1082.00,"Library Science Teachers, Postsecondary",Primary-Short,4.0,0
25-1021.00,25-1032.00,"Engineering Teachers, Postsecondary",Primary-Short,5.0,1
25-1021.00,15-1252.00,Software Developers,Primary-Long,6.0,1
25-1021.00,25-1054.00,"Physics Teachers, Postsecondary",Primary-Long,7.0,1
25-1021.00,15-1221.00,Computer and Information Research Scientists,Primary-Long,8.0,1
25-1021.00,15-1299.08,Computer Systems Engineers/Architects,Primary-Long,9.0,1
25-1021.00,17-2061.00,Computer Hardware Engineers,Primary-Long,10.0,1
25-1021.00,25-2023.00,"Career/Technical Education Teachers, Middle School",Supplemental,11.0,0
25-1021.00,25-2032.00,"Career/Technical Education Teachers, Secondary School",Supplemental,12.0,0
25-1021.00,25-1194.00,"Career/Technical Education Teachers, Postsecondary",Supplemental,13.0,0
25-1021.00,25-9031.00,Instructional Coordinators,Supplemental,14.0,0
25-1021.00,15-1211.00,Computer Systems Analysts,Supplemental,15.0,1
25-1021.00,25-9044.00,"Teaching Assistants, Postsecondary",Supplemental,16.0,0
25-1021.00,25-1122.00,"Communications Teachers, Postsecondary",Supplemental,17.0,0
25-1021.00,15-1251.00,Computer Programmers,Supplemental,18.0,1
25-1021.00,13-1111.00,Management Analysts,Supplemental,19.0,0
25-1021.00,25-3041.00,Tutors,Supplemental,20.0,0
25-1022.00,25-1054.00,"Physics Teachers, Postsecondary",Primary-Short,1.0,1
25-1022.00,25-1051.00,"Atmospheric, Earth, Marine, and Space Sciences Teachers, Postsecondary",Primary-Short,2.0,1
25-1022.00,25-1063.00,"Economics Teachers, Postsecondary",Primary-Short,3.0,1
25-1022.00,25-1021.00,"Computer Science Teachers, Postsecondary",Primary-Short,4.0,1
25-1022.00,25-1052.00,"Chemistry Teachers, Postsecondary",Primary-Short,5.0,1
25-1022.00,25-1081.00,"Education Teachers, Postsecondary",Primary-Long,6.0,0
25-1022.00,25-1066.00,"Psychology Teachers, Postsecondary",Primary-Long,7.0,1
25-1022.00,25-1042.00,"Biological Science Teachers, Postsecondary",Primary-Long,8.0,1
25-1022.00,25-1067.00,"Sociology Teachers, Postsecondary",Primary-Long,9.0,1
25-1022.00,25-1064.00,"Geography Teachers, Postsecondary",Primary-Long,10.0,1
25-1022.00,25-3041.00,Tutors,Supplemental,11.0,0
25-1022.00,25-9044.00,"Teaching Assistants, Postsecondary",Supplemental,12.0,0
25-1022.00,25-2031.00,"Secondary School Teachers, Except Special and Career/Technical Education",Supplemental,13.0,0
25-1022.00,25-2021.00,"Elementary School Teachers, Except Special Education",Supplemental,14.0,0
25-1022.00,25-2022.00,"Middle School Teachers, Except Special and Career/Technical Education",Supplemental,15.0,0
25-1022.00,25-2023.00,"Career/Technical Education Teachers, Middle School",Supplemental,16.0,0
25-1022.00,25-3011.00,"Adult Basic Education, Adult Secondary Education, and English as a Second Language Instructors",Supplemental,17.0,0
25-1022.00,25-9031.00,Instructional Coordinators,Supplemental,18.0,0
25-1022.00,25-1082.00,"Library Science Teachers, Postsecondary",Supplemental,19.0,0
25-1022.00,25-2056.00,"Special Education Teachers, Elementary School",Supplemental,20.0,0
25-1031.00,25-1121.00,"Art, Drama, and Music Teachers, Postsecondary",Primary-Short,1.0,0
25-1031.00,25-2023.00,"Career/Technical Education Teachers, Middle School",Primary-Short,2.0,0
25-1031.00,25-1194.00,"Career/Technical Education Teachers, Postsecondary",Primary-Short,3.0,0
25-1031.00,17-1012.00,Landscape Architects,Primary-Short,4.0,1
25-1031.00,25-1032.00,"Engineering Teachers, Postsecondary",Primary-Short,5.0,1
25-1031.00,25-9031.00,Instructional Coordinators,Primary-Long,6.0,0
25-1031.00,25-1021.00,"Computer Science Teachers, Postsecondary",Primary-Long,7.0,1
25-1031.00,25-2032.00,"Career/Technical Education Teachers, Secondary School",Primary-Long,8.0,0
25-1031.00,25-1053.00,"Environmental Science Teachers, Postsecondary",Primary-Long,9.0,1
25-1031.00,17-1011.00,"Architects, Except Landscape and Naval",Primary-Long,10.0,1
25-1031.00,25-9044.00,"Teaching Assistants, Postsecondary",Supplemental,11.0,0
25-1031.00,25-1061.00,"Anthropology and Archeology Teachers, Postsecondary",Supplemental,12.0,1
25-1031.00,25-1064.00,"Geography Teachers, Postsecondary",Supplemental,13.0,1
25-1031.00,25-1192.00,"Family and Consumer Sciences Teachers, Postsecondary",Supplemental,14.0,0
25-1031.00,25-1123.00,"English Language and Literature Teachers, Postsecondary",Supplemental,15.0,0
25-1031.00,25-1043.00,"Forestry and Conservation Science Teachers, Postsecondary",Supplemental,16.0,1
25-1031.00,25-1051.00,"Atmospheric, Earth, Marine, and Space Sciences Teachers, Postsecondary",Supplemental,17.0,1
25-1031.00,25-1082.00,"Library Science Teachers, Postsecondary",Supplemental,18.0,0
25-1031.00,25-2031.00,"Secondary School Teachers, Except Special and Career/Technical Education",Supplemental,19.0,0
25-1031.00,25-2022.00,"Middle School Teachers, Except Special and Career/Technical Education",Supplemental,20.0,0
25-1032.00,25-1194.00,"Career/Technical Education Teachers, Postsecondary",Primary-Short,1.0,0
25-1032.00,25-1054.00,"Physics Teachers, Postsecondary",Primary-Short,2.0,1
25-1032.00,11-9041.00,Architectural and Engineering Managers,Primary-Short,3.0,1
25-1032.00,25-1021.00,"Computer Science Teachers, Postsecondary",Primary-Short,4.0,1
25-1032.00,19-2032.00,Materials Scientists,Primary-Short,5.0,1
25-1032.00,25-1053.00,"Environmental Science Teachers, Postsecondary",Primary-Long,6.0,1
25-1032.00,25-1051.00,"Atmospheric, Earth, Marine, and Space Sciences Teachers, Postsecondary",Primary-Long,7.0,1
25-1032.00,25-1052.00,"Chemistry Teachers, Postsecondary",Primary-Long,8.0,1
25-1032.00,25-1022.00,"Mathematical Science Teachers, Postsecondary",Primary-Long,9.0,1
25-1032.00,25-1031.00,"Architecture Teachers, Postsecondary",Primary-Long,10.0,1
25-1032.00,17-3027.00,Mechanical Engineering Technologists and Technicians,Supplemental,11.0,1
25-1032.00,17-3026.01,Nanotechnology Engineering Technologists and Technicians,Supplemental,12.0,1
25-1032.00,17-2199.05,Mechatronics Engineers,Supplemental,13.0,1
25-1032.00,25-2023.00,"Career/Technical Education Teachers, Middle School",Supplemental,14.0,0
25-1032.00,25-2032.00,"Career/Technical Education Teachers, Secondary School",Supplemental,15.0,0
25-1032.00,17-2031.00,Bioengineers and Biomedical Engineers,Supplemental,16.0,1
25-1032.00,17-2131.00,Materials Engineers,Supplemental,17.0,1
25-1032.00,17-2112.00,Industrial Engineers,Supplemental,18.0,1
25-1032.00,17-3023.00,Electrical and Electronic Engineering Technologists and Technicians,Supplemental,19.0,1
25-1032.00,17-3026.00,Industrial Engineering Technologists and Technicians,Supplemental,20.0,1
25-1041.00,25-1053.00,"Environmental Science Teachers, Postsecondary",Primary-Short,1.0,1
25-1041.00,25-1043.00,"Forestry and Conservation Science Teachers, Postsecondary",Primary-Short,2.0,1
25-1041.00,25-1042.00,"Biological Science Teachers, Postsecondary",Primary-Short,3.0,1
25-1041.00,25-1192.00,"Family and Consumer Sciences Teachers, Postsecondary",Primary-Short,4.0,0
25-1041.00,25-1051.00,"Atmospheric, Earth, Marine, and Space Sciences Teachers, Postsecondary",Primary-Short,5.0,1
25-1041.00,25-2023.00,"Career/Technical Education Teachers, Middle School",Primary-Long,6.0,0
25-1041.00,11-9013.00,"Farmers, Ranchers, and Other Agricultural Managers",Primary-Long,7.0,0
25-1041.00,19-1013.00,Soil and Plant Scientists,Primary-Long,8.0,1
25-1041.00,25-1194.00,"Career/Technical Education Teachers, Postsecondary",Primary-Long,9.0,0
25-1041.00,25-9021.00,Farm and Home Management Educators,Primary-Long,10.0,0
25-1041.00,19-4012.00,Agricultural Technicians,Supplemental,11.0,1
25-1041.00,25-1193.00,"Recreation and Fitness Studies Teachers, Postsecondary",Supplemental,12.0,0
25-1041.00,25-2032.00,"Career/Technical Education Teachers, Secondary School",Supplemental,13.0,0
25-1041.00,25-1052.00,"Chemistry Teachers, Postsecondary",Supplemental,14.0,1
25-1041.00,25-1071.00,"Health Specialties Teachers, Postsecondary",Supplemental,15.0,1
25-1041.00,17-2021.00,Agricultural Engineers,Supplemental,16.0,1
25-1041.00,25-1063.00,"Economics Teachers, Postsecondary",Supplemental,17.0,1
25-1041.00,19-1011.00,Animal Scientists,Supplemental,18.0,1
25-1041.00,11-9121.00,Natural Sciences Managers,Supplemental,19.0,1
25-1041.00,19-1029.04,Biologists,Supplemental,20.0,1
25-1042.00,25-1051.00,"Atmospheric, Earth, Marine, and Space Sciences Teachers, Postsecondary",Primary-Short,1.0,1
25-1042.00,25-1052.00,"Chemistry Teachers, Postsecondary",Primary-Short,2.0,1
25-1042.00,25-1053.00,"Environmental Science Teachers, Postsecondary",Primary-Short,3.0,1
25-1042.00,25-1071.00,"Health Specialties Teachers, Postsecondary",Primary-Short,4.0,1
25-1042.00,19-1029.02,Molecular and Cellular Biologists,Primary-Short,5.0,1
25-1042.00,25-1041.00,"Agricultural Sciences Teachers, Postsecondary",Primary-Long,6.0,1
25-1042.00,25-1043.00,"Forestry and Conservation Science Teachers, Postsecondary",Primary-Long,7.0,1
25-1042.00,25-1054.00,"Physics Teachers, Postsecondary",Primary-Long,8.0,1
25-1042.00,25-9044.00,"Teaching Assistants, Postsecondary",Primary-Long,9.0,0
25-1042.00,25-1022.00,"Mathematical Science Teachers, Postsecondary",Primary-Long,10.0,1
25-1042.00,19-4021.00,Biological Technicians,Supplemental,11.0,1
25-1042.00,19-1029.03,Geneticists,Supplemental,12.0,1
25-1042.00,25-1066.00,"Psychology Teachers, Postsecondary",Supplemental,13.0,1
25-1042.00,25-1193.00,"Recreation and Fitness Studies Teachers, Postsecondary",Supplemental,14.0,0
25-1042.00,19-1029.01,Bioinformatics Scientists,Supplemental,15.0,1
25-1042.00,19-1029.04,Biologists,Supplemental,16.0,1
25-1042.00,25-1064.00,"Geography Teachers, Postsecondary",Supplemental,17.0,1
25-1042.00,25-1061.00,"Anthropology and Archeology Teachers, Postsecondary",Supplemental,18.0,1
25-1042.00,19-1021.00,Biochemists and Biophysicists,Supplemental,19.0,1
25-1042.00,25-3041.00,Tutors,Supplemental,20.0,0
25-1043.00,25-1053.00,"Environmental Science Teachers, Postsecondary",Primary-Short,1.0,1
25-1043.00,25-1041.00,"Agricultural Sciences Teachers, Postsecondary",Primary-Short,2.0,1
25-1043.00,25-1051.00,"Atmospheric, Earth, Marine, and Space Sciences Teachers, Postsecondary",Primary-Short,3.0,1
25-1043.00,25-1042.00,"Biological Science Teachers, Postsecondary",Primary-Short,4.0,1
25-1043.00,25-1064.00,"Geography Teachers, Postsecondary",Primary-Short,5.0,1
25-1043.00,25-1192.00,"Family and Consumer Sciences Teachers, Postsecondary",Primary-Long,6.0,0
25-1043.00,25-1193.00,"Recreation and Fitness Studies Teachers, Postsecondary",Primary-Long,7.0,0
25-1043.00,25-9044.00,"Teaching Assistants, Postsecondary",Primary-Long,8.0,0
25-1043.00,25-1063.00,"Economics Teachers, Postsecondary",Primary-Long,9.0,1
25-1043.00,25-1061.00,"Anthropology and Archeology Teachers, Postsecondary",Primary-Long,10.0,1
25-1043.00,25-1022.00,"Mathematical Science Teachers, Postsecondary",Supplemental,11.0,1
25-1043.00,19-1029.04,Biologists,Supplemental,12.0,1
25-1043.00,25-1071.00,"Health Specialties Teachers, Postsecondary",Supplemental,13.0,1
25-1043.00,11-9121.00,Natural Sciences Managers,Supplemental,14.0,1
25-1043.00,25-2023.00,"Career/Technical Education Teachers, Middle School",Supplemental,15.0,0
25-1043.00,19-1031.00,Conservation Scientists,Supplemental,16.0,1
25-1043.00,25-1052.00,"Chemistry Teachers, Postsecondary",Supplemental,17.0,1
25-1043.00,25-1081.00,"Education Teachers, Postsecondary",Supplemental,18.0,0
25-1043.00,25-9031.00,Instructional Coordinators,Supplemental,19.0,0
25-1043.00,25-1194.00,"Career/Technical Education Teachers, Postsecondary",Supplemental,20.0,0
25-1051.00,25-1042.00,"Biological Science Teachers, Postsecondary",Primary-Short,1.0,1
25-1051.00,25-1053.00,"Environmental Science Teachers, Postsecondary",Primary-Short,2.0,1
25-1051.00,25-1054.00,"Physics Teachers, Postsecondary",Primary-Short,3.0,1
25-1051.00,25-1052.00,"Chemistry Teachers, Postsecondary",Primary-Short,4.0,1
25-1051.00,25-1064.00,"Geography Teachers, Postsecondary",Primary-Short,5.0,1
25-1051.00,25-1022.00,"Mathematical Science Teachers, Postsecondary",Primary-Long,6.0,1
25-1051.00,25-1043.00,"Forestry and Conservation Science Teachers, Postsecondary",Primary-Long,7.0,1
25-1051.00,25-9044.00,"Teaching Assistants, Postsecondary",Primary-Long,8.0,0
25-1051.00,25-1041.00,"Agricultural Sciences Teachers, Postsecondary",Primary-Long,9.0,1
25-1051.00,25-1061.00,"Anthropology and Archeology Teachers, Postsecondary",Primary-Long,10.0,1
25-1051.00,25-1032.00,"Engineering Teachers, Postsecondary",Supplemental,11.0,1
25-1051.00,25-1193.00,"Recreation and Fitness Studies Teachers, Postsecondary",Supplemental,12.0,0
25-1051.00,25-3041.00,Tutors,Supplemental,13.0,0
25-1051.00,11-9121.00,Natural Sciences Managers,Supplemental,14.0,1
25-1051.00,25-2031.00,"Secondary School Teachers, Except Special and Career/Technical Education",Supplemental,15.0,0
25-1051.00,25-2023.00,"Career/Technical Education Teachers, Middle School",Supplemental,16.0,0
25-1051.00,25-1071.00,"Health Specialties Teachers, Postsecondary",Supplemental,17.0,1
25-1051.00,25-1021.00,"Computer Science Teachers, Postsecondary",Supplemental,18.0,1
25-1051.00,25-1066.00,"Psychology Teachers, Postsecondary",Supplemental,19.0,1
25-1051.00,25-1067.00,"Sociology Teachers, Postsecondary",Supplemental,20.0,1
25-1052.00,25-1042.00,"Biological Science Teachers, Postsecondary",Primary-Short,1.0,1
25-1052.00,25-1054.00,"Physics Teachers, Postsecondary",Primary-Short,2.0,1
25-1052.00,25-1051.00,"Atmospheric, Earth, Marine, and Space Sciences Teachers, Postsecondary",Primary-Short,3.0,1
25-1052.00,25-1053.00,"Environmental Science Teachers, Postsecondary",Primary-Short,4.0,1
25-1052.00,25-1022.00,"Mathematical Science Teachers, Postsecondary",Primary-Short,5.0,1
25-1052.00,25-9044.00,"Teaching Assistants, Postsecondary",Primary-Long,6.0,0
25-1052.00,25-1032.00,"Engineering Teachers, Postsecondary",Primary-Long,7.0,1
25-1052.00,19-1021.00,Biochemists and Biophysicists,Primary-Long,8.0,1
25-1052.00,25-1041.00,"Agricultural Sciences Teachers, Postsecondary",Primary-Long,9.0,1
25-1052.00,19-2031.00,Chemists,Primary-Long,10.0,1
25-1052.00,19-1029.02,Molecular and Cellular Biologists,Supplemental,11.0,1
25-1052.00,25-1071.00,"Health Specialties Teachers, Postsecondary",Supplemental,12.0,1
25-1052.00,19-4031.00,Chemical Technicians,Supplemental,13.0,1
25-1052.00,11-9121.00,Natural Sciences Managers,Supplemental,14.0,1
25-1052.00,25-3041.00,Tutors,Supplemental,15.0,0
25-1052.00,25-1193.00,"Recreation and Fitness Studies Teachers, Postsecondary",Supplemental,16.0,0
25-1052.00,17-2031.00,Bioengineers and Biomedical Engineers,Supplemental,17.0,1
25-1052.00,25-1043.00,"Forestry and Conservation Science Teachers, Postsecondary",Supplemental,18.0,1
25-1052.00,19-4021.00,Biological Technicians,Supplemental,19.0,1
25-1052.00,25-2023.00,"Career/Technical Education Teachers, Middle School",Supplemental,20.0,0
25-1053.00,25-1043.00,"Forestry and Conservation Science Teachers, Postsecondary",Primary-Short,1.0,1
25-1053.00,25-1051.00,"Atmospheric, Earth, Marine, and Space Sciences Teachers, Postsecondary",Primary-Short,2.0,1
25-1053.00,25-1041.00,"Agricultural Sciences Teachers, Postsecondary",Primary-Short,3.0,1
25-1053.00,25-1042.00,"Biological Science Teachers, Postsecondary",Primary-Short,4.0,1
25-1053.00,25-1052.00,"Chemistry Teachers, Postsecondary",Primary-Short,5.0,1
25-1053.00,25-1193.00,"Recreation and Fitness Studies Teachers, Postsecondary",Primary-Long,6.0,0
25-1053.00,25-9044.00,"Teaching Assistants, Postsecondary",Primary-Long,7.0,0
25-1053.00,19-2041.00,"Environmental Scientists and Specialists, Including Health",Primary-Long,8.0,1
25-1053.00,25-1064.00,"Geography Teachers, Postsecondary",Primary-Long,9.0,1
25-1053.00,25-1054.00,"Physics Teachers, Postsecondary",Primary-Long,10.0,1
25-1053.00,11-9121.00,Natural Sciences Managers,Supplemental,11.0,1
25-1053.00,25-1032.00,"Engineering Teachers, Postsecondary",Supplemental,12.0,1
25-1053.00,25-1192.00,"Family and Consumer Sciences Teachers, Postsecondary",Supplemental,13.0,0
25-1053.00,25-2023.00,"Career/Technical Education Teachers, Middle School",Supplemental,14.0,0
25-1053.00,19-1029.04,Biologists,Supplemental,15.0,1
25-1053.00,25-1063.00,"Economics Teachers, Postsecondary",Supplemental,16.0,1
25-1053.00,19-1031.00,Conservation Scientists,Supplemental,17.0,1
25-1053.00,25-1071.00,"Health Specialties Teachers, Postsecondary",Supplemental,18.0,1
25-1053.00,25-1022.00,"Mathematical Science Teachers, Postsecondary",Supplemental,19.0,1
25-1053.00,25-1194.00,"Career/Technical Education Teachers, Postsecondary",Supplemental,20.0,0
25-1054.00,25-1022.00,"Mathematical Science Teachers, Postsecondary",Primary-Short,1.0,1
25-1054.00,25-1051.00,"Atmospheric, Earth, Marine, and Space Sciences Teachers, Postsecondary",Primary-Short,2.0,1
25-1054.00,25-1052.00,"Chemistry Teachers, Postsecondary",Primary-Short,3.0,1
25-1054.00,25-1032.00,"Engineering Teachers, Postsecondary",Primary-Short,4.0,1
25-1054.00,25-1042.00,"Biological Science Teachers, Postsecondary",Primary-Short,5.0,1
25-1054.00,19-2012.00,Physicists,Primary-Long,6.0,1
25-1054.00,25-1053.00,"Environmental Science Teachers, Postsecondary",Primary-Long,7.0,1
25-1054.00,25-9044.00,"Teaching Assistants, Postsecondary",Primary-Long,8.0,0
25-1054.00,25-1021.00,"Computer Science Teachers, Postsecondary",Primary-Long,9.0,1
25-1054.00,25-1194.00,"Career/Technical Education Teachers, Postsecondary",Primary-Long,10.0,0
25-1054.00,25-3041.00,Tutors,Supplemental,11.0,0
25-1054.00,19-2011.00,Astronomers,Supplemental,12.0,1
25-1054.00,15-2021.00,Mathematicians,Supplemental,13.0,1
25-1054.00,17-3026.01,Nanotechnology Engineering Technologists and Technicians,Supplemental,14.0,1
25-1054.00,25-2023.00,"Career/Technical Education Teachers, Middle School",Supplemental,15.0,0
25-1054.00,19-1029.02,Molecular and Cellular Biologists,Supplemental,16.0,1
25-1054.00,17-2031.00,Bioengineers and Biomedical Engineers,Supplemental,17.0,1
25-1054.00,17-2199.09,Nanosystems Engineers,Supplemental,18.0,1
25-1054.00,15-1221.00,Computer and Information Research Scientists,Supplemental,19.0,1
25-1054.00,19-1021.00,Biochemists and Biophysicists,Supplemental,20.0,1
25-1061.00,25-1067.00,"Sociology Teachers, Postsecondary",Primary-Short,1.0,1
25-1061.00,25-1062.00,"Area, Ethnic, and Cultural Studies Teachers, Postsecondary",Primary-Short,2.0,1
25-1061.00,25-1125.00,"History Teachers, Postsecondary",Primary-Short,3.0,0
25-1061.00,25-1126.00,"Philosophy and Religion Teachers, Postsecondary",Primary-Short,4.0,0
25-1061.00,25-1064.00,"Geography Teachers, Postsecondary",Primary-Short,5.0,1
25-1061.00,25-1123.00,"English Language and Literature Teachers, Postsecondary",Primary-Long,6.0,0
25-1061.00,25-1066.00,"Psychology Teachers, Postsecondary",Primary-Long,7.0,1
25-1061.00,25-1065.00,"Political Science Teachers, Postsecondary",Primary-Long,8.0,1
25-1061.00,25-1081.00,"Education Teachers, Postsecondary",Primary-Long,9.0,0
25-1061.00,25-1113.00,"Social Work Teachers, Postsecondary",Primary-Long,10.0,0
25-1061.00,25-9044.00,"Teaching Assistants, Postsecondary",Supplemental,11.0,0
25-1061.00,19-3091.00,Anthropologists and Archeologists,Supplemental,12.0,1
25-1061.00,25-2031.00,"Secondary School Teachers, Except Special and Career/Technical Education",Supplemental,13.0,0
25-1061.00,25-2022.00,"Middle School Teachers, Except Special and Career/Technical Education",Supplemental,14.0,0
25-1061.00,25-1192.00,"Family and Consumer Sciences Teachers, Postsecondary",Supplemental,15.0,0
25-1061.00,25-1122.00,"Communications Teachers, Postsecondary",Supplemental,16.0,0
25-1061.00,25-1042.00,"Biological Science Teachers, Postsecondary",Supplemental,17.0,1
25-1061.00,25-1053.00,"Environmental Science Teachers, Postsecondary",Supplemental,18.0,1
25-1061.00,25-1051.00,"Atmospheric, Earth, Marine, and Space Sciences Teachers, Postsecondary",Supplemental,19.0,1
25-1061.00,25-2021.00,"Elementary School Teachers, Except Special Education",Supplemental,20.0,0
25-1062.00,25-1125.00,"History Teachers, Postsecondary",Primary-Short,1.0,0
25-1062.00,25-1061.00,"Anthropology and Archeology Teachers, Postsecondary",Primary-Short,2.0,1
25-1062.00,25-1067.00,"Sociology Teachers, Postsecondary",Primary-Short,3.0,1
25-1062.00,25-1123.00,"English Language and Literature Teachers, Postsecondary",Primary-Short,4.0,0
25-1062.00,25-1126.00,"Philosophy and Religion Teachers, Postsecondary",Primary-Short,5.0,0
25-1062.00,25-1065.00,"Political Science Teachers, Postsecondary",Primary-Long,6.0,1
25-1062.00,25-1124.00,"Foreign Language and Literature Teachers, Postsecondary",Primary-Long,7.0,0
25-1062.00,25-1081.00,"Education Teachers, Postsecondary",Primary-Long,8.0,0
25-1062.00,25-1064.00,"Geography Teachers, Postsecondary",Primary-Long,9.0,1
25-1062.00,25-1122.00,"Communications Teachers, Postsecondary",Primary-Long,10.0,0
25-1062.00,25-2031.00,"Secondary School Teachers, Except Special and Career/Technical Education",Supplemental,11.0,0
25-1062.00,25-2022.00,"Middle School Teachers, Except Special and Career/Technical Education",Supplemental,12.0,0
25-1062.00,25-9044.00,"Teaching Assistants, Postsecondary",Supplemental,13.0,0
25-1062.00,25-3011.00,"Adult Basic Education, Adult Secondary Education, and English as a Second Language Instructors",Supplemental,14.0,0
25-1062.00,25-1113.00,"Social Work Teachers, Postsecondary",Supplemental,15.0,0
25-1062.00,25-1192.00,"Family and Consumer Sciences Teachers, Postsecondary",Supplemental,16.0,0
25-1062.00,25-1082.00,"Library Science Teachers, Postsecondary",Supplemental,17.0,0
25-1062.00,25-1066.00,"Psychology Teachers, Postsecondary",Supplemental,18.0,1
25-1062.00,25-2021.00,"Elementary School Teachers, Except Special Education",Supplemental,19.0,0
25-1062.00,25-1112.00,"Law Teachers, Postsecondary",Supplemental,20.0,0
25-1063.00,25-1011.00,"Business Teachers, Postsecondary",Primary-Short,1.0,0
25-1063.00,25-1067.00,"Sociology Teachers, Postsecondary",Primary-Short,2.0,1
25-1063.00,25-1065.00,"Political Science Teachers, Postsecondary",Primary-Short,3.0,1
25-1063.00,19-3011.00,Economists,Primary-Short,4.0,1
25-1063.00,25-1022.00,"Mathematical Science Teachers, Postsecondary",Primary-Short,5.0,1
25-1063.00,25-1112.00,"Law Teachers, Postsecondary",Primary-Long,6.0,0
25-1063.00,25-1081.00,"Education Teachers, Postsecondary",Primary-Long,7.0,0
25-1063.00,25-1192.00,"Family and Consumer Sciences Teachers, Postsecondary",Primary-Long,8.0,0
25-1063.00,25-1066.00,"Psychology Teachers, Postsecondary",Primary-Long,9.0,1
25-1063.00,25-1113.00,"Social Work Teachers, Postsecondary",Primary-Long,10.0,0
25-1063.00,25-9044.00,"Teaching Assistants, Postsecondary",Supplemental,11.0,0
25-1063.00,25-1053.00,"Environmental Science Teachers, Postsecondary",Supplemental,12.0,1
25-1063.00,25-2023.00,"Career/Technical Education Teachers, Middle School",Supplemental,13.0,0
25-1063.00,25-1064.00,"Geography Teachers, Postsecondary",Supplemental,14.0,1
25-1063.00,25-1043.00,"Forestry and Conservation Science Teachers, Postsecondary",Supplemental,15.0,1
25-1063.00,25-1061.00,"Anthropology and Archeology Teachers, Postsecondary",Supplemental,16.0,1
25-1063.00,25-1062.00,"Area, Ethnic, and Cultural Studies Teachers, Postsecondary",Supplemental,17.0,1
25-1063.00,25-1041.00,"Agricultural Sciences Teachers, Postsecondary",Supplemental,18.0,1
25-1063.00,19-3011.01,Environmental Economists,Supplemental,19.0,1
25-1063.00,11-9033.00,"Education Administrators, Postsecondary",Supplemental,20.0,0
25-1064.00,25-1051.00,"Atmospheric, Earth, Marine, and Space Sciences Teachers, Postsecondary",Primary-Short,1.0,1
25-1064.00,25-1061.00,"Anthropology and Archeology Teachers, Postsecondary",Primary-Short,2.0,1
25-1064.00,25-1067.00,"Sociology Teachers, Postsecondary",Primary-Short,3.0,1
25-1064.00,25-1125.00,"History Teachers, Postsecondary",Primary-Short,4.0,0
25-1064.00,19-3092.00,Geographers,Primary-Short,5.0,1
25-1064.00,25-1053.00,"Environmental Science Teachers, Postsecondary",Primary-Long,6.0,1
25-1064.00,25-1062.00,"Area, Ethnic, and Cultural Studies Teachers, Postsecondary",Primary-Long,7.0,1
25-1064.00,25-1043.00,"Forestry and Conservation Science Teachers, Postsecondary",Primary-Long,8.0,1
25-1064.00,25-1065.00,"Political Science Teachers, Postsecondary",Primary-Long,9.0,1
25-1064.00,25-1022.00,"Mathematical Science Teachers, Postsecondary",Primary-Long,10.0,1
25-1064.00,25-9044.00,"Teaching Assistants, Postsecondary",Supplemental,11.0,0
25-1064.00,25-2022.00,"Middle School Teachers, Except Special and Career/Technical Education",Supplemental,12.0,0
25-1064.00,25-2031.00,"Secondary School Teachers, Except Special and Career/Technical Education",Supplemental,13.0,0
25-1064.00,25-1063.00,"Economics Teachers, Postsecondary",Supplemental,14.0,1
25-1064.00,25-1042.00,"Biological Science Teachers, Postsecondary",Supplemental,15.0,1
25-1064.00,25-1082.00,"Library Science Teachers, Postsecondary",Supplemental,16.0,0
25-1064.00,25-1081.00,"Education Teachers, Postsecondary",Supplemental,17.0,0
25-1064.00,25-3011.00,"Adult Basic Education, Adult Secondary Education, and English as a Second Language Instructors",Supplemental,18.0,0
25-1064.00,25-2021.00,"Elementary School Teachers, Except Special Education",Supplemental,19.0,0
25-1064.00,25-2056.00,"Special Education Teachers, Elementary School",Supplemental,20.0,0
25-1065.00,25-1067.00,"Sociology Teachers, Postsecondary",Primary-Short,1.0,1
25-1065.00,25-1112.00,"Law Teachers, Postsecondary",Primary-Short,2.0,0
25-1065.00,19-3094.00,Political Scientists,Primary-Short,3.0,1
25-1065.00,25-1125.00,"History Teachers, Postsecondary",Primary-Short,4.0,0
25-1065.00,25-1063.00,"Economics Teachers, Postsecondary",Primary-Short,5.0,1
25-1065.00,25-1062.00,"Area, Ethnic, and Cultural Studies Teachers, Postsecondary",Primary-Long,6.0,1
25-1065.00,25-1126.00,"Philosophy and Religion Teachers, Postsecondary",Primary-Long,7.0,0
25-1065.00,25-1122.00,"Communications Teachers, Postsecondary",Primary-Long,8.0,0
25-1065.00,25-1111.00,"Criminal Justice and Law Enforcement Teachers, Postsecondary",Primary-Long,9.0,0
25-1065.00,25-1081.00,"Education Teachers, Postsecondary",Primary-Long,10.0,0
25-1065.00,25-1061.00,"Anthropology and Archeology Teachers, Postsecondary",Supplemental,11.0,1
25-1065.00,25-1113.00,"Social Work Teachers, Postsecondary",Supplemental,12.0,0
25-1065.00,25-1064.00,"Geography Teachers, Postsecondary",Supplemental,13.0,1
25-1065.00,25-1082.00,"Library Science Teachers, Postsecondary",Supplemental,14.0,0
25-1065.00,25-1011.00,"Business Teachers, Postsecondary",Supplemental,15.0,0
25-1065.00,19-3041.00,Sociologists,Supplemental,16.0,1
25-1065.00,25-1123.00,"English Language and Literature Teachers, Postsecondary",Supplemental,17.0,0
25-1065.00,25-1066.00,"Psychology Teachers, Postsecondary",Supplemental,18.0,1
25-1065.00,25-1192.00,"Family and Consumer Sciences Teachers, Postsecondary",Supplemental,19.0,0
25-1065.00,25-2056.00,"Special Education Teachers, Elementary School",Supplemental,20.0,0
25-1066.00,25-1067.00,"Sociology Teachers, Postsecondary",Primary-Short,1.0,1
25-1066.00,25-1081.00,"Education Teachers, Postsecondary",Primary-Short,2.0,0
25-1066.00,25-1113.00,"Social Work Teachers, Postsecondary",Primary-Short,3.0,0
25-1066.00,25-9044.00,"Teaching Assistants, Postsecondary",Primary-Short,4.0,0
25-1066.00,25-1061.00,"Anthropology and Archeology Teachers, Postsecondary",Primary-Short,5.0,1
25-1066.00,25-1071.00,"Health Specialties Teachers, Postsecondary",Primary-Long,6.0,1
25-1066.00,25-1193.00,"Recreation and Fitness Studies Teachers, Postsecondary",Primary-Long,7.0,0
25-1066.00,25-1022.00,"Mathematical Science Teachers, Postsecondary",Primary-Long,8.0,1
25-1066.00,25-1192.00,"Family and Consumer Sciences Teachers, Postsecondary",Primary-Long,9.0,0
25-1066.00,25-1126.00,"Philosophy and Religion Teachers, Postsecondary",Primary-Long,10.0,0
25-1066.00,19-3034.00,School Psychologists,Supplemental,11.0,1
25-1066.00,25-2031.00,"Secondary School Teachers, Except Special and Career/Technical Education",Supplemental,12.0,0
25-1066.00,25-1072.00,"Nursing Instructors and Teachers, Postsecondary",Supplemental,13.0,1
25-1066.00,25-3041.00,Tutors,Supplemental,14.0,0
25-1066.00,25-1042.00,"Biological Science Teachers, Postsecondary",Supplemental,15.0,1
25-1066.00,25-2055.00,"Special Education Teachers, Kindergarten",Supplemental,16.0,0
25-1066.00,25-1063.00,"Economics Teachers, Postsecondary",Supplemental,17.0,1
25-1066.00,25-2021.00,"Elementary School Teachers, Except Special Education",Supplemental,18.0,0
25-1066.00,25-2022.00,"Middle School Teachers, Except Special and Career/Technical Education",Supplemental,19.0,0
25-1066.00,25-2056.00,"Special Education Teachers, Elementary School",Supplemental,20.0,0
25-1067.00,25-1061.00,"Anthropology and Archeology Teachers, Postsecondary",Primary-Short,1.0,1
25-1067.00,25-1066.00,"Psychology Teachers, Postsecondary",Primary-Short,2.0,1
25-1067.00,25-1065.00,"Political Science Teachers, Postsecondary",Primary-Short,3.0,1
25-1067.00,25-1062.00,"Area, Ethnic, and Cultural Studies Teachers, Postsecondary",Primary-Short,4.0,1
25-1067.00,25-1113.00,"Social Work Teachers, Postsecondary",Primary-Short,5.0,0
25-1067.00,25-1126.00,"Philosophy and Religion Teachers, Postsecondary",Primary-Long,6.0,0
25-1067.00,25-1081.00,"Education Teachers, Postsecondary",Primary-Long,7.0,0
25-1067.00,25-1125.00,"History Teachers, Postsecondary",Primary-Long,8.0,0
25-1067.00,25-1063.00,"Economics Teachers, Postsecondary",Primary-Long,9.0,1
25-1067.00,25-1122.00,"Communications Teachers, Postsecondary",Primary-Long,10.0,0
25-1067.00,25-9044.00,"Teaching Assistants, Postsecondary",Supplemental,11.0,0
25-1067.00,25-1123.00,"English Language and Literature Teachers, Postsecondary",Supplemental,12.0,0
25-1067.00,25-1112.00,"Law Teachers, Postsecondary",Supplemental,13.0,0
25-1067.00,25-2031.00,"Secondary School Teachers, Except Special and Career/Technical Education",Supplemental,14.0,0
25-1067.00,25-1082.00,"Library Science Teachers, Postsecondary",Supplemental,15.0,0
25-1067.00,25-1064.00,"Geography Teachers, Postsecondary",Supplemental,16.0,1
25-1067.00,25-1192.00,"Family and Consumer Sciences Teachers, Postsecondary",Supplemental,17.0,0
25-1067.00,19-3041.00,Sociologists,Supplemental,18.0,1
25-1067.00,25-2022.00,"Middle School Teachers, Except Special and Career/Technical Education",Supplemental,19.0,0
25-1067.00,25-1111.00,"Criminal Justice and Law Enforcement Teachers, Postsecondary",Supplemental,20.0,0
25-1071.00,25-1072.00,"Nursing Instructors and Teachers, Postsecondary",Primary-Short,1.0,1
25-1071.00,25-1193.00,"Recreation and Fitness Studies Teachers, Postsecondary",Primary-Short,2.0,0
25-1071.00,25-1042.00,"Biological Science Teachers, Postsecondary",Primary-Short,3.0,1
25-1071.00,29-1141.04,Clinical Nurse Specialists,Primary-Short,4.0,1
25-1071.00,21-1091.00,Health Education Specialists,Primary-Short,5.0,0
25-1071.00,25-1192.00,"Family and Consumer Sciences Teachers, Postsecondary",Primary-Long,6.0,0
25-1071.00,25-1066.00,"Psychology Teachers, Postsecondary",Primary-Long,7.0,1
25-1071.00,25-1081.00,"Education Teachers, Postsecondary",Primary-Long,8.0,0
25-1071.00,25-1194.00,"Career/Technical Education Teachers, Postsecondary",Primary-Long,9.0,0
25-1071.00,25-1113.00,"Social Work Teachers, Postsecondary",Primary-Long,10.0,0
25-1071.00,11-9111.00,Medical and Health Services Managers,Supplemental,11.0,1
25-1071.00,25-2055.00,"Special Education Teachers, Kindergarten",Supplemental,12.0,0
25-1071.00,29-1229.05,Preventive Medicine Physicians,Supplemental,13.0,1
25-1071.00,11-9121.01,Clinical Research Coordinators,Supplemental,14.0,1
25-1071.00,15-1211.01,Health Informatics Specialists,Supplemental,15.0,1
25-1071.00,25-9044.00,"Teaching Assistants, Postsecondary",Supplemental,16.0,0
25-1071.00,29-1141.02,Advanced Practice Psychiatric Nurses,Supplemental,17.0,1
25-1071.00,25-2058.00,"Special Education Teachers, Secondary School",Supplemental,18.0,0
25-1071.00,25-2056.00,"Special Education Teachers, Elementary School",Supplemental,19.0,0
25-1071.00,25-9043.00,"Teaching Assistants, Special Education",Supplemental,20.0,0
25-1072.00,25-1071.00,"Health Specialties Teachers, Postsecondary",Primary-Short,1.0,1
25-1072.00,29-1141.04,Clinical Nurse Specialists,Primary-Short,2.0,1
25-1072.00,21-1091.00,Health Education Specialists,Primary-Short,3.0,0
25-1072.00,29-1141.00,Registered Nurses,Primary-Short,4.0,1
25-1072.00,15-1211.01,Health Informatics Specialists,Primary-Short,5.0,1
25-1072.00,29-1171.00,Nurse Practitioners,Primary-Long,6.0,1
25-1072.00,29-1141.01,Acute Care Nurses,Primary-Long,7.0,1
25-1072.00,29-1141.03,Critical Care Nurses,Primary-Long,8.0,1
25-1072.00,29-1141.02,Advanced Practice Psychiatric Nurses,Primary-Long,9.0,1
25-1072.00,29-2061.00,Licensed Practical and Licensed Vocational Nurses,Primary-Long,10.0,1
25-1072.00,29-1161.00,Nurse Midwives,Supplemental,11.0,1
25-1072.00,25-1081.00,"Education Teachers, Postsecondary",Supplemental,12.0,0
25-1072.00,11-9111.00,Medical and Health Services Managers,Supplemental,13.0,1
25-1072.00,25-1066.00,"Psychology Teachers, Postsecondary",Supplemental,14.0,1
25-1072.00,25-9044.00,"Teaching Assistants, Postsecondary",Supplemental,15.0,0
25-1072.00,25-2055.00,"Special Education Teachers, Kindergarten",Supplemental,16.0,0
25-1072.00,25-3041.00,Tutors,Supplemental,17.0,0
25-1072.00,25-9043.00,"Teaching Assistants, Special Education",Supplemental,18.0,0
25-1072.00,25-2056.00,"Special Education Teachers, Elementary School",Supplemental,19.0,0
25-1072.00,25-9042.00,"Teaching Assistants, Preschool, Elementary, Middle, and Secondary School, Except Special Education",Supplemental,20.0,0
29-1011.00,29-1243.00,Pediatric Surgeons,Primary-Short,1.0,1
29-1011.00,29-1242.00,"Orthopedic Surgeons, Except Pediatric",Primary-Short,2.0,1
29-1011.00,29-1217.00,Neurologists,Primary-Short,3.0,1
29-1011.00,29-1212.00,Cardiologists,Primary-Short,4.0,1
29-1011.00,29-1299.01,Naturopathic Physicians,Primary-Short,5.0,1
29-1011.00,29-1229.04,Physical Medicine and Rehabilitation Physicians,Primary-Long,6.0,1
29-1011.00,29-1216.00,General Internal Medicine Physicians,Primary-Long,7.0,1
29-1011.00,29-1291.00,Acupuncturists,Primary-Long,8.0,1
29-1011.00,29-1213.00,Dermatologists,Primary-Long,9.0,1
29-1011.00,29-1214.00,Emergency Medicine Physicians,Primary-Long,10.0,1
29-1011.00,29-1221.00,"Pediatricians, General",Supplemental,11.0,1
29-1011.00,29-1229.03,Urologists,Supplemental,12.0,1
29-1011.00,29-1241.00,"Ophthalmologists, Except Pediatric",Supplemental,13.0,1
29-1011.00,29-1218.00,Obstetricians and Gynecologists,Supplemental,14.0,1
29-1011.00,29-1215.00,Family Medicine Physicians,Supplemental,15.0,1
29-1011.00,29-1229.01,Allergists and Immunologists,Supplemental,16.0,1
29-1011.00,29-1223.00,Psychiatrists,Supplemental,17.0,1
29-1011.00,29-1171.00,Nurse Practitioners,Supplemental,18.0,1
29-1011.00,29-1041.00,Optometrists,Supplemental,19.0,1
29-1011.00,29-1211.00,Anesthesiologists,Supplemental,20.0,1
29-1021.00,29-1022.00,Oral and Maxillofacial Surgeons,Primary-Short,1.0,1
29-1021.00,29-1024.00,Prosthodontists,Primary-Short,2.0,1
29-1021.00,29-1023.00,Orthodontists,Primary-Short,3.0,1
29-1021.00,31-9091.00,Dental Assistants,Primary-Short,4.0,0
29-1021.00,29-1243.00,Pediatric Surgeons,Primary-Short,5.0,1
29-1021.00,29-1242.00,"Orthopedic Surgeons, Except Pediatric",Primary-Long,6.0,1
29-1021.00,29-1292.00,Dental Hygienists,Primary-Long,7.0,1
29-1021.00,29-1213.00,Dermatologists,Primary-Long,8.0,1
29-1021.00,29-1241.00,"Ophthalmologists, Except Pediatric",Primary-Long,9.0,1
29-1021.00,29-1229.03,Urologists,Primary-Long,10.0,1
29-1021.00,29-1211.00,Anesthesiologists,Supplemental,11.0,1
29-1021.00,29-1011.00,Chiropractors,Supplemental,12.0,1
29-1021.00,29-1212.00,Cardiologists,Supplemental,13.0,1
29-1021.00,29-1041.00,Optometrists,Supplemental,14.0,1
29-1021.00,29-1081.00,Podiatrists,Supplemental,15.0,1
29-1021.00,29-9093.00,Surgical Assistants,Supplemental,16.0,1
29-1021.00,29-1216.00,General Internal Medicine Physicians,Supplemental,17.0,1
29-1021.00,29-1229.04,Physical Medicine and Rehabilitation Physicians,Supplemental,18.0,1
29-1021.00,29-1214.00,Emergency Medicine Physicians,Supplemental,19.0,1
29-1021.00,31-9092.00,Medical Assistants,Supplemental,20.0,0
29-1022.00,29-1243.00,Pediatric Surgeons,Primary-Short,1.0,1
29-1022.00,29-1242.00,"Orthopedic Surgeons, Except Pediatric",Primary-Short,2.0,1
29-1022.00,29-1024.00,Prosthodontists,Primary-Short,3.0,1
29-1022.00,29-1021.00,"Dentists, General",Primary-Short,4.0,1
29-1022.00,29-1241.00,"Ophthalmologists, Except Pediatric",Primary-Short,5.0,1
29-1022.00,29-1213.00,Dermatologists,Primary-Long,6.0,1
29-1022.00,29-1023.00,Orthodontists,Primary-Long,7.0,1
29-1022.00,29-1229.03,Urologists,Primary-Long,8.0,1
29-1022.00,29-1081.00,Podiatrists,Primary-Long,9.0,1
29-1022.00,29-1214.00,Emergency Medicine Physicians,Primary-Long,10.0,1
29-1022.00,29-1211.00,Anesthesiologists,Supplemental,11.0,1
29-1022.00,29-1229.04,Physical Medicine and Rehabilitation Physicians,Supplemental,12.0,1
29-1022.00,29-1212.00,Cardiologists,Supplemental,13.0,1
29-1022.00,29-1216.00,General Internal Medicine Physicians,Supplemental,14.0,1
29-1022.00,29-9093.00,Surgical Assistants,Supplemental,15.0,1
29-1022.00,29-1041.00,Optometrists,Supplemental,16.0,1
29-1022.00,31-9091.00,Dental Assistants,Supplemental,17.0,0
29-1022.00,29-1218.00,Obstetricians and Gynecologists,Supplemental,18.0,1
29-1022.00,29-1217.00,Neurologists,Supplemental,19.0,1
29-1022.00,29-1292.00,Dental Hygienists,Supplemental,20.0,1
29-1023.00,29-1021.00,"Dentists, General",Primary-Short,1.0,1
29-1023.00,29-1024.00,Prosthodontists,Primary-Short,2.0,1
29-1023.00,29-1243.00,Pediatric Surgeons,Primary-Short,3.0,1
29-1023.00,29-1022.00,Oral and Maxillofacial Surgeons,Primary-Short,4.0,1
29-1023.00,29-1242.00,"Orthopedic Surgeons, Except Pediatric",Primary-Short,5.0,1
29-1023.00,31-9091.00,Dental Assistants,Primary-Long,6.0,0
29-1023.00,29-1241.00,"Ophthalmologists, Except Pediatric",Primary-Long,7.0,1
29-1023.00,29-1212.00,Cardiologists,Primary-Long,8.0,1
29-1023.00,29-1213.00,Dermatologists,Primary-Long,9.0,1
29-1023.00,29-1011.00,Chiropractors,Primary-Long,10.0,1
29-1023.00,29-1229.03,Urologists,Supplemental,11.0,1
29-1023.00,29-1081.00,Podiatrists,Supplemental,12.0,1
29-1023.00,29-1041.00,Optometrists,Supplemental,13.0,1
29-1023.00,29-1217.00,Neurologists,Supplemental,14.0,1
29-1023.00,29-1216.00,General Internal Medicine Physicians,Supplemental,15.0,1
29-1023.00,29-1229.04,Physical Medicine and Rehabilitation Physicians,Supplemental,16.0,1
29-1023.00,29-1292.00,Dental Hygienists,Supplemental,17.0,1
29-1023.00,29-1229.01,Allergists and Immunologists,Supplemental,18.0,1
29-1023.00,29-1214.00,Emergency Medicine Physicians,Supplemental,19.0,1
29-1023.00,29-1218.00,Obstetricians and Gynecologists,Supplemental,20.0,1
29-1024.00,29-1022.00,Oral and Maxillofacial Surgeons,Primary-Short,1.0,1
29-1024.00,29-1021.00,"Dentists, General",Primary-Short,2.0,1
29-1024.00,29-1023.00,Orthodontists,Primary-Short,3.0,1
29-1024.00,29-1243.00,Pediatric Surgeons,Primary-Short,4.0,1
29-1024.00,29-1242.00,"Orthopedic Surgeons, Except Pediatric",Primary-Short,5.0,1
29-1024.00,29-1213.00,Dermatologists,Primary-Long,6.0,1
29-1024.00,29-1241.00,"Ophthalmologists, Except Pediatric",Primary-Long,7.0,1
29-1024.00,29-1292.00,Dental Hygienists,Primary-Long,8.0,1
29-1024.00,29-1081.00,Podiatrists,Primary-Long,9.0,1
29-1024.00,29-1229.03,Urologists,Primary-Long,10.0,1
29-1024.00,31-9091.00,Dental Assistants,Supplemental,11.0,0
29-1024.00,51-9081.00,Dental Laboratory Technicians,Supplemental,12.0,0
29-1024.00,29-1041.00,Optometrists,Supplemental,13.0,1
29-1024.00,29-1229.04,Physical Medicine and Rehabilitation Physicians,Supplemental,14.0,1
29-1024.00,29-9093.00,Surgical Assistants,Supplemental,15.0,1
29-1024.00,29-1212.00,Cardiologists,Supplemental,16.0,1
29-1024.00,29-1211.00,Anesthesiologists,Supplemental,17.0,1
29-1024.00,29-2091.00,Orthotists and Prosthetists,Supplemental,18.0,1
29-1024.00,51-9082.00,Medical Appliance Technicians,Supplemental,19.0,0
29-1024.00,29-1214.00,Emergency Medicine Physicians,Supplemental,20.0,1
29-1031.00,29-2051.00,Dietetic Technicians,Primary-Short,1.0,1
29-1031.00,29-1171.00,Nurse Practitioners,Primary-Short,2.0,1
29-1031.00,29-1215.00,Family Medicine Physicians,Primary-Short,3.0,1
29-1031.00,29-1221.00,"Pediatricians, General",Primary-Short,4.0,1
29-1031.00,29-1141.04,Clinical Nurse Specialists,Primary-Short,5.0,1
29-1031.00,29-1299.01,Naturopathic Physicians,Primary-Long,6.0,1
29-1031.00,21-1091.00,Health Education Specialists,Primary-Long,7.0,0
29-1031.00,29-1128.00,Exercise Physiologists,Primary-Long,8.0,1
29-1031.00,29-9092.00,Genetic Counselors,Primary-Long,9.0,1
29-1031.00,29-1229.05,Preventive Medicine Physicians,Primary-Long,10.0,1
29-1031.00,29-1223.00,Psychiatrists,Supplemental,11.0,1
29-1031.00,29-1161.00,Nurse Midwives,Supplemental,12.0,1
29-1031.00,29-1141.02,Advanced Practice Psychiatric Nurses,Supplemental,13.0,1
29-1031.00,29-1216.00,General Internal Medicine Physicians,Supplemental,14.0,1
29-1031.00,29-1141.00,Registered Nurses,Supplemental,15.0,1
29-1031.00,29-1218.00,Obstetricians and Gynecologists,Supplemental,16.0,1
29-1031.00,29-1217.00,Neurologists,Supplemental,17.0,1
29-1031.00,29-1122.00,Occupational Therapists,Supplemental,18.0,1
29-1031.00,29-1229.01,Allergists and Immunologists,Supplemental,19.0,1
29-1031.00,29-1051.00,Pharmacists,Supplemental,20.0,1
29-1041.00,29-1241.00,"Ophthalmologists, Except Pediatric",Primary-Short,1.0,1
29-1041.00,29-1243.00,Pediatric Surgeons,Primary-Short,2.0,1
29-1041.00,29-1216.00,General Internal Medicine Physicians,Primary-Short,3.0,1
29-1041.00,29-1213.00,Dermatologists,Primary-Short,4.0,1
29-1041.00,29-1229.03,Urologists,Primary-Short,5.0,1
29-1041.00,29-1217.00,Neurologists,Primary-Long,6.0,1
29-1041.00,29-1229.04,Physical Medicine and Rehabilitation Physicians,Primary-Long,7.0,1
29-1041.00,29-1242.00,"Orthopedic Surgeons, Except Pediatric",Primary-Long,8.0,1
29-1041.00,29-1011.00,Chiropractors,Primary-Long,9.0,1
29-1041.00,29-1022.00,Oral and Maxillofacial Surgeons,Primary-Long,10.0,1
29-1041.00,29-2057.00,Ophthalmic Medical Technicians,Supplemental,11.0,1
29-1041.00,29-1221.00,"Pediatricians, General",Supplemental,12.0,1
29-1041.00,29-1218.00,Obstetricians and Gynecologists,Supplemental,13.0,1
29-1041.00,29-1171.00,Nurse Practitioners,Supplemental,14.0,1
29-1041.00,29-1211.00,Anesthesiologists,Supplemental,15.0,1
29-1041.00,29-1229.01,Allergists and Immunologists,Supplemental,16.0,1
29-1041.00,29-1081.00,Podiatrists,Supplemental,17.0,1
29-1041.00,29-1214.00,Emergency Medicine Physicians,Supplemental,18.0,1
29-1041.00,29-1181.00,Audiologists,Supplemental,19.0,1
29-1041.00,29-2099.05,Ophthalmic Medical Technologists,Supplemental,20.0,1
29-1051.00,29-1214.00,Emergency Medicine Physicians,Primary-Short,1.0,1
29-1051.00,29-1171.00,Nurse Practitioners,Primary-Short,2.0,1
29-1051.00,29-1215.00,Family Medicine Physicians,Primary-Short,3.0,1
29-1051.00,29-1071.00,Physician Assistants,Primary-Short,4.0,1
29-1051.00,29-1216.00,General Internal Medicine Physicians,Primary-Short,5.0,1
29-1051.00,29-1141.04,Clinical Nurse Specialists,Primary-Long,6.0,1
29-1051.00,29-1229.01,Allergists and Immunologists,Primary-Long,7.0,1
29-1051.00,29-1221.00,"Pediatricians, General",Primary-Long,8.0,1
29-1051.00,29-1229.05,Preventive Medicine Physicians,Primary-Long,9.0,1
29-1051.00,29-1229.02,Hospitalists,Primary-Long,10.0,1
29-1051.00,29-2052.00,Pharmacy Technicians,Supplemental,11.0,1
29-1051.00,29-1141.00,Registered Nurses,Supplemental,12.0,1
29-1051.00,29-2043.00,Paramedics,Supplemental,13.0,1
29-1051.00,29-1151.00,Nurse Anesthetists,Supplemental,14.0,1
29-1051.00,31-9092.00,Medical Assistants,Supplemental,15.0,0
29-1051.00,29-1211.00,Anesthesiologists,Supplemental,16.0,1
29-1051.00,29-2061.00,Licensed Practical and Licensed Vocational Nurses,Supplemental,17.0,1
29-1051.00,29-1218.00,Obstetricians and Gynecologists,Supplemental,18.0,1
29-1051.00,29-1141.01,Acute Care Nurses,Supplemental,19.0,1
29-1051.00,29-1071.01,Anesthesiologist Assistants,Supplemental,20.0,1
29-1071.00,29-1214.00,Emergency Medicine Physicians,Primary-Short,1.0,1
29-1071.00,29-1215.00,Family Medicine Physicians,Primary-Short,2.0,1
29-1071.00,29-1243.00,Pediatric Surgeons,Primary-Short,3.0,1
29-1071.00,29-1212.00,Cardiologists,Primary-Short,4.0,1
29-1071.00,29-1171.00,Nurse Practitioners,Primary-Short,5.0,1
29-1071.00,29-1242.00,"Orthopedic Surgeons, Except Pediatric",Primary-Long,6.0,1
29-1071.00,29-1216.00,General Internal Medicine Physicians,Primary-Long,7.0,1
29-1071.00,29-1221.00,"Pediatricians, General",Primary-Long,8.0,1
29-1071.00,29-1141.04,Clinical Nurse Specialists,Primary-Long,9.0,1
29-1071.00,29-1071.01,Anesthesiologist Assistants,Primary-Long,10.0,1
29-1071.00,29-1211.00,Anesthesiologists,Supplemental,11.0,1
29-1071.00,29-1218.00,Obstetricians and Gynecologists,Supplemental,12.0,1
29-1071.00,29-1229.04,Physical Medicine and Rehabilitation Physicians,Supplemental,13.0,1
29-1071.00,29-1229.03,Urologists,Supplemental,14.0,1
29-1071.00,31-9092.00,Medical Assistants,Supplemental,15.0,0
29-1071.00,29-1217.00,Neurologists,Supplemental,16.0,1
29-1071.00,29-1141.00,Registered Nurses,Supplemental,17.0,1
29-1071.00,29-1141.01,Acute Care Nurses,Supplemental,18.0,1
29-1071.00,29-2043.00,Paramedics,Supplemental,19.0,1
29-1071.00,29-1141.02,Advanced Practice Psychiatric Nurses,Supplemental,20.0,1
29-1071.01,29-1211.00,Anesthesiologists,Primary-Short,1.0,1
29-1071.01,29-1243.00,Pediatric Surgeons,Primary-Short,2.0,1
29-1071.01,29-1151.00,Nurse Anesthetists,Primary-Short,3.0,1
29-1071.01,29-1212.00,Cardiologists,Primary-Short,4.0,1
29-1071.01,29-1242.00,"Orthopedic Surgeons, Except Pediatric",Primary-Short,5.0,1
29-1071.01,29-1214.00,Emergency Medicine Physicians,Primary-Long,6.0,1
29-1071.01,29-1141.03,Critical Care Nurses,Primary-Long,7.0,1
29-1071.01,29-1071.00,Physician Assistants,Primary-Long,8.0,1
29-1071.01,29-1171.00,Nurse Practitioners,Primary-Long,9.0,1
29-1071.01,29-1141.04,Clinical Nurse Specialists,Primary-Long,10.0,1
29-1071.01,29-2043.00,Paramedics,Supplemental,11.0,1
29-1071.01,29-9093.00,Surgical Assistants,Supplemental,12.0,1
29-1071.01,29-1126.00,Respiratory Therapists,Supplemental,13.0,1
29-1071.01,29-2042.00,Emergency Medical Technicians,Supplemental,14.0,1
29-1071.01,29-2031.00,Cardiovascular Technologists and Technicians,Supplemental,15.0,1
29-1071.01,29-2055.00,Surgical Technologists,Supplemental,16.0,1
29-1071.01,29-1141.01,Acute Care Nurses,Supplemental,17.0,1
29-1071.01,29-1141.00,Registered Nurses,Supplemental,18.0,1
29-1071.01,29-1229.04,Physical Medicine and Rehabilitation Physicians,Supplemental,19.0,1
29-1071.01,29-1124.00,Radiation Therapists,Supplemental,20.0,1
29-1081.00,29-1242.00,"Orthopedic Surgeons, Except Pediatric",Primary-Short,1.0,1
29-1081.00,29-1243.00,Pediatric Surgeons,Primary-Short,2.0,1
29-1081.00,29-1213.00,Dermatologists,Primary-Short,3.0,1
29-1081.00,29-1229.04,Physical Medicine and Rehabilitation Physicians,Primary-Short,4.0,1
29-1081.00,29-1241.00,"Ophthalmologists, Except Pediatric",Primary-Short,5.0,1
29-1081.00,29-1022.00,Oral and Maxillofacial Surgeons,Primary-Long,6.0,1
29-1081.00,29-1229.03,Urologists,Primary-Long,7.0,1
29-1081.00,29-1216.00,General Internal Medicine Physicians,Primary-Long,8.0,1
29-1081.00,29-1212.00,Cardiologists,Primary-Long,9.0,1
29-1081.00,29-1217.00,Neurologists,Primary-Long,10.0,1
29-1081.00,29-1211.00,Anesthesiologists,Supplemental,11.0,1
29-1081.00,29-1011.00,Chiropractors,Supplemental,12.0,1
29-1081.00,29-1218.00,Obstetricians and Gynecologists,Supplemental,13.0,1
29-1081.00,29-1041.00,Optometrists,Supplemental,14.0,1
29-1081.00,29-1229.01,Allergists and Immunologists,Supplemental,15.0,1
29-1081.00,29-1299.01,Naturopathic Physicians,Supplemental,16.0,1
29-1081.00,29-1023.00,Orthodontists,Supplemental,17.0,1
29-1081.00,29-1021.00,"Dentists, General",Supplemental,18.0,1
29-1081.00,31-9092.00,Medical Assistants,Supplemental,19.0,0
29-1081.00,29-1214.00,Emergency Medicine Physicians,Supplemental,20.0,1
29-1122.00,31-2011.00,Occupational Therapy Assistants,Primary-Short,1.0,0
29-1122.00,31-2012.00,Occupational Therapy Aides,Primary-Short,2.0,0
29-1122.00,29-1123.00,Physical Therapists,Primary-Short,3.0,1
29-1122.00,31-2021.00,Physical Therapist Assistants,Primary-Short,4.0,0
29-1122.00,29-1229.04,Physical Medicine and Rehabilitation Physicians,Primary-Short,5.0,1
29-1122.00,29-1125.00,Recreational Therapists,Primary-Long,6.0,1
29-1122.00,29-2053.00,Psychiatric Technicians,Primary-Long,7.0,1
29-1122.00,29-1141.04,Clinical Nurse Specialists,Primary-Long,8.0,1
29-1122.00,21-1015.00,Rehabilitation Counselors,Primary-Long,9.0,0
29-1122.00,29-1122.01,"Low Vision Therapists, Orientation and Mobility Specialists, and Vision Rehabilitation Therapists",Primary-Long,10.0,1
29-1122.00,31-2022.00,Physical Therapist Aides,Supplemental,11.0,0
29-1122.00,29-1171.00,Nurse Practitioners,Supplemental,12.0,1
29-1122.00,29-1141.02,Advanced Practice Psychiatric Nurses,Supplemental,13.0,1
29-1122.00,29-1141.00,Registered Nurses,Supplemental,14.0,1
29-1122.00,29-1223.00,Psychiatrists,Supplemental,15.0,1
29-1122.00,29-1215.00,Family Medicine Physicians,Supplemental,16.0,1
29-1122.00,29-1126.00,Respiratory Therapists,Supplemental,17.0,1
29-1122.00,29-1141.01,Acute Care Nurses,Supplemental,18.0,1
29-1122.00,21-1023.00,Mental Health and Substance Abuse Social Workers,Supplemental,19.0,0
29-1122.00,21-1014.00,Mental Health Counselors,Supplemental,20.0,0
29-1122.01,21-1015.00,Rehabilitation Counselors,Primary-Short,1.0,0
29-1122.01,31-2011.00,Occupational Therapy Assistants,Primary-Short,2.0,0
29-1122.01,29-1125.00,Recreational Therapists,Primary-Short,3.0,1
29-1122.01,29-1122.00,Occupational Therapists,Primary-Short,4.0,1
29-1122.01,31-2012.00,Occupational Therapy Aides,Primary-Short,5.0,0
29-1122.01,29-1127.00,Speech-Language Pathologists,Primary-Long,6.0,1
29-1122.01,25-2055.00,"Special Education Teachers, Kindergarten",Primary-Long,7.0,0
29-1122.01,21-1014.00,Mental Health Counselors,Primary-Long,8.0,0
29-1122.01,25-2059.01,Adapted Physical Education Specialists,Primary-Long,9.0,0
29-1122.01,29-1123.00,Physical Therapists,Primary-Long,10.0,1
29-1122.01,29-2053.00,Psychiatric Technicians,Supplemental,11.0,1
29-1122.01,31-2022.00,Physical Therapist Aides,Supplemental,12.0,0
29-1122.01,21-1023.00,Mental Health and Substance Abuse Social Workers,Supplemental,13.0,0
29-1122.01,31-2021.00,Physical Therapist Assistants,Supplemental,14.0,0
29-1122.01,21-1013.00,Marriage and Family Therapists,Supplemental,15.0,0
29-1122.01,25-2051.00,"Special Education Teachers, Preschool",Supplemental,16.0,0
29-1122.01,31-1133.00,Psychiatric Aides,Supplemental,17.0,0
29-1122.01,25-2058.00,"Special Education Teachers, Secondary School",Supplemental,18.0,0
29-1122.01,29-1229.04,Physical Medicine and Rehabilitation Physicians,Supplemental,19.0,1
29-1122.01,31-9099.01,Speech-Language Pathology Assistants,Supplemental,20.0,0
29-1123.00,31-2021.00,Physical Therapist Assistants,Primary-Short,1.0,0
29-1123.00,29-1229.04,Physical Medicine and Rehabilitation Physicians,Primary-Short,2.0,1
29-1123.00,29-1122.00,Occupational Therapists,Primary-Short,3.0,1
29-1123.00,31-2022.00,Physical Therapist Aides,Primary-Short,4.0,0
29-1123.00,31-2011.00,Occupational Therapy Assistants,Primary-Short,5.0,0
29-1123.00,31-2012.00,Occupational Therapy Aides,Primary-Long,6.0,0
29-1123.00,29-1242.00,"Orthopedic Surgeons, Except Pediatric",Primary-Long,7.0,1
29-1123.00,29-1141.04,Clinical Nurse Specialists,Primary-Long,8.0,1
29-1123.00,29-1243.00,Pediatric Surgeons,Primary-Long,9.0,1
29-1123.00,29-1125.00,Recreational Therapists,Primary-Long,10.0,1
29-1123.00,29-1126.00,Respiratory Therapists,Supplemental,11.0,1
29-1123.00,29-1171.00,Nurse Practitioners,Supplemental,12.0,1
29-1123.00,29-2053.00,Psychiatric Technicians,Supplemental,13.0,1
29-1123.00,29-1141.01,Acute Care Nurses,Supplemental,14.0,1
29-1123.00,29-1141.02,Advanced Practice Psychiatric Nurses,Supplemental,15.0,1
29-1123.00,29-1215.00,Family Medicine Physicians,Supplemental,16.0,1
29-1123.00,29-1214.00,Emergency Medicine Physicians,Supplemental,17.0,1
29-1123.00,29-1124.00,Radiation Therapists,Supplemental,18.0,1
29-1123.00,29-1141.00,Registered Nurses,Supplemental,19.0,1
29-1123.00,29-1221.00,"Pediatricians, General",Supplemental,20.0,1
29-1124.00,29-2031.00,Cardiovascular Technologists and Technicians,Primary-Short,1.0,1
29-1124.00,29-2034.00,Radiologic Technologists and Technicians,Primary-Short,2.0,1
29-1124.00,29-1126.00,Respiratory Therapists,Primary-Short,3.0,1
29-1124.00,29-2033.00,Nuclear Medicine Technologists,Primary-Short,4.0,1
29-1124.00,29-2032.00,Diagnostic Medical Sonographers,Primary-Short,5.0,1
29-1124.00,29-1224.00,Radiologists,Primary-Long,6.0,1
29-1124.00,29-2036.00,Medical Dosimetrists,Primary-Long,7.0,1
29-1124.00,29-2035.00,Magnetic Resonance Imaging Technologists,Primary-Long,8.0,1
29-1124.00,29-9093.00,Surgical Assistants,Primary-Long,9.0,1
29-1124.00,29-2099.01,Neurodiagnostic Technologists,Primary-Long,10.0,1
29-1124.00,29-1243.00,Pediatric Surgeons,Supplemental,11.0,1
29-1124.00,29-1212.00,Cardiologists,Supplemental,12.0,1
29-1124.00,29-1242.00,"Orthopedic Surgeons, Except Pediatric",Supplemental,13.0,1
29-1124.00,31-2021.00,Physical Therapist Assistants,Supplemental,14.0,0
29-1124.00,31-2022.00,Physical Therapist Aides,Supplemental,15.0,0
29-1124.00,29-1123.00,Physical Therapists,Supplemental,16.0,1
29-1124.00,29-1214.00,Emergency Medicine Physicians,Supplemental,17.0,1
29-1124.00,29-1229.04,Physical Medicine and Rehabilitation Physicians,Supplemental,18.0,1
29-1124.00,29-1141.01,Acute Care Nurses,Supplemental,19.0,1
29-1124.00,29-1071.01,Anesthesiologist Assistants,Supplemental,20.0,1
29-1125.00,31-2011.00,Occupational Therapy Assistants,Primary-Short,1.0,0
29-1125.00,29-2053.00,Psychiatric Technicians,Primary-Short,2.0,1
29-1125.00,29-1122.00,Occupational Therapists,Primary-Short,3.0,1
29-1125.00,31-2021.00,Physical Therapist Assistants,Primary-Short,4.0,0
29-1125.00,31-2012.00,Occupational Therapy Aides,Primary-Short,5.0,0
29-1125.00,29-1123.00,Physical Therapists,Primary-Long,6.0,1
29-1125.00,31-2022.00,Physical Therapist Aides,Primary-Long,7.0,0
29-1125.00,21-1015.00,Rehabilitation Counselors,Primary-Long,8.0,0
29-1125.00,29-1129.01,Art Therapists,Primary-Long,9.0,1
29-1125.00,29-1129.02,Music Therapists,Primary-Long,10.0,1
29-1125.00,29-1229.04,Physical Medicine and Rehabilitation Physicians,Supplemental,11.0,1
29-1125.00,31-1133.00,Psychiatric Aides,Supplemental,12.0,0
29-1125.00,21-1023.00,Mental Health and Substance Abuse Social Workers,Supplemental,13.0,0
29-1125.00,19-3033.00,Clinical and Counseling Psychologists,Supplemental,14.0,1
29-1125.00,21-1014.00,Mental Health Counselors,Supplemental,15.0,0
29-1125.00,29-1141.02,Advanced Practice Psychiatric Nurses,Supplemental,16.0,1
29-1125.00,29-1223.00,Psychiatrists,Supplemental,17.0,1
29-1125.00,21-1013.00,Marriage and Family Therapists,Supplemental,18.0,0
29-1125.00,29-1141.04,Clinical Nurse Specialists,Supplemental,19.0,1
29-1125.00,31-9011.00,Massage Therapists,Supplemental,20.0,0
29-1126.00,29-2031.00,Cardiovascular Technologists and Technicians,Primary-Short,1.0,1
29-1126.00,29-2043.00,Paramedics,Primary-Short,2.0,1
29-1126.00,29-1141.01,Acute Care Nurses,Primary-Short,3.0,1
29-1126.00,29-1124.00,Radiation Therapists,Primary-Short,4.0,1
29-1126.00,29-1141.03,Critical Care Nurses,Primary-Short,5.0,1
29-1126.00,31-2021.00,Physical Therapist Assistants,Primary-Long,6.0,0
29-1126.00,29-1123.00,Physical Therapists,Primary-Long,7.0,1
29-1126.00,31-2011.00,Occupational Therapy Assistants,Primary-Long,8.0,0
29-1126.00,29-1141.00,Registered Nurses,Primary-Long,9.0,1
29-1126.00,31-2022.00,Physical Therapist Aides,Primary-Long,10.0,0
29-1126.00,29-1071.01,Anesthesiologist Assistants,Supplemental,11.0,1
29-1126.00,29-1212.00,Cardiologists,Supplemental,12.0,1
29-1126.00,29-1243.00,Pediatric Surgeons,Supplemental,13.0,1
29-1126.00,29-1214.00,Emergency Medicine Physicians,Supplemental,14.0,1
29-1126.00,29-1211.00,Anesthesiologists,Supplemental,15.0,1
29-1126.00,29-1171.00,Nurse Practitioners,Supplemental,16.0,1
29-1126.00,29-1141.04,Clinical Nurse Specialists,Supplemental,17.0,1
29-1126.00,29-1242.00,"Orthopedic Surgeons, Except Pediatric",Supplemental,18.0,1
29-1126.00,29-1151.00,Nurse Anesthetists,Supplemental,19.0,1
29-1126.00,29-1229.04,Physical Medicine and Rehabilitation Physicians,Supplemental,20.0,1
29-1127.00,31-9099.01,Speech-Language Pathology Assistants,Primary-Short,1.0,0
29-1127.00,29-1122.00,Occupational Therapists,Primary-Short,2.0,1
29-1127.00,31-2011.00,Occupational Therapy Assistants,Primary-Short,3.0,0
29-1127.00,29-1181.00,Audiologists,Primary-Short,4.0,1
29-1127.00,31-2012.00,Occupational Therapy Aides,Primary-Short,5.0,0
29-1127.00,29-1125.00,Recreational Therapists,Primary-Long,6.0,1
29-1127.00,19-3033.00,Clinical and Counseling Psychologists,Primary-Long,7.0,1
29-1127.00,29-1141.02,Advanced Practice Psychiatric Nurses,Primary-Long,8.0,1
29-1127.00,29-1122.01,"Low Vision Therapists, Orientation and Mobility Specialists, and Vision Rehabilitation Therapists",Primary-Long,9.0,1
29-1127.00,29-1123.00,Physical Therapists,Primary-Long,10.0,1
29-1127.00,29-2053.00,Psychiatric Technicians,Supplemental,11.0,1
29-1127.00,31-2021.00,Physical Therapist Assistants,Supplemental,12.0,0
29-1127.00,29-1141.04,Clinical Nurse Specialists,Supplemental,13.0,1
29-1127.00,29-1223.00,Psychiatrists,Supplemental,14.0,1
29-1127.00,21-1023.00,Mental Health and Substance Abuse Social Workers,Supplemental,15.0,0
29-1127.00,21-1013.00,Marriage and Family Therapists,Supplemental,16.0,0
29-1127.00,21-1014.00,Mental Health Counselors,Supplemental,17.0,0
29-1127.00,29-1215.00,Family Medicine Physicians,Supplemental,18.0,1
29-1127.00,29-1171.00,Nurse Practitioners,Supplemental,19.0,1
29-1127.00,19-3039.03,Clinical Neuropsychologists,Supplemental,20.0,1
29-1128.00,29-1229.04,Physical Medicine and Rehabilitation Physicians,Primary-Short,1.0,1
29-1128.00,29-1123.00,Physical Therapists,Primary-Short,2.0,1
29-1128.00,31-2021.00,Physical Therapist Assistants,Primary-Short,3.0,0
29-1128.00,39-9031.00,Exercise Trainers and Group Fitness Instructors,Primary-Short,4.0,0
29-1128.00,29-9091.00,Athletic Trainers,Primary-Short,5.0,1
29-1128.00,29-2031.00,Cardiovascular Technologists and Technicians,Primary-Long,6.0,1
29-1128.00,29-1031.00,Dietitians and Nutritionists,Primary-Long,7.0,1
29-1128.00,29-1125.00,Recreational Therapists,Primary-Long,8.0,1
29-1128.00,29-1229.06,Sports Medicine Physicians,Primary-Long,9.0,1
29-1128.00,29-1122.00,Occupational Therapists,Primary-Long,10.0,1
29-1128.00,29-1212.00,Cardiologists,Supplemental,11.0,1
29-1128.00,29-1126.00,Respiratory Therapists,Supplemental,12.0,1
29-1128.00,31-2022.00,Physical Therapist Aides,Supplemental,13.0,0
29-1128.00,29-1124.00,Radiation Therapists,Supplemental,14.0,1
29-1128.00,29-1243.00,Pediatric Surgeons,Supplemental,15.0,1
29-1128.00,29-1141.01,Acute Care Nurses,Supplemental,16.0,1
29-1128.00,31-2012.00,Occupational Therapy Aides,Supplemental,17.0,0
29-1128.00,29-1217.00,Neurologists,Supplemental,18.0,1
29-1128.00,29-2053.00,Psychiatric Technicians,Supplemental,19.0,1
29-1128.00,29-1242.00,"Orthopedic Surgeons, Except Pediatric",Supplemental,20.0,1
29-1129.01,29-1129.02,Music Therapists,Primary-Short,1.0,1
29-1129.01,29-1125.00,Recreational Therapists,Primary-Short,2.0,1
29-1129.01,21-1013.00,Marriage and Family Therapists,Primary-Short,3.0,0
29-1129.01,19-3033.00,Clinical and Counseling Psychologists,Primary-Short,4.0,1
29-1129.01,31-2011.00,Occupational Therapy Assistants,Primary-Short,5.0,0
29-1129.01,29-1122.00,Occupational Therapists,Primary-Long,6.0,1
29-1129.01,21-1023.00,Mental Health and Substance Abuse Social Workers,Primary-Long,7.0,0
29-1129.01,21-1014.00,Mental Health Counselors,Primary-Long,8.0,0
29-1129.01,31-2012.00,Occupational Therapy Aides,Primary-Long,9.0,0
29-1129.01,29-1223.00,Psychiatrists,Primary-Long,10.0,1
29-1129.01,29-2053.00,Psychiatric Technicians,Supplemental,11.0,1
29-1129.01,21-1015.00,Rehabilitation Counselors,Supplemental,12.0,0
29-1129.01,21-1022.00,Healthcare Social Workers,Supplemental,13.0,0
29-1129.01,31-2021.00,Physical Therapist Assistants,Supplemental,14.0,0
29-1129.01,29-1123.00,Physical Therapists,Supplemental,15.0,1
29-1129.01,29-1127.00,Speech-Language Pathologists,Supplemental,16.0,1
29-1129.01,29-1122.01,"Low Vision Therapists, Orientation and Mobility Specialists, and Vision Rehabilitation Therapists",Supplemental,17.0,1
29-1129.01,31-1133.00,Psychiatric Aides,Supplemental,18.0,0
29-1129.01,19-3034.00,School Psychologists,Supplemental,19.0,1
29-1129.01,31-9011.00,Massage Therapists,Supplemental,20.0,0
29-1129.02,29-1129.01,Art Therapists,Primary-Short,1.0,1
29-1129.02,29-1125.00,Recreational Therapists,Primary-Short,2.0,1
29-1129.02,29-1122.00,Occupational Therapists,Primary-Short,3.0,1
29-1129.02,29-1127.00,Speech-Language Pathologists,Primary-Short,4.0,1
29-1129.02,19-3033.00,Clinical and Counseling Psychologists,Primary-Short,5.0,1
29-1129.02,21-1013.00,Marriage and Family Therapists,Primary-Long,6.0,0
29-1129.02,29-1123.00,Physical Therapists,Primary-Long,7.0,1
29-1129.02,21-1014.00,Mental Health Counselors,Primary-Long,8.0,0
29-1129.02,29-1223.00,Psychiatrists,Primary-Long,9.0,1
29-1129.02,29-1141.02,Advanced Practice Psychiatric Nurses,Primary-Long,10.0,1
29-1129.02,31-2011.00,Occupational Therapy Assistants,Supplemental,11.0,0
29-1129.02,29-2053.00,Psychiatric Technicians,Supplemental,12.0,1
29-1129.02,31-2012.00,Occupational Therapy Aides,Supplemental,13.0,0
29-1129.02,25-1121.00,"Art, Drama, and Music Teachers, Postsecondary",Supplemental,14.0,0
29-1129.02,31-9099.01,Speech-Language Pathology Assistants,Supplemental,15.0,0
29-1129.02,31-2021.00,Physical Therapist Assistants,Supplemental,16.0,0
29-1129.02,21-1023.00,Mental Health and Substance Abuse Social Workers,Supplemental,17.0,0
29-1129.02,29-1229.04,Physical Medicine and Rehabilitation Physicians,Supplemental,18.0,1
29-1129.02,27-2041.00,Music Directors and Composers,Supplemental,19.0,0
29-1129.02,21-1022.00,Healthcare Social Workers,Supplemental,20.0,0
29-1131.00,29-2056.00,Veterinary Technologists and Technicians,Primary-Short,1.0,1
29-1131.00,31-9096.00,Veterinary Assistants and Laboratory Animal Caretakers,Primary-Short,2.0,0
29-1131.00,29-1229.01,Allergists and Immunologists,Primary-Short,3.0,1
29-1131.00,29-1222.00,"Physicians, Pathologists",Primary-Short,4.0,1
29-1131.00,29-1214.00,Emergency Medicine Physicians,Primary-Short,5.0,1
29-1131.00,29-1213.00,Dermatologists,Primary-Long,6.0,1
29-1131.00,29-1216.00,General Internal Medicine Physicians,Primary-Long,7.0,1
29-1131.00,29-1229.03,Urologists,Primary-Long,8.0,1
29-1131.00,29-1221.00,"Pediatricians, General",Primary-Long,9.0,1
29-1131.00,29-1229.05,Preventive Medicine Physicians,Primary-Long,10.0,1
29-1131.00,29-1241.00,"Ophthalmologists, Except Pediatric",Supplemental,11.0,1
29-1131.00,29-1243.00,Pediatric Surgeons,Supplemental,12.0,1
29-1131.00,29-1218.00,Obstetricians and Gynecologists,Supplemental,13.0,1
29-1131.00,29-1171.00,Nurse Practitioners,Supplemental,14.0,1
29-1131.00,29-1211.00,Anesthesiologists,Supplemental,15.0,1
29-1131.00,29-1217.00,Neurologists,Supplemental,16.0,1
29-1131.00,29-1299.01,Naturopathic Physicians,Supplemental,17.0,1
29-1131.00,29-1022.00,Oral and Maxillofacial Surgeons,Supplemental,18.0,1
29-1131.00,29-1229.04,Physical Medicine and Rehabilitation Physicians,Supplemental,19.0,1
29-1131.00,29-1224.00,Radiologists,Supplemental,20.0,1
29-1141.00,29-1141.01,Acute Care Nurses,Primary-Short,1.0,1
29-1141.00,29-1171.00,Nurse Practitioners,Primary-Short,2.0,1
29-1141.00,29-1141.03,Critical Care Nurses,Primary-Short,3.0,1
29-1141.00,29-1141.04,Clinical Nurse Specialists,Primary-Short,4.0,1
29-1141.00,29-2061.00,Licensed Practical and Licensed Vocational Nurses,Primary-Short,5.0,1
29-1141.00,29-1161.00,Nurse Midwives,Primary-Long,6.0,1
29-1141.00,29-1141.02,Advanced Practice Psychiatric Nurses,Primary-Long,7.0,1
29-1141.00,29-1151.00,Nurse Anesthetists,Primary-Long,8.0,1
29-1141.00,29-1071.00,Physician Assistants,Primary-Long,9.0,1
29-1141.00,31-1131.00,Nursing Assistants,Primary-Long,10.0,0
29-1141.00,29-2043.00,Paramedics,Supplemental,11.0,1
29-1141.00,29-1214.00,Emergency Medicine Physicians,Supplemental,12.0,1
29-1141.00,29-1215.00,Family Medicine Physicians,Supplemental,13.0,1
29-1141.00,29-2042.00,Emergency Medical Technicians,Supplemental,14.0,1
29-1141.00,29-1211.00,Anesthesiologists,Supplemental,15.0,1
29-1141.00,29-1243.00,Pediatric Surgeons,Supplemental,16.0,1
29-1141.00,29-1218.00,Obstetricians and Gynecologists,Supplemental,17.0,1
29-1141.00,29-1216.00,General Internal Medicine Physicians,Supplemental,18.0,1
29-1141.00,29-1212.00,Cardiologists,Supplemental,19.0,1
29-1141.00,29-1229.02,Hospitalists,Supplemental,20.0,1
29-1141.01,29-1141.00,Registered Nurses,Primary-Short,1.0,1
29-1141.01,29-1141.03,Critical Care Nurses,Primary-Short,2.0,1
29-1141.01,29-1141.04,Clinical Nurse Specialists,Primary-Short,3.0,1
29-1141.01,29-2043.00,Paramedics,Primary-Short,4.0,1
29-1141.01,29-1141.02,Advanced Practice Psychiatric Nurses,Primary-Short,5.0,1
29-1141.01,29-1161.00,Nurse Midwives,Primary-Long,6.0,1
29-1141.01,29-1126.00,Respiratory Therapists,Primary-Long,7.0,1
29-1141.01,29-2061.00,Licensed Practical and Licensed Vocational Nurses,Primary-Long,8.0,1
29-1141.01,31-1131.00,Nursing Assistants,Primary-Long,9.0,0
29-1141.01,29-2042.00,Emergency Medical Technicians,Primary-Long,10.0,1
29-1141.01,29-1171.00,Nurse Practitioners,Supplemental,11.0,1
29-1141.01,29-1214.00,Emergency Medicine Physicians,Supplemental,12.0,1
29-1141.01,29-1212.00,Cardiologists,Supplemental,13.0,1
29-1141.01,29-1243.00,Pediatric Surgeons,Supplemental,14.0,1
29-1141.01,29-1211.00,Anesthesiologists,Supplemental,15.0,1
29-1141.01,29-1216.00,General Internal Medicine Physicians,Supplemental,16.0,1
29-1141.01,29-1242.00,"Orthopedic Surgeons, Except Pediatric",Supplemental,17.0,1
29-1141.01,29-1151.00,Nurse Anesthetists,Supplemental,18.0,1
29-1141.01,29-1215.00,Family Medicine Physicians,Supplemental,19.0,1
29-1141.01,29-1229.04,Physical Medicine and Rehabilitation Physicians,Supplemental,20.0,1
29-1141.02,29-1171.00,Nurse Practitioners,Primary-Short,1.0,1
29-1141.02,29-1141.04,Clinical Nurse Specialists,Primary-Short,2.0,1
29-1141.02,29-1223.00,Psychiatrists,Primary-Short,3.0,1
29-1141.02,29-2053.00,Psychiatric Technicians,Primary-Short,4.0,1
29-1141.02,29-1215.00,Family Medicine Physicians,Primary-Short,5.0,1
29-1141.02,29-1141.01,Acute Care Nurses,Primary-Long,6.0,1
29-1141.02,29-1141.00,Registered Nurses,Primary-Long,7.0,1
29-1141.02,29-1141.03,Critical Care Nurses,Primary-Long,8.0,1
29-1141.02,21-1014.00,Mental Health Counselors,Primary-Long,9.0,0
29-1141.02,19-3039.03,Clinical Neuropsychologists,Primary-Long,10.0,1
29-1141.02,29-1214.00,Emergency Medicine Physicians,Supplemental,11.0,1
29-1141.02,29-1221.00,"Pediatricians, General",Supplemental,12.0,1
29-1141.02,29-1229.04,Physical Medicine and Rehabilitation Physicians,Supplemental,13.0,1
29-1141.02,29-1216.00,General Internal Medicine Physicians,Supplemental,14.0,1
29-1141.02,31-1133.00,Psychiatric Aides,Supplemental,15.0,0
29-1141.02,29-1217.00,Neurologists,Supplemental,16.0,1
29-1141.02,29-1071.00,Physician Assistants,Supplemental,17.0,1
29-1141.02,29-1161.00,Nurse Midwives,Supplemental,18.0,1
29-1141.02,29-1123.00,Physical Therapists,Supplemental,19.0,1
29-1141.02,29-1229.05,Preventive Medicine Physicians,Supplemental,20.0,1
29-1141.03,29-1141.01,Acute Care Nurses,Primary-Short,1.0,1
29-1141.03,29-1141.00,Registered Nurses,Primary-Short,2.0,1
29-1141.03,29-1171.00,Nurse Practitioners,Primary-Short,3.0,1
29-1141.03,29-1141.04,Clinical Nurse Specialists,Primary-Short,4.0,1
29-1141.03,29-2043.00,Paramedics,Primary-Short,5.0,1
29-1141.03,29-1126.00,Respiratory Therapists,Primary-Long,6.0,1
29-1141.03,29-1161.00,Nurse Midwives,Primary-Long,7.0,1
29-1141.03,29-1141.02,Advanced Practice Psychiatric Nurses,Primary-Long,8.0,1
29-1141.03,29-2061.00,Licensed Practical and Licensed Vocational Nurses,Primary-Long,9.0,1
29-1141.03,31-1131.00,Nursing Assistants,Primary-Long,10.0,0
29-1141.03,29-1214.00,Emergency Medicine Physicians,Supplemental,11.0,1
29-1141.03,29-1151.00,Nurse Anesthetists,Supplemental,12.0,1
29-1141.03,29-1211.00,Anesthesiologists,Supplemental,13.0,1
29-1141.03,29-1071.01,Anesthesiologist Assistants,Supplemental,14.0,1
29-1141.03,29-1212.00,Cardiologists,Supplemental,15.0,1
29-1141.03,29-1071.00,Physician Assistants,Supplemental,16.0,1
29-1141.03,29-1215.00,Family Medicine Physicians,Supplemental,17.0,1
29-1141.03,29-1221.00,"Pediatricians, General",Supplemental,18.0,1
29-1141.03,29-1243.00,Pediatric Surgeons,Supplemental,19.0,1
29-1141.03,29-1229.02,Hospitalists,Supplemental,20.0,1
29-1141.04,29-1141.02,Advanced Practice Psychiatric Nurses,Primary-Short,1.0,1
29-1141.04,29-1171.00,Nurse Practitioners,Primary-Short,2.0,1
29-1141.04,29-1141.01,Acute Care Nurses,Primary-Short,3.0,1
29-1141.04,29-1141.00,Registered Nurses,Primary-Short,4.0,1
29-1141.04,29-1141.03,Critical Care Nurses,Primary-Short,5.0,1
29-1141.04,29-1161.00,Nurse Midwives,Primary-Long,6.0,1
29-1141.04,29-1071.00,Physician Assistants,Primary-Long,7.0,1
29-1141.04,29-1229.02,Hospitalists,Primary-Long,8.0,1
29-1141.04,29-2061.00,Licensed Practical and Licensed Vocational Nurses,Primary-Long,9.0,1
29-1141.04,15-1211.01,Health Informatics Specialists,Primary-Long,10.0,1
29-1141.04,29-1214.00,Emergency Medicine Physicians,Supplemental,11.0,1
29-1141.04,29-1216.00,General Internal Medicine Physicians,Supplemental,12.0,1
29-1141.04,29-1215.00,Family Medicine Physicians,Supplemental,13.0,1
29-1141.04,29-1243.00,Pediatric Surgeons,Supplemental,14.0,1
29-1141.04,29-2053.00,Psychiatric Technicians,Supplemental,15.0,1
29-1141.04,29-1221.00,"Pediatricians, General",Supplemental,16.0,1
29-1141.04,29-1223.00,Psychiatrists,Supplemental,17.0,1
29-1141.04,29-2043.00,Paramedics,Supplemental,18.0,1
29-1141.04,29-1212.00,Cardiologists,Supplemental,19.0,1
29-1141.04,29-1217.00,Neurologists,Supplemental,20.0,1
29-1151.00,29-1211.00,Anesthesiologists,Primary-Short,1.0,1
29-1151.00,29-1071.01,Anesthesiologist Assistants,Primary-Short,2.0,1
29-1151.00,29-1171.00,Nurse Practitioners,Primary-Short,3.0,1
29-1151.00,29-1141.00,Registered Nurses,Primary-Short,4.0,1
29-1151.00,29-1141.03,Critical Care Nurses,Primary-Short,5.0,1
29-1151.00,29-1141.01,Acute Care Nurses,Primary-Long,6.0,1
29-1151.00,29-1214.00,Emergency Medicine Physicians,Primary-Long,7.0,1
29-1151.00,29-1161.00,Nurse Midwives,Primary-Long,8.0,1
29-1151.00,29-1141.04,Clinical Nurse Specialists,Primary-Long,9.0,1
29-1151.00,29-1071.00,Physician Assistants,Primary-Long,10.0,1
29-1151.00,29-2043.00,Paramedics,Supplemental,11.0,1
29-1151.00,29-9093.00,Surgical Assistants,Supplemental,12.0,1
29-1151.00,29-1243.00,Pediatric Surgeons,Supplemental,13.0,1
29-1151.00,29-1212.00,Cardiologists,Supplemental,14.0,1
29-1151.00,29-2061.00,Licensed Practical and Licensed Vocational Nurses,Supplemental,15.0,1
29-1151.00,29-2042.00,Emergency Medical Technicians,Supplemental,16.0,1
29-1151.00,29-1126.00,Respiratory Therapists,Supplemental,17.0,1
29-1151.00,29-1242.00,"Orthopedic Surgeons, Except Pediatric",Supplemental,18.0,1
29-1151.00,29-1216.00,General Internal Medicine Physicians,Supplemental,19.0,1
29-1151.00,29-2055.00,Surgical Technologists,Supplemental,20.0,1
29-1161.00,29-9099.01,Midwives,Primary-Short,1.0,1
29-1161.00,29-1171.00,Nurse Practitioners,Primary-Short,2.0,1
29-1161.00,29-1141.00,Registered Nurses,Primary-Short,3.0,1
29-1161.00,29-1141.01,Acute Care Nurses,Primary-Short,4.0,1
29-1161.00,29-1218.00,Obstetricians and Gynecologists,Primary-Short,5.0,1
29-1161.00,29-1141.04,Clinical Nurse Specialists,Primary-Long,6.0,1
29-1161.00,29-1141.03,Critical Care Nurses,Primary-Long,7.0,1
29-1161.00,29-1141.02,Advanced Practice Psychiatric Nurses,Primary-Long,8.0,1
29-1161.00,29-1151.00,Nurse Anesthetists,Primary-Long,9.0,1
29-1161.00,29-2061.00,Licensed Practical and Licensed Vocational Nurses,Primary-Long,10.0,1
29-1161.00,29-1215.00,Family Medicine Physicians,Supplemental,11.0,1
29-1161.00,29-1214.00,Emergency Medicine Physicians,Supplemental,12.0,1
29-1161.00,29-1221.00,"Pediatricians, General",Supplemental,13.0,1
29-1161.00,29-2043.00,Paramedics,Supplemental,14.0,1
29-1161.00,29-1211.00,Anesthesiologists,Supplemental,15.0,1
29-1161.00,29-1216.00,General Internal Medicine Physicians,Supplemental,16.0,1
29-1161.00,29-1223.00,Psychiatrists,Supplemental,17.0,1
29-1161.00,29-1071.00,Physician Assistants,Supplemental,18.0,1
29-1161.00,29-1217.00,Neurologists,Supplemental,19.0,1
29-1161.00,29-1229.02,Hospitalists,Supplemental,20.0,1
29-1171.00,29-1141.00,Registered Nurses,Primary-Short,1.0,1
29-1171.00,29-1141.02,Advanced Practice Psychiatric Nurses,Primary-Short,2.0,1
29-1171.00,29-1141.04,Clinical Nurse Specialists,Primary-Short,3.0,1
29-1171.00,29-1215.00,Family Medicine Physicians,Primary-Short,4.0,1
29-1171.00,29-1141.01,Acute Care Nurses,Primary-Short,5.0,1
29-1171.00,29-1214.00,Emergency Medicine Physicians,Primary-Long,6.0,1
29-1171.00,29-1161.00,Nurse Midwives,Primary-Long,7.0,1
29-1171.00,29-1141.03,Critical Care Nurses,Primary-Long,8.0,1
29-1171.00,29-1216.00,General Internal Medicine Physicians,Primary-Long,9.0,1
29-1171.00,29-1071.00,Physician Assistants,Primary-Long,10.0,1
29-1171.00,29-1218.00,Obstetricians and Gynecologists,Supplemental,11.0,1
29-1171.00,29-1221.00,"Pediatricians, General",Supplemental,12.0,1
29-1171.00,29-2043.00,Paramedics,Supplemental,13.0,1
29-1171.00,29-1243.00,Pediatric Surgeons,Supplemental,14.0,1
29-1171.00,29-1212.00,Cardiologists,Supplemental,15.0,1
29-1171.00,29-1211.00,Anesthesiologists,Supplemental,16.0,1
29-1171.00,29-1151.00,Nurse Anesthetists,Supplemental,17.0,1
29-1171.00,29-2061.00,Licensed Practical and Licensed Vocational Nurses,Supplemental,18.0,1
29-1171.00,29-1217.00,Neurologists,Supplemental,19.0,1
29-1171.00,29-1223.00,Psychiatrists,Supplemental,20.0,1
29-1181.00,29-2092.00,Hearing Aid Specialists,Primary-Short,1.0,1
29-1181.00,29-1041.00,Optometrists,Primary-Short,2.0,1
29-1181.00,29-1243.00,Pediatric Surgeons,Primary-Short,3.0,1
29-1181.00,29-1221.00,"Pediatricians, General",Primary-Short,4.0,1
29-1181.00,29-1217.00,Neurologists,Primary-Short,5.0,1
29-1181.00,29-1229.04,Physical Medicine and Rehabilitation Physicians,Primary-Long,6.0,1
29-1181.00,29-1122.00,Occupational Therapists,Primary-Long,7.0,1
29-1181.00,29-1241.00,"Ophthalmologists, Except Pediatric",Primary-Long,8.0,1
29-1181.00,29-1127.00,Speech-Language Pathologists,Primary-Long,9.0,1
29-1181.00,29-1214.00,Emergency Medicine Physicians,Primary-Long,10.0,1
29-1181.00,29-1216.00,General Internal Medicine Physicians,Supplemental,11.0,1
29-1181.00,29-1212.00,Cardiologists,Supplemental,12.0,1
29-1181.00,29-1242.00,"Orthopedic Surgeons, Except Pediatric",Supplemental,13.0,1
29-1181.00,29-1011.00,Chiropractors,Supplemental,14.0,1
29-1181.00,29-1222.00,"Physicians, Pathologists",Supplemental,15.0,1
29-1181.00,29-1229.01,Allergists and Immunologists,Supplemental,16.0,1
29-1181.00,31-2012.00,Occupational Therapy Aides,Supplemental,17.0,0
29-1181.00,29-1223.00,Psychiatrists,Supplemental,18.0,1
29-1181.00,29-1213.00,Dermatologists,Supplemental,19.0,1
29-1181.00,29-1171.00,Nurse Practitioners,Supplemental,20.0,1
29-1211.00,29-1243.00,Pediatric Surgeons,Primary-Short,1.0,1
29-1211.00,29-1242.00,"Orthopedic Surgeons, Except Pediatric",Primary-Short,2.0,1
29-1211.00,29-1212.00,Cardiologists,Primary-Short,3.0,1
29-1211.00,29-1151.00,Nurse Anesthetists,Primary-Short,4.0,1
29-1211.00,29-1071.01,Anesthesiologist Assistants,Primary-Short,5.0,1
29-1211.00,29-1214.00,Emergency Medicine Physicians,Primary-Long,6.0,1
29-1211.00,29-1216.00,General Internal Medicine Physicians,Primary-Long,7.0,1
29-1211.00,29-1218.00,Obstetricians and Gynecologists,Primary-Long,8.0,1
29-1211.00,29-1171.00,Nurse Practitioners,Primary-Long,9.0,1
29-1211.00,29-1071.00,Physician Assistants,Primary-Long,10.0,1
29-1211.00,29-2043.00,Paramedics,Supplemental,11.0,1
29-1211.00,29-1229.04,Physical Medicine and Rehabilitation Physicians,Supplemental,12.0,1
29-1211.00,29-1229.03,Urologists,Supplemental,13.0,1
29-1211.00,29-1217.00,Neurologists,Supplemental,14.0,1
29-1211.00,29-1141.01,Acute Care Nurses,Supplemental,15.0,1
29-1211.00,29-9093.00,Surgical Assistants,Supplemental,16.0,1
29-1211.00,29-1215.00,Family Medicine Physicians,Supplemental,17.0,1
29-1211.00,29-1141.00,Registered Nurses,Supplemental,18.0,1
29-1211.00,29-1126.00,Respiratory Therapists,Supplemental,19.0,1
29-1211.00,29-1241.00,"Ophthalmologists, Except Pediatric",Supplemental,20.0,1
29-1212.00,29-1243.00,Pediatric Surgeons,Primary-Short,1.0,1
29-1212.00,29-1216.00,General Internal Medicine Physicians,Primary-Short,2.0,1
29-1212.00,29-1211.00,Anesthesiologists,Primary-Short,3.0,1
29-1212.00,29-1229.03,Urologists,Primary-Short,4.0,1
29-1212.00,29-1214.00,Emergency Medicine Physicians,Primary-Short,5.0,1
29-1212.00,29-1224.00,Radiologists,Primary-Long,6.0,1
29-1212.00,29-1217.00,Neurologists,Primary-Long,7.0,1
29-1212.00,29-1241.00,"Ophthalmologists, Except Pediatric",Primary-Long,8.0,1
29-1212.00,29-1242.00,"Orthopedic Surgeons, Except Pediatric",Primary-Long,9.0,1
29-1212.00,29-1215.00,Family Medicine Physicians,Primary-Long,10.0,1
29-1212.00,29-2031.00,Cardiovascular Technologists and Technicians,Supplemental,11.0,1
29-1212.00,29-1229.04,Physical Medicine and Rehabilitation Physicians,Supplemental,12.0,1
29-1212.00,29-1218.00,Obstetricians and Gynecologists,Supplemental,13.0,1
29-1212.00,29-1229.01,Allergists and Immunologists,Supplemental,14.0,1
29-1212.00,29-1221.00,"Pediatricians, General",Supplemental,15.0,1
29-1212.00,29-1213.00,Dermatologists,Supplemental,16.0,1
29-1212.00,29-1071.01,Anesthesiologist Assistants,Supplemental,17.0,1
29-1212.00,29-1071.00,Physician Assistants,Supplemental,18.0,1
29-1212.00,29-1141.01,Acute Care Nurses,Supplemental,19.0,1
29-1212.00,29-1171.00,Nurse Practitioners,Supplemental,20.0,1
29-1213.00,29-1243.00,Pediatric Surgeons,Primary-Short,1.0,1
29-1213.00,29-1242.00,"Orthopedic Surgeons, Except Pediatric",Primary-Short,2.0,1
29-1213.00,29-1241.00,"Ophthalmologists, Except Pediatric",Primary-Short,3.0,1
29-1213.00,29-1212.00,Cardiologists,Primary-Short,4.0,1
29-1213.00,29-1229.03,Urologists,Primary-Short,5.0,1
29-1213.00,29-1216.00,General Internal Medicine Physicians,Primary-Long,6.0,1
29-1213.00,29-1229.01,Allergists and Immunologists,Primary-Long,7.0,1
29-1213.00,29-1022.00,Oral and Maxillofacial Surgeons,Primary-Long,8.0,1
29-1213.00,29-1217.00,Neurologists,Primary-Long,9.0,1
29-1213.00,29-1214.00,Emergency Medicine Physicians,Primary-Long,10.0,1
29-1213.00,29-1221.00,"Pediatricians, General",Supplemental,11.0,1
29-1213.00,29-1218.00,Obstetricians and Gynecologists,Supplemental,12.0,1
29-1213.00,29-1299.01,Naturopathic Physicians,Supplemental,13.0,1
29-1213.00,29-1081.00,Podiatrists,Supplemental,14.0,1
29-1213.00,29-1011.00,Chiropractors,Supplemental,15.0,1
29-1213.00,29-1229.04,Physical Medicine and Rehabilitation Physicians,Supplemental,16.0,1
29-1213.00,29-1211.00,Anesthesiologists,Supplemental,17.0,1
29-1213.00,29-1041.00,Optometrists,Supplemental,18.0,1
29-1213.00,29-1171.00,Nurse Practitioners,Supplemental,19.0,1
29-1213.00,29-1071.00,Physician Assistants,Supplemental,20.0,1
29-1214.00,29-2043.00,Paramedics,Primary-Short,1.0,1
29-1214.00,29-1243.00,Pediatric Surgeons,Primary-Short,2.0,1
29-1214.00,29-1215.00,Family Medicine Physicians,Primary-Short,3.0,1
29-1214.00,29-1216.00,General Internal Medicine Physicians,Primary-Short,4.0,1
29-1214.00,29-1071.00,Physician Assistants,Primary-Short,5.0,1
29-1214.00,29-1221.00,"Pediatricians, General",Primary-Long,6.0,1
29-1214.00,29-1211.00,Anesthesiologists,Primary-Long,7.0,1
29-1214.00,29-1218.00,Obstetricians and Gynecologists,Primary-Long,8.0,1
29-1214.00,29-1229.02,Hospitalists,Primary-Long,9.0,1
29-1214.00,29-1223.00,Psychiatrists,Primary-Long,10.0,1
29-1214.00,29-1212.00,Cardiologists,Supplemental,11.0,1
29-1214.00,29-2042.00,Emergency Medical Technicians,Supplemental,12.0,1
29-1214.00,29-1242.00,"Orthopedic Surgeons, Except Pediatric",Supplemental,13.0,1
29-1214.00,29-1171.00,Nurse Practitioners,Supplemental,14.0,1
29-1214.00,29-1141.01,Acute Care Nurses,Supplemental,15.0,1
29-1214.00,29-1229.04,Physical Medicine and Rehabilitation Physicians,Supplemental,16.0,1
29-1214.00,29-1141.00,Registered Nurses,Supplemental,17.0,1
29-1214.00,29-1217.00,Neurologists,Supplemental,18.0,1
29-1214.00,29-1141.04,Clinical Nurse Specialists,Supplemental,19.0,1
29-1214.00,29-1141.03,Critical Care Nurses,Supplemental,20.0,1
29-1215.00,29-1214.00,Emergency Medicine Physicians,Primary-Short,1.0,1
29-1215.00,29-1221.00,"Pediatricians, General",Primary-Short,2.0,1
29-1215.00,29-1216.00,General Internal Medicine Physicians,Primary-Short,3.0,1
29-1215.00,29-1218.00,Obstetricians and Gynecologists,Primary-Short,4.0,1
29-1215.00,29-1243.00,Pediatric Surgeons,Primary-Short,5.0,1
29-1215.00,29-1071.00,Physician Assistants,Primary-Long,6.0,1
29-1215.00,29-1223.00,Psychiatrists,Primary-Long,7.0,1
29-1215.00,29-1212.00,Cardiologists,Primary-Long,8.0,1
29-1215.00,29-1141.02,Advanced Practice Psychiatric Nurses,Primary-Long,9.0,1
29-1215.00,29-1229.02,Hospitalists,Primary-Long,10.0,1
29-1215.00,29-1171.00,Nurse Practitioners,Supplemental,11.0,1
29-1215.00,29-1217.00,Neurologists,Supplemental,12.0,1
29-1215.00,29-1242.00,"Orthopedic Surgeons, Except Pediatric",Supplemental,13.0,1
29-1215.00,29-1141.04,Clinical Nurse Specialists,Supplemental,14.0,1
29-1215.00,29-1161.00,Nurse Midwives,Supplemental,15.0,1
29-1215.00,29-1141.00,Registered Nurses,Supplemental,16.0,1
29-1215.00,29-1229.04,Physical Medicine and Rehabilitation Physicians,Supplemental,17.0,1
29-1215.00,29-1211.00,Anesthesiologists,Supplemental,18.0,1
29-1215.00,29-1299.01,Naturopathic Physicians,Supplemental,19.0,1
29-1215.00,29-1229.05,Preventive Medicine Physicians,Supplemental,20.0,1
29-1216.00,29-1243.00,Pediatric Surgeons,Primary-Short,1.0,1
29-1216.00,29-1212.00,Cardiologists,Primary-Short,2.0,1
29-1216.00,29-1218.00,Obstetricians and Gynecologists,Primary-Short,3.0,1
29-1216.00,29-1221.00,"Pediatricians, General",Primary-Short,4.0,1
29-1216.00,29-1214.00,Emergency Medicine Physicians,Primary-Short,5.0,1
29-1216.00,29-1242.00,"Orthopedic Surgeons, Except Pediatric",Primary-Long,6.0,1
29-1216.00,29-1217.00,Neurologists,Primary-Long,7.0,1
29-1216.00,29-1215.00,Family Medicine Physicians,Primary-Long,8.0,1
29-1216.00,29-1229.03,Urologists,Primary-Long,9.0,1
29-1216.00,29-1229.01,Allergists and Immunologists,Primary-Long,10.0,1
29-1216.00,29-1229.04,Physical Medicine and Rehabilitation Physicians,Supplemental,11.0,1
29-1216.00,29-1171.00,Nurse Practitioners,Supplemental,12.0,1
29-1216.00,29-1211.00,Anesthesiologists,Supplemental,13.0,1
29-1216.00,29-1241.00,"Ophthalmologists, Except Pediatric",Supplemental,14.0,1
29-1216.00,29-1299.01,Naturopathic Physicians,Supplemental,15.0,1
29-1216.00,29-1229.02,Hospitalists,Supplemental,16.0,1
29-1216.00,29-1213.00,Dermatologists,Supplemental,17.0,1
29-1216.00,29-1223.00,Psychiatrists,Supplemental,18.0,1
29-1216.00,29-1071.00,Physician Assistants,Supplemental,19.0,1
29-1216.00,29-1141.04,Clinical Nurse Specialists,Supplemental,20.0,1
29-1217.00,29-1243.00,Pediatric Surgeons,Primary-Short,1.0,1
29-1217.00,29-1212.00,Cardiologists,Primary-Short,2.0,1
29-1217.00,29-1242.00,"Orthopedic Surgeons, Except Pediatric",Primary-Short,3.0,1
29-1217.00,29-1216.00,General Internal Medicine Physicians,Primary-Short,4.0,1
29-1217.00,29-1221.00,"Pediatricians, General",Primary-Short,5.0,1
29-1217.00,29-1223.00,Psychiatrists,Primary-Long,6.0,1
29-1217.00,29-1229.04,Physical Medicine and Rehabilitation Physicians,Primary-Long,7.0,1
29-1217.00,29-1214.00,Emergency Medicine Physicians,Primary-Long,8.0,1
29-1217.00,19-3039.03,Clinical Neuropsychologists,Primary-Long,9.0,1
29-1217.00,19-3039.02,Neuropsychologists,Primary-Long,10.0,1
29-1217.00,29-1218.00,Obstetricians and Gynecologists,Supplemental,11.0,1
29-1217.00,29-1215.00,Family Medicine Physicians,Supplemental,12.0,1
29-1217.00,29-1229.03,Urologists,Supplemental,13.0,1
29-1217.00,29-1241.00,"Ophthalmologists, Except Pediatric",Supplemental,14.0,1
29-1217.00,29-1011.00,Chiropractors,Supplemental,15.0,1
29-1217.00,29-1229.01,Allergists and Immunologists,Supplemental,16.0,1
29-1217.00,29-1171.00,Nurse Practitioners,Supplemental,17.0,1
29-1217.00,29-1211.00,Anesthesiologists,Supplemental,18.0,1
29-1217.00,29-1213.00,Dermatologists,Supplemental,19.0,1
29-1217.00,29-1071.00,Physician Assistants,Supplemental,20.0,1
29-1218.00,29-1243.00,Pediatric Surgeons,Primary-Short,1.0,1
29-1218.00,29-1216.00,General Internal Medicine Physicians,Primary-Short,2.0,1
29-1218.00,29-1212.00,Cardiologists,Primary-Short,3.0,1
29-1218.00,29-1221.00,"Pediatricians, General",Primary-Short,4.0,1
29-1218.00,29-1215.00,Family Medicine Physicians,Primary-Short,5.0,1
29-1218.00,29-1229.03,Urologists,Primary-Long,6.0,1
29-1218.00,29-1214.00,Emergency Medicine Physicians,Primary-Long,7.0,1
29-1218.00,29-1242.00,"Orthopedic Surgeons, Except Pediatric",Primary-Long,8.0,1
29-1218.00,29-1217.00,Neurologists,Primary-Long,9.0,1
29-1218.00,29-1161.00,Nurse Midwives,Primary-Long,10.0,1
29-1218.00,29-1211.00,Anesthesiologists,Supplemental,11.0,1
29-1218.00,29-1171.00,Nurse Practitioners,Supplemental,12.0,1
29-1218.00,29-1071.00,Physician Assistants,Supplemental,13.0,1
29-1218.00,29-1141.00,Registered Nurses,Supplemental,14.0,1
29-1218.00,29-1299.01,Naturopathic Physicians,Supplemental,15.0,1
29-1218.00,29-1229.04,Physical Medicine and Rehabilitation Physicians,Supplemental,16.0,1
29-1218.00,29-1229.01,Allergists and Immunologists,Supplemental,17.0,1
29-1218.00,29-1213.00,Dermatologists,Supplemental,18.0,1
29-1218.00,29-1241.00,"Ophthalmologists, Except Pediatric",Supplemental,19.0,1
29-1218.00,29-1229.02,Hospitalists,Supplemental,20.0,1
29-1221.00,29-1243.00,Pediatric Surgeons,Primary-Short,1.0,1
29-1221.00,29-1216.00,General Internal Medicine Physicians,Primary-Short,2.0,1
29-1221.00,29-1215.00,Family Medicine Physicians,Primary-Short,3.0,1
29-1221.00,29-1214.00,Emergency Medicine Physicians,Primary-Short,4.0,1
29-1221.00,29-1218.00,Obstetricians and Gynecologists,Primary-Short,5.0,1
29-1221.00,29-1217.00,Neurologists,Primary-Long,6.0,1
29-1221.00,29-1223.00,Psychiatrists,Primary-Long,7.0,1
29-1221.00,29-1212.00,Cardiologists,Primary-Long,8.0,1
29-1221.00,29-1171.00,Nurse Practitioners,Primary-Long,9.0,1
29-1221.00,29-1229.01,Allergists and Immunologists,Primary-Long,10.0,1
29-1221.00,29-1242.00,"Orthopedic Surgeons, Except Pediatric",Supplemental,11.0,1
29-1221.00,29-1229.03,Urologists,Supplemental,12.0,1
29-1221.00,29-1071.00,Physician Assistants,Supplemental,13.0,1
29-1221.00,29-1213.00,Dermatologists,Supplemental,14.0,1
29-1221.00,29-1141.02,Advanced Practice Psychiatric Nurses,Supplemental,15.0,1
29-1221.00,29-1161.00,Nurse Midwives,Supplemental,16.0,1
29-1221.00,29-1229.04,Physical Medicine and Rehabilitation Physicians,Supplemental,17.0,1
29-1221.00,29-1141.04,Clinical Nurse Specialists,Supplemental,18.0,1
29-1221.00,29-1299.01,Naturopathic Physicians,Supplemental,19.0,1
29-1221.00,29-1229.02,Hospitalists,Supplemental,20.0,1
29-1222.00,29-1243.00,Pediatric Surgeons,Primary-Short,1.0,1
29-1222.00,29-1212.00,Cardiologists,Primary-Short,2.0,1
29-1222.00,29-1224.00,Radiologists,Primary-Short,3.0,1
29-1222.00,29-2011.00,Medical and Clinical Laboratory Technologists,Primary-Short,4.0,1
29-1222.00,29-1229.01,Allergists and Immunologists,Primary-Short,5.0,1
29-1222.00,29-1242.00,"Orthopedic Surgeons, Except Pediatric",Primary-Long,6.0,1
29-1222.00,29-2011.02,Cytotechnologists,Primary-Long,7.0,1
29-1222.00,29-2011.04,Histotechnologists,Primary-Long,8.0,1
29-1222.00,29-1214.00,Emergency Medicine Physicians,Primary-Long,9.0,1
29-1222.00,19-3039.03,Clinical Neuropsychologists,Primary-Long,10.0,1
29-1222.00,29-2012.00,Medical and Clinical Laboratory Technicians,Supplemental,11.0,1
29-1222.00,29-1241.00,"Ophthalmologists, Except Pediatric",Supplemental,12.0,1
29-1222.00,19-1042.00,"Medical Scientists, Except Epidemiologists",Supplemental,13.0,1
29-1222.00,29-1213.00,Dermatologists,Supplemental,14.0,1
29-1222.00,29-1217.00,Neurologists,Supplemental,15.0,1
29-1222.00,29-1216.00,General Internal Medicine Physicians,Supplemental,16.0,1
29-1222.00,29-1229.03,Urologists,Supplemental,17.0,1
29-1222.00,29-1211.00,Anesthesiologists,Supplemental,18.0,1
29-1222.00,29-2011.01,Cytogenetic Technologists,Supplemental,19.0,1
29-1222.00,29-2031.00,Cardiovascular Technologists and Technicians,Supplemental,20.0,1
29-1223.00,29-1221.00,"Pediatricians, General",Primary-Short,1.0,1
29-1223.00,29-1217.00,Neurologists,Primary-Short,2.0,1
29-1223.00,29-1141.02,Advanced Practice Psychiatric Nurses,Primary-Short,3.0,1
29-1223.00,29-1215.00,Family Medicine Physicians,Primary-Short,4.0,1
29-1223.00,29-1216.00,General Internal Medicine Physicians,Primary-Short,5.0,1
29-1223.00,29-1243.00,Pediatric Surgeons,Primary-Long,6.0,1
29-1223.00,19-3039.03,Clinical Neuropsychologists,Primary-Long,7.0,1
29-1223.00,19-3039.02,Neuropsychologists,Primary-Long,8.0,1
29-1223.00,19-3033.00,Clinical and Counseling Psychologists,Primary-Long,9.0,1
29-1223.00,29-1141.04,Clinical Nurse Specialists,Primary-Long,10.0,1
29-1223.00,29-1214.00,Emergency Medicine Physicians,Supplemental,11.0,1
29-1223.00,29-1171.00,Nurse Practitioners,Supplemental,12.0,1
29-1223.00,29-2053.00,Psychiatric Technicians,Supplemental,13.0,1
29-1223.00,29-1229.04,Physical Medicine and Rehabilitation Physicians,Supplemental,14.0,1
29-1223.00,29-1212.00,Cardiologists,Supplemental,15.0,1
29-1223.00,29-1218.00,Obstetricians and Gynecologists,Supplemental,16.0,1
29-1223.00,29-1242.00,"Orthopedic Surgeons, Except Pediatric",Supplemental,17.0,1
29-1223.00,29-9092.00,Genetic Counselors,Supplemental,18.0,1
29-1223.00,29-1299.01,Naturopathic Physicians,Supplemental,19.0,1
29-1223.00,29-1141.01,Acute Care Nurses,Supplemental,20.0,1
29-1224.00,29-1212.00,Cardiologists,Primary-Short,1.0,1
29-1224.00,29-1243.00,Pediatric Surgeons,Primary-Short,2.0,1
29-1224.00,29-1242.00,"Orthopedic Surgeons, Except Pediatric",Primary-Short,3.0,1
29-1224.00,29-2034.00,Radiologic Technologists and Technicians,Primary-Short,4.0,1
29-1224.00,29-1222.00,"Physicians, Pathologists",Primary-Short,5.0,1
29-1224.00,29-1124.00,Radiation Therapists,Primary-Long,6.0,1
29-1224.00,29-1216.00,General Internal Medicine Physicians,Primary-Long,7.0,1
29-1224.00,29-1214.00,Emergency Medicine Physicians,Primary-Long,8.0,1
29-1224.00,29-1229.03,Urologists,Primary-Long,9.0,1
29-1224.00,29-1217.00,Neurologists,Primary-Long,10.0,1
29-1224.00,29-2031.00,Cardiovascular Technologists and Technicians,Supplemental,11.0,1
29-1224.00,29-1211.00,Anesthesiologists,Supplemental,12.0,1
29-1224.00,29-2033.00,Nuclear Medicine Technologists,Supplemental,13.0,1
29-1224.00,29-2032.00,Diagnostic Medical Sonographers,Supplemental,14.0,1
29-1224.00,29-1229.01,Allergists and Immunologists,Supplemental,15.0,1
29-1224.00,29-1241.00,"Ophthalmologists, Except Pediatric",Supplemental,16.0,1
29-1224.00,29-1218.00,Obstetricians and Gynecologists,Supplemental,17.0,1
29-1224.00,29-1229.04,Physical Medicine and Rehabilitation Physicians,Supplemental,18.0,1
29-1224.00,29-2099.01,Neurodiagnostic Technologists,Supplemental,19.0,1
29-1224.00,29-1071.01,Anesthesiologist Assistants,Supplemental,20.0,1
29-1229.01,29-1212.00,Cardiologists,Primary-Short,1.0,1
29-1229.01,29-1216.00,General Internal Medicine Physicians,Primary-Short,2.0,1
29-1229.01,29-1243.00,Pediatric Surgeons,Primary-Short,3.0,1
29-1229.01,29-1213.00,Dermatologists,Primary-Short,4.0,1
29-1229.01,29-1241.00,"Ophthalmologists, Except Pediatric",Primary-Short,5.0,1
29-1229.01,29-1217.00,Neurologists,Primary-Long,6.0,1
29-1229.01,29-1221.00,"Pediatricians, General",Primary-Long,7.0,1
29-1229.01,29-1229.03,Urologists,Primary-Long,8.0,1
29-1229.01,29-1214.00,Emergency Medicine Physicians,Primary-Long,9.0,1
29-1229.01,29-1218.00,Obstetricians and Gynecologists,Primary-Long,10.0,1
29-1229.01,29-1242.00,"Orthopedic Surgeons, Except Pediatric",Supplemental,11.0,1
29-1229.01,29-1229.04,Physical Medicine and Rehabilitation Physicians,Supplemental,12.0,1
29-1229.01,29-1222.00,"Physicians, Pathologists",Supplemental,13.0,1
29-1229.01,29-1299.01,Naturopathic Physicians,Supplemental,14.0,1
29-1229.01,29-1215.00,Family Medicine Physicians,Supplemental,15.0,1
29-1229.01,29-1223.00,Psychiatrists,Supplemental,16.0,1
29-1229.01,29-1011.00,Chiropractors,Supplemental,17.0,1
29-1229.01,29-1141.04,Clinical Nurse Specialists,Supplemental,18.0,1
29-1229.01,29-1171.00,Nurse Practitioners,Supplemental,19.0,1
29-1229.01,19-3039.03,Clinical Neuropsychologists,Supplemental,20.0,1
29-1229.02,29-1216.00,General Internal Medicine Physicians,Primary-Short,1.0,1
29-1229.02,29-1214.00,Emergency Medicine Physicians,Primary-Short,2.0,1
29-1229.02,29-1215.00,Family Medicine Physicians,Primary-Short,3.0,1
29-1229.02,29-1221.00,"Pediatricians, General",Primary-Short,4.0,1
29-1229.02,29-1171.00,Nurse Practitioners,Primary-Short,5.0,1
29-1229.02,29-1218.00,Obstetricians and Gynecologists,Primary-Long,6.0,1
29-1229.02,29-1141.04,Clinical Nurse Specialists,Primary-Long,7.0,1
29-1229.02,29-1071.00,Physician Assistants,Primary-Long,8.0,1
29-1229.02,29-1141.00,Registered Nurses,Primary-Long,9.0,1
29-1229.02,29-1141.03,Critical Care Nurses,Primary-Long,10.0,1
29-1229.02,29-1211.00,Anesthesiologists,Supplemental,11.0,1
29-1229.02,29-1141.01,Acute Care Nurses,Supplemental,12.0,1
29-1229.02,29-1243.00,Pediatric Surgeons,Supplemental,13.0,1
29-1229.02,29-1217.00,Neurologists,Supplemental,14.0,1
29-1229.02,29-1212.00,Cardiologists,Supplemental,15.0,1
29-1229.02,29-1229.03,Urologists,Supplemental,16.0,1
29-1229.02,29-1229.04,Physical Medicine and Rehabilitation Physicians,Supplemental,17.0,1
29-1229.02,29-1223.00,Psychiatrists,Supplemental,18.0,1
29-1229.02,29-1141.02,Advanced Practice Psychiatric Nurses,Supplemental,19.0,1
29-1229.02,29-1161.00,Nurse Midwives,Supplemental,20.0,1
29-1229.03,29-1243.00,Pediatric Surgeons,Primary-Short,1.0,1
29-1229.03,29-1212.00,Cardiologists,Primary-Short,2.0,1
29-1229.03,29-1242.00,"Orthopedic Surgeons, Except Pediatric",Primary-Short,3.0,1
29-1229.03,29-1216.00,General Internal Medicine Physicians,Primary-Short,4.0,1
29-1229.03,29-1218.00,Obstetricians and Gynecologists,Primary-Short,5.0,1
29-1229.03,29-1213.00,Dermatologists,Primary-Long,6.0,1
29-1229.03,29-1241.00,"Ophthalmologists, Except Pediatric",Primary-Long,7.0,1
29-1229.03,29-1229.04,Physical Medicine and Rehabilitation Physicians,Primary-Long,8.0,1
29-1229.03,29-1217.00,Neurologists,Primary-Long,9.0,1
29-1229.03,29-1214.00,Emergency Medicine Physicians,Primary-Long,10.0,1
29-1229.03,29-1211.00,Anesthesiologists,Supplemental,11.0,1
29-1229.03,29-1221.00,"Pediatricians, General",Supplemental,12.0,1
29-1229.03,29-1229.01,Allergists and Immunologists,Supplemental,13.0,1
29-1229.03,29-1071.00,Physician Assistants,Supplemental,14.0,1
29-1229.03,29-1022.00,Oral and Maxillofacial Surgeons,Supplemental,15.0,1
29-1229.03,29-1215.00,Family Medicine Physicians,Supplemental,16.0,1
29-1229.03,29-1171.00,Nurse Practitioners,Supplemental,17.0,1
29-1229.03,29-1299.01,Naturopathic Physicians,Supplemental,18.0,1
29-1229.03,29-1011.00,Chiropractors,Supplemental,19.0,1
29-1229.03,29-1224.00,Radiologists,Supplemental,20.0,1
29-1229.04,29-1242.00,"Orthopedic Surgeons, Except Pediatric",Primary-Short,1.0,1
29-1229.04,29-1243.00,Pediatric Surgeons,Primary-Short,2.0,1
29-1229.04,29-1212.00,Cardiologists,Primary-Short,3.0,1
29-1229.04,29-1214.00,Emergency Medicine Physicians,Primary-Short,4.0,1
29-1229.04,29-1216.00,General Internal Medicine Physicians,Primary-Short,5.0,1
29-1229.04,29-1217.00,Neurologists,Primary-Long,6.0,1
29-1229.04,29-1123.00,Physical Therapists,Primary-Long,7.0,1
29-1229.04,29-1229.03,Urologists,Primary-Long,8.0,1
29-1229.04,29-1171.00,Nurse Practitioners,Primary-Long,9.0,1
29-1229.04,29-1122.00,Occupational Therapists,Primary-Long,10.0,1
29-1229.04,29-1211.00,Anesthesiologists,Supplemental,11.0,1
29-1229.04,31-2021.00,Physical Therapist Assistants,Supplemental,12.0,0
29-1229.04,29-1011.00,Chiropractors,Supplemental,13.0,1
29-1229.04,29-1215.00,Family Medicine Physicians,Supplemental,14.0,1
29-1229.04,29-1221.00,"Pediatricians, General",Supplemental,15.0,1
29-1229.04,29-1241.00,"Ophthalmologists, Except Pediatric",Supplemental,16.0,1
29-1229.04,29-1071.00,Physician Assistants,Supplemental,17.0,1
29-1229.04,29-1141.02,Advanced Practice Psychiatric Nurses,Supplemental,18.0,1
29-1229.04,29-1223.00,Psychiatrists,Supplemental,19.0,1
29-1229.04,29-2053.00,Psychiatric Technicians,Supplemental,20.0,1
29-1229.05,29-1214.00,Emergency Medicine Physicians,Primary-Short,1.0,1
29-1229.05,29-1216.00,General Internal Medicine Physicians,Primary-Short,2.0,1
29-1229.05,29-1215.00,Family Medicine Physicians,Primary-Short,3.0,1
29-1229.05,29-1229.04,Physical Medicine and Rehabilitation Physicians,Primary-Short,4.0,1
29-1229.05,29-1221.00,"Pediatricians, General",Primary-Short,5.0,1
29-1229.05,29-1218.00,Obstetricians and Gynecologists,Primary-Long,6.0,1
29-1229.05,29-1212.00,Cardiologists,Primary-Long,7.0,1
29-1229.05,29-1229.01,Allergists and Immunologists,Primary-Long,8.0,1
29-1229.05,19-1041.00,Epidemiologists,Primary-Long,9.0,1
29-1229.05,29-1299.01,Naturopathic Physicians,Primary-Long,10.0,1
29-1229.05,29-1171.00,Nurse Practitioners,Supplemental,11.0,1
29-1229.05,29-1141.04,Clinical Nurse Specialists,Supplemental,12.0,1
29-1229.05,29-1141.02,Advanced Practice Psychiatric Nurses,Supplemental,13.0,1
29-1229.05,29-1141.00,Registered Nurses,Supplemental,14.0,1
29-1229.05,29-1141.01,Acute Care Nurses,Supplemental,15.0,1
29-1229.05,29-2053.00,Psychiatric Technicians,Supplemental,16.0,1
29-1229.05,29-1071.00,Physician Assistants,Supplemental,17.0,1
29-1229.05,29-1223.00,Psychiatrists,Supplemental,18.0,1
29-1229.05,29-1243.00,Pediatric Surgeons,Supplemental,19.0,1
29-1229.05,29-1217.00,Neurologists,Supplemental,20.0,1
29-1229.06,29-1229.04,Physical Medicine and Rehabilitation Physicians,Primary-Short,1.0,1
29-1229.06,29-1242.00,"Orthopedic Surgeons, Except Pediatric",Primary-Short,2.0,1
29-1229.06,29-1243.00,Pediatric Surgeons,Primary-Short,3.0,1
29-1229.06,29-1216.00,General Internal Medicine Physicians,Primary-Short,4.0,1
29-1229.06,29-1214.00,Emergency Medicine Physicians,Primary-Short,5.0,1
29-1229.06,29-1212.00,Cardiologists,Primary-Long,6.0,1
29-1229.06,29-1081.00,Podiatrists,Primary-Long,7.0,1
29-1229.06,29-1011.00,Chiropractors,Primary-Long,8.0,1
29-1229.06,29-1215.00,Family Medicine Physicians,Primary-Long,9.0,1
29-1229.06,29-9091.00,Athletic Trainers,Primary-Long,10.0,1
29-1229.06,29-1211.00,Anesthesiologists,Supplemental,11.0,1
29-1229.06,29-1229.03,Urologists,Supplemental,12.0,1
29-1229.06,29-1217.00,Neurologists,Supplemental,13.0,1
29-1229.06,29-1213.00,Dermatologists,Supplemental,14.0,1
29-1229.06,29-1123.00,Physical Therapists,Supplemental,15.0,1
29-1229.06,29-1221.00,"Pediatricians, General",Supplemental,16.0,1
29-1229.06,29-1218.00,Obstetricians and Gynecologists,Supplemental,17.0,1
29-1229.06,29-1241.00,"Ophthalmologists, Except Pediatric",Supplemental,18.0,1
29-1229.06,29-1299.01,Naturopathic Physicians,Supplemental,19.0,1
29-1229.06,29-1171.00,Nurse Practitioners,Supplemental,20.0,1
29-1241.00,29-1243.00,Pediatric Surgeons,Primary-Short,1.0,1
29-1241.00,29-1242.00,"Orthopedic Surgeons, Except Pediatric",Primary-Short,2.0,1
29-1241.00,29-1212.00,Cardiologists,Primary-Short,3.0,1
29-1241.00,29-1213.00,Dermatologists,Primary-Short,4.0,1
29-1241.00,29-1041.00,Optometrists,Primary-Short,5.0,1
29-1241.00,29-1229.03,Urologists,Primary-Long,6.0,1
29-1241.00,29-1216.00,General Internal Medicine Physicians,Primary-Long,7.0,1
29-1241.00,29-1229.01,Allergists and Immunologists,Primary-Long,8.0,1
29-1241.00,29-1217.00,Neurologists,Primary-Long,9.0,1
29-1241.00,29-2099.05,Ophthalmic Medical Technologists,Primary-Long,10.0,1
29-1241.00,29-1022.00,Oral and Maxillofacial Surgeons,Supplemental,11.0,1
29-1241.00,29-1229.04,Physical Medicine and Rehabilitation Physicians,Supplemental,12.0,1
29-1241.00,29-1214.00,Emergency Medicine Physicians,Supplemental,13.0,1
29-1241.00,29-2057.00,Ophthalmic Medical Technicians,Supplemental,14.0,1
29-1241.00,29-1211.00,Anesthesiologists,Supplemental,15.0,1
29-1241.00,29-1218.00,Obstetricians and Gynecologists,Supplemental,16.0,1
29-1241.00,29-1221.00,"Pediatricians, General",Supplemental,17.0,1
29-1241.00,29-1011.00,Chiropractors,Supplemental,18.0,1
29-1241.00,29-1081.00,Podiatrists,Supplemental,19.0,1
29-1241.00,29-1171.00,Nurse Practitioners,Supplemental,20.0,1
29-1242.00,29-1243.00,Pediatric Surgeons,Primary-Short,1.0,1
29-1242.00,29-1241.00,"Ophthalmologists, Except Pediatric",Primary-Short,2.0,1
29-1242.00,29-1211.00,Anesthesiologists,Primary-Short,3.0,1
29-1242.00,29-1229.03,Urologists,Primary-Short,4.0,1
29-1242.00,29-1022.00,Oral and Maxillofacial Surgeons,Primary-Short,5.0,1
29-1242.00,29-1229.04,Physical Medicine and Rehabilitation Physicians,Primary-Long,6.0,1
29-1242.00,29-1213.00,Dermatologists,Primary-Long,7.0,1
29-1242.00,29-1217.00,Neurologists,Primary-Long,8.0,1
29-1242.00,29-1081.00,Podiatrists,Primary-Long,9.0,1
29-1242.00,29-1216.00,General Internal Medicine Physicians,Primary-Long,10.0,1
29-1242.00,29-1214.00,Emergency Medicine Physicians,Supplemental,11.0,1
29-1242.00,29-1212.00,Cardiologists,Supplemental,12.0,1
29-1242.00,29-1218.00,Obstetricians and Gynecologists,Supplemental,13.0,1
29-1242.00,29-1011.00,Chiropractors,Supplemental,14.0,1
29-1242.00,29-1071.01,Anesthesiologist Assistants,Supplemental,15.0,1
29-1242.00,31-9092.00,Medical Assistants,Supplemental,16.0,0
29-1242.00,29-1224.00,Radiologists,Supplemental,17.0,1
29-1242.00,29-1221.00,"Pediatricians, General",Supplemental,18.0,1
29-1242.00,29-1071.00,Physician Assistants,Supplemental,19.0,1
29-1242.00,29-1215.00,Family Medicine Physicians,Supplemental,20.0,1
29-1243.00,29-1242.00,"Orthopedic Surgeons, Except Pediatric",Primary-Short,1.0,1
29-1243.00,29-1241.00,"Ophthalmologists, Except Pediatric",Primary-Short,2.0,1
29-1243.00,29-1229.03,Urologists,Primary-Short,3.0,1
29-1243.00,29-1211.00,Anesthesiologists,Primary-Short,4.0,1
29-1243.00,29-1213.00,Dermatologists,Primary-Short,5.0,1
29-1243.00,29-1212.00,Cardiologists,Primary-Long,6.0,1
29-1243.00,29-1214.00,Emergency Medicine Physicians,Primary-Long,7.0,1
29-1243.00,29-1216.00,General Internal Medicine Physicians,Primary-Long,8.0,1
29-1243.00,29-1217.00,Neurologists,Primary-Long,9.0,1
29-1243.00,29-1022.00,Oral and Maxillofacial Surgeons,Primary-Long,10.0,1
29-1243.00,29-1218.00,Obstetricians and Gynecologists,Supplemental,11.0,1
29-1243.00,29-1229.04,Physical Medicine and Rehabilitation Physicians,Supplemental,12.0,1
29-1243.00,29-1221.00,"Pediatricians, General",Supplemental,13.0,1
29-1243.00,29-1071.01,Anesthesiologist Assistants,Supplemental,14.0,1
29-1243.00,29-1224.00,Radiologists,Supplemental,15.0,1
29-1243.00,29-1215.00,Family Medicine Physicians,Supplemental,16.0,1
29-1243.00,31-9092.00,Medical Assistants,Supplemental,17.0,0
29-1243.00,29-1071.00,Physician Assistants,Supplemental,18.0,1
29-1243.00,29-1011.00,Chiropractors,Supplemental,19.0,1
29-1243.00,29-1229.01,Allergists and Immunologists,Supplemental,20.0,1
29-1291.00,29-1299.01,Naturopathic Physicians,Primary-Short,1.0,1
29-1291.00,29-1011.00,Chiropractors,Primary-Short,2.0,1
29-1291.00,31-9011.00,Massage Therapists,Primary-Short,3.0,0
29-1291.00,29-1212.00,Cardiologists,Primary-Short,4.0,1
29-1291.00,29-1216.00,General Internal Medicine Physicians,Primary-Short,5.0,1
29-1291.00,29-1229.04,Physical Medicine and Rehabilitation Physicians,Primary-Long,6.0,1
29-1291.00,29-1171.00,Nurse Practitioners,Primary-Long,7.0,1
29-1291.00,29-1215.00,Family Medicine Physicians,Primary-Long,8.0,1
29-1291.00,29-1229.01,Allergists and Immunologists,Primary-Long,9.0,1
29-1291.00,29-1214.00,Emergency Medicine Physicians,Primary-Long,10.0,1
29-1291.00,29-1243.00,Pediatric Surgeons,Supplemental,11.0,1
29-1291.00,29-1242.00,"Orthopedic Surgeons, Except Pediatric",Supplemental,12.0,1
29-1291.00,29-1213.00,Dermatologists,Supplemental,13.0,1
29-1291.00,29-1218.00,Obstetricians and Gynecologists,Supplemental,14.0,1
29-1291.00,29-1241.00,"Ophthalmologists, Except Pediatric",Supplemental,15.0,1
29-1291.00,29-1229.03,Urologists,Supplemental,16.0,1
29-1291.00,29-1223.00,Psychiatrists,Supplemental,17.0,1
29-1291.00,29-1221.00,"Pediatricians, General",Supplemental,18.0,1
29-1291.00,29-1217.00,Neurologists,Supplemental,19.0,1
29-1291.00,29-1123.00,Physical Therapists,Supplemental,20.0,1
29-1292.00,31-9091.00,Dental Assistants,Primary-Short,1.0,0
29-1292.00,29-9093.00,Surgical Assistants,Primary-Short,2.0,1
29-1292.00,31-9092.00,Medical Assistants,Primary-Short,3.0,0
29-1292.00,29-2056.00,Veterinary Technologists and Technicians,Primary-Short,4.0,1
29-1292.00,29-2057.00,Ophthalmic Medical Technicians,Primary-Short,5.0,1
29-1292.00,29-2055.00,Surgical Technologists,Primary-Long,6.0,1
29-1292.00,29-1141.00,Registered Nurses,Primary-Long,7.0,1
29-1292.00,29-1126.00,Respiratory Therapists,Primary-Long,8.0,1
29-1292.00,29-1141.01,Acute Care Nurses,Primary-Long,9.0,1
29-1292.00,29-2061.00,Licensed Practical and Licensed Vocational Nurses,Primary-Long,10.0,1
29-1292.00,29-1021.00,"Dentists, General",Supplemental,11.0,1
29-1292.00,29-1022.00,Oral and Maxillofacial Surgeons,Supplemental,12.0,1
29-1292.00,29-1024.00,Prosthodontists,Supplemental,13.0,1
29-1292.00,29-1023.00,Orthodontists,Supplemental,14.0,1
29-1292.00,29-1151.00,Nurse Anesthetists,Supplemental,15.0,1
29-1292.00,29-1171.00,Nurse Practitioners,Supplemental,16.0,1
29-1292.00,29-1211.00,Anesthesiologists,Supplemental,17.0,1
29-1292.00,29-1213.00,Dermatologists,Supplemental,18.0,1
29-1292.00,29-1071.01,Anesthesiologist Assistants,Supplemental,19.0,1
29-1292.00,29-1214.00,Emergency Medicine Physicians,Supplemental,20.0,1
29-1299.01,29-1216.00,General Internal Medicine Physicians,Primary-Short,1.0,1
29-1299.01,29-1212.00,Cardiologists,Primary-Short,2.0,1
29-1299.01,29-1243.00,Pediatric Surgeons,Primary-Short,3.0,1
29-1299.01,29-1011.00,Chiropractors,Primary-Short,4.0,1
29-1299.01,29-1221.00,"Pediatricians, General",Primary-Short,5.0,1
29-1299.01,29-1218.00,Obstetricians and Gynecologists,Primary-Long,6.0,1
29-1299.01,29-1215.00,Family Medicine Physicians,Primary-Long,7.0,1
29-1299.01,29-1291.00,Acupuncturists,Primary-Long,8.0,1
29-1299.01,29-1213.00,Dermatologists,Primary-Long,9.0,1
29-1299.01,29-1229.01,Allergists and Immunologists,Primary-Long,10.0,1
29-1299.01,29-1217.00,Neurologists,Supplemental,11.0,1
29-1299.01,29-1171.00,Nurse Practitioners,Supplemental,12.0,1
29-1299.01,29-1229.04,Physical Medicine and Rehabilitation Physicians,Supplemental,13.0,1
29-1299.01,29-1229.03,Urologists,Supplemental,14.0,1
29-1299.01,29-1242.00,"Orthopedic Surgeons, Except Pediatric",Supplemental,15.0,1
29-1299.01,29-1214.00,Emergency Medicine Physicians,Supplemental,16.0,1
29-1299.01,29-1223.00,Psychiatrists,Supplemental,17.0,1
29-1299.01,29-1071.00,Physician Assistants,Supplemental,18.0,1
29-1299.01,29-1241.00,"Ophthalmologists, Except Pediatric",Supplemental,19.0,1
29-1299.01,29-1141.02,Advanced Practice Psychiatric Nurses,Supplemental,20.0,1
29-1299.02,29-1241.00,"Ophthalmologists, Except Pediatric",Primary-Short,1.0,1
29-1299.02,29-1041.00,Optometrists,Primary-Short,2.0,1
29-1299.02,29-1214.00,Emergency Medicine Physicians,Primary-Short,3.0,1
29-1299.02,29-1229.04,Physical Medicine and Rehabilitation Physicians,Primary-Short,4.0,1
29-1299.02,29-1217.00,Neurologists,Primary-Short,5.0,1
29-1299.02,29-1216.00,General Internal Medicine Physicians,Primary-Long,6.0,1
29-1299.02,29-1229.01,Allergists and Immunologists,Primary-Long,7.0,1
29-1299.02,29-1243.00,Pediatric Surgeons,Primary-Long,8.0,1
29-1299.02,29-1213.00,Dermatologists,Primary-Long,9.0,1
29-1299.02,29-1071.00,Physician Assistants,Primary-Long,10.0,1
29-1299.02,29-1222.00,"Physicians, Pathologists",Supplemental,11.0,1
29-1299.02,29-1215.00,Family Medicine Physicians,Supplemental,12.0,1
29-1299.02,29-1221.00,"Pediatricians, General",Supplemental,13.0,1
29-1299.02,29-1211.00,Anesthesiologists,Supplemental,14.0,1
29-1299.02,29-1223.00,Psychiatrists,Supplemental,15.0,1
29-1299.02,29-2099.05,Ophthalmic Medical Technologists,Supplemental,16.0,1
29-1299.02,29-1126.00,Respiratory Therapists,Supplemental,17.0,1
29-1299.02,29-1171.00,Nurse Practitioners,Supplemental,18.0,1
29-1299.02,29-1218.00,Obstetricians and Gynecologists,Supplemental,19.0,1
29-1299.02,29-1141.04,Clinical Nurse Specialists,Supplemental,20.0,1
29-2011.00,29-2012.00,Medical and Clinical Laboratory Technicians,Primary-Short,1.0,1
29-2011.00,29-2011.04,Histotechnologists,Primary-Short,2.0,1
29-2011.00,29-2011.01,Cytogenetic Technologists,Primary-Short,3.0,1
29-2011.00,29-2012.01,Histology Technicians,Primary-Short,4.0,1
29-2011.00,29-2031.00,Cardiovascular Technologists and Technicians,Primary-Short,5.0,1
29-2011.00,29-2033.00,Nuclear Medicine Technologists,Primary-Long,6.0,1
29-2011.00,29-2011.02,Cytotechnologists,Primary-Long,7.0,1
29-2011.00,29-2099.01,Neurodiagnostic Technologists,Primary-Long,8.0,1
29-2011.00,31-9097.00,Phlebotomists,Primary-Long,9.0,0
29-2011.00,19-4021.00,Biological Technicians,Primary-Long,10.0,1
29-2011.00,19-1022.00,Microbiologists,Supplemental,11.0,1
29-2011.00,29-1222.00,"Physicians, Pathologists",Supplemental,12.0,1
29-2011.00,29-2034.00,Radiologic Technologists and Technicians,Supplemental,13.0,1
29-2011.00,29-1212.00,Cardiologists,Supplemental,14.0,1
29-2011.00,19-4031.00,Chemical Technicians,Supplemental,15.0,1
29-2011.00,19-2031.00,Chemists,Supplemental,16.0,1
29-2011.00,29-1224.00,Radiologists,Supplemental,17.0,1
29-2011.00,29-2032.00,Diagnostic Medical Sonographers,Supplemental,18.0,1
29-2011.00,19-1042.00,"Medical Scientists, Except Epidemiologists",Supplemental,19.0,1
29-2011.00,29-2055.00,Surgical Technologists,Supplemental,20.0,1
29-2011.01,29-2011.00,Medical and Clinical Laboratory Technologists,Primary-Short,1.0,1
29-2011.01,29-2012.00,Medical and Clinical Laboratory Technicians,Primary-Short,2.0,1
29-2011.01,29-2011.04,Histotechnologists,Primary-Short,3.0,1
29-2011.01,29-2011.02,Cytotechnologists,Primary-Short,4.0,1
29-2011.01,29-2012.01,Histology Technicians,Primary-Short,5.0,1
29-2011.01,29-2033.00,Nuclear Medicine Technologists,Primary-Long,6.0,1
29-2011.01,19-1022.00,Microbiologists,Primary-Long,7.0,1
29-2011.01,19-1029.02,Molecular and Cellular Biologists,Primary-Long,8.0,1
29-2011.01,19-4021.00,Biological Technicians,Primary-Long,9.0,1
29-2011.01,17-2031.00,Bioengineers and Biomedical Engineers,Primary-Long,10.0,1
29-2011.01,29-1222.00,"Physicians, Pathologists",Supplemental,11.0,1
29-2011.01,29-2099.01,Neurodiagnostic Technologists,Supplemental,12.0,1
29-2011.01,19-1029.03,Geneticists,Supplemental,13.0,1
29-2011.01,29-2031.00,Cardiovascular Technologists and Technicians,Supplemental,14.0,1
29-2011.01,19-1029.01,Bioinformatics Scientists,Supplemental,15.0,1
29-2011.01,19-1042.00,"Medical Scientists, Except Epidemiologists",Supplemental,16.0,1
29-2011.01,19-1021.00,Biochemists and Biophysicists,Supplemental,17.0,1
29-2011.01,29-2034.00,Radiologic Technologists and Technicians,Supplemental,18.0,1
29-2011.01,29-1224.00,Radiologists,Supplemental,19.0,1
29-2011.01,31-9097.00,Phlebotomists,Supplemental,20.0,0
29-2011.02,29-2011.00,Medical and Clinical Laboratory Technologists,Primary-Short,1.0,1
29-2011.02,29-2011.01,Cytogenetic Technologists,Primary-Short,2.0,1
29-2011.02,29-2011.04,Histotechnologists,Primary-Short,3.0,1
29-2011.02,29-2012.01,Histology Technicians,Primary-Short,4.0,1
29-2011.02,29-1222.00,"Physicians, Pathologists",Primary-Short,5.0,1
29-2011.02,29-2099.01,Neurodiagnostic Technologists,Primary-Long,6.0,1
29-2011.02,29-1224.00,Radiologists,Primary-Long,7.0,1
29-2011.02,31-9097.00,Phlebotomists,Primary-Long,8.0,0
29-2011.02,19-1022.00,Microbiologists,Primary-Long,9.0,1
29-2011.02,19-1042.00,"Medical Scientists, Except Epidemiologists",Primary-Long,10.0,1
29-2011.02,29-2012.00,Medical and Clinical Laboratory Technicians,Supplemental,11.0,1
29-2011.02,29-2031.00,Cardiovascular Technologists and Technicians,Supplemental,12.0,1
29-2011.02,29-2034.00,Radiologic Technologists and Technicians,Supplemental,13.0,1
29-2011.02,29-2099.05,Ophthalmic Medical Technologists,Supplemental,14.0,1
29-2011.02,31-9099.02,Endoscopy Technicians,Supplemental,15.0,0
29-2011.02,29-2033.00,Nuclear Medicine Technologists,Supplemental,16.0,1
29-2011.02,29-2055.00,Surgical Technologists,Supplemental,17.0,1
29-2011.02,29-2057.00,Ophthalmic Medical Technicians,Supplemental,18.0,1
29-2011.02,29-9093.00,Surgical Assistants,Supplemental,19.0,1
29-2011.02,31-9093.00,Medical Equipment Preparers,Supplemental,20.0,0
29-2011.04,29-2012.01,Histology Technicians,Primary-Short,1.0,1
29-2011.04,29-2012.00,Medical and Clinical Laboratory Technicians,Primary-Short,2.0,1
29-2011.04,29-2011.00,Medical and Clinical Laboratory Technologists,Primary-Short,3.0,1
29-2011.04,29-2011.01,Cytogenetic Technologists,Primary-Short,4.0,1
29-2011.04,29-2011.02,Cytotechnologists,Primary-Short,5.0,1
29-2011.04,19-1022.00,Microbiologists,Primary-Long,6.0,1
29-2011.04,31-9097.00,Phlebotomists,Primary-Long,7.0,0
29-2011.04,29-2031.00,Cardiovascular Technologists and Technicians,Primary-Long,8.0,1
29-2011.04,19-4021.00,Biological Technicians,Primary-Long,9.0,1
29-2011.04,29-2099.01,Neurodiagnostic Technologists,Primary-Long,10.0,1
29-2011.04,29-1222.00,"Physicians, Pathologists",Supplemental,11.0,1
29-2011.04,29-2055.00,Surgical Technologists,Supplemental,12.0,1
29-2011.04,29-2033.00,Nuclear Medicine Technologists,Supplemental,13.0,1
29-2011.04,31-9099.02,Endoscopy Technicians,Supplemental,14.0,0
29-2011.04,31-9093.00,Medical Equipment Preparers,Supplemental,15.0,0
29-2011.04,19-4031.00,Chemical Technicians,Supplemental,16.0,1
29-2011.04,29-2034.00,Radiologic Technologists and Technicians,Supplemental,17.0,1
29-2011.04,29-9093.00,Surgical Assistants,Supplemental,18.0,1
29-2011.04,29-2056.00,Veterinary Technologists and Technicians,Supplemental,19.0,1
29-2011.04,29-2099.05,Ophthalmic Medical Technologists,Supplemental,20.0,1
29-2012.00,29-2011.00,Medical and Clinical Laboratory Technologists,Primary-Short,1.0,1
29-2012.00,29-2011.04,Histotechnologists,Primary-Short,2.0,1
29-2012.00,29-2012.01,Histology Technicians,Primary-Short,3.0,1
29-2012.00,29-2011.01,Cytogenetic Technologists,Primary-Short,4.0,1
29-2012.00,29-2031.00,Cardiovascular Technologists and Technicians,Primary-Short,5.0,1
29-2012.00,29-2011.02,Cytotechnologists,Primary-Long,6.0,1
29-2012.00,29-2033.00,Nuclear Medicine Technologists,Primary-Long,7.0,1
29-2012.00,31-9097.00,Phlebotomists,Primary-Long,8.0,0
29-2012.00,19-4021.00,Biological Technicians,Primary-Long,9.0,1
29-2012.00,29-2034.00,Radiologic Technologists and Technicians,Primary-Long,10.0,1
29-2012.00,29-1222.00,"Physicians, Pathologists",Supplemental,11.0,1
29-2012.00,19-1022.00,Microbiologists,Supplemental,12.0,1
29-2012.00,29-2099.01,Neurodiagnostic Technologists,Supplemental,13.0,1
29-2012.00,31-9093.00,Medical Equipment Preparers,Supplemental,14.0,0
29-2012.00,29-2055.00,Surgical Technologists,Supplemental,15.0,1
29-2012.00,19-4031.00,Chemical Technicians,Supplemental,16.0,1
29-2012.00,29-1212.00,Cardiologists,Supplemental,17.0,1
29-2012.00,17-3028.00,Calibration Technologists and Technicians,Supplemental,18.0,1
29-2012.00,31-9099.02,Endoscopy Technicians,Supplemental,19.0,0
29-2012.00,29-9093.00,Surgical Assistants,Supplemental,20.0,1
29-2012.01,29-2011.04,Histotechnologists,Primary-Short,1.0,1
29-2012.01,29-2012.00,Medical and Clinical Laboratory Technicians,Primary-Short,2.0,1
29-2012.01,29-2011.00,Medical and Clinical Laboratory Technologists,Primary-Short,3.0,1
29-2012.01,29-2011.01,Cytogenetic Technologists,Primary-Short,4.0,1
29-2012.01,29-2011.02,Cytotechnologists,Primary-Short,5.0,1
29-2012.01,19-4021.00,Biological Technicians,Primary-Long,6.0,1
29-2012.01,31-9097.00,Phlebotomists,Primary-Long,7.0,0
29-2012.01,31-9099.02,Endoscopy Technicians,Primary-Long,8.0,0
29-2012.01,29-2034.00,Radiologic Technologists and Technicians,Primary-Long,9.0,1
29-2012.01,29-2032.00,Diagnostic Medical Sonographers,Primary-Long,10.0,1
29-2012.01,19-1022.00,Microbiologists,Supplemental,11.0,1
29-2012.01,29-1222.00,"Physicians, Pathologists",Supplemental,12.0,1
29-2012.01,29-2055.00,Surgical Technologists,Supplemental,13.0,1
29-2012.01,29-2033.00,Nuclear Medicine Technologists,Supplemental,14.0,1
29-2012.01,29-2031.00,Cardiovascular Technologists and Technicians,Supplemental,15.0,1
29-2012.01,29-2099.01,Neurodiagnostic Technologists,Supplemental,16.0,1
29-2012.01,31-9093.00,Medical Equipment Preparers,Supplemental,17.0,0
29-2012.01,19-4031.00,Chemical Technicians,Supplemental,18.0,1
29-2012.01,19-1029.02,Molecular and Cellular Biologists,Supplemental,19.0,1
29-2012.01,29-9093.00,Surgical Assistants,Supplemental,20.0,1
29-2031.00,29-2032.00,Diagnostic Medical Sonographers,Primary-Short,1.0,1
29-2031.00,29-2099.01,Neurodiagnostic Technologists,Primary-Short,2.0,1
29-2031.00,29-2034.00,Radiologic Technologists and Technicians,Primary-Short,3.0,1
29-2031.00,29-1124.00,Radiation Therapists,Primary-Short,4.0,1
29-2031.00,29-1126.00,Respiratory Therapists,Primary-Short,5.0,1
29-2031.00,29-2099.05,Ophthalmic Medical Technologists,Primary-Long,6.0,1
29-2031.00,29-2033.00,Nuclear Medicine Technologists,Primary-Long,7.0,1
29-2031.00,29-2035.00,Magnetic Resonance Imaging Technologists,Primary-Long,8.0,1
29-2031.00,29-2055.00,Surgical Technologists,Primary-Long,9.0,1
29-2031.00,29-2012.00,Medical and Clinical Laboratory Technicians,Primary-Long,10.0,1
29-2031.00,29-1212.00,Cardiologists,Supplemental,11.0,1
29-2031.00,29-1243.00,Pediatric Surgeons,Supplemental,12.0,1
29-2031.00,29-1071.01,Anesthesiologist Assistants,Supplemental,13.0,1
29-2031.00,29-2011.00,Medical and Clinical Laboratory Technologists,Supplemental,14.0,1
29-2031.00,29-2043.00,Paramedics,Supplemental,15.0,1
29-2031.00,29-1224.00,Radiologists,Supplemental,16.0,1
29-2031.00,29-1242.00,"Orthopedic Surgeons, Except Pediatric",Supplemental,17.0,1
29-2031.00,29-9093.00,Surgical Assistants,Supplemental,18.0,1
29-2031.00,31-9099.02,Endoscopy Technicians,Supplemental,19.0,0
29-2031.00,29-2042.00,Emergency Medical Technicians,Supplemental,20.0,1
29-2032.00,29-2031.00,Cardiovascular Technologists and Technicians,Primary-Short,1.0,1
29-2032.00,29-2034.00,Radiologic Technologists and Technicians,Primary-Short,2.0,1
29-2032.00,29-2099.01,Neurodiagnostic Technologists,Primary-Short,3.0,1
29-2032.00,29-1124.00,Radiation Therapists,Primary-Short,4.0,1
29-2032.00,29-2035.00,Magnetic Resonance Imaging Technologists,Primary-Short,5.0,1
29-2032.00,29-2099.05,Ophthalmic Medical Technologists,Primary-Long,6.0,1
29-2032.00,31-9099.02,Endoscopy Technicians,Primary-Long,7.0,0
29-2032.00,29-2055.00,Surgical Technologists,Primary-Long,8.0,1
29-2032.00,29-2033.00,Nuclear Medicine Technologists,Primary-Long,9.0,1
29-2032.00,29-9093.00,Surgical Assistants,Primary-Long,10.0,1
29-2032.00,29-1212.00,Cardiologists,Supplemental,11.0,1
29-2032.00,29-1243.00,Pediatric Surgeons,Supplemental,12.0,1
29-2032.00,29-1224.00,Radiologists,Supplemental,13.0,1
29-2032.00,29-1242.00,"Orthopedic Surgeons, Except Pediatric",Supplemental,14.0,1
29-2032.00,29-1071.01,Anesthesiologist Assistants,Supplemental,15.0,1
29-2032.00,29-1126.00,Respiratory Therapists,Supplemental,16.0,1
29-2032.00,29-2011.00,Medical and Clinical Laboratory Technologists,Supplemental,17.0,1
29-2032.00,29-2057.00,Ophthalmic Medical Technicians,Supplemental,18.0,1
29-2032.00,29-1211.00,Anesthesiologists,Supplemental,19.0,1
29-2032.00,29-2012.00,Medical and Clinical Laboratory Technicians,Supplemental,20.0,1
29-2033.00,29-2031.00,Cardiovascular Technologists and Technicians,Primary-Short,1.0,1
29-2033.00,29-2034.00,Radiologic Technologists and Technicians,Primary-Short,2.0,1
29-2033.00,29-1124.00,Radiation Therapists,Primary-Short,3.0,1
29-2033.00,29-2011.00,Medical and Clinical Laboratory Technologists,Primary-Short,4.0,1
29-2033.00,29-1224.00,Radiologists,Primary-Short,5.0,1
29-2033.00,29-2035.00,Magnetic Resonance Imaging Technologists,Primary-Long,6.0,1
29-2033.00,29-2012.00,Medical and Clinical Laboratory Technicians,Primary-Long,7.0,1
29-2033.00,29-2099.01,Neurodiagnostic Technologists,Primary-Long,8.0,1
29-2033.00,29-2032.00,Diagnostic Medical Sonographers,Primary-Long,9.0,1
29-2033.00,29-2036.00,Medical Dosimetrists,Primary-Long,10.0,1
29-2033.00,29-1212.00,Cardiologists,Supplemental,11.0,1
29-2033.00,29-2011.01,Cytogenetic Technologists,Supplemental,12.0,1
29-2033.00,19-4051.02,Nuclear Monitoring Technicians,Supplemental,13.0,1
29-2033.00,29-2011.04,Histotechnologists,Supplemental,14.0,1
29-2033.00,29-2099.05,Ophthalmic Medical Technologists,Supplemental,15.0,1
29-2033.00,29-2055.00,Surgical Technologists,Supplemental,16.0,1
29-2033.00,29-1071.01,Anesthesiologist Assistants,Supplemental,17.0,1
29-2033.00,29-2012.01,Histology Technicians,Supplemental,18.0,1
29-2033.00,31-9093.00,Medical Equipment Preparers,Supplemental,19.0,0
29-2033.00,29-1214.00,Emergency Medicine Physicians,Supplemental,20.0,1
29-2034.00,29-2031.00,Cardiovascular Technologists and Technicians,Primary-Short,1.0,1
29-2034.00,29-2032.00,Diagnostic Medical Sonographers,Primary-Short,2.0,1
29-2034.00,29-2035.00,Magnetic Resonance Imaging Technologists,Primary-Short,3.0,1
29-2034.00,29-1124.00,Radiation Therapists,Primary-Short,4.0,1
29-2034.00,29-2099.01,Neurodiagnostic Technologists,Primary-Short,5.0,1
29-2034.00,29-2033.00,Nuclear Medicine Technologists,Primary-Long,6.0,1
29-2034.00,29-2099.05,Ophthalmic Medical Technologists,Primary-Long,7.0,1
29-2034.00,31-9099.02,Endoscopy Technicians,Primary-Long,8.0,0
29-2034.00,29-2055.00,Surgical Technologists,Primary-Long,9.0,1
29-2034.00,29-2012.00,Medical and Clinical Laboratory Technicians,Primary-Long,10.0,1
29-2034.00,29-1224.00,Radiologists,Supplemental,11.0,1
29-2034.00,29-1212.00,Cardiologists,Supplemental,12.0,1
29-2034.00,29-1243.00,Pediatric Surgeons,Supplemental,13.0,1
29-2034.00,29-2011.00,Medical and Clinical Laboratory Technologists,Supplemental,14.0,1
29-2034.00,29-1242.00,"Orthopedic Surgeons, Except Pediatric",Supplemental,15.0,1
29-2034.00,29-9093.00,Surgical Assistants,Supplemental,16.0,1
29-2034.00,29-2057.00,Ophthalmic Medical Technicians,Supplemental,17.0,1
29-2034.00,29-1071.01,Anesthesiologist Assistants,Supplemental,18.0,1
29-2034.00,31-9092.00,Medical Assistants,Supplemental,19.0,0
29-2034.00,29-1126.00,Respiratory Therapists,Supplemental,20.0,1
29-2035.00,29-2034.00,Radiologic Technologists and Technicians,Primary-Short,1.0,1
29-2035.00,29-2031.00,Cardiovascular Technologists and Technicians,Primary-Short,2.0,1
29-2035.00,29-2032.00,Diagnostic Medical Sonographers,Primary-Short,3.0,1
29-2035.00,29-2033.00,Nuclear Medicine Technologists,Primary-Short,4.0,1
29-2035.00,29-2099.01,Neurodiagnostic Technologists,Primary-Short,5.0,1
29-2035.00,29-1124.00,Radiation Therapists,Primary-Long,6.0,1
29-2035.00,29-2011.00,Medical and Clinical Laboratory Technologists,Primary-Long,7.0,1
29-2035.00,29-2099.05,Ophthalmic Medical Technologists,Primary-Long,8.0,1
29-2035.00,29-2012.00,Medical and Clinical Laboratory Technicians,Primary-Long,9.0,1
29-2035.00,29-1126.00,Respiratory Therapists,Primary-Long,10.0,1
29-2035.00,29-1224.00,Radiologists,Supplemental,11.0,1
29-2035.00,29-1212.00,Cardiologists,Supplemental,12.0,1
29-2035.00,31-9099.02,Endoscopy Technicians,Supplemental,13.0,0
29-2035.00,29-1243.00,Pediatric Surgeons,Supplemental,14.0,1
29-2035.00,29-1242.00,"Orthopedic Surgeons, Except Pediatric",Supplemental,15.0,1
29-2035.00,29-2055.00,Surgical Technologists,Supplemental,16.0,1
29-2035.00,29-2057.00,Ophthalmic Medical Technicians,Supplemental,17.0,1
29-2035.00,29-1071.01,Anesthesiologist Assistants,Supplemental,18.0,1
29-2035.00,29-2036.00,Medical Dosimetrists,Supplemental,19.0,1
29-2035.00,29-2011.01,Cytogenetic Technologists,Supplemental,20.0,1
29-2036.00,29-1124.00,Radiation Therapists,Primary-Short,1.0,1
29-2036.00,29-2033.00,Nuclear Medicine Technologists,Primary-Short,2.0,1
29-2036.00,29-1224.00,Radiologists,Primary-Short,3.0,1
29-2036.00,29-2034.00,Radiologic Technologists and Technicians,Primary-Short,4.0,1
29-2036.00,19-4051.02,Nuclear Monitoring Technicians,Primary-Short,5.0,1
29-2036.00,29-2031.00,Cardiovascular Technologists and Technicians,Primary-Long,6.0,1
29-2036.00,29-2011.00,Medical and Clinical Laboratory Technologists,Primary-Long,7.0,1
29-2036.00,29-2035.00,Magnetic Resonance Imaging Technologists,Primary-Long,8.0,1
29-2036.00,29-2032.00,Diagnostic Medical Sonographers,Primary-Long,9.0,1
29-2036.00,29-2099.01,Neurodiagnostic Technologists,Primary-Long,10.0,1
29-2036.00,29-1212.00,Cardiologists,Supplemental,11.0,1
29-2036.00,29-1243.00,Pediatric Surgeons,Supplemental,12.0,1
29-2036.00,29-2043.00,Paramedics,Supplemental,13.0,1
29-2036.00,29-2042.00,Emergency Medical Technicians,Supplemental,14.0,1
29-2036.00,29-1242.00,"Orthopedic Surgeons, Except Pediatric",Supplemental,15.0,1
29-2036.00,29-2012.00,Medical and Clinical Laboratory Technicians,Supplemental,16.0,1
29-2036.00,29-1126.00,Respiratory Therapists,Supplemental,17.0,1
29-2036.00,29-1071.01,Anesthesiologist Assistants,Supplemental,18.0,1
29-2036.00,29-1151.00,Nurse Anesthetists,Supplemental,19.0,1
29-2036.00,17-2031.00,Bioengineers and Biomedical Engineers,Supplemental,20.0,1
29-2042.00,29-2043.00,Paramedics,Primary-Short,1.0,1
29-2042.00,53-3011.00,"Ambulance Drivers and Attendants, Except Emergency Medical Technicians",Primary-Short,2.0,0
29-2042.00,29-9093.00,Surgical Assistants,Primary-Short,3.0,1
29-2042.00,29-1141.00,Registered Nurses,Primary-Short,4.0,1
29-2042.00,29-2061.00,Licensed Practical and Licensed Vocational Nurses,Primary-Short,5.0,1
29-2042.00,29-2031.00,Cardiovascular Technologists and Technicians,Primary-Long,6.0,1
29-2042.00,29-1141.01,Acute Care Nurses,Primary-Long,7.0,1
29-2042.00,31-1131.00,Nursing Assistants,Primary-Long,8.0,0
29-2042.00,29-1126.00,Respiratory Therapists,Primary-Long,9.0,1
29-2042.00,29-2053.00,Psychiatric Technicians,Primary-Long,10.0,1
29-2042.00,29-1214.00,Emergency Medicine Physicians,Supplemental,11.0,1
29-2042.00,29-1071.01,Anesthesiologist Assistants,Supplemental,12.0,1
29-2042.00,29-1211.00,Anesthesiologists,Supplemental,13.0,1
29-2042.00,29-1151.00,Nurse Anesthetists,Supplemental,14.0,1
29-2042.00,29-1171.00,Nurse Practitioners,Supplemental,15.0,1
29-2042.00,29-1071.00,Physician Assistants,Supplemental,16.0,1
29-2042.00,29-1141.03,Critical Care Nurses,Supplemental,17.0,1
29-2042.00,31-1121.00,Home Health Aides,Supplemental,18.0,0
29-2042.00,31-2022.00,Physical Therapist Aides,Supplemental,19.0,0
29-2042.00,31-9092.00,Medical Assistants,Supplemental,20.0,0
29-2043.00,29-2042.00,Emergency Medical Technicians,Primary-Short,1.0,1
29-2043.00,29-1141.00,Registered Nurses,Primary-Short,2.0,1
29-2043.00,29-1141.01,Acute Care Nurses,Primary-Short,3.0,1
29-2043.00,29-2061.00,Licensed Practical and Licensed Vocational Nurses,Primary-Short,4.0,1
29-2043.00,29-1141.03,Critical Care Nurses,Primary-Short,5.0,1
29-2043.00,29-9093.00,Surgical Assistants,Primary-Long,6.0,1
29-2043.00,29-1126.00,Respiratory Therapists,Primary-Long,7.0,1
29-2043.00,31-1131.00,Nursing Assistants,Primary-Long,8.0,0
29-2043.00,53-3011.00,"Ambulance Drivers and Attendants, Except Emergency Medical Technicians",Primary-Long,9.0,0
29-2043.00,31-9092.00,Medical Assistants,Primary-Long,10.0,0
29-2043.00,29-1214.00,Emergency Medicine Physicians,Supplemental,11.0,1
29-2043.00,29-1211.00,Anesthesiologists,Supplemental,12.0,1
29-2043.00,29-1071.01,Anesthesiologist Assistants,Supplemental,13.0,1
29-2043.00,29-1151.00,Nurse Anesthetists,Supplemental,14.0,1
29-2043.00,29-1171.00,Nurse Practitioners,Supplemental,15.0,1
29-2043.00,29-1141.04,Clinical Nurse Specialists,Supplemental,16.0,1
29-2043.00,29-1161.00,Nurse Midwives,Supplemental,17.0,1
29-2043.00,29-2031.00,Cardiovascular Technologists and Technicians,Supplemental,18.0,1
29-2043.00,29-1215.00,Family Medicine Physicians,Supplemental,19.0,1
29-2043.00,29-1071.00,Physician Assistants,Supplemental,20.0,1
29-2051.00,29-1031.00,Dietitians and Nutritionists,Primary-Short,1.0,1
29-2051.00,21-1091.00,Health Education Specialists,Primary-Short,2.0,0
29-2051.00,31-1121.00,Home Health Aides,Primary-Short,3.0,0
29-2051.00,29-2053.00,Psychiatric Technicians,Primary-Short,4.0,1
29-2051.00,21-1094.00,Community Health Workers,Primary-Short,5.0,0
29-2051.00,29-1128.00,Exercise Physiologists,Primary-Long,6.0,1
29-2051.00,31-1131.00,Nursing Assistants,Primary-Long,7.0,0
29-2051.00,29-1141.00,Registered Nurses,Primary-Long,8.0,1
29-2051.00,31-9092.00,Medical Assistants,Primary-Long,9.0,0
29-2051.00,29-2061.00,Licensed Practical and Licensed Vocational Nurses,Primary-Long,10.0,1
29-2051.00,25-1192.00,"Family and Consumer Sciences Teachers, Postsecondary",Supplemental,11.0,0
29-2051.00,11-9179.01,Fitness and Wellness Coordinators,Supplemental,12.0,0
29-2051.00,29-1229.05,Preventive Medicine Physicians,Supplemental,13.0,1
29-2051.00,29-1141.04,Clinical Nurse Specialists,Supplemental,14.0,1
29-2051.00,35-2012.00,"Cooks, Institution and Cafeteria",Supplemental,15.0,0
29-2051.00,19-1012.00,Food Scientists and Technologists,Supplemental,16.0,1
29-2051.00,11-9111.00,Medical and Health Services Managers,Supplemental,17.0,1
29-2051.00,11-9051.00,Food Service Managers,Supplemental,18.0,0
29-2051.00,29-1229.01,Allergists and Immunologists,Supplemental,19.0,1
29-2051.00,21-1015.00,Rehabilitation Counselors,Supplemental,20.0,0
29-2052.00,29-1051.00,Pharmacists,Primary-Short,1.0,1
29-2052.00,31-9095.00,Pharmacy Aides,Primary-Short,2.0,0
29-2052.00,31-9092.00,Medical Assistants,Primary-Short,3.0,0
29-2052.00,29-2056.00,Veterinary Technologists and Technicians,Primary-Short,4.0,1
29-2052.00,31-9097.00,Phlebotomists,Primary-Short,5.0,0
29-2052.00,29-2061.00,Licensed Practical and Licensed Vocational Nurses,Primary-Long,6.0,1
29-2052.00,29-2012.00,Medical and Clinical Laboratory Technicians,Primary-Long,7.0,1
29-2052.00,31-1131.00,Nursing Assistants,Primary-Long,8.0,0
29-2052.00,29-2055.00,Surgical Technologists,Primary-Long,9.0,1
29-2052.00,29-2081.00,"Opticians, Dispensing",Primary-Long,10.0,1
29-2052.00,43-6013.00,Medical Secretaries and Administrative Assistants,Supplemental,11.0,0
29-2052.00,29-2072.00,Medical Records Specialists,Supplemental,12.0,1
29-2052.00,29-2011.00,Medical and Clinical Laboratory Technologists,Supplemental,13.0,1
29-2052.00,31-9093.00,Medical Equipment Preparers,Supplemental,14.0,0
29-2052.00,29-2031.00,Cardiovascular Technologists and Technicians,Supplemental,15.0,1
29-2052.00,29-1071.01,Anesthesiologist Assistants,Supplemental,16.0,1
29-2052.00,29-9093.00,Surgical Assistants,Supplemental,17.0,1
29-2052.00,31-9091.00,Dental Assistants,Supplemental,18.0,0
29-2052.00,29-2057.00,Ophthalmic Medical Technicians,Supplemental,19.0,1
29-2052.00,11-9111.00,Medical and Health Services Managers,Supplemental,20.0,1
29-2053.00,31-1133.00,Psychiatric Aides,Primary-Short,1.0,0
29-2053.00,31-2021.00,Physical Therapist Assistants,Primary-Short,2.0,0
29-2053.00,31-2012.00,Occupational Therapy Aides,Primary-Short,3.0,0
29-2053.00,31-2022.00,Physical Therapist Aides,Primary-Short,4.0,0
29-2053.00,31-2011.00,Occupational Therapy Assistants,Primary-Short,5.0,0
29-2053.00,29-1125.00,Recreational Therapists,Primary-Long,6.0,1
29-2053.00,29-2043.00,Paramedics,Primary-Long,7.0,1
29-2053.00,31-1121.00,Home Health Aides,Primary-Long,8.0,0
29-2053.00,29-1141.01,Acute Care Nurses,Primary-Long,9.0,1
29-2053.00,29-1141.00,Registered Nurses,Primary-Long,10.0,1
29-2053.00,29-1141.02,Advanced Practice Psychiatric Nurses,Supplemental,11.0,1
29-2053.00,21-1023.00,Mental Health and Substance Abuse Social Workers,Supplemental,12.0,0
29-2053.00,21-1014.00,Mental Health Counselors,Supplemental,13.0,0
29-2053.00,29-1141.04,Clinical Nurse Specialists,Supplemental,14.0,1
29-2053.00,29-1223.00,Psychiatrists,Supplemental,15.0,1
29-2053.00,29-1229.04,Physical Medicine and Rehabilitation Physicians,Supplemental,16.0,1
29-2053.00,29-1122.00,Occupational Therapists,Supplemental,17.0,1
29-2053.00,19-3033.00,Clinical and Counseling Psychologists,Supplemental,18.0,1
29-2053.00,29-1123.00,Physical Therapists,Supplemental,19.0,1
29-2053.00,29-1171.00,Nurse Practitioners,Supplemental,20.0,1
29-2055.00,29-9093.00,Surgical Assistants,Primary-Short,1.0,1
29-2055.00,29-2031.00,Cardiovascular Technologists and Technicians,Primary-Short,2.0,1
29-2055.00,31-9099.02,Endoscopy Technicians,Primary-Short,3.0,0
29-2055.00,31-9093.00,Medical Equipment Preparers,Primary-Short,4.0,0
29-2055.00,29-2034.00,Radiologic Technologists and Technicians,Primary-Short,5.0,1
29-2055.00,29-2032.00,Diagnostic Medical Sonographers,Primary-Long,6.0,1
29-2055.00,29-2057.00,Ophthalmic Medical Technicians,Primary-Long,7.0,1
29-2055.00,29-2012.00,Medical and Clinical Laboratory Technicians,Primary-Long,8.0,1
29-2055.00,29-1124.00,Radiation Therapists,Primary-Long,9.0,1
29-2055.00,29-2011.04,Histotechnologists,Primary-Long,10.0,1
29-2055.00,29-1071.01,Anesthesiologist Assistants,Supplemental,11.0,1
29-2055.00,29-1243.00,Pediatric Surgeons,Supplemental,12.0,1
29-2055.00,29-1242.00,"Orthopedic Surgeons, Except Pediatric",Supplemental,13.0,1
29-2055.00,29-1211.00,Anesthesiologists,Supplemental,14.0,1
29-2055.00,29-1151.00,Nurse Anesthetists,Supplemental,15.0,1
29-2055.00,29-2042.00,Emergency Medical Technicians,Supplemental,16.0,1
29-2055.00,29-2099.01,Neurodiagnostic Technologists,Supplemental,17.0,1
29-2055.00,29-1126.00,Respiratory Therapists,Supplemental,18.0,1
29-2055.00,29-2099.05,Ophthalmic Medical Technologists,Supplemental,19.0,1
29-2055.00,31-9092.00,Medical Assistants,Supplemental,20.0,0
29-2056.00,31-9096.00,Veterinary Assistants and Laboratory Animal Caretakers,Primary-Short,1.0,0
29-2056.00,29-9093.00,Surgical Assistants,Primary-Short,2.0,1
29-2056.00,31-9092.00,Medical Assistants,Primary-Short,3.0,0
29-2056.00,29-2031.00,Cardiovascular Technologists and Technicians,Primary-Short,4.0,1
29-2056.00,29-2055.00,Surgical Technologists,Primary-Short,5.0,1
29-2056.00,29-2042.00,Emergency Medical Technicians,Primary-Long,6.0,1
29-2056.00,29-2011.00,Medical and Clinical Laboratory Technologists,Primary-Long,7.0,1
29-2056.00,29-2012.00,Medical and Clinical Laboratory Technicians,Primary-Long,8.0,1
29-2056.00,29-2034.00,Radiologic Technologists and Technicians,Primary-Long,9.0,1
29-2056.00,31-9097.00,Phlebotomists,Primary-Long,10.0,0
29-2056.00,29-1131.00,Veterinarians,Supplemental,11.0,1
29-2056.00,29-2043.00,Paramedics,Supplemental,12.0,1
29-2056.00,29-1214.00,Emergency Medicine Physicians,Supplemental,13.0,1
29-2056.00,29-1071.01,Anesthesiologist Assistants,Supplemental,14.0,1
29-2056.00,29-1243.00,Pediatric Surgeons,Supplemental,15.0,1
29-2056.00,29-1211.00,Anesthesiologists,Supplemental,16.0,1
29-2056.00,29-1151.00,Nurse Anesthetists,Supplemental,17.0,1
29-2056.00,29-1229.03,Urologists,Supplemental,18.0,1
29-2056.00,29-1071.00,Physician Assistants,Supplemental,19.0,1
29-2056.00,29-2057.00,Ophthalmic Medical Technicians,Supplemental,20.0,1
29-2057.00,29-2099.05,Ophthalmic Medical Technologists,Primary-Short,1.0,1
29-2057.00,29-2031.00,Cardiovascular Technologists and Technicians,Primary-Short,2.0,1
29-2057.00,31-9092.00,Medical Assistants,Primary-Short,3.0,0
29-2057.00,29-9093.00,Surgical Assistants,Primary-Short,4.0,1
29-2057.00,29-2099.01,Neurodiagnostic Technologists,Primary-Short,5.0,1
29-2057.00,31-9099.02,Endoscopy Technicians,Primary-Long,6.0,0
29-2057.00,29-2055.00,Surgical Technologists,Primary-Long,7.0,1
29-2057.00,29-2034.00,Radiologic Technologists and Technicians,Primary-Long,8.0,1
29-2057.00,29-2032.00,Diagnostic Medical Sonographers,Primary-Long,9.0,1
29-2057.00,29-1126.00,Respiratory Therapists,Primary-Long,10.0,1
29-2057.00,29-1241.00,"Ophthalmologists, Except Pediatric",Supplemental,11.0,1
29-2057.00,29-1243.00,Pediatric Surgeons,Supplemental,12.0,1
29-2057.00,29-1212.00,Cardiologists,Supplemental,13.0,1
29-2057.00,29-1041.00,Optometrists,Supplemental,14.0,1
29-2057.00,29-1242.00,"Orthopedic Surgeons, Except Pediatric",Supplemental,15.0,1
29-2057.00,29-1071.01,Anesthesiologist Assistants,Supplemental,16.0,1
29-2057.00,29-1213.00,Dermatologists,Supplemental,17.0,1
29-2057.00,31-9091.00,Dental Assistants,Supplemental,18.0,0
29-2057.00,29-1211.00,Anesthesiologists,Supplemental,19.0,1
29-2057.00,29-1124.00,Radiation Therapists,Supplemental,20.0,1
29-2061.00,29-1141.00,Registered Nurses,Primary-Short,1.0,1
29-2061.00,29-2043.00,Paramedics,Primary-Short,2.0,1
29-2061.00,29-1171.00,Nurse Practitioners,Primary-Short,3.0,1
29-2061.00,29-1141.01,Acute Care Nurses,Primary-Short,4.0,1
29-2061.00,31-1131.00,Nursing Assistants,Primary-Short,5.0,0
29-2061.00,29-1141.03,Critical Care Nurses,Primary-Long,6.0,1
29-2061.00,29-2042.00,Emergency Medical Technicians,Primary-Long,7.0,1
29-2061.00,29-1141.04,Clinical Nurse Specialists,Primary-Long,8.0,1
29-2061.00,31-9092.00,Medical Assistants,Primary-Long,9.0,0
29-2061.00,31-1121.00,Home Health Aides,Primary-Long,10.0,0
29-2061.00,29-1151.00,Nurse Anesthetists,Supplemental,11.0,1
29-2061.00,29-1214.00,Emergency Medicine Physicians,Supplemental,12.0,1
29-2061.00,29-1161.00,Nurse Midwives,Supplemental,13.0,1
29-2061.00,29-1215.00,Family Medicine Physicians,Supplemental,14.0,1
29-2061.00,29-1141.02,Advanced Practice Psychiatric Nurses,Supplemental,15.0,1
29-2061.00,29-1071.00,Physician Assistants,Supplemental,16.0,1
29-2061.00,31-2011.00,Occupational Therapy Assistants,Supplemental,17.0,0
29-2061.00,31-2021.00,Physical Therapist Assistants,Supplemental,18.0,0
29-2061.00,29-9093.00,Surgical Assistants,Supplemental,19.0,1
29-2061.00,29-1211.00,Anesthesiologists,Supplemental,20.0,1
29-2072.00,31-9094.00,Medical Transcriptionists,Primary-Short,1.0,0
29-2072.00,29-9021.00,Health Information Technologists and Medical Registrars,Primary-Short,2.0,1
29-2072.00,43-6013.00,Medical Secretaries and Administrative Assistants,Primary-Short,3.0,0
29-2072.00,31-9092.00,Medical Assistants,Primary-Short,4.0,0
29-2072.00,43-4071.00,File Clerks,Primary-Short,5.0,0
29-2072.00,29-2099.08,Patient Representatives,Primary-Long,6.0,1
29-2072.00,15-1299.03,Document Management Specialists,Primary-Long,7.0,1
29-2072.00,15-1211.01,Health Informatics Specialists,Primary-Long,8.0,1
29-2072.00,43-9111.00,Statistical Assistants,Primary-Long,9.0,0
29-2072.00,29-2052.00,Pharmacy Technicians,Primary-Long,10.0,1
29-2072.00,29-1071.00,Physician Assistants,Supplemental,11.0,1
29-2072.00,29-1214.00,Emergency Medicine Physicians,Supplemental,12.0,1
29-2072.00,13-1111.00,Management Analysts,Supplemental,13.0,0
29-2072.00,29-1215.00,Family Medicine Physicians,Supplemental,14.0,1
29-2072.00,29-1171.00,Nurse Practitioners,Supplemental,15.0,1
29-2072.00,29-1141.00,Registered Nurses,Supplemental,16.0,1
29-2072.00,43-9061.00,"Office Clerks, General",Supplemental,17.0,0
29-2072.00,31-9097.00,Phlebotomists,Supplemental,18.0,0
29-2072.00,29-2031.00,Cardiovascular Technologists and Technicians,Supplemental,19.0,1
29-2072.00,29-1141.04,Clinical Nurse Specialists,Supplemental,20.0,1
29-2081.00,51-9083.00,Ophthalmic Laboratory Technicians,Primary-Short,1.0,0
29-2081.00,29-1041.00,Optometrists,Primary-Short,2.0,1
29-2081.00,29-2057.00,Ophthalmic Medical Technicians,Primary-Short,3.0,1
29-2081.00,29-2099.05,Ophthalmic Medical Technologists,Primary-Short,4.0,1
29-2081.00,31-9099.02,Endoscopy Technicians,Primary-Short,5.0,0
29-2081.00,31-9093.00,Medical Equipment Preparers,Primary-Long,6.0,0
29-2081.00,29-2052.00,Pharmacy Technicians,Primary-Long,7.0,1
29-2081.00,31-9095.00,Pharmacy Aides,Primary-Long,8.0,0
29-2081.00,31-9092.00,Medical Assistants,Primary-Long,9.0,0
29-2081.00,29-2092.00,Hearing Aid Specialists,Primary-Long,10.0,1
29-2081.00,29-1241.00,"Ophthalmologists, Except Pediatric",Supplemental,11.0,1
29-2081.00,29-2091.00,Orthotists and Prosthetists,Supplemental,12.0,1
29-2081.00,31-9091.00,Dental Assistants,Supplemental,13.0,0
29-2081.00,29-1181.00,Audiologists,Supplemental,14.0,1
29-2081.00,29-2055.00,Surgical Technologists,Supplemental,15.0,1
29-2081.00,29-1051.00,Pharmacists,Supplemental,16.0,1
29-2081.00,51-9082.00,Medical Appliance Technicians,Supplemental,17.0,0
29-2081.00,29-2034.00,Radiologic Technologists and Technicians,Supplemental,18.0,1
29-2081.00,31-9097.00,Phlebotomists,Supplemental,19.0,0
29-2081.00,39-5094.00,Skincare Specialists,Supplemental,20.0,0
29-2091.00,29-1242.00,"Orthopedic Surgeons, Except Pediatric",Primary-Short,1.0,1
29-2091.00,51-9082.00,Medical Appliance Technicians,Primary-Short,2.0,0
29-2091.00,29-1229.04,Physical Medicine and Rehabilitation Physicians,Primary-Short,3.0,1
29-2091.00,29-1081.00,Podiatrists,Primary-Short,4.0,1
29-2091.00,29-1181.00,Audiologists,Primary-Short,5.0,1
29-2091.00,29-1023.00,Orthodontists,Primary-Long,6.0,1
29-2091.00,31-2021.00,Physical Therapist Assistants,Primary-Long,7.0,0
29-2091.00,29-2043.00,Paramedics,Primary-Long,8.0,1
29-2091.00,29-1123.00,Physical Therapists,Primary-Long,9.0,1
29-2091.00,29-1024.00,Prosthodontists,Primary-Long,10.0,1
29-2091.00,29-1243.00,Pediatric Surgeons,Supplemental,11.0,1
29-2091.00,29-1211.00,Anesthesiologists,Supplemental,12.0,1
29-2091.00,29-9093.00,Surgical Assistants,Supplemental,13.0,1
29-2091.00,31-9099.02,Endoscopy Technicians,Supplemental,14.0,0
29-2091.00,29-2055.00,Surgical Technologists,Supplemental,15.0,1
29-2091.00,29-1071.01,Anesthesiologist Assistants,Supplemental,16.0,1
29-2091.00,29-2042.00,Emergency Medical Technicians,Supplemental,17.0,1
29-2091.00,29-1212.00,Cardiologists,Supplemental,18.0,1
29-2091.00,29-1151.00,Nurse Anesthetists,Supplemental,19.0,1
29-2091.00,31-2012.00,Occupational Therapy Aides,Supplemental,20.0,0
29-2092.00,29-2057.00,Ophthalmic Medical Technicians,Primary-Short,1.0,1
29-2092.00,29-2091.00,Orthotists and Prosthetists,Primary-Short,2.0,1
29-2092.00,29-2099.01,Neurodiagnostic Technologists,Primary-Short,3.0,1
29-2092.00,31-9091.00,Dental Assistants,Primary-Short,4.0,0
29-2092.00,31-9099.02,Endoscopy Technicians,Primary-Short,5.0,0
29-2092.00,31-2012.00,Occupational Therapy Aides,Primary-Long,6.0,0
29-2092.00,31-9092.00,Medical Assistants,Primary-Long,7.0,0
29-2092.00,29-2099.05,Ophthalmic Medical Technologists,Primary-Long,8.0,1
29-2092.00,31-2022.00,Physical Therapist Aides,Primary-Long,9.0,0
29-2092.00,31-9099.01,Speech-Language Pathology Assistants,Primary-Long,10.0,0
29-2092.00,29-1181.00,Audiologists,Supplemental,11.0,1
29-2092.00,29-1229.04,Physical Medicine and Rehabilitation Physicians,Supplemental,12.0,1
29-2092.00,29-1041.00,Optometrists,Supplemental,13.0,1
29-2092.00,29-1241.00,"Ophthalmologists, Except Pediatric",Supplemental,14.0,1
29-2092.00,29-1243.00,Pediatric Surgeons,Supplemental,15.0,1
29-2092.00,29-1242.00,"Orthopedic Surgeons, Except Pediatric",Supplemental,16.0,1
29-2092.00,29-1127.00,Speech-Language Pathologists,Supplemental,17.0,1
29-2092.00,29-1024.00,Prosthodontists,Supplemental,18.0,1
29-2092.00,29-1022.00,Oral and Maxillofacial Surgeons,Supplemental,19.0,1
29-2092.00,29-1229.03,Urologists,Supplemental,20.0,1
29-2099.01,29-2031.00,Cardiovascular Technologists and Technicians,Primary-Short,1.0,1
29-2099.01,29-2034.00,Radiologic Technologists and Technicians,Primary-Short,2.0,1
29-2099.01,29-2032.00,Diagnostic Medical Sonographers,Primary-Short,3.0,1
29-2099.01,29-2099.05,Ophthalmic Medical Technologists,Primary-Short,4.0,1
29-2099.01,29-2011.00,Medical and Clinical Laboratory Technologists,Primary-Short,5.0,1
29-2099.01,29-2035.00,Magnetic Resonance Imaging Technologists,Primary-Long,6.0,1
29-2099.01,29-1124.00,Radiation Therapists,Primary-Long,7.0,1
29-2099.01,29-2057.00,Ophthalmic Medical Technicians,Primary-Long,8.0,1
29-2099.01,29-2012.00,Medical and Clinical Laboratory Technicians,Primary-Long,9.0,1
29-2099.01,29-2033.00,Nuclear Medicine Technologists,Primary-Long,10.0,1
29-2099.01,29-1212.00,Cardiologists,Supplemental,11.0,1
29-2099.01,29-1071.01,Anesthesiologist Assistants,Supplemental,12.0,1
29-2099.01,31-9099.02,Endoscopy Technicians,Supplemental,13.0,0
29-2099.01,29-2055.00,Surgical Technologists,Supplemental,14.0,1
29-2099.01,29-1224.00,Radiologists,Supplemental,15.0,1
29-2099.01,29-1126.00,Respiratory Therapists,Supplemental,16.0,1
29-2099.01,29-9093.00,Surgical Assistants,Supplemental,17.0,1
29-2099.01,29-1141.01,Acute Care Nurses,Supplemental,18.0,1
29-2099.01,29-1211.00,Anesthesiologists,Supplemental,19.0,1
29-2099.01,29-2011.01,Cytogenetic Technologists,Supplemental,20.0,1
29-2099.05,29-2057.00,Ophthalmic Medical Technicians,Primary-Short,1.0,1
29-2099.05,29-2031.00,Cardiovascular Technologists and Technicians,Primary-Short,2.0,1
29-2099.05,29-2034.00,Radiologic Technologists and Technicians,Primary-Short,3.0,1
29-2099.05,29-2099.01,Neurodiagnostic Technologists,Primary-Short,4.0,1
29-2099.05,29-2032.00,Diagnostic Medical Sonographers,Primary-Short,5.0,1
29-2099.05,29-9093.00,Surgical Assistants,Primary-Long,6.0,1
29-2099.05,31-9099.02,Endoscopy Technicians,Primary-Long,7.0,0
29-2099.05,31-9092.00,Medical Assistants,Primary-Long,8.0,0
29-2099.05,29-2055.00,Surgical Technologists,Primary-Long,9.0,1
29-2099.05,29-2035.00,Magnetic Resonance Imaging Technologists,Primary-Long,10.0,1
29-2099.05,29-1241.00,"Ophthalmologists, Except Pediatric",Supplemental,11.0,1
29-2099.05,29-1212.00,Cardiologists,Supplemental,12.0,1
29-2099.05,29-1243.00,Pediatric Surgeons,Supplemental,13.0,1
29-2099.05,29-1242.00,"Orthopedic Surgeons, Except Pediatric",Supplemental,14.0,1
29-2099.05,29-1071.01,Anesthesiologist Assistants,Supplemental,15.0,1
29-2099.05,29-1041.00,Optometrists,Supplemental,16.0,1
29-2099.05,29-1224.00,Radiologists,Supplemental,17.0,1
29-2099.05,29-1124.00,Radiation Therapists,Supplemental,18.0,1
29-2099.05,29-2011.00,Medical and Clinical Laboratory Technologists,Supplemental,19.0,1
29-2099.05,29-1213.00,Dermatologists,Supplemental,20.0,1
29-2099.08,29-9021.00,Health Information Technologists and Medical Registrars,Primary-Short,1.0,1
29-2099.08,29-2072.00,Medical Records Specialists,Primary-Short,2.0,1
29-2099.08,21-1094.00,Community Health Workers,Primary-Short,3.0,0
29-2099.08,15-1211.01,Health Informatics Specialists,Primary-Short,4.0,1
29-2099.08,21-1093.00,Social and Human Service Assistants,Primary-Short,5.0,0
29-2099.08,11-9111.00,Medical and Health Services Managers,Primary-Long,6.0,1
29-2099.08,21-1091.00,Health Education Specialists,Primary-Long,7.0,0
29-2099.08,31-1131.00,Nursing Assistants,Primary-Long,8.0,0
29-2099.08,31-9092.00,Medical Assistants,Primary-Long,9.0,0
29-2099.08,43-4061.00,"Eligibility Interviewers, Government Programs",Primary-Long,10.0,0
29-2099.08,29-1141.04,Clinical Nurse Specialists,Supplemental,11.0,1
29-2099.08,21-1022.00,Healthcare Social Workers,Supplemental,12.0,0
29-2099.08,21-1014.00,Mental Health Counselors,Supplemental,13.0,0
29-2099.08,21-1023.00,Mental Health and Substance Abuse Social Workers,Supplemental,14.0,0
29-2099.08,21-1015.00,Rehabilitation Counselors,Supplemental,15.0,0
29-2099.08,43-6013.00,Medical Secretaries and Administrative Assistants,Supplemental,16.0,0
29-2099.08,29-1141.00,Registered Nurses,Supplemental,17.0,1
29-2099.08,29-1141.01,Acute Care Nurses,Supplemental,18.0,1
29-2099.08,21-1021.00,"Child, Family, and School Social Workers",Supplemental,19.0,0
29-2099.08,29-2053.00,Psychiatric Technicians,Supplemental,20.0,1
29-9021.00,29-2072.00,Medical Records Specialists,Primary-Short,1.0,1
29-9021.00,15-2051.02,Clinical Data Managers,Primary-Short,2.0,1
29-9021.00,15-1211.01,Health Informatics Specialists,Primary-Short,3.0,1
29-9021.00,29-2099.08,Patient Representatives,Primary-Short,4.0,1
29-9021.00,15-1299.03,Document Management Specialists,Primary-Short,5.0,1
29-9021.00,43-9111.00,Statistical Assistants,Primary-Long,6.0,0
29-9021.00,15-1211.00,Computer Systems Analysts,Primary-Long,7.0,1
29-9021.00,15-1242.00,Database Administrators,Primary-Long,8.0,1
29-9021.00,11-9121.01,Clinical Research Coordinators,Primary-Long,9.0,1
29-9021.00,11-3012.00,Administrative Services Managers,Primary-Long,10.0,0
29-9021.00,13-1111.00,Management Analysts,Supplemental,11.0,0
29-9021.00,11-9111.00,Medical and Health Services Managers,Supplemental,12.0,1
29-9021.00,29-1141.04,Clinical Nurse Specialists,Supplemental,13.0,1
29-9021.00,29-1229.05,Preventive Medicine Physicians,Supplemental,14.0,1
29-9021.00,15-2099.01,Bioinformatics Technicians,Supplemental,15.0,1
29-9021.00,13-1041.07,Regulatory Affairs Specialists,Supplemental,16.0,0
29-9021.00,15-1243.00,Database Architects,Supplemental,17.0,1
29-9021.00,15-2031.00,Operations Research Analysts,Supplemental,18.0,1
29-9021.00,29-9092.00,Genetic Counselors,Supplemental,19.0,1
29-9021.00,43-4161.00,"Human Resources Assistants, Except Payroll and Timekeeping",Supplemental,20.0,0
29-9091.00,39-9031.00,Exercise Trainers and Group Fitness Instructors,Primary-Short,1.0,0
29-9091.00,29-1229.06,Sports Medicine Physicians,Primary-Short,2.0,1
29-9091.00,29-1128.00,Exercise Physiologists,Primary-Short,3.0,1
29-9091.00,31-2021.00,Physical Therapist Assistants,Primary-Short,4.0,0
29-9091.00,29-1125.00,Recreational Therapists,Primary-Short,5.0,1
29-9091.00,27-2022.00,Coaches and Scouts,Primary-Long,6.0,0
29-9091.00,29-1122.00,Occupational Therapists,Primary-Long,7.0,1
29-9091.00,29-1123.00,Physical Therapists,Primary-Long,8.0,1
29-9091.00,29-1229.04,Physical Medicine and Rehabilitation Physicians,Primary-Long,9.0,1
29-9091.00,29-1011.00,Chiropractors,Primary-Long,10.0,1
29-9091.00,29-2053.00,Psychiatric Technicians,Supplemental,11.0,1
29-9091.00,31-2022.00,Physical Therapist Aides,Supplemental,12.0,0
29-9091.00,31-2012.00,Occupational Therapy Aides,Supplemental,13.0,0
29-9091.00,31-2011.00,Occupational Therapy Assistants,Supplemental,14.0,0
29-9091.00,29-1126.00,Respiratory Therapists,Supplemental,15.0,1
29-9091.00,29-1171.00,Nurse Practitioners,Supplemental,16.0,1
29-9091.00,11-9179.01,Fitness and Wellness Coordinators,Supplemental,17.0,0
29-9091.00,29-2091.00,Orthotists and Prosthetists,Supplemental,18.0,1
29-9091.00,29-1141.00,Registered Nurses,Supplemental,19.0,1
29-9091.00,13-1151.00,Training and Development Specialists,Supplemental,20.0,0
29-9092.00,29-1223.00,Psychiatrists,Primary-Short,1.0,1
29-9092.00,29-1215.00,Family Medicine Physicians,Primary-Short,2.0,1
29-9092.00,29-1141.02,Advanced Practice Psychiatric Nurses,Primary-Short,3.0,1
29-9092.00,29-1221.00,"Pediatricians, General",Primary-Short,4.0,1
29-9092.00,29-1141.04,Clinical Nurse Specialists,Primary-Short,5.0,1
29-9092.00,29-1217.00,Neurologists,Primary-Long,6.0,1
29-9092.00,29-1212.00,Cardiologists,Primary-Long,7.0,1
29-9092.00,29-1243.00,Pediatric Surgeons,Primary-Long,8.0,1
29-9092.00,19-3039.03,Clinical Neuropsychologists,Primary-Long,9.0,1
29-9092.00,29-1229.05,Preventive Medicine Physicians,Primary-Long,10.0,1
29-9092.00,29-1214.00,Emergency Medicine Physicians,Supplemental,11.0,1
29-9092.00,29-2053.00,Psychiatric Technicians,Supplemental,12.0,1
29-9092.00,19-3033.00,Clinical and Counseling Psychologists,Supplemental,13.0,1
29-9092.00,29-1171.00,Nurse Practitioners,Supplemental,14.0,1
29-9092.00,29-1218.00,Obstetricians and Gynecologists,Supplemental,15.0,1
29-9092.00,29-1229.01,Allergists and Immunologists,Supplemental,16.0,1
29-9092.00,29-1216.00,General Internal Medicine Physicians,Supplemental,17.0,1
29-9092.00,29-1161.00,Nurse Midwives,Supplemental,18.0,1
29-9092.00,29-1229.04,Physical Medicine and Rehabilitation Physicians,Supplemental,19.0,1
29-9092.00,29-1071.00,Physician Assistants,Supplemental,20.0,1
29-9093.00,29-2055.00,Surgical Technologists,Primary-Short,1.0,1
29-9093.00,29-1071.01,Anesthesiologist Assistants,Primary-Short,2.0,1
29-9093.00,29-2043.00,Paramedics,Primary-Short,3.0,1
29-9093.00,29-2042.00,Emergency Medical Technicians,Primary-Short,4.0,1
29-9093.00,29-2031.00,Cardiovascular Technologists and Technicians,Primary-Short,5.0,1
29-9093.00,29-1126.00,Respiratory Therapists,Primary-Long,6.0,1
29-9093.00,31-9092.00,Medical Assistants,Primary-Long,7.0,0
29-9093.00,29-2057.00,Ophthalmic Medical Technicians,Primary-Long,8.0,1
29-9093.00,31-1131.00,Nursing Assistants,Primary-Long,9.0,0
29-9093.00,29-2061.00,Licensed Practical and Licensed Vocational Nurses,Primary-Long,10.0,1
29-9093.00,29-1243.00,Pediatric Surgeons,Supplemental,11.0,1
29-9093.00,29-1242.00,"Orthopedic Surgeons, Except Pediatric",Supplemental,12.0,1
29-9093.00,29-1211.00,Anesthesiologists,Supplemental,13.0,1
29-9093.00,29-1151.00,Nurse Anesthetists,Supplemental,14.0,1
29-9093.00,29-1141.01,Acute Care Nurses,Supplemental,15.0,1
29-9093.00,31-9099.02,Endoscopy Technicians,Supplemental,16.0,0
29-9093.00,29-1071.00,Physician Assistants,Supplemental,17.0,1
29-9093.00,29-1214.00,Emergency Medicine Physicians,Supplemental,18.0,1
29-9093.00,29-1212.00,Cardiologists,Supplemental,19.0,1
29-9093.00,29-1141.03,Critical Care Nurses,Supplemental,20.0,1
29-9099.01,29-1161.00,Nurse Midwives,Primary-Short,1.0,1
29-9099.01,29-1171.00,Nurse Practitioners,Primary-Short,2.0,1
29-9099.01,29-1218.00,Obstetricians and Gynecologists,Primary-Short,3.0,1
29-9099.01,29-1141.00,Registered Nurses,Primary-Short,4.0,1
29-9099.01,29-1221.00,"Pediatricians, General",Primary-Short,5.0,1
29-9099.01,29-1215.00,Family Medicine Physicians,Primary-Long,6.0,1
29-9099.01,29-1214.00,Emergency Medicine Physicians,Primary-Long,7.0,1
29-9099.01,29-1141.01,Acute Care Nurses,Primary-Long,8.0,1
29-9099.01,29-2061.00,Licensed Practical and Licensed Vocational Nurses,Primary-Long,9.0,1
29-9099.01,29-1141.03,Critical Care Nurses,Primary-Long,10.0,1
29-9099.01,29-1299.01,Naturopathic Physicians,Supplemental,11.0,1
29-9099.01,29-2043.00,Paramedics,Supplemental,12.0,1
29-9099.01,29-1216.00,General Internal Medicine Physicians,Supplemental,13.0,1
29-9099.01,29-1141.04,Clinical Nurse Specialists,Supplemental,14.0,1
29-9099.01,29-1223.00,Psychiatrists,Supplemental,15.0,1
29-9099.01,29-1141.02,Advanced Practice Psychiatric Nurses,Supplemental,16.0,1
29-9099.01,29-1071.00,Physician Assistants,Supplemental,17.0,1
29-9099.01,29-1211.00,Anesthesiologists,Supplemental,18.0,1
29-9099.01,29-1151.00,Nurse Anesthetists,Supplemental,19.0,1
29-9099.01,29-1291.00,Acupuncturists,Supplemental,20.0,1
41-4011.00,41-4012.00,"Sales Representatives, Wholesale and Manufacturing, Except Technical and Scientific Products",Primary-Short,1.0,0
41-4011.00,41-9031.00,Sales Engineers,Primary-Short,2.0,1
41-4011.00,13-1022.00,"Wholesale and Retail Buyers, Except Farm Products",Primary-Short,3.0,0
41-4011.00,11-3051.00,Industrial Production Managers,Primary-Short,4.0,0
41-4011.00,41-4011.07,Solar Sales Representatives and Assessors,Primary-Short,5.0,1
41-4011.00,13-1023.00,"Purchasing Agents, Except Wholesale, Retail, and Farm Products",Primary-Long,6.0,0
41-4011.00,41-1012.00,First-Line Supervisors of Non-Retail Sales Workers,Primary-Long,7.0,0
41-4011.00,11-2022.00,Sales Managers,Primary-Long,8.0,0
41-4011.00,41-3011.00,Advertising Sales Agents,Primary-Long,9.0,0
41-4011.00,11-3061.00,Purchasing Managers,Primary-Long,10.0,0
41-4011.00,41-3091.00,"Sales Representatives of Services, Except Advertising, Insurance, Financial Services, and Travel",Supplemental,11.0,0
41-4011.00,41-2031.00,Retail Salespersons,Supplemental,12.0,0
41-4011.00,41-2021.00,Counter and Rental Clerks,Supplemental,13.0,0
41-4011.00,13-1081.00,Logisticians,Supplemental,14.0,0
41-4011.00,43-4051.00,Customer Service Representatives,Supplemental,15.0,0
41-4011.00,17-2112.00,Industrial Engineers,Supplemental,16.0,1
41-4011.00,41-2022.00,Parts Salespersons,Supplemental,17.0,0
41-4011.00,43-5061.00,"Production, Planning, and Expediting Clerks",Supplemental,18.0,0
41-4011.00,11-3071.04,Supply Chain Managers,Supplemental,19.0,0
41-4011.00,41-9091.00,"Door-to-Door Sales Workers, News and Street Vendors, and Related Workers",Supplemental,20.0,0
41-4011.07,17-2199.11,Solar Energy Systems Engineers,Primary-Short,1.0,1
41-4011.07,47-1011.03,Solar Energy Installation Managers,Primary-Short,2.0,0
41-4011.07,47-4011.01,Energy Auditors,Primary-Short,3.0,0
41-4011.07,47-2231.00,Solar Photovoltaic Installers,Primary-Short,4.0,0
41-4011.07,17-2199.03,"Energy Engineers, Except Wind and Solar",Primary-Short,5.0,1
41-4011.07,11-9199.10,Wind Energy Development Managers,Primary-Long,6.0,0
41-4011.07,47-2152.04,Solar Thermal Installers and Technicians,Primary-Long,7.0,0
41-4011.07,41-9031.00,Sales Engineers,Primary-Long,8.0,1
41-4011.07,41-4011.00,"Sales Representatives, Wholesale and Manufacturing, Technical and Scientific Products",Primary-Long,9.0,1
41-4011.07,13-1199.05,Sustainability Specialists,Primary-Long,10.0,0
41-4011.07,17-2199.10,Wind Energy Engineers,Supplemental,11.0,1
41-4011.07,41-3091.00,"Sales Representatives of Services, Except Advertising, Insurance, Financial Services, and Travel",Supplemental,12.0,0
41-4011.07,17-2071.00,Electrical Engineers,Supplemental,13.0,1
41-4011.07,11-9199.09,Wind Energy Operations Managers,Supplemental,14.0,0
41-4011.07,11-9041.00,Architectural and Engineering Managers,Supplemental,15.0,1
41-4011.07,11-3051.02,Geothermal Production Managers,Supplemental,16.0,0
41-4011.07,13-1051.00,Cost Estimators,Supplemental,17.0,0
41-4011.07,11-9021.00,Construction Managers,Supplemental,18.0,0
41-4011.07,49-9081.00,Wind Turbine Service Technicians,Supplemental,19.0,0
41-4011.07,17-1011.00,"Architects, Except Landscape and Naval",Supplemental,20.0,1
41-9031.00,41-4011.00,"Sales Representatives, Wholesale and Manufacturing, Technical and Scientific Products",Primary-Short,1.0,1
41-9031.00,41-3091.00,"Sales Representatives of Services, Except Advertising, Insurance, Financial Services, and Travel",Primary-Short,2.0,0
41-9031.00,11-9041.00,Architectural and Engineering Managers,Primary-Short,3.0,1
41-9031.00,13-1081.01,Logistics Engineers,Primary-Short,4.0,0
41-9031.00,17-2112.00,Industrial Engineers,Primary-Short,5.0,1
41-9031.00,17-2072.00,"Electronics Engineers, Except Computer",Primary-Long,6.0,1
41-9031.00,41-4011.07,Solar Sales Representatives and Assessors,Primary-Long,7.0,1
41-9031.00,17-2112.03,Manufacturing Engineers,Primary-Long,8.0,1
41-9031.00,15-1211.00,Computer Systems Analysts,Primary-Long,9.0,1
41-9031.00,41-4012.00,"Sales Representatives, Wholesale and Manufacturing, Except Technical and Scientific Products",Primary-Long,10.0,0
41-9031.00,17-3027.00,Mechanical Engineering Technologists and Technicians,Supplemental,11.0,1
41-9031.00,17-3023.00,Electrical and Electronic Engineering Technologists and Technicians,Supplemental,12.0,1
41-9031.00,17-3021.00,Aerospace Engineering and Operations Technologists and Technicians,Supplemental,13.0,1
41-9031.00,17-3026.00,Industrial Engineering Technologists and Technicians,Supplemental,14.0,1
41-9031.00,17-2141.00,Mechanical Engineers,Supplemental,15.0,1
41-9031.00,15-1299.08,Computer Systems Engineers/Architects,Supplemental,16.0,1
41-9031.00,15-1252.00,Software Developers,Supplemental,17.0,1
41-9031.00,13-1082.00,Project Management Specialists,Supplemental,18.0,0
41-9031.00,17-2071.00,Electrical Engineers,Supplemental,19.0,1
41-9031.00,27-1021.00,Commercial and Industrial Designers,Supplemental,20.0,0
