onet_soc_code,title,stem_occupation_types,field,job_zone,total_employment,employment_share,n_tasks,scenario,efficiency,removal_risk,risk_at_stake,reconstitution,training_depth,depth_source,scarcity,isolation,octant,severity,severity_label,trap_score,erosion_risk,willingness_gap
29-1217.00,Neurologists,"Research, Development, Design, and Practitioners",Healthcare Practitioners and Technical,5,10590.0,10590.0,24,extreme,81.3,80.0,79.6,79.3,91.6,education,69.0,64.2,Strategic trap,3,Critical,51.6,27.6,45.8
29-1223.00,Psychiatrists,"Research, Development, Design, and Practitioners",Healthcare Practitioners and Technical,5,27980.0,27980.0,12,extreme,83.6,76.3,76.1,77.1,92.0,education,57.3,69.5,Strategic trap,3,Critical,49.2,32.5,47.1
29-9092.00,Genetic Counselors,"Research, Development, Design, and Practitioners",Healthcare Practitioners and Technical,5,3740.0,3740.0,19,extreme,94.0,74.1,73.9,70.0,62.6,education,81.4,71.5,Strategic trap,3,Critical,48.8,36.1,50.9
29-1218.00,Obstetricians and Gynecologists,"Research, Development, Design, and Practitioners",Healthcare Practitioners and Technical,5,21260.0,21260.0,15,extreme,75.1,79.9,77.1,79.7,95.7,education,60.6,68.4,Strategic trap,3,Critical,47.8,20.3,41.8
29-1214.00,Emergency Medicine Physicians,"Research, Development, Design, and Practitioners",Healthcare Practitioners and Technical,5,32880.0,32880.0,17,extreme,72.5,84.1,82.1,77.5,93.9,education,55.4,69.5,Strategic trap,3,Critical,47.3,20.6,41.8
29-1222.00,"Physicians, Pathologists","Research, Development, Design, and Practitioners",Healthcare Practitioners and Technical,5,11110.0,11110.0,19,extreme,76.5,74.3,74.2,82.2,92.6,education,68.4,77.0,Strategic trap,3,Critical,46.7,16.2,32.6
29-1216.00,General Internal Medicine Physicians,"Research, Development, Design, and Practitioners",Healthcare Practitioners and Technical,5,67150.0,67150.0,19,extreme,76.7,80.5,79.9,74.2,92.8,education,46.9,68.5,Strategic trap,3,Critical,45.8,23.6,45.7
29-1221.00,"Pediatricians, General","Research, Development, Design, and Practitioners",Healthcare Practitioners and Technical,5,39390.0,39390.0,17,extreme,74.8,77.3,75.5,78.2,96.6,education,53.2,69.8,Strategic trap,3,Critical,45.2,19.0,44.3
29-1243.00,Pediatric Surgeons,"Research, Development, Design, and Practitioners",Healthcare Practitioners and Technical,5,1190.0,1190.0,18,extreme,61.1,79.6,77.6,92.5,100.0,job_zone,95.1,69.7,Strategic trap,3,Critical,45.0,11.2,33.7
15-2011.00,Actuaries,"Research, Development, Design, and Practitioners",Computer and Mathematical,4,26670.0,26670.0,15,extreme,95.7,65.1,64.1,71.3,75.0,job_zone,57.9,82.3,Strategic trap,3,Critical,44.4,31.7,45.6
29-1224.00,Radiologists,"Research, Development, Design, and Practitioners",Healthcare Practitioners and Technical,5,26770.0,26770.0,30,extreme,76.5,77.4,76.5,74.9,85.7,education,57.9,73.2,Strategic trap,3,Critical,44.3,24.3,38.7
29-1229.05,Preventive Medicine Physicians,"Research, Development, Design, and Practitioners",Healthcare Practitioners and Technical,5,342720.0,57120.0,15,extreme,89.1,67.8,66.2,71.7,96.0,education,27.4,77.4,Strategic trap,3,Critical,43.3,27.6,46.6
29-1129.01,Art Therapists,"Research, Development, Design, and Practitioners",Healthcare Practitioners and Technical,5,22640.0,11320.0,25,extreme,78.1,66.1,66.6,83.7,100.0,job_zone,59.9,78.7,Strategic trap,3,Critical,43.2,19.8,39.6
29-1215.00,Family Medicine Physicians,"Research, Development, Design, and Practitioners",Healthcare Practitioners and Technical,5,107510.0,107510.0,12,extreme,82.4,76.1,75.1,68.8,85.8,education,41.2,67.9,Strategic trap,3,Critical,43.1,28.8,44.9
29-1229.02,Hospitalists,"Research, Development, Design, and Practitioners",Healthcare Practitioners and Technical,5,342720.0,57120.0,14,extreme,82.8,76.9,76.6,67.3,89.8,education,27.4,71.0,Strategic trap,3,Critical,42.9,32.9,49.8
29-1213.00,Dermatologists,"Research, Development, Design, and Practitioners",Healthcare Practitioners and Technical,5,11370.0,11370.0,18,extreme,69.7,80.1,76.2,75.9,84.4,education,68.1,66.4,Strategic trap,3,Critical,42.4,23.6,47.8
29-1241.00,"Ophthalmologists, Except Pediatric","Research, Development, Design, and Practitioners",Healthcare Practitioners and Technical,5,8950.0,8950.0,18,extreme,70.2,80.2,78.8,74.2,79.6,education,71.0,65.7,Strategic trap,3,Critical,41.8,20.3,41.4
29-1229.06,Sports Medicine Physicians,"Research, Development, Design, and Practitioners",Healthcare Practitioners and Technical,5,342720.0,57120.0,27,extreme,85.2,71.8,70.2,68.2,92.2,education,27.4,69.4,Strategic trap,3,Critical,41.7,23.7,45.0
29-1181.00,Audiologists,"Research, Development, Design, and Practitioners",Healthcare Practitioners and Technical,5,13660.0,13660.0,22,extreme,73.7,72.9,72.9,76.8,85.3,education,65.9,71.9,Strategic trap,3,Critical,41.3,17.9,40.0
29-1212.00,Cardiologists,"Research, Development, Design, and Practitioners",Healthcare Practitioners and Technical,5,17290.0,17290.0,25,extreme,62.0,79.0,76.9,83.0,100.0,job_zone,63.1,70.2,Strategic trap,3,Critical,40.7,13.2,35.2
29-1229.01,Allergists and Immunologists,"Research, Development, Design, and Practitioners",Healthcare Practitioners and Technical,5,342720.0,57120.0,16,extreme,80.6,80.3,79.8,62.7,81.7,education,27.4,68.0,Strategic trap,3,Critical,40.6,31.6,51.0
29-1299.02,Orthoptists,"Research, Development, Design, and Practitioners",Healthcare Practitioners and Technical,5,28630.0,14315.0,16,extreme,66.0,75.7,78.1,81.0,100.0,job_zone,57.1,69.3,Strategic trap,3,Critical,40.5,18.9,38.3
29-1081.00,Podiatrists,"Research, Development, Design, and Practitioners",Healthcare Practitioners and Technical,5,9680.0,9680.0,11,extreme,65.7,76.4,74.0,79.5,88.1,education,70.0,72.0,Strategic trap,3,Critical,39.9,13.6,38.2
19-1041.00,Epidemiologists,"Research, Development, Design, and Practitioners","Life, Physical, and Social Science",5,12090.0,12090.0,16,extreme,88.8,61.0,59.4,72.6,72.6,education,67.4,80.4,Strategic trap,3,Critical,39.3,22.5,45.3
19-3041.00,Sociologists,"Research, Development, Design, and Practitioners","Life, Physical, and Social Science",5,2260.0,2260.0,15,extreme,97.1,50.5,50.1,79.1,75.4,education,87.4,76.1,Strategic trap,3,Critical,38.8,22.2,45.0
19-3094.00,Political Scientists,"Research, Development, Design, and Practitioners","Life, Physical, and Social Science",5,5540.0,5540.0,14,extreme,97.0,49.7,49.4,79.9,83.4,education,76.7,76.0,Guard the pipeline,2,High,38.5,29.6,50.3
19-3032.00,Industrial-Organizational Psychologists,"Research, Development, Design, and Practitioners","Life, Physical, and Social Science",5,790.0,790.0,25,extreme,91.3,52.7,50.6,78.4,65.5,education,100.0,78.1,Strategic trap,3,Critical,37.7,21.5,43.8
29-1242.00,"Orthopedic Surgeons, Except Pediatric","Research, Development, Design, and Practitioners",Healthcare Practitioners and Technical,5,14100.0,14100.0,15,extreme,56.7,78.9,76.6,83.3,100.0,job_zone,65.5,68.4,Strategic trap,3,Critical,37.3,12.9,35.0
29-1041.00,Optometrists,"Research, Development, Design, and Practitioners",Healthcare Practitioners and Technical,5,42790.0,42790.0,10,extreme,64.7,79.9,83.7,72.2,84.2,education,52.3,72.2,Strategic trap,3,Critical,37.3,15.5,39.8
19-3039.03,Clinical Neuropsychologists,"Research, Development, Design, and Practitioners","Life, Physical, and Social Science",5,18820.0,9410.0,18,extreme,64.0,70.4,67.7,82.5,98.7,education,62.1,72.5,Strategic trap,3,Critical,37.2,19.5,44.9
17-1011.00,"Architects, Except Landscape and Naval","Research, Development, Design, and Practitioners",Architecture and Engineering,5,106770.0,106770.0,25,extreme,85.7,54.6,55.2,78.2,100.0,job_zone,41.3,79.2,Strategic trap,3,Critical,36.6,16.1,35.1
29-1051.00,Pharmacists,"Research, Development, Design, and Practitioners",Healthcare Practitioners and Technical,5,321970.0,321970.0,21,extreme,83.5,67.8,66.0,64.3,79.5,education,28.1,80.7,Strategic trap,3,Critical,36.4,17.9,32.9
29-1229.04,Physical Medicine and Rehabilitation Physicians,"Research, Development, Design, and Practitioners",Healthcare Practitioners and Technical,5,342720.0,57120.0,15,extreme,66.9,79.8,78.2,68.2,90.8,education,27.4,73.0,Strategic trap,3,Critical,36.4,14.7,41.0
19-3039.02,Neuropsychologists,"Research, Development, Design, and Practitioners","Life, Physical, and Social Science",5,18820.0,9410.0,14,extreme,68.0,65.1,62.9,81.6,97.5,education,62.1,70.9,Strategic trap,3,Critical,36.1,16.8,43.0
19-3011.01,Environmental Economists,"Research, Development, Design, and Practitioners","Life, Physical, and Social Science",5,17790.0,8895.0,20,extreme,96.9,53.1,53.1,69.9,71.5,education,62.8,76.3,Strategic trap,3,Critical,36.0,26.4,48.8
19-2011.00,Astronomers,"Research, Development, Design, and Practitioners","Life, Physical, and Social Science",5,2120.0,2120.0,17,extreme,83.1,50.0,48.4,86.4,86.6,education,88.2,83.0,Strategic trap,3,Critical,35.9,16.5,38.5
17-2111.00,"Health and Safety Engineers, Except Mining Safety Engineers and Inspectors","Research, Development, Design, and Practitioners",Architecture and Engineering,4,21450.0,10725.0,27,extreme,74.9,66.4,65.1,72.2,75.0,job_zone,60.5,82.9,Strategic trap,3,Critical,35.9,11.5,39.8
19-3033.00,Clinical and Counseling Psychologists,"Research, Development, Design, and Practitioners","Life, Physical, and Social Science",5,75990.0,75990.0,30,extreme,74.2,64.8,62.1,74.3,90.2,education,45.4,77.9,Strategic trap,3,Critical,35.7,19.9,39.8
29-1299.01,Naturopathic Physicians,"Research, Development, Design, and Practitioners",Healthcare Practitioners and Technical,5,28630.0,14315.0,20,extreme,67.2,71.5,70.1,73.5,85.2,education,57.1,68.9,Strategic trap,3,Critical,35.3,16.1,38.8
19-2012.00,Physicists,"Research, Development, Design, and Practitioners","Life, Physical, and Social Science",5,20430.0,20430.0,16,extreme,86.7,51.2,52.7,78.7,87.9,education,61.1,82.0,Strategic trap,3,Critical,34.9,18.8,42.8
29-1011.00,Chiropractors,"Research, Development, Design, and Practitioners",Healthcare Practitioners and Technical,5,39630.0,39630.0,13,extreme,72.7,68.4,68.7,69.8,77.4,education,53.2,75.7,Strategic trap,3,Critical,34.7,14.0,32.0
29-1125.00,Recreational Therapists,"Research, Development, Design, and Practitioners",Healthcare Practitioners and Technical,4,14930.0,14930.0,11,extreme,81.4,72.9,72.4,57.7,47.0,education,64.8,73.6,Strategic trap,3,Critical,34.2,25.0,45.6
15-2021.00,Mathematicians,"Research, Development, Design, and Practitioners",Computer and Mathematical,5,2030.0,2030.0,12,extreme,100.0,43.5,43.5,78.4,75.4,education,88.7,70.2,Guard the pipeline,2,High,34.1,29.9,41.5
29-1211.00,Anesthesiologists,"Research, Development, Design, and Practitioners",Healthcare Practitioners and Technical,5,38760.0,38760.0,20,extreme,57.1,76.2,73.6,77.4,94.6,education,53.4,70.6,Strategic trap,3,Critical,33.7,7.7,33.7
29-1031.00,Dietitians and Nutritionists,"Research, Development, Design, and Practitioners",Healthcare Practitioners and Technical,5,77570.0,77570.0,28,extreme,90.0,64.7,63.9,57.5,54.9,education,45.1,82.7,Strategic trap,3,Critical,33.5,20.9,41.6
29-1171.00,Nurse Practitioners,"Research, Development, Design, and Practitioners",Healthcare Practitioners and Technical,5,323040.0,323040.0,27,extreme,76.8,77.3,76.1,56.5,68.6,education,28.1,68.7,Strategic trap,3,Critical,33.5,25.6,46.9
19-1029.01,Bioinformatics Scientists,"Research, Development, Design, and Practitioners","Life, Physical, and Social Science",5,55850.0,13962.5,20,extreme,94.6,52.2,51.7,67.6,76.0,education,49.1,74.1,Strategic trap,3,Critical,33.4,21.5,46.8
29-1161.00,Nurse Midwives,"Research, Development, Design, and Practitioners",Healthcare Practitioners and Technical,5,7920.0,7920.0,21,extreme,65.7,76.0,74.1,66.8,62.5,education,72.4,69.0,Strategic trap,3,Critical,33.4,17.0,40.2
19-1042.00,"Medical Scientists, Except Epidemiologists","Research, Development, Design, and Practitioners","Life, Physical, and Social Science",5,172340.0,172340.0,14,extreme,86.1,59.1,61.2,65.3,78.6,education,35.6,76.7,Strategic trap,3,Critical,33.2,13.2,39.2
29-1128.00,Exercise Physiologists,"Research, Development, Design, and Practitioners",Healthcare Practitioners and Technical,4,8560.0,8560.0,25,extreme,65.9,66.4,63.9,75.1,75.0,job_zone,71.5,80.5,Strategic trap,3,Critical,32.9,6.6,31.3
29-1127.00,Speech-Language Pathologists,"Research, Development, Design, and Practitioners",Healthcare Practitioners and Technical,5,183390.0,183390.0,23,extreme,80.4,71.1,70.7,57.3,62.4,education,34.9,78.1,Strategic trap,3,Critical,32.8,19.8,44.1
19-3099.01,Transportation Planners,"Research, Development, Design, and Practitioners","Life, Physical, and Social Science",4,37100.0,37100.0,22,extreme,96.5,57.5,56.8,59.0,53.1,education,54.0,81.5,Strategic trap,3,Critical,32.7,30.0,48.4
19-2043.00,Hydrologists,"Research, Development, Design, and Practitioners","Life, Physical, and Social Science",4,5850.0,5850.0,25,extreme,79.9,53.6,52.2,76.3,75.0,job_zone,76.1,79.8,Strategic trap,3,Critical,32.7,8.6,33.5
17-2111.02,Fire-Prevention and Protection Engineers,"Research, Development, Design, and Practitioners",Architecture and Engineering,4,21450.0,10725.0,14,extreme,92.5,60.4,59.7,58.1,47.9,education,60.5,79.8,Strategic trap,3,Critical,32.5,21.2,42.1
19-1032.00,Foresters,"Research, Development, Design, and Practitioners","Life, Physical, and Social Science",4,10430.0,10430.0,25,extreme,74.3,59.2,61.5,74.0,75.0,job_zone,69.1,79.1,Strategic trap,3,Critical,32.5,1.7,35.2
19-1013.00,Soil and Plant Scientists,"Research, Development, Design, and Practitioners","Life, Physical, and Social Science",5,15730.0,15730.0,27,extreme,93.4,52.5,51.5,66.0,61.5,education,64.2,79.9,Strategic trap,3,Critical,32.4,4.7,41.3
29-1229.03,Urologists,"Research, Development, Design, and Practitioners",Healthcare Practitioners and Technical,5,342720.0,57120.0,14,extreme,57.3,81.3,79.3,69.1,94.4,education,27.4,68.4,Strategic trap,3,Critical,32.2,15.0,40.2
19-2041.01,Climate Change Policy Analysts,"Research, Development, Design, and Practitioners","Life, Physical, and Social Science",5,89250.0,22312.5,14,extreme,100.0,52.9,52.9,60.4,64.5,education,43.5,75.6,Strategic trap,3,Critical,32.0,31.5,49.3
19-3011.00,Economists,"Research, Development, Design, and Practitioners","Life, Physical, and Social Science",5,17790.0,8895.0,14,extreme,89.9,53.1,51.6,67.0,65.7,education,62.8,76.4,Strategic trap,3,Critical,32.0,25.6,45.6
19-1011.00,Animal Scientists,"Research, Development, Design, and Practitioners","Life, Physical, and Social Science",5,3100.0,3100.0,9,extreme,93.1,46.5,46.2,74.0,71.6,education,83.6,65.8,Guard the pipeline,2,High,32.0,7.6,43.1
17-2011.00,Aerospace Engineers,"Research, Development, Design, and Practitioners",Architecture and Engineering,4,67710.0,67710.0,14,extreme,81.2,58.5,59.0,67.4,75.0,job_zone,46.8,79.4,Strategic trap,3,Critical,32.0,12.6,31.7
29-1023.00,Orthodontists,"Research, Development, Design, and Practitioners",Healthcare Practitioners and Technical,5,6210.0,6210.0,11,extreme,54.4,71.7,74.7,82.1,87.9,education,75.3,77.6,Strategic trap,3,Critical,32.0,5.8,31.4
17-2031.00,Bioengineers and Biomedical Engineers,"Research, Development, Design, and Practitioners",Architecture and Engineering,4,23480.0,23480.0,30,extreme,92.1,54.0,52.6,63.5,61.5,education,59.4,74.8,Strategic trap,3,Critical,31.6,20.0,44.5
15-1299.06,Digital Forensics Analysts,"Research, Development, Design, and Practitioners; Technologists and Technicians",Computer and Mathematical,4,435370.0,48374.444444444445,20,extreme,93.4,54.5,55.5,61.9,75.0,job_zone,24.5,85.1,Strategic trap,3,Critical,31.5,25.6,32.6
29-1123.00,Physical Therapists,"Research, Development, Design, and Practitioners",Healthcare Practitioners and Technical,5,267330.0,267330.0,24,extreme,75.6,71.3,70.9,58.5,69.2,education,30.3,73.9,Strategic trap,3,Critical,31.5,19.4,38.9
19-2041.03,Industrial Ecologists,"Research, Development, Design, and Practitioners","Life, Physical, and Social Science",5,89250.0,22312.5,38,extreme,98.4,54.2,54.0,58.9,59.9,education,43.5,79.5,Strategic trap,3,Critical,31.4,23.9,48.4
17-2021.00,Agricultural Engineers,"Research, Development, Design, and Practitioners",Architecture and Engineering,4,1480.0,1480.0,14,extreme,82.7,55.1,54.9,68.8,50.8,education,92.5,78.1,Strategic trap,3,Critical,31.4,8.8,33.8
25-1043.00,"Forestry and Conservation Science Teachers, Postsecondary",Postsecondary Teaching,Postsecondary Teaching,5,1520.0,1520.0,25,extreme,98.4,43.4,43.2,73.3,84.5,education,92.2,16.8,Guard the pipeline,2,High,31.3,22.7,40.1
17-2041.00,Chemical Engineers,"Research, Development, Design, and Practitioners",Architecture and Engineering,4,21070.0,21070.0,14,extreme,93.0,58.7,58.7,57.4,47.5,education,60.7,77.4,Strategic trap,3,Critical,31.3,13.3,39.5
29-1131.00,Veterinarians,"Research, Development, Design, and Practitioners",Healthcare Practitioners and Technical,5,83900.0,83900.0,21,extreme,59.4,72.5,72.8,71.5,85.7,education,44.2,76.9,Strategic trap,3,Critical,30.8,7.6,37.8
15-1299.04,Penetration Testers,"Research, Development, Design, and Practitioners; Technologists and Technicians",Computer and Mathematical,4,435370.0,48374.444444444445,22,extreme,93.3,53.3,52.6,61.7,75.0,job_zone,24.5,84.1,Strategic trap,3,Critical,30.7,27.7,37.3
19-1023.00,Zoologists and Wildlife Biologists,"Research, Development, Design, and Practitioners","Life, Physical, and Social Science",4,18120.0,18120.0,14,extreme,78.7,53.3,55.0,72.5,75.0,job_zone,62.5,81.4,Strategic trap,3,Critical,30.4,7.7,33.0
29-1129.02,Music Therapists,"Research, Development, Design, and Practitioners",Healthcare Practitioners and Technical,4,22640.0,11320.0,30,extreme,75.5,69.4,72.1,57.4,49.4,education,59.9,73.7,Strategic trap,3,Critical,30.1,19.4,42.7
19-1029.03,Geneticists,"Research, Development, Design, and Practitioners","Life, Physical, and Social Science",5,55850.0,13962.5,24,extreme,86.8,49.5,49.4,69.9,79.4,education,49.1,77.4,Guard the pipeline,2,High,30.0,9.2,38.2
17-2151.00,"Mining and Geological Engineers, Including Mining Safety Engineers","Research, Development, Design, and Practitioners",Architecture and Engineering,4,6080.0,6080.0,18,extreme,88.4,54.7,52.5,62.0,47.7,education,75.6,77.3,Strategic trap,3,Critical,30.0,13.3,33.6
19-3034.00,School Psychologists,"Research, Development, Design, and Practitioners","Life, Physical, and Social Science",5,63940.0,63940.0,19,extreme,87.1,53.4,53.2,64.3,69.2,education,47.5,77.5,Strategic trap,3,Critical,29.9,18.6,39.8
25-1053.00,"Environmental Science Teachers, Postsecondary",Postsecondary Teaching,Postsecondary Teaching,5,6690.0,6690.0,25,extreme,98.3,44.2,43.9,68.2,85.1,education,74.4,16.5,Guard the pipeline,2,High,29.6,23.2,40.5
17-2051.02,Water/Wastewater Engineers,"Research, Development, Design, and Practitioners",Architecture and Engineering,4,367840.0,122613.33333333333,28,extreme,98.3,61.1,60.9,49.3,51.5,education,26.5,78.2,Reversible gamble,1,Moderate,29.6,21.4,41.5
17-2161.00,Nuclear Engineers,"Research, Development, Design, and Practitioners",Architecture and Engineering,4,15280.0,15280.0,20,extreme,83.7,59.2,58.4,59.7,49.1,education,64.6,78.9,Strategic trap,3,Critical,29.6,15.4,36.9
15-2041.01,Biostatisticians,"Research, Development, Design, and Practitioners",Computer and Mathematical,5,29030.0,14515.0,25,extreme,100.0,44.9,44.9,65.7,66.3,education,56.9,77.6,Guard the pipeline,2,High,29.5,29.5,38.5
19-2042.00,"Geoscientists, Except Hydrologists and Geographers","Research, Development, Design, and Practitioners","Life, Physical, and Social Science",4,23470.0,23470.0,32,extreme,89.4,52.6,52.8,62.8,57.0,education,59.4,82.2,Strategic trap,3,Critical,29.5,8.8,32.7
19-1021.00,Biochemists and Biophysicists,"Research, Development, Design, and Practitioners","Life, Physical, and Social Science",5,33830.0,33830.0,24,extreme,80.0,51.8,52.1,71.2,80.4,education,55.1,72.2,Strategic trap,3,Critical,29.5,0.0,34.7
29-1071.00,Physician Assistants,"Research, Development, Design, and Practitioners",Healthcare Practitioners and Technical,5,162150.0,81075.0,12,extreme,68.5,77.0,76.4,56.0,62.8,education,36.3,68.8,Strategic trap,3,Critical,29.5,19.7,38.7
25-1064.00,"Geography Teachers, Postsecondary",Postsecondary Teaching,Postsecondary Teaching,5,3330.0,3330.0,25,extreme,98.1,43.3,42.9,69.1,81.0,education,82.8,19.0,Guard the pipeline,2,High,29.4,20.7,38.3
15-1221.00,Computer and Information Research Scientists,"Research, Development, Design, and Practitioners",Computer and Mathematical,5,37200.0,37200.0,15,extreme,93.2,50.8,51.5,62.1,61.8,education,53.9,75.4,Strategic trap,3,Critical,29.4,21.5,41.2
19-2041.02,Environmental Restoration Planners,"Research, Development, Design, and Practitioners","Life, Physical, and Social Science",5,89250.0,22312.5,23,extreme,92.6,57.6,58.0,54.9,53.1,education,43.5,76.3,Strategic trap,3,Critical,29.3,18.2,44.9
19-1029.04,Biologists,"Research, Development, Design, and Practitioners","Life, Physical, and Social Science",5,55850.0,13962.5,22,extreme,87.4,52.2,52.5,64.1,66.3,education,49.1,80.9,Strategic trap,3,Critical,29.2,14.3,40.5
25-1061.00,"Anthropology and Archeology Teachers, Postsecondary",Postsecondary Teaching,Postsecondary Teaching,5,5240.0,5240.0,27,extreme,96.9,44.8,44.2,67.0,77.6,education,77.4,24.7,Guard the pipeline,2,High,29.1,21.7,40.9
19-3051.00,Urban and Regional Planners,"Research, Development, Design, and Practitioners","Life, Physical, and Social Science",5,44230.0,44230.0,25,extreme,94.0,51.8,51.3,59.8,56.0,education,51.9,81.1,Strategic trap,3,Critical,29.1,24.4,43.0
15-2041.00,Statisticians,"Research, Development, Design, and Practitioners",Computer and Mathematical,5,29030.0,14515.0,19,extreme,98.3,47.1,46.8,62.6,60.3,education,56.9,76.8,Guard the pipeline,2,High,29.0,28.3,38.9
11-9121.00,Natural Sciences Managers,Managerial,Managerial,5,108690.0,36230.0,16,extreme,89.5,54.4,54.7,59.6,67.1,education,41.1,68.4,Strategic trap,3,Critical,29.0,22.0,41.0
11-9041.00,Architectural and Engineering Managers,Managerial,Managerial,5,220260.0,110130.0,19,extreme,91.1,60.0,59.9,52.9,57.1,education,32.7,72.7,Strategic trap,3,Critical,28.9,22.1,41.7
29-1141.04,Clinical Nurse Specialists,"Research, Development, Design, and Practitioners",Healthcare Practitioners and Technical,5,3379720.0,675944.0,30,extreme,82.9,74.5,73.2,46.6,63.7,education,0.0,73.6,Reversible gamble,1,Moderate,28.8,25.7,50.6
29-1122.00,Occupational Therapists,"Research, Development, Design, and Practitioners",Healthcare Practitioners and Technical,5,162450.0,81225.0,17,extreme,75.2,69.0,69.9,55.6,59.4,education,36.3,75.2,Strategic trap,3,Critical,28.8,14.2,38.3
29-2036.00,Medical Dosimetrists,Technologists and Technicians,Healthcare Practitioners and Technical,4,3410.0,3410.0,19,extreme,65.2,65.1,66.2,67.3,51.5,education,82.5,84.2,Strategic trap,3,Critical,28.6,5.8,23.2
25-1041.00,"Agricultural Sciences Teachers, Postsecondary",Postsecondary Teaching,Postsecondary Teaching,5,8920.0,8920.0,23,extreme,98.2,43.6,43.3,66.3,84.1,education,71.0,14.8,Guard the pipeline,2,High,28.4,21.6,39.9
17-2199.03,"Energy Engineers, Except Wind and Solar","Research, Development, Design, and Practitioners",Architecture and Engineering,4,154070.0,19258.75,21,extreme,87.8,49.7,46.7,65.0,75.0,job_zone,36.9,82.3,Guard the pipeline,2,High,28.4,14.5,28.7
19-2041.00,"Environmental Scientists and Specialists, Including Health","Research, Development, Design, and Practitioners","Life, Physical, and Social Science",4,89250.0,22312.5,22,extreme,95.7,59.0,58.9,50.3,44.1,education,43.5,76.2,Strategic trap,3,Critical,28.4,22.4,44.7
19-1031.00,Conservation Scientists,"Research, Development, Design, and Practitioners","Life, Physical, and Social Science",4,25950.0,8650.0,30,extreme,83.2,58.5,59.5,58.2,49.5,education,58.2,79.9,Strategic trap,3,Critical,28.3,9.8,38.1
17-2199.06,Microsystems Engineers,"Research, Development, Design, and Practitioners",Architecture and Engineering,5,154070.0,19258.75,31,extreme,86.9,56.9,57.9,57.0,60.8,education,36.9,77.7,Strategic trap,3,Critical,28.2,13.1,33.3
19-3022.00,Survey Researchers,"Research, Development, Design, and Practitioners","Life, Physical, and Social Science",5,8290.0,8290.0,16,extreme,93.5,46.0,45.5,65.1,55.6,education,71.9,78.4,Guard the pipeline,2,High,28.0,19.1,37.8
19-1029.02,Molecular and Cellular Biologists,"Research, Development, Design, and Practitioners","Life, Physical, and Social Science",5,55850.0,13962.5,22,extreme,74.6,55.1,54.9,68.0,74.9,education,49.1,79.2,Strategic trap,3,Critical,28.0,6.9,33.0
25-1066.00,"Psychology Teachers, Postsecondary",Postsecondary Teaching,Postsecondary Teaching,5,41530.0,41530.0,29,extreme,94.6,46.1,44.7,63.9,85.9,education,52.6,25.9,Guard the pipeline,2,High,27.9,21.5,40.2
11-9121.02,Water Resource Specialists,Managerial,Managerial,4,108690.0,36230.0,21,extreme,90.0,54.4,54.5,55.7,53.8,education,41.1,82.5,Strategic trap,3,Critical,27.3,16.1,36.9
19-2021.00,Atmospheric and Space Scientists,"Research, Development, Design, and Practitioners","Life, Physical, and Social Science",4,10000.0,10000.0,27,extreme,85.4,48.3,48.5,66.0,57.7,education,69.6,81.5,Guard the pipeline,2,High,27.2,15.4,38.0
25-1067.00,"Sociology Teachers, Postsecondary",Postsecondary Teaching,Postsecondary Teaching,5,11850.0,11850.0,24,extreme,98.2,43.4,43.1,63.7,79.3,education,67.6,18.9,Guard the pipeline,2,High,27.1,21.5,39.7
29-2051.00,Dietetic Technicians,Technologists and Technicians,Healthcare Practitioners and Technical,3,31560.0,31560.0,13,extreme,92.2,65.7,64.7,44.6,25.0,education,55.9,76.7,Reversible gamble,1,Moderate,27.0,19.8,41.3
25-1065.00,"Political Science Teachers, Postsecondary",Postsecondary Teaching,Postsecondary Teaching,5,16970.0,16970.0,22,extreme,98.1,42.6,42.3,64.3,83.8,education,63.3,17.1,Guard the pipeline,2,High,26.9,22.0,39.5
25-1063.00,"Economics Teachers, Postsecondary",Postsecondary Teaching,Postsecondary Teaching,5,11560.0,11560.0,22,extreme,98.2,42.5,42.1,64.1,80.6,education,67.9,17.1,Guard the pipeline,2,High,26.8,22.3,39.6
17-2112.01,Human Factors Engineers and Ergonomists,"Research, Development, Design, and Practitioners",Architecture and Engineering,5,365740.0,91435.0,26,extreme,92.7,56.8,56.5,50.7,54.6,education,26.6,77.0,Strategic trap,3,Critical,26.7,15.5,43.2
29-1141.02,Advanced Practice Psychiatric Nurses,"Research, Development, Design, and Practitioners",Healthcare Practitioners and Technical,5,3379720.0,675944.0,24,extreme,73.9,78.1,78.8,46.1,64.2,education,0.0,70.2,Reversible gamble,1,Moderate,26.6,21.9,44.4
25-1062.00,"Area, Ethnic, and Cultural Studies Teachers, Postsecondary",Postsecondary Teaching,Postsecondary Teaching,5,11300.0,11300.0,23,extreme,98.0,42.8,42.5,63.0,77.4,education,68.2,19.0,Guard the pipeline,2,High,26.4,22.1,40.0
19-1031.02,Range Managers,"Research, Development, Design, and Practitioners","Life, Physical, and Social Science",4,25950.0,8650.0,18,extreme,81.8,57.0,57.0,56.7,46.5,education,58.2,79.8,Strategic trap,3,Critical,26.4,4.3,39.2
29-9021.00,Health Information Technologists and Medical Registrars,"Research, Development, Design, and Practitioners; Technologists and Technicians",Healthcare Practitioners and Technical,3,38100.0,38100.0,16,extreme,87.5,51.7,49.3,58.1,50.0,job_zone,53.6,85.1,Strategic trap,3,Critical,26.3,19.9,33.3
15-2031.00,Operations Research Analysts,"Research, Development, Design, and Practitioners",Computer and Mathematical,5,108510.0,108510.0,17,extreme,100.0,45.5,45.5,57.1,59.0,education,41.1,76.6,Guard the pipeline,2,High,26.0,25.1,42.1
25-1054.00,"Physics Teachers, Postsecondary",Postsecondary Teaching,Postsecondary Teaching,5,13090.0,13090.0,24,extreme,92.2,43.8,42.9,64.4,82.0,education,66.4,17.6,Guard the pipeline,2,High,26.0,19.2,38.1
17-2131.00,Materials Engineers,"Research, Development, Design, and Practitioners",Architecture and Engineering,4,22770.0,22770.0,21,extreme,81.7,54.1,55.0,58.9,50.5,education,59.8,78.5,Strategic trap,3,Critical,26.0,9.9,31.3
25-1051.00,"Atmospheric, Earth, Marine, and Space Sciences Teachers, Postsecondary",Postsecondary Teaching,Postsecondary Teaching,5,9900.0,9900.0,26,extreme,98.3,42.6,42.3,61.7,74.3,education,69.8,18.0,Guard the pipeline,2,High,25.8,21.8,38.9
15-2051.00,Data Scientists,"Research, Development, Design, and Practitioners",Computer and Mathematical,4,262440.0,87480.0,16,extreme,100.0,42.8,42.8,60.1,75.0,job_zone,30.6,67.3,Guard the pipeline,2,High,25.7,28.8,40.8
25-1052.00,"Chemistry Teachers, Postsecondary",Postsecondary Teaching,Postsecondary Teaching,5,19980.0,19980.0,28,extreme,91.8,44.8,43.9,62.6,78.5,education,61.4,24.4,Guard the pipeline,2,High,25.7,18.5,37.2
17-2081.00,Environmental Engineers,"Research, Development, Design, and Practitioners",Architecture and Engineering,4,38340.0,38340.0,29,extreme,86.8,51.9,51.2,57.1,50.2,education,53.6,79.5,Strategic trap,3,Critical,25.7,13.1,36.3
19-3091.00,Anthropologists and Archeologists,"Research, Development, Design, and Practitioners","Life, Physical, and Social Science",5,8990.0,8990.0,30,extreme,73.4,49.6,51.3,70.0,64.4,education,70.9,82.5,Guard the pipeline,2,High,25.5,0.2,35.3
15-2099.01,Bioinformatics Technicians,"Research, Development, Design, and Practitioners; Technologists and Technicians",Computer and Mathematical,4,3720.0,3720.0,19,extreme,94.7,39.5,39.8,67.9,55.2,education,81.5,79.2,Guard the pipeline,2,High,25.4,21.8,35.8
25-1031.00,"Architecture Teachers, Postsecondary",Postsecondary Teaching,Postsecondary Teaching,5,7700.0,7700.0,22,extreme,97.9,43.0,42.6,60.3,69.8,education,72.8,17.6,Guard the pipeline,2,High,25.4,22.5,39.5
25-1042.00,"Biological Science Teachers, Postsecondary",Postsecondary Teaching,Postsecondary Teaching,5,50190.0,50190.0,27,extreme,93.1,43.5,42.8,62.7,87.1,education,50.3,20.5,Guard the pipeline,2,High,25.4,19.7,39.7
25-1032.00,"Engineering Teachers, Postsecondary",Postsecondary Teaching,Postsecondary Teaching,5,40270.0,40270.0,24,extreme,95.9,43.0,42.2,61.2,82.9,education,53.0,19.1,Guard the pipeline,2,High,25.2,22.2,39.1
29-1122.01,"Low Vision Therapists, Orientation and Mobility Specialists, and Vision Rehabilitation Therapists","Research, Development, Design, and Practitioners",Healthcare Practitioners and Technical,5,162450.0,81225.0,21,extreme,63.7,72.0,72.5,55.0,57.5,education,36.3,76.9,Strategic trap,3,Critical,25.2,11.3,42.3
15-1212.00,Information Security Analysts,"Research, Development, Design, and Practitioners",Computer and Mathematical,4,190650.0,190650.0,11,extreme,100.0,53.1,53.1,47.0,44.3,education,34.4,72.5,Reversible gamble,1,Moderate,25.0,28.8,34.2
17-2171.00,Petroleum Engineers,"Research, Development, Design, and Practitioners",Architecture and Engineering,4,18060.0,18060.0,23,extreme,75.8,55.7,55.0,58.7,48.2,education,62.6,79.0,Strategic trap,3,Critical,24.8,6.6,27.8
19-4044.00,Hydrologic Technicians,Technologists and Technicians,"Life, Physical, and Social Science",3,2840.0,2840.0,16,extreme,75.0,48.9,53.1,66.7,50.0,job_zone,84.7,81.2,Guard the pipeline,2,High,24.5,2.5,24.0
17-2199.09,Nanosystems Engineers,"Research, Development, Design, and Practitioners",Architecture and Engineering,5,154070.0,19258.75,25,extreme,73.2,51.6,50.9,64.8,75.5,education,36.9,79.7,Strategic trap,3,Critical,24.5,3.6,32.2
19-2032.00,Materials Scientists,"Research, Development, Design, and Practitioners","Life, Physical, and Social Science",4,8470.0,8470.0,16,extreme,76.7,48.8,48.8,65.1,55.3,education,71.6,79.8,Guard the pipeline,2,High,24.4,7.5,30.0
15-1255.00,Web and Digital Interface Designers,"Research, Development, Design, and Practitioners",Computer and Mathematical,4,113330.0,56665.0,30,extreme,100.0,37.6,37.6,64.7,75.0,job_zone,40.6,75.1,Guard the pipeline,2,High,24.3,25.1,36.8
17-1012.00,Landscape Architects,"Research, Development, Design, and Practitioners",Architecture and Engineering,4,19600.0,19600.0,19,extreme,86.6,48.2,47.3,58.2,47.7,education,61.6,79.4,Guard the pipeline,2,High,24.3,12.2,36.2
19-4061.00,Social Science Research Assistants,Technologists and Technicians,"Life, Physical, and Social Science",4,30640.0,30640.0,22,extreme,90.8,45.6,45.8,58.2,50.4,education,56.3,80.4,Guard the pipeline,2,High,24.1,19.7,32.8
25-1022.00,"Mathematical Science Teachers, Postsecondary",Postsecondary Teaching,Postsecondary Teaching,5,47670.0,47670.0,23,extreme,98.2,43.3,43.0,56.3,72.5,education,51.0,23.9,Guard the pipeline,2,High,23.9,22.1,37.6
25-1072.00,"Nursing Instructors and Teachers, Postsecondary",Postsecondary Teaching,Postsecondary Teaching,5,77960.0,77960.0,29,extreme,96.8,45.4,45.0,54.3,71.8,education,45.1,24.4,Guard the pipeline,2,High,23.9,21.9,41.4
17-2199.10,Wind Energy Engineers,"Research, Development, Design, and Practitioners",Architecture and Engineering,4,154070.0,19258.75,16,extreme,77.6,60.0,58.9,51.2,49.4,education,36.9,77.2,Strategic trap,3,Critical,23.8,11.8,32.8
19-3092.00,Geographers,"Research, Development, Design, and Practitioners","Life, Physical, and Social Science",4,1400.0,1400.0,12,extreme,71.9,44.7,46.1,73.3,60.8,education,93.2,74.9,Guard the pipeline,2,High,23.6,0.0,29.8
17-2199.08,Robotics Engineers,"Research, Development, Design, and Practitioners",Architecture and Engineering,4,154070.0,19258.75,24,extreme,84.8,54.5,53.6,50.9,48.6,education,36.9,77.7,Strategic trap,3,Critical,23.5,8.8,30.7
29-2011.01,Cytogenetic Technologists,Technologists and Technicians,Healthcare Practitioners and Technical,4,332940.0,55490.0,30,extreme,56.8,67.1,73.4,61.3,75.0,job_zone,27.7,77.6,Strategic trap,3,Critical,23.4,0.3,11.1
17-2141.01,Fuel Cell Engineers,"Research, Development, Design, and Practitioners",Architecture and Engineering,4,296810.0,98936.66666666667,26,extreme,84.6,53.8,54.6,50.8,52.7,education,29.1,78.7,Strategic trap,3,Critical,23.1,9.6,34.5
17-2061.00,Computer Hardware Engineers,"Research, Development, Design, and Practitioners",Architecture and Engineering,4,76660.0,76660.0,18,extreme,81.0,51.0,51.9,55.7,53.8,education,45.3,75.9,Strategic trap,3,Critical,23.0,12.6,34.1
15-1243.01,Data Warehousing Specialists,"Research, Development, Design, and Practitioners",Computer and Mathematical,4,67140.0,33570.0,18,extreme,100.0,45.2,45.2,50.6,43.0,education,46.9,75.0,Guard the pipeline,2,High,22.9,29.1,40.7
15-1211.01,Health Informatics Specialists,"Research, Development, Design, and Practitioners",Computer and Mathematical,5,519530.0,259765.0,17,extreme,100.0,46.7,46.7,49.1,56.0,education,22.4,71.8,Clear win,0,Low,22.9,29.5,43.0
15-1299.07,Blockchain Engineers,"Research, Development, Design, and Practitioners; Technologists and Technicians",Computer and Mathematical,4,435370.0,48374.444444444445,17,extreme,100.0,50.3,50.3,45.5,45.9,education,24.5,76.0,Reversible gamble,1,Moderate,22.9,25.0,35.6
19-2099.01,Remote Sensing Scientists and Technologists,"Research, Development, Design, and Practitioners","Life, Physical, and Social Science",4,22300.0,22300.0,24,extreme,80.2,48.5,49.4,58.9,49.8,education,60.1,79.8,Guard the pipeline,2,High,22.9,8.7,31.1
17-2051.01,Transportation Engineers,"Research, Development, Design, and Practitioners",Architecture and Engineering,4,367840.0,122613.33333333333,26,extreme,83.2,58.8,58.7,46.9,46.2,education,26.5,79.2,Reversible gamble,1,Moderate,22.9,14.1,35.6
17-2199.07,Photonics Engineers,"Research, Development, Design, and Practitioners",Architecture and Engineering,4,154070.0,19258.75,26,extreme,81.6,52.7,54.4,53.0,53.1,education,36.9,77.1,Strategic trap,3,Critical,22.8,10.4,33.1
29-9091.00,Athletic Trainers,"Research, Development, Design, and Practitioners",Healthcare Practitioners and Technical,5,30500.0,30500.0,23,extreme,65.7,58.6,59.4,59.1,52.0,education,56.3,81.0,Strategic trap,3,Critical,22.8,0.0,26.0
29-9099.01,Midwives,"Research, Development, Design, and Practitioners; Technologists and Technicians",Healthcare Practitioners and Technical,5,35010.0,35010.0,36,extreme,57.7,75.2,74.9,52.6,42.9,education,54.7,73.6,Strategic trap,3,Critical,22.8,7.6,33.8
29-2072.00,Medical Records Specialists,Technologists and Technicians,Healthcare Practitioners and Technical,3,194720.0,194720.0,16,extreme,86.1,51.1,48.2,51.5,50.0,job_zone,34.1,81.3,Strategic trap,3,Critical,22.7,21.8,28.6
17-2141.02,Automotive Engineers,"Research, Development, Design, and Practitioners",Architecture and Engineering,4,296810.0,98936.66666666667,25,extreme,81.2,56.7,55.2,49.4,50.2,education,29.1,77.8,Reversible gamble,1,Moderate,22.7,15.0,38.3
25-1021.00,"Computer Science Teachers, Postsecondary",Postsecondary Teaching,Postsecondary Teaching,5,35480.0,35480.0,26,extreme,92.0,44.4,42.9,55.2,69.5,education,54.5,20.7,Guard the pipeline,2,High,22.5,20.1,40.3
19-1012.00,Food Scientists and Technologists,"Research, Development, Design, and Practitioners","Life, Physical, and Social Science",4,13060.0,13060.0,13,extreme,74.8,51.9,50.9,57.1,44.1,education,66.4,75.9,Strategic trap,3,Critical,22.2,2.7,33.0
17-2112.03,Manufacturing Engineers,"Research, Development, Design, and Practitioners",Architecture and Engineering,4,365740.0,91435.0,24,extreme,89.2,55.0,54.6,45.1,44.2,education,26.6,75.0,Reversible gamble,1,Moderate,22.1,16.1,38.1
15-1241.01,Telecommunications Engineering Specialists,"Research, Development, Design, and Practitioners",Computer and Mathematical,3,179740.0,89870.0,26,extreme,92.2,46.9,47.2,50.2,50.0,job_zone,35.1,73.6,Guard the pipeline,2,High,21.7,15.2,31.3
11-9121.01,Clinical Research Coordinators,Managerial,Managerial,4,108690.0,36230.0,33,extreme,95.2,48.1,47.5,47.3,39.9,education,41.1,75.2,Clear win,0,Low,21.7,19.5,31.9
29-1291.00,Acupuncturists,"Research, Development, Design, and Practitioners",Healthcare Practitioners and Technical,5,7830.0,7830.0,18,extreme,42.6,74.4,75.6,68.4,62.6,education,72.6,76.8,Protect,2,High,21.7,0.7,32.9
17-2112.00,Industrial Engineers,"Research, Development, Design, and Practitioners",Architecture and Engineering,4,365740.0,91435.0,20,extreme,90.1,53.9,53.2,44.4,42.4,education,26.6,75.9,Reversible gamble,1,Moderate,21.6,19.7,36.2
19-1031.03,Park Naturalists,"Research, Development, Design, and Practitioners","Life, Physical, and Social Science",4,25950.0,8650.0,20,extreme,72.9,40.9,36.3,72.6,75.0,job_zone,58.2,88.1,Guard the pipeline,2,High,21.6,0.0,22.1
15-1243.00,Database Architects,"Research, Development, Design, and Practitioners",Computer and Mathematical,4,67140.0,33570.0,25,extreme,98.0,41.9,41.8,52.3,47.6,education,46.9,72.3,Guard the pipeline,2,High,21.5,26.1,36.4
15-1299.09,Information Technology Project Managers,"Research, Development, Design, and Practitioners; Technologists and Technicians",Computer and Mathematical,4,435370.0,48374.444444444445,21,extreme,90.8,52.4,51.3,45.0,43.2,education,24.5,80.1,Reversible gamble,1,Moderate,21.4,24.7,40.4
17-2072.00,"Electronics Engineers, Except Computer","Research, Development, Design, and Practitioners",Architecture and Engineering,4,96900.0,48450.0,20,extreme,83.9,50.4,50.8,50.7,44.5,education,42.5,78.6,Strategic trap,3,Critical,21.4,11.2,30.1
15-1299.05,Information Security Engineers,"Research, Development, Design, and Practitioners; Technologists and Technicians",Computer and Mathematical,4,435370.0,48374.444444444445,20,extreme,94.6,54.3,53.3,41.5,36.0,education,24.5,81.0,Reversible gamble,1,Moderate,21.3,23.7,38.7
15-1299.02,Geographic Information Systems Technologists and Technicians,"Research, Development, Design, and Practitioners; Technologists and Technicians",Computer and Mathematical,4,435370.0,48374.444444444445,29,extreme,100.0,36.0,36.0,58.9,75.0,job_zone,24.5,70.4,Guard the pipeline,2,High,21.2,25.8,32.1
15-1241.00,Computer Network Architects,"Research, Development, Design, and Practitioners",Computer and Mathematical,4,179740.0,89870.0,33,extreme,95.9,49.5,49.7,44.7,39.2,education,35.1,72.6,Clear win,0,Low,21.2,19.1,36.0
17-3026.00,Industrial Engineering Technologists and Technicians,Technologists and Technicians,Architecture and Engineering,3,75570.0,37785.0,30,extreme,71.8,54.0,54.6,54.1,50.0,job_zone,45.5,77.4,Strategic trap,3,Critical,21.0,3.2,24.9
15-1244.00,Network and Computer Systems Administrators,"Research, Development, Design, and Practitioners",Computer and Mathematical,3,314340.0,314340.0,20,extreme,93.2,46.9,47.0,47.8,50.0,job_zone,28.4,71.4,Clear win,0,Low,20.9,15.5,24.1
19-2031.00,Chemists,"Research, Development, Design, and Practitioners","Life, Physical, and Social Science",4,82770.0,82770.0,12,extreme,66.2,54.0,55.7,58.6,59.5,education,44.4,77.4,Strategic trap,3,Critical,20.9,0.0,24.7
29-1151.00,Nurse Anesthetists,"Research, Development, Design, and Practitioners",Healthcare Practitioners and Technical,5,51840.0,51840.0,24,extreme,41.0,76.6,72.7,66.7,74.9,education,50.0,71.4,Protect,2,High,20.9,0.0,25.9
15-1242.00,Database Administrators,"Research, Development, Design, and Practitioners",Computer and Mathematical,4,69990.0,69990.0,18,extreme,100.0,40.5,40.5,51.3,45.7,education,46.4,72.4,Guard the pipeline,2,High,20.8,25.6,29.6
17-2199.05,Mechatronics Engineers,"Research, Development, Design, and Practitioners",Architecture and Engineering,4,154070.0,19258.75,23,extreme,78.0,57.2,56.5,46.3,40.4,education,36.9,75.1,Reversible gamble,1,Moderate,20.7,11.0,33.5
15-2051.02,Clinical Data Managers,"Research, Development, Design, and Practitioners",Computer and Mathematical,4,262440.0,87480.0,21,extreme,97.9,43.5,43.1,47.8,46.5,education,30.6,77.0,Clear win,0,Low,20.4,25.5,38.0
11-3021.00,Computer and Information Systems Managers,Managerial,Managerial,4,670570.0,670570.0,17,extreme,96.8,53.2,53.2,39.6,41.5,education,19.3,65.5,Reversible gamble,1,Moderate,20.4,25.8,43.7
17-2051.00,Civil Engineers,"Research, Development, Design, and Practitioners",Architecture and Engineering,4,367840.0,122613.33333333333,16,extreme,69.2,62.1,62.3,47.4,48.0,education,26.5,77.4,Reversible gamble,1,Moderate,20.4,5.6,29.9
17-3013.00,Mechanical Drafters,Technologists and Technicians,Architecture and Engineering,3,39960.0,39960.0,16,extreme,73.8,48.5,47.8,56.5,50.0,job_zone,53.1,78.0,Guard the pipeline,2,High,20.2,7.1,18.9
25-1071.00,"Health Specialties Teachers, Postsecondary",Postsecondary Teaching,Postsecondary Teaching,5,221270.0,221270.0,22,extreme,95.3,43.8,42.9,48.1,70.2,education,32.6,16.3,Clear win,0,Low,20.1,21.2,38.6
15-1299.03,Document Management Specialists,"Research, Development, Design, and Practitioners; Technologists and Technicians",Computer and Mathematical,4,435370.0,48374.444444444445,23,extreme,100.0,43.3,43.3,46.2,46.2,education,24.5,78.6,Clear win,0,Low,20.0,29.1,35.0
17-3012.00,Electrical and Electronics Drafters,Technologists and Technicians,Architecture and Engineering,3,17920.0,17920.0,30,extreme,77.0,49.7,50.3,51.9,34.9,education,62.7,78.0,Guard the pipeline,2,High,19.9,8.3,26.8
11-9111.00,Medical and Health Services Managers,Managerial,Managerial,4,597080.0,597080.0,18,extreme,88.4,51.5,51.1,43.8,47.4,education,20.7,69.4,Reversible gamble,1,Moderate,19.9,17.6,35.1
17-2071.00,Electrical Engineers,"Research, Development, Design, and Practitioners",Architecture and Engineering,4,198750.0,198750.0,22,extreme,72.0,56.5,56.2,48.9,45.6,education,33.9,79.5,Reversible gamble,1,Moderate,19.9,5.1,26.7
15-1251.00,Computer Programmers,"Research, Development, Design, and Practitioners",Computer and Mathematical,4,92230.0,92230.0,17,extreme,100.0,39.4,39.4,49.9,44.4,education,43.1,73.7,Clear win,0,Low,19.7,23.7,32.1
19-4012.01,Precision Agriculture Technicians,Technologists and Technicians,"Life, Physical, and Social Science",3,15130.0,7565.0,22,extreme,80.2,46.8,46.9,52.6,34.6,education,64.7,79.6,Guard the pipeline,2,High,19.7,8.5,25.8
29-1141.01,Acute Care Nurses,"Research, Development, Design, and Practitioners",Healthcare Practitioners and Technical,4,3379720.0,675944.0,27,extreme,65.3,77.7,76.9,38.1,47.6,education,0.0,71.5,Reversible gamble,1,Moderate,19.3,16.3,39.7
29-2091.00,Orthotists and Prosthetists,Technologists and Technicians,Healthcare Practitioners and Technical,5,9390.0,9390.0,15,extreme,42.4,68.4,69.1,66.2,60.4,education,70.4,74.2,Protect,2,High,19.2,0.0,20.6
17-2121.00,Marine Engineers and Naval Architects,"Research, Development, Design, and Practitioners",Architecture and Engineering,4,8250.0,8250.0,30,extreme,62.8,52.6,51.5,57.9,41.3,education,71.9,78.6,Strategic trap,3,Critical,19.1,3.0,23.9
19-4043.00,"Geological Technicians, Except Hydrologic Technicians",Technologists and Technicians,"Life, Physical, and Social Science",4,6980.0,6980.0,29,extreme,55.1,45.9,43.3,75.7,75.0,job_zone,73.9,80.2,Guard the pipeline,2,High,19.1,0.0,9.0
17-3025.00,Environmental Engineering Technologists and Technicians,Technologists and Technicians,Architecture and Engineering,4,12190.0,12190.0,23,extreme,64.9,52.0,51.3,56.4,39.9,education,67.3,81.2,Strategic trap,3,Critical,19.0,0.0,16.4
17-3023.00,Electrical and Electronic Engineering Technologists and Technicians,Technologists and Technicians,Architecture and Engineering,3,95130.0,95130.0,28,extreme,71.8,49.6,51.3,53.2,50.0,job_zone,42.7,76.7,Guard the pipeline,2,High,18.9,2.2,25.6
17-2112.02,Validation Engineers,"Research, Development, Design, and Practitioners",Architecture and Engineering,4,365740.0,91435.0,21,extreme,76.8,52.4,52.1,46.7,46.2,education,26.6,77.9,Reversible gamble,1,Moderate,18.8,9.2,28.4
29-1022.00,Oral and Maxillofacial Surgeons,"Research, Development, Design, and Practitioners",Healthcare Practitioners and Technical,5,4910.0,4910.0,15,extreme,24.2,89.7,85.3,86.0,95.1,education,78.1,75.0,Protect,2,High,18.7,0.0,29.4
17-2199.11,Solar Energy Systems Engineers,"Research, Development, Design, and Practitioners",Architecture and Engineering,4,154070.0,19258.75,13,extreme,76.0,53.7,56.0,45.3,37.6,education,36.9,77.1,Reversible gamble,1,Moderate,18.5,6.6,30.7
29-1021.00,"Dentists, General","Research, Development, Design, and Practitioners",Healthcare Practitioners and Technical,5,124390.0,124390.0,20,extreme,31.9,79.4,75.9,72.9,90.5,education,39.5,79.0,Protect,2,High,18.5,0.0,28.5
17-3011.00,Architectural and Civil Drafters,Technologists and Technicians,Architecture and Engineering,3,103700.0,103700.0,26,extreme,72.0,48.3,48.8,53.0,50.0,job_zone,41.7,77.3,Guard the pipeline,2,High,18.4,8.6,21.0
17-2141.00,Mechanical Engineers,"Research, Development, Design, and Practitioners",Architecture and Engineering,4,296810.0,98936.66666666667,28,extreme,77.4,53.8,52.5,43.4,37.8,education,29.1,78.7,Reversible gamble,1,Moderate,18.1,10.3,35.9
29-2099.08,Patient Representatives,Technologists and Technicians,Healthcare Practitioners and Technical,3,182610.0,60870.0,13,extreme,90.5,38.7,37.4,51.3,50.0,job_zone,34.9,79.2,Guard the pipeline,2,High,18.0,14.8,33.9
17-2072.01,Radio Frequency Identification Device Specialists,"Research, Development, Design, and Practitioners",Architecture and Engineering,4,96900.0,48450.0,21,extreme,73.6,48.7,49.2,50.3,44.2,education,42.5,77.3,Guard the pipeline,2,High,18.0,4.6,28.9
29-2032.00,Diagnostic Medical Sonographers,Technologists and Technicians,Healthcare Practitioners and Technical,3,90160.0,90160.0,19,extreme,49.8,67.0,63.1,53.1,50.0,job_zone,43.3,75.7,Protect,2,High,17.7,1.9,16.3
15-1299.01,Web Administrators,"Research, Development, Design, and Practitioners; Technologists and Technicians",Computer and Mathematical,4,435370.0,48374.444444444445,35,extreme,97.2,44.0,44.5,41.1,39.4,education,24.5,70.5,Clear win,0,Low,17.6,23.9,33.1
19-1022.00,Microbiologists,"Research, Development, Design, and Practitioners","Life, Physical, and Social Science",4,18940.0,18940.0,14,extreme,58.2,51.9,53.0,58.3,50.0,education,62.0,73.3,Strategic trap,3,Critical,17.6,0.0,20.9
15-1254.00,Web Developers,"Research, Development, Design, and Practitioners",Computer and Mathematical,3,70190.0,70190.0,29,extreme,96.5,39.7,39.5,45.8,34.8,education,46.3,72.7,Clear win,0,Low,17.5,23.7,31.2
15-1253.00,Software Quality Assurance Analysts and Testers,"Research, Development, Design, and Practitioners",Computer and Mathematical,4,186740.0,186740.0,30,extreme,96.8,41.0,41.5,43.9,37.9,education,34.6,72.8,Clear win,0,Low,17.4,20.6,24.5
17-3022.00,Civil Engineering Technologists and Technicians,Technologists and Technicians,Architecture and Engineering,3,68520.0,68520.0,14,extreme,78.1,50.3,48.5,44.1,29.8,education,46.6,76.2,Reversible gamble,1,Moderate,17.3,10.7,25.7
29-1126.00,Respiratory Therapists,"Research, Development, Design, and Practitioners",Healthcare Practitioners and Technical,3,139790.0,139790.0,23,extreme,44.9,74.6,73.2,51.7,50.0,job_zone,38.1,76.4,Protect,2,High,17.3,0.0,26.7
15-2051.01,Business Intelligence Analysts,"Research, Development, Design, and Practitioners",Computer and Mathematical,4,262440.0,87480.0,17,extreme,100.0,35.2,35.2,49.0,49.3,education,30.6,75.8,Clear win,0,Low,17.2,27.6,32.9
15-1252.00,Software Developers,"Research, Development, Design, and Practitioners",Computer and Mathematical,4,1687890.0,1687890.0,17,extreme,94.7,45.7,45.0,39.6,44.8,education,8.3,73.5,Clear win,0,Low,17.1,20.9,35.0
15-1299.08,Computer Systems Engineers/Architects,"Research, Development, Design, and Practitioners; Technologists and Technicians",Computer and Mathematical,3,435370.0,48374.444444444445,28,extreme,96.1,46.6,47.3,38.0,32.3,education,24.5,72.7,Clear win,0,Low,17.0,21.8,36.9
17-1022.01,Geodetic Surveyors,Technologists and Technicians,Architecture and Engineering,4,50830.0,25415.0,16,extreme,69.0,46.8,44.4,52.7,44.6,education,50.2,76.7,Guard the pipeline,2,High,17.0,3.7,7.8
17-3027.00,Mechanical Engineering Technologists and Technicians,Technologists and Technicians,Architecture and Engineering,3,36190.0,18095.0,30,extreme,72.4,47.5,49.1,48.3,32.3,education,54.3,79.4,Clear win,0,Low,16.6,3.0,18.6
29-2011.02,Cytotechnologists,Technologists and Technicians,Healthcare Practitioners and Technical,5,332940.0,55490.0,13,extreme,50.5,67.3,69.0,48.8,51.0,education,27.7,75.0,Reversible gamble,1,Moderate,16.6,0.0,9.8
15-1211.00,Computer Systems Analysts,"Research, Development, Design, and Practitioners",Computer and Mathematical,4,519530.0,259765.0,22,extreme,97.8,42.6,42.2,39.7,37.3,education,22.4,71.7,Clear win,0,Low,16.5,23.7,37.4
19-4042.00,"Environmental Science and Protection Technicians, Including Health",Technologists and Technicians,"Life, Physical, and Social Science",4,34670.0,34670.0,25,extreme,56.7,55.0,55.9,53.0,40.2,education,54.8,82.5,Strategic trap,3,Critical,16.5,0.0,21.7
29-1141.00,Registered Nurses,"Research, Development, Design, and Practitioners",Healthcare Practitioners and Technical,4,3379720.0,675944.0,27,extreme,66.0,74.2,73.6,33.2,38.0,education,0.0,71.0,Reversible gamble,1,Moderate,16.3,11.2,34.0
19-4092.00,Forensic Science Technicians,Technologists and Technicians,"Life, Physical, and Social Science",3,19120.0,19120.0,24,extreme,46.9,69.8,67.2,49.9,30.4,education,61.9,80.8,Hold the line,0,Low,16.3,0.0,19.1
19-4099.03,Remote Sensing Technicians,Technologists and Technicians,"Life, Physical, and Social Science",4,73910.0,36955.0,21,extreme,73.1,44.2,43.8,49.9,40.3,education,45.7,80.1,Clear win,0,Low,16.1,4.4,22.3
29-2034.00,Radiologic Technologists and Technicians,Technologists and Technicians,Healthcare Practitioners and Technical,3,230490.0,230490.0,30,extreme,47.6,67.9,68.0,49.7,50.0,job_zone,32.1,75.2,Hold the line,0,Low,16.1,0.0,18.6
19-4099.01,Quality Control Analysts,Technologists and Technicians,"Life, Physical, and Social Science",3,73910.0,36955.0,26,extreme,70.5,52.3,53.0,43.3,26.4,education,45.7,82.0,Reversible gamble,1,Moderate,16.0,10.2,25.1
29-2099.01,Neurodiagnostic Technologists,Technologists and Technicians,Healthcare Practitioners and Technical,3,182610.0,60870.0,16,extreme,55.7,70.4,70.2,40.9,30.5,education,34.9,76.1,Reversible gamble,1,Moderate,16.0,0.0,23.5
29-2043.00,Paramedics,Technologists and Technicians,Healthcare Practitioners and Technical,3,100610.0,100610.0,13,extreme,37.1,81.6,77.3,52.2,50.0,job_zone,42.0,72.8,Protect,2,High,15.8,0.3,34.9
15-1255.01,Video Game Designers,"Research, Development, Design, and Practitioners",Computer and Mathematical,4,113330.0,56665.0,24,extreme,98.2,36.7,36.5,43.7,33.5,education,40.6,73.8,Clear win,0,Low,15.7,18.9,36.9
15-1231.00,Computer Network Support Specialists,Technologists and Technicians,Computer and Mathematical,4,146190.0,146190.0,26,extreme,84.3,42.3,44.0,43.9,37.0,education,37.6,70.6,Clear win,0,Low,15.7,7.6,15.4
19-4051.00,Nuclear Technicians,Technologists and Technicians,"Life, Physical, and Social Science",3,6470.0,3235.0,18,extreme,45.7,54.8,63.0,62.8,50.0,job_zone,74.8,76.9,Protect,2,High,15.7,0.0,9.6
11-9041.01,Biofuels/Biodiesel Technology and Product Development Managers,Managerial,Managerial,4,220260.0,110130.0,18,extreme,65.2,53.8,52.5,44.6,49.5,education,32.7,50.0,Reversible gamble,1,Moderate,15.6,0.0,33.8
17-3028.00,Calibration Technologists and Technicians,Technologists and Technicians,Architecture and Engineering,3,16540.0,16540.0,14,extreme,55.2,46.2,46.8,60.7,50.0,job_zone,63.6,83.0,Guard the pipeline,2,High,15.5,0.0,15.9
41-9031.00,Sales Engineers,Sales,Sales,4,51790.0,51790.0,25,extreme,88.7,36.8,36.7,47.2,47.1,education,50.0,43.1,Clear win,0,Low,15.4,13.8,29.1
29-2033.00,Nuclear Medicine Technologists,Technologists and Technicians,Healthcare Practitioners and Technical,3,17080.0,17080.0,17,extreme,43.4,65.1,64.3,53.1,36.9,education,63.2,78.3,Protect,2,High,15.0,0.0,11.0
29-1124.00,Radiation Therapists,"Research, Development, Design, and Practitioners",Healthcare Practitioners and Technical,3,17070.0,17070.0,22,extreme,40.8,70.2,68.0,52.3,35.7,education,63.2,77.3,Protect,2,High,15.0,0.0,16.2
17-1022.00,Surveyors,Technologists and Technicians,Architecture and Engineering,4,50830.0,25415.0,24,extreme,59.4,51.9,49.0,47.1,34.4,education,50.2,74.0,Reversible gamble,1,Moderate,14.5,0.0,7.7
29-2042.00,Emergency Medical Technicians,Technologists and Technicians,Healthcare Practitioners and Technical,3,180510.0,180510.0,12,extreme,37.5,75.0,78.2,50.4,50.0,job_zone,35.0,74.5,Protect,2,High,14.2,0.0,23.5
17-1021.00,Cartographers and Photogrammetrists,Technologists and Technicians,Architecture and Engineering,4,14260.0,14260.0,14,extreme,61.2,44.4,42.8,51.8,36.0,education,65.4,70.9,Guard the pipeline,2,High,14.1,0.0,-1.3
41-4011.07,Solar Sales Representatives and Assessors,Sales,Sales,3,284800.0,142400.0,13,extreme,97.0,37.1,37.5,38.5,34.7,education,29.6,61.3,Clear win,0,Low,13.9,15.5,31.1
29-1141.03,Critical Care Nurses,"Research, Development, Design, and Practitioners",Healthcare Practitioners and Technical,4,3379720.0,675944.0,29,extreme,50.5,75.6,78.1,36.5,43.1,education,0.0,74.8,Reversible gamble,1,Moderate,13.9,4.2,29.0
17-3026.01,Nanotechnology Engineering Technologists and Technicians,Technologists and Technicians,Architecture and Engineering,4,75570.0,37785.0,25,extreme,47.9,46.0,51.6,62.6,66.5,education,45.5,78.7,Quiet attrition,1,Moderate,13.8,0.0,10.2
17-3031.00,Surveying and Mapping Technicians,Technologists and Technicians,Architecture and Engineering,3,58010.0,58010.0,30,extreme,53.4,46.0,41.9,55.3,50.0,job_zone,48.6,78.4,Guard the pipeline,2,High,13.6,0.0,-1.3
29-2012.00,Medical and Clinical Laboratory Technicians,Technologists and Technicians,Healthcare Practitioners and Technical,3,332940.0,55490.0,14,extreme,43.0,62.9,70.2,49.0,50.0,job_zone,27.7,78.2,Hold the line,0,Low,13.3,0.0,3.6
29-2035.00,Magnetic Resonance Imaging Technologists,Technologists and Technicians,Healthcare Practitioners and Technical,3,43390.0,43390.0,24,extreme,43.8,64.1,61.1,47.3,31.3,education,52.1,79.9,Hold the line,0,Low,13.3,0.0,16.4
29-1071.01,Anesthesiologist Assistants,"Research, Development, Design, and Practitioners",Healthcare Practitioners and Technical,5,162150.0,81075.0,16,extreme,22.9,75.4,64.5,76.0,100.0,job_zone,36.3,75.5,Protect,2,High,13.1,0.0,19.9
29-2031.00,Cardiovascular Technologists and Technicians,Technologists and Technicians,Healthcare Practitioners and Technical,3,62960.0,62960.0,21,extreme,40.2,73.0,70.0,44.2,30.1,education,47.6,74.5,Hold the line,0,Low,13.0,0.0,15.3
17-3027.01,Automotive Engineering Technicians,Technologists and Technicians,Architecture and Engineering,3,36190.0,18095.0,18,extreme,54.9,46.7,48.6,50.3,36.9,education,54.3,77.6,Guard the pipeline,2,High,12.9,0.0,12.7
29-2011.00,Medical and Clinical Laboratory Technologists,Technologists and Technicians,Healthcare Practitioners and Technical,4,332940.0,55490.0,15,extreme,43.6,67.0,74.2,44.0,41.9,education,27.7,73.9,Hold the line,0,Low,12.9,0.0,10.4
17-3024.00,Electro-Mechanical and Mechatronics Technologists and Technicians,Technologists and Technicians,Architecture and Engineering,3,15520.0,7760.0,28,extreme,51.7,47.5,50.3,50.9,31.6,education,64.4,78.7,Guard the pipeline,2,High,12.5,0.0,14.6
29-2053.00,Psychiatric Technicians,Technologists and Technicians,Healthcare Practitioners and Technical,3,156960.0,156960.0,16,extreme,45.4,65.5,64.3,41.9,31.0,education,36.7,77.0,Hold the line,0,Low,12.5,0.0,26.3
19-4051.02,Nuclear Monitoring Technicians,Technologists and Technicians,"Life, Physical, and Social Science",3,6470.0,3235.0,16,extreme,44.4,53.9,60.6,51.7,27.3,education,74.8,78.1,Protect,2,High,12.4,0.0,0.0
17-3024.01,Robotics Technicians,Technologists and Technicians,Architecture and Engineering,3,15520.0,7760.0,22,extreme,51.8,46.9,50.4,50.5,31.5,education,64.4,77.3,Guard the pipeline,2,High,12.3,0.0,8.4
29-2081.00,"Opticians, Dispensing",Technologists and Technicians,Healthcare Practitioners and Technical,3,73530.0,73530.0,21,extreme,50.0,58.6,56.2,40.7,21.6,education,45.8,81.0,Reversible gamble,1,Moderate,11.9,0.0,16.7
15-1232.00,Computer User Support Specialists,Technologists and Technicians,Computer and Mathematical,3,717190.0,717190.0,16,extreme,83.1,37.2,37.6,38.0,37.4,education,18.5,68.6,Clear win,0,Low,11.7,7.5,25.7
29-1292.00,Dental Hygienists,"Research, Development, Design, and Practitioners",Healthcare Practitioners and Technical,3,222740.0,222740.0,16,extreme,39.4,64.6,52.4,45.5,39.2,education,32.5,80.6,Hold the line,0,Low,11.6,0.0,17.3
41-4011.00,"Sales Representatives, Wholesale and Manufacturing, Technical and Scientific Products",Sales,Sales,4,284800.0,142400.0,33,extreme,95.8,33.1,33.7,35.8,32.9,education,29.6,52.5,Clear win,0,Low,11.4,13.8,21.2
19-4021.00,Biological Technicians,Technologists and Technicians,"Life, Physical, and Social Science",4,69620.0,69620.0,18,extreme,52.2,41.6,45.6,50.9,41.4,education,46.4,81.6,Guard the pipeline,2,High,11.1,0.0,6.9
19-4031.00,Chemical Technicians,Technologists and Technicians,"Life, Physical, and Social Science",3,57540.0,57540.0,16,extreme,49.3,49.3,52.6,45.7,31.5,education,48.7,76.6,Low stakes,0,Low,11.1,0.0,20.6
17-3021.00,Aerospace Engineering and Operations Technologists and Technicians,Technologists and Technicians,Architecture and Engineering,3,11280.0,11280.0,11,extreme,45.9,49.1,51.9,48.9,25.9,education,68.2,77.7,Low stakes,0,Low,11.0,0.0,9.6
19-4071.00,Forest and Conservation Technicians,Technologists and Technicians,"Life, Physical, and Social Science",3,30410.0,30410.0,20,extreme,46.5,50.9,55.7,46.6,26.9,education,56.3,81.3,Hold the line,0,Low,11.0,0.0,14.1
19-4013.00,Food Science Technicians,Technologists and Technicians,"Life, Physical, and Social Science",3,14600.0,14600.0,16,extreme,41.5,47.0,50.8,52.9,37.9,education,65.1,72.0,Quiet attrition,1,Moderate,10.3,0.0,-0.4
29-2052.00,Pharmacy Technicians,Technologists and Technicians,Healthcare Practitioners and Technical,3,471680.0,471680.0,21,extreme,61.9,47.4,42.3,34.5,22.1,education,23.6,82.0,Clear win,0,Low,10.1,0.0,6.9
29-2092.00,Hearing Aid Specialists,Technologists and Technicians,Healthcare Practitioners and Technical,3,11270.0,11270.0,11,extreme,22.1,68.8,77.0,62.7,53.1,education,68.2,78.5,Protect,2,High,9.5,0.0,17.4
29-2061.00,Licensed Practical and Licensed Vocational Nurses,Technologists and Technicians,Healthcare Practitioners and Technical,3,648410.0,648410.0,22,extreme,41.6,61.7,57.6,35.8,28.3,education,19.7,78.5,Hold the line,0,Low,9.2,0.0,13.7
29-2055.00,Surgical Technologists,Technologists and Technicians,Healthcare Practitioners and Technical,3,117460.0,117460.0,18,extreme,27.2,63.0,51.4,52.4,50.0,job_zone,40.2,76.8,Protect,2,High,9.0,0.0,1.6
29-1024.00,Prosthodontists,"Research, Development, Design, and Practitioners",Healthcare Practitioners and Technical,5,870.0,870.0,12,extreme,13.4,71.8,85.5,89.5,92.2,education,98.8,68.6,Protect,2,High,8.6,0.0,14.6
19-4012.00,Agricultural Technicians,Technologists and Technicians,"Life, Physical, and Social Science",3,15130.0,7565.0,26,extreme,39.3,42.0,46.9,51.5,33.0,education,64.7,78.0,Quiet attrition,1,Moderate,8.5,0.0,4.0
29-2056.00,Veterinary Technologists and Technicians,Technologists and Technicians,Healthcare Practitioners and Technical,3,129140.0,129140.0,31,extreme,30.0,66.0,61.1,40.5,26.7,education,39.0,77.5,Hold the line,0,Low,8.0,0.0,10.5
17-3029.01,Non-Destructive Testing Specialists,Technologists and Technicians,Architecture and Engineering,,59930.0,29965.0,16,extreme,38.0,47.7,53.6,40.4,21.3,education,48.2,76.6,Low stakes,0,Low,7.3,0.0,-0.4
17-3029.08,Photonics Technicians,Technologists and Technicians,Architecture and Engineering,3,59930.0,29965.0,24,extreme,37.5,43.1,48.9,44.7,29.2,education,48.2,78.2,Low stakes,0,Low,7.2,0.0,2.6
29-2011.04,Histotechnologists,Technologists and Technicians,Healthcare Practitioners and Technical,4,332940.0,55490.0,16,extreme,26.7,59.2,64.6,40.3,39.4,education,27.7,61.4,Hold the line,0,Low,6.4,0.0,-6.1
29-9093.00,Surgical Assistants,"Research, Development, Design, and Practitioners",Healthcare Practitioners and Technical,3,22270.0,22270.0,28,extreme,14.5,75.5,69.4,58.9,50.0,job_zone,60.1,79.1,Protect,2,High,6.4,0.0,10.3
29-2099.05,Ophthalmic Medical Technologists,Technologists and Technicians,Healthcare Practitioners and Technical,3,182610.0,60870.0,31,extreme,22.5,63.0,73.8,40.3,28.5,education,34.9,77.7,Hold the line,0,Low,5.7,0.0,1.1
29-2057.00,Ophthalmic Medical Technicians,Technologists and Technicians,Healthcare Practitioners and Technical,3,71010.0,71010.0,20,extreme,16.4,62.6,70.2,39.2,19.4,education,46.2,78.3,Hold the line,0,Low,4.0,0.0,-0.5
29-2012.01,Histology Technicians,Technologists and Technicians,Healthcare Practitioners and Technical,3,332940.0,55490.0,8,extreme,0.0,54.5,0.0,36.0,31.8,education,27.7,59.1,Hold the line,0,Low,0.0,0.0,-15.0
15-2021.00,Mathematicians,"Research, Development, Design, and Practitioners",Computer and Mathematical,5,2030.0,2030.0,12,modest,88.0,43.5,42.7,78.4,75.4,education,88.7,70.2,Guard the pipeline,2,High,30.0,29.9,41.5
19-3094.00,Political Scientists,"Research, Development, Design, and Practitioners","Life, Physical, and Social Science",5,5540.0,5540.0,14,modest,69.3,49.7,47.7,79.9,83.4,education,76.7,76.0,Guard the pipeline,2,High,27.5,29.6,50.3
29-1223.00,Psychiatrists,"Research, Development, Design, and Practitioners",Healthcare Practitioners and Technical,5,27980.0,27980.0,12,modest,45.3,76.3,74.5,77.1,92.0,education,57.3,69.5,Protect,2,High,26.6,32.5,47.1
19-2012.00,Physicists,"Research, Development, Design, and Practitioners","Life, Physical, and Social Science",5,20430.0,20430.0,16,modest,65.5,51.2,52.1,78.7,87.9,education,61.1,82.0,Strategic trap,3,Critical,26.4,18.8,42.8
29-9092.00,Genetic Counselors,"Research, Development, Design, and Practitioners",Healthcare Practitioners and Technical,5,3740.0,3740.0,19,modest,50.8,74.1,72.0,70.0,62.6,education,81.4,71.5,Strategic trap,3,Critical,26.3,36.1,50.9
15-2011.00,Actuaries,"Research, Development, Design, and Practitioners",Computer and Mathematical,4,26670.0,26670.0,15,modest,56.2,65.1,60.0,71.3,75.0,job_zone,57.9,82.3,Strategic trap,3,Critical,26.1,31.7,45.6
19-1029.01,Bioinformatics Scientists,"Research, Development, Design, and Practitioners","Life, Physical, and Social Science",5,55850.0,13962.5,20,modest,72.5,52.2,51.1,67.6,76.0,education,49.1,74.1,Strategic trap,3,Critical,25.6,21.5,46.8
15-2041.01,Biostatisticians,"Research, Development, Design, and Practitioners",Computer and Mathematical,5,29030.0,14515.0,25,modest,84.5,44.9,43.7,65.7,66.3,education,56.9,77.6,Guard the pipeline,2,High,24.9,29.5,38.5
19-2011.00,Astronomers,"Research, Development, Design, and Practitioners","Life, Physical, and Social Science",5,2120.0,2120.0,17,modest,57.7,50.0,45.9,86.4,86.6,education,88.2,83.0,Strategic trap,3,Critical,24.9,16.5,38.5
19-3041.00,Sociologists,"Research, Development, Design, and Practitioners","Life, Physical, and Social Science",5,2260.0,2260.0,15,modest,61.7,50.5,49.4,79.1,75.4,education,87.4,76.1,Strategic trap,3,Critical,24.6,22.2,45.0
29-1229.05,Preventive Medicine Physicians,"Research, Development, Design, and Practitioners",Healthcare Practitioners and Technical,5,342720.0,57120.0,15,modest,49.5,67.8,63.8,71.7,96.0,education,27.4,77.4,Protect,2,High,24.1,27.6,46.6
29-1217.00,Neurologists,"Research, Development, Design, and Practitioners",Healthcare Practitioners and Technical,5,10590.0,10590.0,24,modest,37.6,80.0,79.5,79.3,91.6,education,69.0,64.2,Protect,2,High,23.9,27.6,45.8
19-3011.01,Environmental Economists,"Research, Development, Design, and Practitioners","Life, Physical, and Social Science",5,17790.0,8895.0,20,modest,63.2,53.1,53.0,69.9,71.5,education,62.8,76.3,Strategic trap,3,Critical,23.5,26.4,48.8
15-2051.00,Data Scientists,"Research, Development, Design, and Practitioners",Computer and Mathematical,4,262440.0,87480.0,16,modest,90.8,42.8,42.7,60.1,75.0,job_zone,30.6,67.3,Guard the pipeline,2,High,23.4,28.8,40.8
15-2041.00,Statisticians,"Research, Development, Design, and Practitioners",Computer and Mathematical,5,29030.0,14515.0,19,modest,78.1,47.1,44.8,62.6,60.3,education,56.9,76.8,Guard the pipeline,2,High,23.0,28.3,38.9
19-1041.00,Epidemiologists,"Research, Development, Design, and Practitioners","Life, Physical, and Social Science",5,12090.0,12090.0,16,modest,51.8,61.0,55.5,72.6,72.6,education,67.4,80.4,Strategic trap,3,Critical,22.9,22.5,45.3
29-1229.02,Hospitalists,"Research, Development, Design, and Practitioners",Healthcare Practitioners and Technical,5,342720.0,57120.0,14,modest,44.3,76.9,74.6,67.3,89.8,education,27.4,71.0,Protect,2,High,22.9,32.9,49.8
19-3099.01,Transportation Planners,"Research, Development, Design, and Practitioners","Life, Physical, and Social Science",4,37100.0,37100.0,22,modest,67.0,57.5,54.0,59.0,53.1,education,54.0,81.5,Strategic trap,3,Critical,22.7,30.0,48.4
19-3032.00,Industrial-Organizational Psychologists,"Research, Development, Design, and Practitioners","Life, Physical, and Social Science",5,790.0,790.0,25,modest,53.7,52.7,47.8,78.4,65.5,education,100.0,78.1,Strategic trap,3,Critical,22.2,21.5,43.8
29-1129.01,Art Therapists,"Research, Development, Design, and Practitioners",Healthcare Practitioners and Technical,5,22640.0,11320.0,25,modest,40.1,66.1,64.6,83.7,100.0,job_zone,59.9,78.7,Protect,2,High,22.2,19.8,39.6
15-1299.06,Digital Forensics Analysts,"Research, Development, Design, and Practitioners; Technologists and Technicians",Computer and Mathematical,4,435370.0,48374.444444444445,20,modest,64.5,54.5,53.6,61.9,75.0,job_zone,24.5,85.1,Strategic trap,3,Critical,21.8,25.6,32.6
29-1213.00,Dermatologists,"Research, Development, Design, and Practitioners",Healthcare Practitioners and Technical,5,11370.0,11370.0,18,modest,35.8,80.1,76.8,75.9,84.4,education,68.1,66.4,Protect,2,High,21.8,23.6,47.8
29-1218.00,Obstetricians and Gynecologists,"Research, Development, Design, and Practitioners",Healthcare Practitioners and Technical,5,21260.0,21260.0,15,modest,34.3,79.9,75.4,79.7,95.7,education,60.6,68.4,Protect,2,High,21.8,20.3,41.8
19-2021.00,Atmospheric and Space Scientists,"Research, Development, Design, and Practitioners","Life, Physical, and Social Science",4,10000.0,10000.0,27,modest,68.1,48.3,46.6,66.0,57.7,education,69.6,81.5,Guard the pipeline,2,High,21.7,15.4,38.0
29-1181.00,Audiologists,"Research, Development, Design, and Practitioners",Healthcare Practitioners and Technical,5,13660.0,13660.0,22,modest,38.4,72.9,72.3,76.8,85.3,education,65.9,71.9,Protect,2,High,21.5,17.9,40.0
15-2099.01,Bioinformatics Technicians,"Research, Development, Design, and Practitioners; Technologists and Technicians",Computer and Mathematical,4,3720.0,3720.0,19,modest,79.7,39.5,40.3,67.9,55.2,education,81.5,79.2,Guard the pipeline,2,High,21.4,21.8,35.8
29-1216.00,General Internal Medicine Physicians,"Research, Development, Design, and Practitioners",Healthcare Practitioners and Technical,5,67150.0,67150.0,19,modest,35.7,80.5,78.8,74.2,92.8,education,46.9,68.5,Protect,2,High,21.3,23.6,45.7
15-1299.04,Penetration Testers,"Research, Development, Design, and Practitioners; Technologists and Technicians",Computer and Mathematical,4,435370.0,48374.444444444445,22,modest,64.5,53.3,48.4,61.7,75.0,job_zone,24.5,84.1,Strategic trap,3,Critical,21.2,27.7,37.3
15-1255.00,Web and Digital Interface Designers,"Research, Development, Design, and Practitioners",Computer and Mathematical,4,113330.0,56665.0,30,modest,86.9,37.6,36.7,64.7,75.0,job_zone,40.6,75.1,Guard the pipeline,2,High,21.1,25.1,36.8
15-1243.01,Data Warehousing Specialists,"Research, Development, Design, and Practitioners",Computer and Mathematical,4,67140.0,33570.0,18,modest,92.4,45.2,44.3,50.6,43.0,education,46.9,75.0,Guard the pipeline,2,High,21.1,29.1,40.7
19-3011.00,Economists,"Research, Development, Design, and Practitioners","Life, Physical, and Social Science",5,17790.0,8895.0,14,modest,59.4,53.1,46.9,67.0,65.7,education,62.8,76.4,Strategic trap,3,Critical,21.1,25.6,45.6
29-1299.02,Orthoptists,"Research, Development, Design, and Practitioners",Healthcare Practitioners and Technical,5,28630.0,14315.0,16,modest,34.4,75.7,77.4,81.0,100.0,job_zone,57.1,69.3,Protect,2,High,21.1,18.9,38.3
29-1215.00,Family Medicine Physicians,"Research, Development, Design, and Practitioners",Healthcare Practitioners and Technical,5,107510.0,107510.0,12,modest,39.9,76.1,73.5,68.8,85.8,education,41.2,67.9,Protect,2,High,20.9,28.8,44.9
15-2031.00,Operations Research Analysts,"Research, Development, Design, and Practitioners",Computer and Mathematical,5,108510.0,108510.0,17,modest,79.6,45.5,45.9,57.1,59.0,education,41.1,76.6,Guard the pipeline,2,High,20.7,25.1,42.1
29-1214.00,Emergency Medicine Physicians,"Research, Development, Design, and Practitioners",Healthcare Practitioners and Technical,5,32880.0,32880.0,17,modest,31.7,84.1,82.1,77.5,93.9,education,55.4,69.5,Protect,2,High,20.7,20.6,41.8
29-1243.00,Pediatric Surgeons,"Research, Development, Design, and Practitioners",Healthcare Practitioners and Technical,5,1190.0,1190.0,18,modest,27.8,79.6,76.8,92.5,100.0,job_zone,95.1,69.7,Protect,2,High,20.5,11.2,33.7
29-1224.00,Radiologists,"Research, Development, Design, and Practitioners",Healthcare Practitioners and Technical,5,26770.0,26770.0,30,modest,35.0,77.4,75.9,74.9,85.7,education,57.9,73.2,Protect,2,High,20.3,24.3,38.7
29-1299.01,Naturopathic Physicians,"Research, Development, Design, and Practitioners",Healthcare Practitioners and Technical,5,28630.0,14315.0,20,modest,38.4,71.5,66.2,73.5,85.2,education,57.1,68.9,Protect,2,High,20.2,16.1,38.8
19-3039.03,Clinical Neuropsychologists,"Research, Development, Design, and Practitioners","Life, Physical, and Social Science",5,18820.0,9410.0,18,modest,34.7,70.4,69.3,82.5,98.7,education,62.1,72.5,Protect,2,High,20.2,19.5,44.9
17-1011.00,"Architects, Except Landscape and Naval","Research, Development, Design, and Practitioners",Architecture and Engineering,5,106770.0,106770.0,25,modest,46.7,54.6,54.2,78.2,100.0,job_zone,41.3,79.2,Protect,2,High,19.9,16.1,35.1
29-1051.00,Pharmacists,"Research, Development, Design, and Practitioners",Healthcare Practitioners and Technical,5,321970.0,321970.0,21,modest,45.2,67.8,63.4,64.3,79.5,education,28.1,80.7,Protect,2,High,19.7,17.9,32.9
29-1222.00,"Physicians, Pathologists","Research, Development, Design, and Practitioners",Healthcare Practitioners and Technical,5,11110.0,11110.0,19,modest,32.3,74.3,73.0,82.2,92.6,education,68.4,77.0,Protect,2,High,19.7,16.2,32.6
29-1212.00,Cardiologists,"Research, Development, Design, and Practitioners",Healthcare Practitioners and Technical,5,17290.0,17290.0,25,modest,30.0,79.0,76.4,83.0,100.0,job_zone,63.1,70.2,Protect,2,High,19.7,13.2,35.2
25-1043.00,"Forestry and Conservation Science Teachers, Postsecondary",Postsecondary Teaching,Postsecondary Teaching,5,1520.0,1520.0,25,modest,61.3,43.4,40.5,73.3,84.5,education,92.2,16.8,Guard the pipeline,2,High,19.5,22.7,40.1
17-2111.02,Fire-Prevention and Protection Engineers,"Research, Development, Design, and Practitioners",Architecture and Engineering,4,21450.0,10725.0,14,modest,55.7,60.4,54.0,58.1,47.9,education,60.5,79.8,Strategic trap,3,Critical,19.5,21.2,42.1
19-2043.00,Hydrologists,"Research, Development, Design, and Practitioners","Life, Physical, and Social Science",4,5850.0,5850.0,25,modest,47.3,53.6,50.8,76.3,75.0,job_zone,76.1,79.8,Protect,2,High,19.3,8.6,33.5
19-2041.01,Climate Change Policy Analysts,"Research, Development, Design, and Practitioners","Life, Physical, and Social Science",5,89250.0,22312.5,14,modest,60.2,52.9,51.7,60.4,64.5,education,43.5,75.6,Strategic trap,3,Critical,19.2,31.5,49.3
19-3039.02,Neuropsychologists,"Research, Development, Design, and Practitioners","Life, Physical, and Social Science",5,18820.0,9410.0,14,modest,36.1,65.1,63.3,81.6,97.5,education,62.1,70.9,Protect,2,High,19.2,16.8,43.0
29-1241.00,"Ophthalmologists, Except Pediatric","Research, Development, Design, and Practitioners",Healthcare Practitioners and Technical,5,8950.0,8950.0,18,modest,32.2,80.2,78.7,74.2,79.6,education,71.0,65.7,Protect,2,High,19.2,20.3,41.4
29-1221.00,"Pediatricians, General","Research, Development, Design, and Practitioners",Healthcare Practitioners and Technical,5,39390.0,39390.0,17,modest,31.8,77.3,73.3,78.2,96.6,education,53.2,69.8,Protect,2,High,19.2,19.0,44.3
29-1229.06,Sports Medicine Physicians,"Research, Development, Design, and Practitioners",Healthcare Practitioners and Technical,5,342720.0,57120.0,27,modest,39.0,71.8,69.4,68.2,92.2,education,27.4,69.4,Protect,2,High,19.1,23.7,45.0
15-1299.02,Geographic Information Systems Technologists and Technicians,"Research, Development, Design, and Practitioners; Technologists and Technicians",Computer and Mathematical,4,435370.0,48374.444444444445,29,modest,89.2,36.0,34.8,58.9,75.0,job_zone,24.5,70.4,Guard the pipeline,2,High,18.9,25.8,32.1
15-1243.00,Database Architects,"Research, Development, Design, and Practitioners",Computer and Mathematical,4,67140.0,33570.0,25,modest,85.8,41.9,41.5,52.3,47.6,education,46.9,72.3,Guard the pipeline,2,High,18.8,26.1,36.4
19-2041.03,Industrial Ecologists,"Research, Development, Design, and Practitioners","Life, Physical, and Social Science",5,89250.0,22312.5,38,modest,58.9,54.2,52.9,58.9,59.9,education,43.5,79.5,Strategic trap,3,Critical,18.8,23.9,48.4
29-1229.01,Allergists and Immunologists,"Research, Development, Design, and Practitioners",Healthcare Practitioners and Technical,5,342720.0,57120.0,16,modest,37.4,80.3,79.9,62.7,81.7,education,27.4,68.0,Protect,2,High,18.8,31.6,51.0
17-2031.00,Bioengineers and Biomedical Engineers,"Research, Development, Design, and Practitioners",Architecture and Engineering,4,23480.0,23480.0,30,modest,54.6,54.0,48.6,63.5,61.5,education,59.4,74.8,Strategic trap,3,Critical,18.7,20.0,44.5
25-1053.00,"Environmental Science Teachers, Postsecondary",Postsecondary Teaching,Postsecondary Teaching,5,6690.0,6690.0,25,modest,61.6,44.2,41.6,68.2,85.1,education,74.4,16.5,Guard the pipeline,2,High,18.6,23.2,40.5
17-2161.00,Nuclear Engineers,"Research, Development, Design, and Practitioners",Architecture and Engineering,4,15280.0,15280.0,20,modest,52.4,59.2,52.2,59.7,49.1,education,64.6,78.9,Strategic trap,3,Critical,18.5,15.4,36.9
19-4044.00,Hydrologic Technicians,Technologists and Technicians,"Life, Physical, and Social Science",3,2840.0,2840.0,16,modest,56.2,48.9,51.0,66.7,50.0,job_zone,84.7,81.2,Guard the pipeline,2,High,18.3,2.5,24.0
15-1299.03,Document Management Specialists,"Research, Development, Design, and Practitioners; Technologists and Technicians",Computer and Mathematical,4,435370.0,48374.444444444445,23,modest,91.0,43.3,41.6,46.2,46.2,education,24.5,78.6,Clear win,0,Low,18.2,29.1,35.0
15-2051.02,Clinical Data Managers,"Research, Development, Design, and Practitioners",Computer and Mathematical,4,262440.0,87480.0,21,modest,86.6,43.5,42.0,47.8,46.5,education,30.6,77.0,Clear win,0,Low,18.0,25.5,38.0
17-2199.03,"Energy Engineers, Except Wind and Solar","Research, Development, Design, and Practitioners",Architecture and Engineering,4,154070.0,19258.75,21,modest,55.3,49.7,42.0,65.0,75.0,job_zone,36.9,82.3,Guard the pipeline,2,High,17.9,14.5,28.7
29-1171.00,Nurse Practitioners,"Research, Development, Design, and Practitioners",Healthcare Practitioners and Technical,5,323040.0,323040.0,27,modest,40.9,77.3,74.6,56.5,68.6,education,28.1,68.7,Protect,2,High,17.9,25.6,46.9
29-9021.00,Health Information Technologists and Medical Registrars,"Research, Development, Design, and Practitioners; Technologists and Technicians",Healthcare Practitioners and Technical,3,38100.0,38100.0,16,modest,59.4,51.7,46.0,58.1,50.0,job_zone,53.6,85.1,Strategic trap,3,Critical,17.8,19.9,33.3
19-1042.00,"Medical Scientists, Except Epidemiologists","Research, Development, Design, and Practitioners","Life, Physical, and Social Science",5,172340.0,172340.0,14,modest,46.2,59.1,60.3,65.3,78.6,education,35.6,76.7,Protect,2,High,17.8,13.2,39.2
25-1061.00,"Anthropology and Archeology Teachers, Postsecondary",Postsecondary Teaching,Postsecondary Teaching,5,5240.0,5240.0,27,modest,58.9,44.8,42.0,67.0,77.6,education,77.4,24.7,Guard the pipeline,2,High,17.7,21.7,40.9
19-1023.00,Zoologists and Wildlife Biologists,"Research, Development, Design, and Practitioners","Life, Physical, and Social Science",4,18120.0,18120.0,14,modest,45.7,53.3,53.6,72.5,75.0,job_zone,62.5,81.4,Protect,2,High,17.7,7.7,33.0
19-3022.00,Survey Researchers,"Research, Development, Design, and Practitioners","Life, Physical, and Social Science",5,8290.0,8290.0,16,modest,58.8,46.0,44.2,65.1,55.6,education,71.9,78.4,Guard the pipeline,2,High,17.6,19.1,37.8
19-1029.04,Biologists,"Research, Development, Design, and Practitioners","Life, Physical, and Social Science",5,55850.0,13962.5,22,modest,52.7,52.2,51.3,64.1,66.3,education,49.1,80.9,Strategic trap,3,Critical,17.6,14.3,40.5
19-2042.00,"Geoscientists, Except Hydrologists and Geographers","Research, Development, Design, and Practitioners","Life, Physical, and Social Science",4,23470.0,23470.0,32,modest,53.2,52.6,50.3,62.8,57.0,education,59.4,82.2,Strategic trap,3,Critical,17.6,8.8,32.7
15-1211.01,Health Informatics Specialists,"Research, Development, Design, and Practitioners",Computer and Mathematical,5,519530.0,259765.0,17,modest,76.5,46.7,44.3,49.1,56.0,education,22.4,71.8,Clear win,0,Low,17.5,29.5,43.0
25-1066.00,"Psychology Teachers, Postsecondary",Postsecondary Teaching,Postsecondary Teaching,5,41530.0,41530.0,29,modest,59.3,46.1,41.7,63.9,85.9,education,52.6,25.9,Guard the pipeline,2,High,17.5,21.5,40.2
29-1242.00,"Orthopedic Surgeons, Except Pediatric","Research, Development, Design, and Practitioners",Healthcare Practitioners and Technical,5,14100.0,14100.0,15,modest,26.7,78.9,75.9,83.3,100.0,job_zone,65.5,68.4,Protect,2,High,17.5,12.9,35.0
25-1064.00,"Geography Teachers, Postsecondary",Postsecondary Teaching,Postsecondary Teaching,5,3330.0,3330.0,25,modest,58.1,43.3,40.2,69.1,81.0,education,82.8,19.0,Guard the pipeline,2,High,17.4,20.7,38.3
19-1029.03,Geneticists,"Research, Development, Design, and Practitioners","Life, Physical, and Social Science",5,55850.0,13962.5,24,modest,50.3,49.5,47.8,69.9,79.4,education,49.1,77.4,Guard the pipeline,2,High,17.4,9.2,38.2
15-2051.01,Business Intelligence Analysts,"Research, Development, Design, and Practitioners",Computer and Mathematical,4,262440.0,87480.0,17,modest,100.0,35.2,35.2,49.0,49.3,education,30.6,75.8,Clear win,0,Low,17.2,27.6,32.9
17-2111.00,"Health and Safety Engineers, Except Mining Safety Engineers and Inspectors","Research, Development, Design, and Practitioners",Architecture and Engineering,4,21450.0,10725.0,27,modest,35.9,66.4,60.1,72.2,75.0,job_zone,60.5,82.9,Protect,2,High,17.2,11.5,39.8
29-1128.00,Exercise Physiologists,"Research, Development, Design, and Practitioners",Healthcare Practitioners and Technical,4,8560.0,8560.0,25,modest,34.5,66.4,61.9,75.1,75.0,job_zone,71.5,80.5,Protect,2,High,17.2,6.6,31.3
29-1127.00,Speech-Language Pathologists,"Research, Development, Design, and Practitioners",Healthcare Practitioners and Technical,5,183390.0,183390.0,23,modest,42.0,71.1,69.7,57.3,62.4,education,34.9,78.1,Protect,2,High,17.1,19.8,44.1
25-1063.00,"Economics Teachers, Postsecondary",Postsecondary Teaching,Postsecondary Teaching,5,11560.0,11560.0,22,modest,62.5,42.5,39.9,64.1,80.6,education,67.9,17.1,Guard the pipeline,2,High,17.0,22.3,39.6
25-1065.00,"Political Science Teachers, Postsecondary",Postsecondary Teaching,Postsecondary Teaching,5,16970.0,16970.0,22,modest,61.9,42.6,40.1,64.3,83.8,education,63.3,17.1,Guard the pipeline,2,High,17.0,22.0,39.5
29-1081.00,Podiatrists,"Research, Development, Design, and Practitioners",Healthcare Practitioners and Technical,5,9680.0,9680.0,11,modest,28.0,76.4,71.7,79.5,88.1,education,70.0,72.0,Protect,2,High,17.0,13.6,38.2
15-1212.00,Information Security Analysts,"Research, Development, Design, and Practitioners",Computer and Mathematical,4,190650.0,190650.0,11,modest,67.7,53.1,49.4,47.0,44.3,education,34.4,72.5,Reversible gamble,1,Moderate,16.9,28.8,34.2
29-2072.00,Medical Records Specialists,Technologists and Technicians,Healthcare Practitioners and Technical,3,194720.0,194720.0,16,modest,64.4,51.1,45.0,51.5,50.0,job_zone,34.1,81.3,Strategic trap,3,Critical,16.9,21.8,28.6
25-1041.00,"Agricultural Sciences Teachers, Postsecondary",Postsecondary Teaching,Postsecondary Teaching,5,8920.0,8920.0,23,modest,58.4,43.6,40.2,66.3,84.1,education,71.0,14.8,Guard the pipeline,2,High,16.9,21.6,39.9
15-1242.00,Database Administrators,"Research, Development, Design, and Practitioners",Computer and Mathematical,4,69990.0,69990.0,18,modest,81.0,40.5,37.8,51.3,45.7,education,46.4,72.4,Guard the pipeline,2,High,16.8,25.6,29.6
19-3051.00,Urban and Regional Planners,"Research, Development, Design, and Practitioners","Life, Physical, and Social Science",5,44230.0,44230.0,25,modest,53.8,51.8,49.1,59.8,56.0,education,51.9,81.1,Strategic trap,3,Critical,16.7,24.4,43.0
19-3033.00,Clinical and Counseling Psychologists,"Research, Development, Design, and Practitioners","Life, Physical, and Social Science",5,75990.0,75990.0,30,modest,34.7,64.8,55.8,74.3,90.2,education,45.4,77.9,Protect,2,High,16.7,19.9,39.8
29-1161.00,Nurse Midwives,"Research, Development, Design, and Practitioners",Healthcare Practitioners and Technical,5,7920.0,7920.0,21,modest,32.8,76.0,74.1,66.8,62.5,education,72.4,69.0,Protect,2,High,16.7,17.0,40.2
19-2032.00,Materials Scientists,"Research, Development, Design, and Practitioners","Life, Physical, and Social Science",4,8470.0,8470.0,16,modest,52.3,48.8,46.8,65.1,55.3,education,71.6,79.8,Guard the pipeline,2,High,16.6,7.5,30.0
19-2041.02,Environmental Restoration Planners,"Research, Development, Design, and Practitioners","Life, Physical, and Social Science",5,89250.0,22312.5,23,modest,52.6,57.6,55.7,54.9,53.1,education,43.5,76.3,Strategic trap,3,Critical,16.6,18.2,44.9
25-1062.00,"Area, Ethnic, and Cultural Studies Teachers, Postsecondary",Postsecondary Teaching,Postsecondary Teaching,5,11300.0,11300.0,23,modest,61.1,42.8,40.3,63.0,77.4,education,68.2,19.0,Guard the pipeline,2,High,16.5,22.1,40.0
17-2051.02,Water/Wastewater Engineers,"Research, Development, Design, and Practitioners",Architecture and Engineering,4,367840.0,122613.33333333333,28,modest,54.8,61.1,58.8,49.3,51.5,education,26.5,78.2,Reversible gamble,1,Moderate,16.5,21.4,41.5
25-1067.00,"Sociology Teachers, Postsecondary",Postsecondary Teaching,Postsecondary Teaching,5,11850.0,11850.0,24,modest,59.1,43.4,40.4,63.7,79.3,education,67.6,18.9,Guard the pipeline,2,High,16.3,21.5,39.7
29-1031.00,Dietitians and Nutritionists,"Research, Development, Design, and Practitioners",Healthcare Practitioners and Technical,5,77570.0,77570.0,28,modest,43.9,64.7,60.6,57.5,54.9,education,45.1,82.7,Protect,2,High,16.3,20.9,41.6
25-1054.00,"Physics Teachers, Postsecondary",Postsecondary Teaching,Postsecondary Teaching,5,13090.0,13090.0,24,modest,57.5,43.8,40.4,64.4,82.0,education,66.4,17.6,Guard the pipeline,2,High,16.2,19.2,38.1
25-1032.00,"Engineering Teachers, Postsecondary",Postsecondary Teaching,Postsecondary Teaching,5,40270.0,40270.0,24,modest,61.1,43.0,39.5,61.2,82.9,education,53.0,19.1,Guard the pipeline,2,High,16.1,22.2,39.1
15-1221.00,Computer and Information Research Scientists,"Research, Development, Design, and Practitioners",Computer and Mathematical,5,37200.0,37200.0,15,modest,51.1,50.8,50.7,62.1,61.8,education,53.9,75.4,Strategic trap,3,Critical,16.1,21.5,41.2
15-1251.00,Computer Programmers,"Research, Development, Design, and Practitioners",Computer and Mathematical,4,92230.0,92230.0,17,modest,81.6,39.4,37.7,49.9,44.4,education,43.1,73.7,Clear win,0,Low,16.0,23.7,32.1
25-1051.00,"Atmospheric, Earth, Marine, and Space Sciences Teachers, Postsecondary",Postsecondary Teaching,Postsecondary Teaching,5,9900.0,9900.0,26,modest,60.9,42.6,39.7,61.7,74.3,education,69.8,18.0,Guard the pipeline,2,High,16.0,21.8,38.9
25-1031.00,"Architecture Teachers, Postsecondary",Postsecondary Teaching,Postsecondary Teaching,5,7700.0,7700.0,22,modest,61.6,43.0,40.3,60.3,69.8,education,72.8,17.6,Guard the pipeline,2,High,16.0,22.5,39.5
19-1011.00,Animal Scientists,"Research, Development, Design, and Practitioners","Life, Physical, and Social Science",5,3100.0,3100.0,9,modest,46.6,46.5,45.6,74.0,71.6,education,83.6,65.8,Quiet attrition,1,Moderate,16.0,7.6,43.1
17-2151.00,"Mining and Geological Engineers, Including Mining Safety Engineers","Research, Development, Design, and Practitioners",Architecture and Engineering,4,6080.0,6080.0,18,modest,47.1,54.7,46.7,62.0,47.7,education,75.6,77.3,Protect,2,High,16.0,13.3,33.6
29-1071.00,Physician Assistants,"Research, Development, Design, and Practitioners",Healthcare Practitioners and Technical,5,162150.0,81075.0,12,modest,37.0,77.0,73.9,56.0,62.8,education,36.3,68.8,Protect,2,High,16.0,19.7,38.7
19-1021.00,Biochemists and Biophysicists,"Research, Development, Design, and Practitioners","Life, Physical, and Social Science",5,33830.0,33830.0,24,modest,43.2,51.8,51.0,71.2,80.4,education,55.1,72.2,Protect,2,High,15.9,0.0,34.7
11-9121.00,Natural Sciences Managers,Managerial,Managerial,5,108690.0,36230.0,16,modest,48.6,54.4,52.4,59.6,67.1,education,41.1,68.4,Protect,2,High,15.8,22.0,41.0
19-1031.03,Park Naturalists,"Research, Development, Design, and Practitioners","Life, Physical, and Social Science",4,25950.0,8650.0,20,modest,53.2,40.9,35.2,72.6,75.0,job_zone,58.2,88.1,Guard the pipeline,2,High,15.8,0.0,22.1
19-4061.00,Social Science Research Assistants,Technologists and Technicians,"Life, Physical, and Social Science",4,30640.0,30640.0,22,modest,59.2,45.6,47.4,58.2,50.4,education,56.3,80.4,Guard the pipeline,2,High,15.7,19.7,32.8
25-1042.00,"Biological Science Teachers, Postsecondary",Postsecondary Teaching,Postsecondary Teaching,5,50190.0,50190.0,27,modest,57.7,43.5,40.8,62.7,87.1,education,50.3,20.5,Guard the pipeline,2,High,15.7,19.7,39.7
17-2041.00,Chemical Engineers,"Research, Development, Design, and Practitioners",Architecture and Engineering,4,21070.0,21070.0,14,modest,46.6,58.7,57.2,57.4,47.5,education,60.7,77.4,Protect,2,High,15.7,13.3,39.5
17-2199.07,Photonics Engineers,"Research, Development, Design, and Practitioners",Architecture and Engineering,4,154070.0,19258.75,26,modest,55.7,52.7,50.8,53.0,53.1,education,36.9,77.1,Strategic trap,3,Critical,15.6,10.4,33.1
19-2041.00,"Environmental Scientists and Specialists, Including Health","Research, Development, Design, and Practitioners","Life, Physical, and Social Science",4,89250.0,22312.5,22,modest,52.6,59.0,57.5,50.3,44.1,education,43.5,76.2,Strategic trap,3,Critical,15.6,22.4,44.7
25-1052.00,"Chemistry Teachers, Postsecondary",Postsecondary Teaching,Postsecondary Teaching,5,19980.0,19980.0,28,modest,54.2,44.8,41.7,62.6,78.5,education,61.4,24.4,Guard the pipeline,2,High,15.2,18.5,37.2
29-1125.00,Recreational Therapists,"Research, Development, Design, and Practitioners",Healthcare Practitioners and Technical,4,14930.0,14930.0,11,modest,36.2,72.9,71.9,57.7,47.0,education,64.8,73.6,Protect,2,High,15.2,25.0,45.6
17-2061.00,Computer Hardware Engineers,"Research, Development, Design, and Practitioners",Architecture and Engineering,4,76660.0,76660.0,18,modest,53.2,51.0,48.6,55.7,53.8,education,45.3,75.9,Strategic trap,3,Critical,15.1,12.6,34.1
11-9121.02,Water Resource Specialists,Managerial,Managerial,4,108690.0,36230.0,21,modest,49.7,54.4,53.0,55.7,53.8,education,41.1,82.5,Protect,2,High,15.1,16.1,36.9
29-1123.00,Physical Therapists,"Research, Development, Design, and Practitioners",Healthcare Practitioners and Technical,5,267330.0,267330.0,24,modest,36.3,71.3,68.3,58.5,69.2,education,30.3,73.9,Protect,2,High,15.1,19.4,38.9
29-1122.01,"Low Vision Therapists, Orientation and Mobility Specialists, and Vision Rehabilitation Therapists","Research, Development, Design, and Practitioners",Healthcare Practitioners and Technical,5,162450.0,81225.0,21,modest,38.0,72.0,71.3,55.0,57.5,education,36.3,76.9,Protect,2,High,15.0,11.3,42.3
29-2099.08,Patient Representatives,Technologists and Technicians,Healthcare Practitioners and Technical,3,182610.0,60870.0,13,modest,75.1,38.7,36.8,51.3,50.0,job_zone,34.9,79.2,Guard the pipeline,2,High,14.9,14.8,33.9
25-1022.00,"Mathematical Science Teachers, Postsecondary",Postsecondary Teaching,Postsecondary Teaching,5,47670.0,47670.0,23,modest,61.2,43.3,40.9,56.3,72.5,education,51.0,23.9,Guard the pipeline,2,High,14.9,22.1,37.6
11-9041.00,Architectural and Engineering Managers,Managerial,Managerial,5,220260.0,110130.0,19,modest,47.0,60.0,57.7,52.9,57.1,education,32.7,72.7,Protect,2,High,14.9,22.1,41.7
29-1011.00,Chiropractors,"Research, Development, Design, and Practitioners",Healthcare Practitioners and Technical,5,39630.0,39630.0,13,modest,31.2,68.4,70.0,69.8,77.4,education,53.2,75.7,Protect,2,High,14.9,14.0,32.0
15-1254.00,Web Developers,"Research, Development, Design, and Practitioners",Computer and Mathematical,3,70190.0,70190.0,29,modest,81.3,39.7,37.6,45.8,34.8,education,46.3,72.7,Clear win,0,Low,14.8,23.7,31.2
19-3034.00,School Psychologists,"Research, Development, Design, and Practitioners","Life, Physical, and Social Science",5,63940.0,63940.0,19,modest,42.7,53.4,51.2,64.3,69.2,education,47.5,77.5,Protect,2,High,14.7,18.6,39.8
19-1013.00,Soil and Plant Scientists,"Research, Development, Design, and Practitioners","Life, Physical, and Social Science",5,15730.0,15730.0,27,modest,42.3,52.5,50.3,66.0,61.5,education,64.2,79.9,Protect,2,High,14.7,4.7,41.3
15-1299.07,Blockchain Engineers,"Research, Development, Design, and Practitioners; Technologists and Technicians",Computer and Mathematical,4,435370.0,48374.444444444445,17,modest,64.0,50.3,48.6,45.5,45.9,education,24.5,76.0,Reversible gamble,1,Moderate,14.6,25.0,35.6
29-1041.00,Optometrists,"Research, Development, Design, and Practitioners",Healthcare Practitioners and Technical,5,42790.0,42790.0,10,modest,25.2,79.9,83.9,72.2,84.2,education,52.3,72.2,Protect,2,High,14.5,15.5,39.8
29-1229.04,Physical Medicine and Rehabilitation Physicians,"Research, Development, Design, and Practitioners",Healthcare Practitioners and Technical,5,342720.0,57120.0,15,modest,26.6,79.8,76.9,68.2,90.8,education,27.4,73.0,Protect,2,High,14.5,14.7,41.0
17-2112.01,Human Factors Engineers and Ergonomists,"Research, Development, Design, and Practitioners",Architecture and Engineering,5,365740.0,91435.0,26,modest,50.1,56.8,54.1,50.7,54.6,education,26.6,77.0,Strategic trap,3,Critical,14.4,15.5,43.2
25-1021.00,"Computer Science Teachers, Postsecondary",Postsecondary Teaching,Postsecondary Teaching,5,35480.0,35480.0,26,modest,58.2,44.4,40.3,55.2,69.5,education,54.5,20.7,Guard the pipeline,2,High,14.3,20.1,40.3
15-1299.09,Information Technology Project Managers,"Research, Development, Design, and Practitioners; Technologists and Technicians",Computer and Mathematical,4,435370.0,48374.444444444445,21,modest,60.1,52.4,47.9,45.0,43.2,education,24.5,80.1,Reversible gamble,1,Moderate,14.2,24.7,40.4
29-1129.02,Music Therapists,"Research, Development, Design, and Practitioners",Healthcare Practitioners and Technical,4,22640.0,11320.0,30,modest,35.5,69.4,70.7,57.4,49.4,education,59.9,73.7,Protect,2,High,14.1,19.4,42.7
15-1253.00,Software Quality Assurance Analysts and Testers,"Research, Development, Design, and Practitioners",Computer and Mathematical,4,186740.0,186740.0,30,modest,77.8,41.0,42.0,43.9,37.9,education,34.6,72.8,Clear win,0,Low,14.0,20.6,24.5
19-3092.00,Geographers,"Research, Development, Design, and Practitioners","Life, Physical, and Social Science",4,1400.0,1400.0,12,modest,42.3,44.7,48.8,73.3,60.8,education,93.2,74.9,Quiet attrition,1,Moderate,13.9,0.0,29.8
17-2021.00,Agricultural Engineers,"Research, Development, Design, and Practitioners",Architecture and Engineering,4,1480.0,1480.0,14,modest,36.7,55.1,51.9,68.8,50.8,education,92.5,78.1,Protect,2,High,13.9,8.8,33.8
29-2036.00,Medical Dosimetrists,Technologists and Technicians,Healthcare Practitioners and Technical,4,3410.0,3410.0,19,modest,31.8,65.1,67.0,67.3,51.5,education,82.5,84.2,Protect,2,High,13.9,5.8,23.2
11-9121.01,Clinical Research Coordinators,Managerial,Managerial,4,108690.0,36230.0,33,modest,60.0,48.1,44.8,47.3,39.9,education,41.1,75.2,Clear win,0,Low,13.7,19.5,31.9
29-1211.00,Anesthesiologists,"Research, Development, Design, and Practitioners",Healthcare Practitioners and Technical,5,38760.0,38760.0,20,modest,23.3,76.2,70.7,77.4,94.6,education,53.4,70.6,Protect,2,High,13.7,7.7,33.7
15-1241.01,Telecommunications Engineering Specialists,"Research, Development, Design, and Practitioners",Computer and Mathematical,3,179740.0,89870.0,26,modest,57.9,46.9,46.5,50.2,50.0,job_zone,35.1,73.6,Guard the pipeline,2,High,13.6,15.2,31.3
15-1299.01,Web Administrators,"Research, Development, Design, and Practitioners; Technologists and Technicians",Computer and Mathematical,4,435370.0,48374.444444444445,35,modest,74.4,44.0,41.8,41.1,39.4,education,24.5,70.5,Clear win,0,Low,13.5,23.9,33.1
25-1072.00,"Nursing Instructors and Teachers, Postsecondary",Postsecondary Teaching,Postsecondary Teaching,5,77960.0,77960.0,29,modest,54.9,45.4,42.2,54.3,71.8,education,45.1,24.4,Guard the pipeline,2,High,13.5,21.9,41.4
17-2199.06,Microsystems Engineers,"Research, Development, Design, and Practitioners",Architecture and Engineering,5,154070.0,19258.75,31,modest,41.7,56.9,53.3,57.0,60.8,education,36.9,77.7,Protect,2,High,13.5,13.1,33.3
29-1141.04,Clinical Nurse Specialists,"Research, Development, Design, and Practitioners",Healthcare Practitioners and Technical,5,3379720.0,675944.0,30,modest,38.8,74.5,72.1,46.6,63.7,education,0.0,73.6,Hold the line,0,Low,13.5,25.7,50.6
29-9091.00,Athletic Trainers,"Research, Development, Design, and Practitioners",Healthcare Practitioners and Technical,5,30500.0,30500.0,23,modest,39.0,58.6,56.7,59.1,52.0,education,56.3,81.0,Protect,2,High,13.5,0.0,26.0
17-2081.00,Environmental Engineers,"Research, Development, Design, and Practitioners",Architecture and Engineering,4,38340.0,38340.0,29,modest,45.1,51.9,47.9,57.1,50.2,education,53.6,79.5,Protect,2,High,13.4,13.1,36.3
29-1023.00,Orthodontists,"Research, Development, Design, and Practitioners",Healthcare Practitioners and Technical,5,6210.0,6210.0,11,modest,22.7,71.7,73.2,82.1,87.9,education,75.3,77.6,Protect,2,High,13.4,5.8,31.4
17-2112.00,Industrial Engineers,"Research, Development, Design, and Practitioners",Architecture and Engineering,4,365740.0,91435.0,20,modest,55.4,53.9,50.5,44.4,42.4,education,26.6,75.9,Reversible gamble,1,Moderate,13.3,19.7,36.2
17-2072.00,"Electronics Engineers, Except Computer","Research, Development, Design, and Practitioners",Architecture and Engineering,4,96900.0,48450.0,20,modest,52.0,50.4,48.4,50.7,44.5,education,42.5,78.6,Strategic trap,3,Critical,13.3,11.2,30.1
19-1029.02,Molecular and Cellular Biologists,"Research, Development, Design, and Practitioners","Life, Physical, and Social Science",5,55850.0,13962.5,22,modest,35.1,55.1,50.5,68.0,74.9,education,49.1,79.2,Protect,2,High,13.2,6.9,33.0
15-1211.00,Computer Systems Analysts,"Research, Development, Design, and Practitioners",Computer and Mathematical,4,519530.0,259765.0,22,modest,77.2,42.6,39.9,39.7,37.3,education,22.4,71.7,Clear win,0,Low,13.1,23.7,37.4
15-1244.00,Network and Computer Systems Administrators,"Research, Development, Design, and Practitioners",Computer and Mathematical,3,314340.0,314340.0,20,modest,58.4,46.9,44.6,47.8,50.0,job_zone,28.4,71.4,Clear win,0,Low,13.1,15.5,24.1
17-2131.00,Materials Engineers,"Research, Development, Design, and Practitioners",Architecture and Engineering,4,22770.0,22770.0,21,modest,41.0,54.1,50.9,58.9,50.5,education,59.8,78.5,Protect,2,High,13.1,9.9,31.3
29-1122.00,Occupational Therapists,"Research, Development, Design, and Practitioners",Healthcare Practitioners and Technical,5,162450.0,81225.0,17,modest,33.9,69.0,69.4,55.6,59.4,education,36.3,75.2,Protect,2,High,13.0,14.2,38.3
17-2199.09,Nanosystems Engineers,"Research, Development, Design, and Practitioners",Architecture and Engineering,5,154070.0,19258.75,25,modest,38.7,51.6,44.8,64.8,75.5,education,36.9,79.7,Protect,2,High,12.9,3.6,32.2
19-2099.01,Remote Sensing Scientists and Technologists,"Research, Development, Design, and Practitioners","Life, Physical, and Social Science",4,22300.0,22300.0,24,modest,44.7,48.5,47.3,58.9,49.8,education,60.1,79.8,Quiet attrition,1,Moderate,12.8,8.7,31.1
17-2072.01,Radio Frequency Identification Device Specialists,"Research, Development, Design, and Practitioners",Architecture and Engineering,4,96900.0,48450.0,21,modest,51.9,48.7,46.6,50.3,44.2,education,42.5,77.3,Guard the pipeline,2,High,12.7,4.6,28.9
29-1131.00,Veterinarians,"Research, Development, Design, and Practitioners",Healthcare Practitioners and Technical,5,83900.0,83900.0,21,modest,24.5,72.5,71.3,71.5,85.7,education,44.2,76.9,Protect,2,High,12.7,7.6,37.8
15-1241.00,Computer Network Architects,"Research, Development, Design, and Practitioners",Computer and Mathematical,4,179740.0,89870.0,33,modest,56.7,49.5,48.0,44.7,39.2,education,35.1,72.6,Clear win,0,Low,12.5,19.1,36.0
15-1252.00,Software Developers,"Research, Development, Design, and Practitioners",Computer and Mathematical,4,1687890.0,1687890.0,17,modest,68.4,45.7,43.5,39.6,44.8,education,8.3,73.5,Clear win,0,Low,12.4,20.9,35.0
29-2051.00,Dietetic Technicians,Technologists and Technicians,Healthcare Practitioners and Technical,3,31560.0,31560.0,13,modest,42.2,65.7,63.5,44.6,25.0,education,55.9,76.7,Hold the line,0,Low,12.4,19.8,41.3
25-1071.00,"Health Specialties Teachers, Postsecondary",Postsecondary Teaching,Postsecondary Teaching,5,221270.0,221270.0,22,modest,58.3,43.8,40.0,48.1,70.2,education,32.6,16.3,Clear win,0,Low,12.3,21.2,38.6
11-3021.00,Computer and Information Systems Managers,Managerial,Managerial,4,670570.0,670570.0,17,modest,58.3,53.2,50.4,39.6,41.5,education,19.3,65.5,Reversible gamble,1,Moderate,12.3,25.8,43.7
17-2011.00,Aerospace Engineers,"Research, Development, Design, and Practitioners",Architecture and Engineering,4,67710.0,67710.0,14,modest,31.3,58.5,54.5,67.4,75.0,job_zone,46.8,79.4,Protect,2,High,12.3,12.6,31.7
19-1012.00,Food Scientists and Technologists,"Research, Development, Design, and Practitioners","Life, Physical, and Social Science",4,13060.0,13060.0,13,modest,41.4,51.9,49.1,57.1,44.1,education,66.4,75.9,Protect,2,High,12.3,2.7,33.0
17-2112.03,Manufacturing Engineers,"Research, Development, Design, and Practitioners",Architecture and Engineering,4,365740.0,91435.0,24,modest,49.3,55.0,52.2,45.1,44.2,education,26.6,75.0,Hold the line,0,Low,12.2,16.1,38.1
41-9031.00,Sales Engineers,Sales,Sales,4,51790.0,51790.0,25,modest,68.8,36.8,36.0,47.2,47.1,education,50.0,43.1,Clear win,0,Low,12.0,13.8,29.1
17-1012.00,Landscape Architects,"Research, Development, Design, and Practitioners",Architecture and Engineering,4,19600.0,19600.0,19,modest,42.8,48.2,44.4,58.2,47.7,education,61.6,79.4,Quiet attrition,1,Moderate,12.0,12.2,36.2
19-1031.00,Conservation Scientists,"Research, Development, Design, and Practitioners","Life, Physical, and Social Science",4,25950.0,8650.0,30,modest,35.2,58.5,60.3,58.2,49.5,education,58.2,79.9,Protect,2,High,12.0,9.8,38.1
15-1255.01,Video Game Designers,"Research, Development, Design, and Practitioners",Computer and Mathematical,4,113330.0,56665.0,24,modest,74.2,36.7,34.8,43.7,33.5,education,40.6,73.8,Clear win,0,Low,11.9,18.9,36.9
15-1299.08,Computer Systems Engineers/Architects,"Research, Development, Design, and Practitioners; Technologists and Technicians",Computer and Mathematical,3,435370.0,48374.444444444445,28,modest,67.2,46.6,45.9,38.0,32.3,education,24.5,72.7,Clear win,0,Low,11.9,21.8,36.9
19-4012.01,Precision Agriculture Technicians,Technologists and Technicians,"Life, Physical, and Social Science",3,15130.0,7565.0,22,modest,48.5,46.8,46.4,52.6,34.6,education,64.7,79.6,Quiet attrition,1,Moderate,11.9,8.5,25.8
17-2199.08,Robotics Engineers,"Research, Development, Design, and Practitioners",Architecture and Engineering,4,154070.0,19258.75,24,modest,42.9,54.5,48.8,50.9,48.6,education,36.9,77.7,Protect,2,High,11.9,8.8,30.7
29-1229.03,Urologists,"Research, Development, Design, and Practitioners",Healthcare Practitioners and Technical,5,342720.0,57120.0,14,modest,21.2,81.3,77.0,69.1,94.4,education,27.4,68.4,Protect,2,High,11.9,15.0,40.2
15-1299.05,Information Security Engineers,"Research, Development, Design, and Practitioners; Technologists and Technicians",Computer and Mathematical,4,435370.0,48374.444444444445,20,modest,52.0,54.3,51.5,41.5,36.0,education,24.5,81.0,Reversible gamble,1,Moderate,11.7,23.7,38.7
17-2051.01,Transportation Engineers,"Research, Development, Design, and Practitioners",Architecture and Engineering,4,367840.0,122613.33333333333,26,modest,42.4,58.8,54.9,46.9,46.2,education,26.5,79.2,Hold the line,0,Low,11.7,14.1,35.6
19-3091.00,Anthropologists and Archeologists,"Research, Development, Design, and Practitioners","Life, Physical, and Social Science",5,8990.0,8990.0,30,modest,33.6,49.6,50.3,70.0,64.4,education,70.9,82.5,Quiet attrition,1,Moderate,11.7,0.2,35.3
29-1291.00,Acupuncturists,"Research, Development, Design, and Practitioners",Healthcare Practitioners and Technical,5,7830.0,7830.0,18,modest,22.7,74.4,75.5,68.4,62.6,education,72.6,76.8,Protect,2,High,11.6,0.7,32.9
17-2141.02,Automotive Engineers,"Research, Development, Design, and Practitioners",Architecture and Engineering,4,296810.0,98936.66666666667,25,modest,41.2,56.7,49.7,49.4,50.2,education,29.1,77.8,Hold the line,0,Low,11.5,15.0,38.3
19-4099.01,Quality Control Analysts,Technologists and Technicians,"Life, Physical, and Social Science",3,73910.0,36955.0,26,modest,50.5,52.3,51.8,43.3,26.4,education,45.7,82.0,Reversible gamble,1,Moderate,11.4,10.2,25.1
29-2011.01,Cytogenetic Technologists,Technologists and Technicians,Healthcare Practitioners and Technical,4,332940.0,55490.0,30,modest,27.7,67.1,73.1,61.3,75.0,job_zone,27.7,77.6,Protect,2,High,11.4,0.3,11.1
19-4099.03,Remote Sensing Technicians,Technologists and Technicians,"Life, Physical, and Social Science",4,73910.0,36955.0,21,modest,51.3,44.2,42.1,49.9,40.3,education,45.7,80.1,Clear win,0,Low,11.3,4.4,22.3
17-3022.00,Civil Engineering Technologists and Technicians,Technologists and Technicians,Architecture and Engineering,3,68520.0,68520.0,14,modest,49.6,50.3,45.1,44.1,29.8,education,46.6,76.2,Hold the line,0,Low,11.0,10.7,25.7
17-2112.02,Validation Engineers,"Research, Development, Design, and Practitioners",Architecture and Engineering,4,365740.0,91435.0,21,modest,44.8,52.4,47.6,46.7,46.2,education,26.6,77.9,Hold the line,0,Low,11.0,9.2,28.4
19-1032.00,Foresters,"Research, Development, Design, and Practitioners","Life, Physical, and Social Science",4,10430.0,10430.0,25,modest,25.0,59.2,62.7,74.0,75.0,job_zone,69.1,79.1,Protect,2,High,11.0,1.7,35.2
29-1141.02,Advanced Practice Psychiatric Nurses,"Research, Development, Design, and Practitioners",Healthcare Practitioners and Technical,5,3379720.0,675944.0,24,modest,30.6,78.1,78.9,46.1,64.2,education,0.0,70.2,Hold the line,0,Low,11.0,21.9,44.4
11-9111.00,Medical and Health Services Managers,Managerial,Managerial,4,597080.0,597080.0,18,modest,47.1,51.5,48.5,43.8,47.4,education,20.7,69.4,Hold the line,0,Low,10.6,17.6,35.1
17-3023.00,Electrical and Electronic Engineering Technologists and Technicians,Technologists and Technicians,Architecture and Engineering,3,95130.0,95130.0,28,modest,40.3,49.6,46.7,53.2,50.0,job_zone,42.7,76.7,Quiet attrition,1,Moderate,10.6,2.2,25.6
17-3028.00,Calibration Technologists and Technicians,Technologists and Technicians,Architecture and Engineering,3,16540.0,16540.0,14,modest,37.7,46.2,45.0,60.7,50.0,job_zone,63.6,83.0,Quiet attrition,1,Moderate,10.6,0.0,15.9
29-9099.01,Midwives,"Research, Development, Design, and Practitioners; Technologists and Technicians",Healthcare Practitioners and Technical,5,35010.0,35010.0,36,modest,26.8,75.2,73.7,52.6,42.9,education,54.7,73.6,Protect,2,High,10.6,7.6,33.8
17-2141.01,Fuel Cell Engineers,"Research, Development, Design, and Practitioners",Architecture and Engineering,4,296810.0,98936.66666666667,26,modest,38.6,53.8,48.8,50.8,52.7,education,29.1,78.7,Protect,2,High,10.5,9.6,34.5
19-1031.02,Range Managers,"Research, Development, Design, and Practitioners","Life, Physical, and Social Science",4,25950.0,8650.0,18,modest,32.5,57.0,55.6,56.7,46.5,education,58.2,79.8,Protect,2,High,10.5,4.3,39.2
17-2141.00,Mechanical Engineers,"Research, Development, Design, and Practitioners",Architecture and Engineering,4,296810.0,98936.66666666667,28,modest,44.5,53.8,48.4,43.4,37.8,education,29.1,78.7,Hold the line,0,Low,10.4,10.3,35.9
29-1151.00,Nurse Anesthetists,"Research, Development, Design, and Practitioners",Healthcare Practitioners and Technical,5,51840.0,51840.0,24,modest,20.3,76.6,64.3,66.7,74.9,education,50.0,71.4,Protect,2,High,10.4,0.0,25.9
17-3012.00,Electrical and Electronics Drafters,Technologists and Technicians,Architecture and Engineering,3,17920.0,17920.0,30,modest,39.9,49.7,45.6,51.9,34.9,education,62.7,78.0,Quiet attrition,1,Moderate,10.3,8.3,26.8
17-2199.10,Wind Energy Engineers,"Research, Development, Design, and Practitioners",Architecture and Engineering,4,154070.0,19258.75,16,modest,33.5,60.0,54.1,51.2,49.4,education,36.9,77.2,Protect,2,High,10.3,11.8,32.8
17-1022.01,Geodetic Surveyors,Technologists and Technicians,Architecture and Engineering,4,50830.0,25415.0,16,modest,40.9,46.8,40.4,52.7,44.6,education,50.2,76.7,Quiet attrition,1,Moderate,10.1,3.7,7.8
17-2171.00,Petroleum Engineers,"Research, Development, Design, and Practitioners",Architecture and Engineering,4,18060.0,18060.0,23,modest,30.8,55.7,47.7,58.7,48.2,education,62.6,79.0,Protect,2,High,10.1,6.6,27.8
17-3025.00,Environmental Engineering Technologists and Technicians,Technologists and Technicians,Architecture and Engineering,4,12190.0,12190.0,23,modest,33.5,52.0,48.3,56.4,39.9,education,67.3,81.2,Protect,2,High,9.8,0.0,16.4
15-1231.00,Computer Network Support Specialists,Technologists and Technicians,Computer and Mathematical,4,146190.0,146190.0,26,modest,51.8,42.3,42.0,43.9,37.0,education,37.6,70.6,Clear win,0,Low,9.6,7.6,15.4
29-1141.01,Acute Care Nurses,"Research, Development, Design, and Practitioners",Healthcare Practitioners and Technical,4,3379720.0,675944.0,27,modest,32.5,77.7,72.3,38.1,47.6,education,0.0,71.5,Hold the line,0,Low,9.6,16.3,39.7
29-1021.00,"Dentists, General","Research, Development, Design, and Practitioners",Healthcare Practitioners and Technical,5,124390.0,124390.0,20,modest,16.6,79.4,73.0,72.9,90.5,education,39.5,79.0,Protect,2,High,9.6,0.0,28.5
17-3026.01,Nanotechnology Engineering Technologists and Technicians,Technologists and Technicians,Architecture and Engineering,4,75570.0,37785.0,25,modest,32.6,46.0,47.8,62.6,66.5,education,45.5,78.7,Quiet attrition,1,Moderate,9.4,0.0,10.2
17-2051.00,Civil Engineers,"Research, Development, Design, and Practitioners",Architecture and Engineering,4,367840.0,122613.33333333333,16,modest,31.1,62.1,59.9,47.4,48.0,education,26.5,77.4,Hold the line,0,Low,9.2,5.6,29.9
41-4011.07,Solar Sales Representatives and Assessors,Sales,Sales,3,284800.0,142400.0,13,modest,63.4,37.1,35.7,38.5,34.7,education,29.6,61.3,Clear win,0,Low,9.1,15.5,31.1
15-1232.00,Computer User Support Specialists,Technologists and Technicians,Computer and Mathematical,3,717190.0,717190.0,16,modest,64.5,37.2,36.0,38.0,37.4,education,18.5,68.6,Clear win,0,Low,9.1,7.5,25.7
17-3011.00,Architectural and Civil Drafters,Technologists and Technicians,Architecture and Engineering,3,103700.0,103700.0,26,modest,35.7,48.3,48.5,53.0,50.0,job_zone,41.7,77.3,Quiet attrition,1,Moderate,9.1,8.6,21.0
17-3027.00,Mechanical Engineering Technologists and Technicians,Technologists and Technicians,Architecture and Engineering,3,36190.0,18095.0,30,modest,39.6,47.5,47.2,48.3,32.3,education,54.3,79.4,Low stakes,0,Low,9.1,3.0,18.6
17-2121.00,Marine Engineers and Naval Architects,"Research, Development, Design, and Practitioners",Architecture and Engineering,4,8250.0,8250.0,30,modest,29.6,52.6,48.6,57.9,41.3,education,71.9,78.6,Protect,2,High,9.0,3.0,23.9
17-3026.00,Industrial Engineering Technologists and Technicians,Technologists and Technicians,Architecture and Engineering,3,75570.0,37785.0,30,modest,30.0,54.0,51.9,54.1,50.0,job_zone,45.5,77.4,Protect,2,High,8.8,3.2,24.9
17-3013.00,Mechanical Drafters,Technologists and Technicians,Architecture and Engineering,3,39960.0,39960.0,16,modest,31.4,48.5,41.4,56.5,50.0,job_zone,53.1,78.0,Quiet attrition,1,Moderate,8.6,7.1,18.9
17-2199.05,Mechatronics Engineers,"Research, Development, Design, and Practitioners",Architecture and Engineering,4,154070.0,19258.75,23,modest,32.3,57.2,52.6,46.3,40.4,education,36.9,75.1,Hold the line,0,Low,8.6,11.0,33.5
17-2199.11,Solar Energy Systems Engineers,"Research, Development, Design, and Practitioners",Architecture and Engineering,4,154070.0,19258.75,13,modest,33.5,53.7,51.6,45.3,37.6,education,36.9,77.1,Hold the line,0,Low,8.1,6.6,30.7
17-3027.01,Automotive Engineering Technicians,Technologists and Technicians,Architecture and Engineering,3,36190.0,18095.0,18,modest,34.3,46.7,46.9,50.3,36.9,education,54.3,77.6,Quiet attrition,1,Moderate,8.1,0.0,12.7
29-2033.00,Nuclear Medicine Technologists,Technologists and Technicians,Healthcare Practitioners and Technical,3,17080.0,17080.0,17,modest,23.5,65.1,64.2,53.1,36.9,education,63.2,78.3,Protect,2,High,8.1,0.0,11.0
41-4011.00,"Sales Representatives, Wholesale and Manufacturing, Technical and Scientific Products",Sales,Sales,4,284800.0,142400.0,33,modest,67.8,33.1,31.7,35.8,32.9,education,29.6,52.5,Clear win,0,Low,8.0,13.8,21.2
17-2071.00,Electrical Engineers,"Research, Development, Design, and Practitioners",Architecture and Engineering,4,198750.0,198750.0,22,modest,28.9,56.5,50.9,48.9,45.6,education,33.9,79.5,Hold the line,0,Low,8.0,5.1,26.7
29-1126.00,Respiratory Therapists,"Research, Development, Design, and Practitioners",Healthcare Practitioners and Technical,3,139790.0,139790.0,23,modest,20.6,74.6,70.4,51.7,50.0,job_zone,38.1,76.4,Protect,2,High,7.9,0.0,26.7
19-2031.00,Chemists,"Research, Development, Design, and Practitioners","Life, Physical, and Social Science",4,82770.0,82770.0,12,modest,24.7,54.0,56.1,58.6,59.5,education,44.4,77.4,Protect,2,High,7.8,0.0,24.7
19-4043.00,"Geological Technicians, Except Hydrologic Technicians",Technologists and Technicians,"Life, Physical, and Social Science",4,6980.0,6980.0,29,modest,22.3,45.9,42.8,75.7,75.0,job_zone,73.9,80.2,Quiet attrition,1,Moderate,7.7,0.0,9.0
19-4042.00,"Environmental Science and Protection Technicians, Including Health",Technologists and Technicians,"Life, Physical, and Social Science",4,34670.0,34670.0,25,modest,25.7,55.0,56.0,53.0,40.2,education,54.8,82.5,Protect,2,High,7.5,0.0,21.7
17-3024.00,Electro-Mechanical and Mechatronics Technologists and Technicians,Technologists and Technicians,Architecture and Engineering,3,15520.0,7760.0,28,modest,30.1,47.5,48.1,50.9,31.6,education,64.4,78.7,Quiet attrition,1,Moderate,7.3,0.0,14.6
29-2034.00,Radiologic Technologists and Technicians,Technologists and Technicians,Healthcare Practitioners and Technical,3,230490.0,230490.0,30,modest,21.1,67.9,67.6,49.7,50.0,job_zone,32.1,75.2,Hold the line,0,Low,7.1,0.0,18.6
29-2099.01,Neurodiagnostic Technologists,Technologists and Technicians,Healthcare Practitioners and Technical,3,182610.0,60870.0,16,modest,24.5,70.4,67.5,40.9,30.5,education,34.9,76.1,Hold the line,0,Low,7.1,0.0,23.5
19-4051.02,Nuclear Monitoring Technicians,Technologists and Technicians,"Life, Physical, and Social Science",3,6470.0,3235.0,16,modest,25.1,53.9,57.1,51.7,27.3,education,74.8,78.1,Protect,2,High,7.0,0.0,0.0
29-2052.00,Pharmacy Technicians,Technologists and Technicians,Healthcare Practitioners and Technical,3,471680.0,471680.0,21,modest,41.1,47.4,41.4,34.5,22.1,education,23.6,82.0,Low stakes,0,Low,6.7,0.0,6.9
29-2081.00,"Opticians, Dispensing",Technologists and Technicians,Healthcare Practitioners and Technical,3,73530.0,73530.0,21,modest,28.2,58.6,54.1,40.7,21.6,education,45.8,81.0,Hold the line,0,Low,6.7,0.0,16.7
29-1141.00,Registered Nurses,"Research, Development, Design, and Practitioners",Healthcare Practitioners and Technical,4,3379720.0,675944.0,27,modest,27.3,74.2,72.6,33.2,38.0,education,0.0,71.0,Hold the line,0,Low,6.7,11.2,34.0
29-2032.00,Diagnostic Medical Sonographers,Technologists and Technicians,Healthcare Practitioners and Technical,3,90160.0,90160.0,19,modest,18.5,67.0,63.3,53.1,50.0,job_zone,43.3,75.7,Protect,2,High,6.6,1.9,16.3
19-4051.00,Nuclear Technicians,Technologists and Technicians,"Life, Physical, and Social Science",3,6470.0,3235.0,18,modest,19.3,54.8,61.0,62.8,50.0,job_zone,74.8,76.9,Protect,2,High,6.6,0.0,9.6
29-2091.00,Orthotists and Prosthetists,Technologists and Technicians,Healthcare Practitioners and Technical,5,9390.0,9390.0,15,modest,14.5,68.4,66.4,66.2,60.4,education,70.4,74.2,Protect,2,High,6.6,0.0,20.6
17-1022.00,Surveyors,Technologists and Technicians,Architecture and Engineering,4,50830.0,25415.0,24,modest,26.2,51.9,45.2,47.1,34.4,education,50.2,74.0,Hold the line,0,Low,6.4,0.0,7.7
29-2042.00,Emergency Medical Technicians,Technologists and Technicians,Healthcare Practitioners and Technical,3,180510.0,180510.0,12,modest,16.7,75.0,77.2,50.4,50.0,job_zone,35.0,74.5,Protect,2,High,6.3,0.0,23.5
29-2043.00,Paramedics,Technologists and Technicians,Healthcare Practitioners and Technical,3,100610.0,100610.0,13,modest,14.8,81.6,75.2,52.2,50.0,job_zone,42.0,72.8,Protect,2,High,6.3,0.3,34.9
29-2031.00,Cardiovascular Technologists and Technicians,Technologists and Technicians,Healthcare Practitioners and Technical,3,62960.0,62960.0,21,modest,19.1,73.0,64.3,44.2,30.1,education,47.6,74.5,Hold the line,0,Low,6.2,0.0,15.3
19-1022.00,Microbiologists,"Research, Development, Design, and Practitioners","Life, Physical, and Social Science",4,18940.0,18940.0,14,modest,20.1,51.9,51.5,58.3,50.0,education,62.0,73.3,Protect,2,High,6.1,0.0,20.9
29-2011.00,Medical and Clinical Laboratory Technologists,Technologists and Technicians,Healthcare Practitioners and Technical,4,332940.0,55490.0,15,modest,20.0,67.0,73.4,44.0,41.9,education,27.7,73.9,Hold the line,0,Low,5.9,0.0,10.4
11-9041.01,Biofuels/Biodiesel Technology and Product Development Managers,Managerial,Managerial,4,220260.0,110130.0,18,modest,24.3,53.8,45.0,44.6,49.5,education,32.7,50.0,Hold the line,0,Low,5.8,0.0,33.8
29-1124.00,Radiation Therapists,"Research, Development, Design, and Practitioners",Healthcare Practitioners and Technical,3,17070.0,17070.0,22,modest,15.9,70.2,66.8,52.3,35.7,education,63.2,77.3,Protect,2,High,5.8,0.0,16.2
29-2092.00,Hearing Aid Specialists,Technologists and Technicians,Healthcare Practitioners and Technical,3,11270.0,11270.0,11,modest,13.2,68.8,79.1,62.7,53.1,education,68.2,78.5,Protect,2,High,5.7,0.0,17.4
17-3021.00,Aerospace Engineering and Operations Technologists and Technicians,Technologists and Technicians,Architecture and Engineering,3,11280.0,11280.0,11,modest,22.9,49.1,51.9,48.9,25.9,education,68.2,77.7,Low stakes,0,Low,5.5,0.0,9.6
17-3031.00,Surveying and Mapping Technicians,Technologists and Technicians,Architecture and Engineering,3,58010.0,58010.0,30,modest,21.2,46.0,41.5,55.3,50.0,job_zone,48.6,78.4,Quiet attrition,1,Moderate,5.4,0.0,-1.3
17-3024.01,Robotics Technicians,Technologists and Technicians,Architecture and Engineering,3,15520.0,7760.0,22,modest,22.7,46.9,47.9,50.5,31.5,education,64.4,77.3,Quiet attrition,1,Moderate,5.4,0.0,8.4
29-2011.02,Cytotechnologists,Technologists and Technicians,Healthcare Practitioners and Technical,5,332940.0,55490.0,13,modest,16.2,67.3,66.7,48.8,51.0,education,27.7,75.0,Hold the line,0,Low,5.3,0.0,9.8
29-1141.03,Critical Care Nurses,"Research, Development, Design, and Practitioners",Healthcare Practitioners and Technical,4,3379720.0,675944.0,29,modest,19.3,75.6,77.9,36.5,43.1,education,0.0,74.8,Hold the line,0,Low,5.3,4.2,29.0
29-2035.00,Magnetic Resonance Imaging Technologists,Technologists and Technicians,Healthcare Practitioners and Technical,3,43390.0,43390.0,24,modest,16.7,64.1,65.5,47.3,31.3,education,52.1,79.9,Hold the line,0,Low,5.1,0.0,16.4
19-4031.00,Chemical Technicians,Technologists and Technicians,"Life, Physical, and Social Science",3,57540.0,57540.0,16,modest,22.4,49.3,50.7,45.7,31.5,education,48.7,76.6,Low stakes,0,Low,5.0,0.0,20.6
29-1292.00,Dental Hygienists,"Research, Development, Design, and Practitioners",Healthcare Practitioners and Technical,3,222740.0,222740.0,16,modest,17.1,64.6,51.4,45.5,39.2,education,32.5,80.6,Hold the line,0,Low,5.0,0.0,17.3
17-3029.08,Photonics Technicians,Technologists and Technicians,Architecture and Engineering,3,59930.0,29965.0,24,modest,25.6,43.1,48.0,44.7,29.2,education,48.2,78.2,Low stakes,0,Low,4.9,0.0,2.6
29-1071.01,Anesthesiologist Assistants,"Research, Development, Design, and Practitioners",Healthcare Practitioners and Technical,5,162150.0,81075.0,16,modest,8.6,75.4,67.4,76.0,100.0,job_zone,36.3,75.5,Protect,2,High,4.9,0.0,19.9
29-2053.00,Psychiatric Technicians,Technologists and Technicians,Healthcare Practitioners and Technical,3,156960.0,156960.0,16,modest,16.6,65.5,57.6,41.9,31.0,education,36.7,77.0,Hold the line,0,Low,4.6,0.0,26.3
19-4092.00,Forensic Science Technicians,Technologists and Technicians,"Life, Physical, and Social Science",3,19120.0,19120.0,24,modest,12.9,69.8,43.7,49.9,30.4,education,61.9,80.8,Hold the line,0,Low,4.5,0.0,19.1
29-2012.00,Medical and Clinical Laboratory Technicians,Technologists and Technicians,Healthcare Practitioners and Technical,3,332940.0,55490.0,14,modest,14.3,62.9,71.2,49.0,50.0,job_zone,27.7,78.2,Hold the line,0,Low,4.4,0.0,3.6
17-3029.01,Non-Destructive Testing Specialists,Technologists and Technicians,Architecture and Engineering,,59930.0,29965.0,16,modest,22.4,47.7,49.7,40.4,21.3,education,48.2,76.6,Low stakes,0,Low,4.3,0.0,-0.4
29-2061.00,Licensed Practical and Licensed Vocational Nurses,Technologists and Technicians,Healthcare Practitioners and Technical,3,648410.0,648410.0,22,modest,18.5,61.7,48.9,35.8,28.3,education,19.7,78.5,Hold the line,0,Low,4.1,0.0,13.7
19-4021.00,Biological Technicians,Technologists and Technicians,"Life, Physical, and Social Science",4,69620.0,69620.0,18,modest,18.7,41.6,47.8,50.9,41.4,education,46.4,81.6,Quiet attrition,1,Moderate,4.0,0.0,6.9
19-4012.00,Agricultural Technicians,Technologists and Technicians,"Life, Physical, and Social Science",3,15130.0,7565.0,26,modest,18.5,42.0,45.7,51.5,33.0,education,64.7,78.0,Quiet attrition,1,Moderate,4.0,0.0,4.0
19-4071.00,Forest and Conservation Technicians,Technologists and Technicians,"Life, Physical, and Social Science",3,30410.0,30410.0,20,modest,16.1,50.9,54.3,46.6,26.9,education,56.3,81.3,Hold the line,0,Low,3.8,0.0,14.1
19-4013.00,Food Science Technicians,Technologists and Technicians,"Life, Physical, and Social Science",3,14600.0,14600.0,16,modest,14.5,47.0,53.1,52.9,37.9,education,65.1,72.0,Quiet attrition,1,Moderate,3.6,0.0,-0.4
29-2055.00,Surgical Technologists,Technologists and Technicians,Healthcare Practitioners and Technical,3,117460.0,117460.0,18,modest,10.8,63.0,44.8,52.4,50.0,job_zone,40.2,76.8,Protect,2,High,3.6,0.0,1.6
29-1022.00,Oral and Maxillofacial Surgeons,"Research, Development, Design, and Practitioners",Healthcare Practitioners and Technical,5,4910.0,4910.0,15,modest,4.1,89.7,81.8,86.0,95.1,education,78.1,75.0,Protect,2,High,3.2,0.0,29.4
17-1021.00,Cartographers and Photogrammetrists,Technologists and Technicians,Architecture and Engineering,4,14260.0,14260.0,14,modest,13.6,44.4,49.8,51.8,36.0,education,65.4,70.9,Quiet attrition,1,Moderate,3.1,0.0,-1.3
29-2056.00,Veterinary Technologists and Technicians,Technologists and Technicians,Healthcare Practitioners and Technical,3,129140.0,129140.0,31,modest,10.8,66.0,55.9,40.5,26.7,education,39.0,77.5,Hold the line,0,Low,2.9,0.0,10.5
29-2099.05,Ophthalmic Medical Technologists,Technologists and Technicians,Healthcare Practitioners and Technical,3,182610.0,60870.0,31,modest,9.0,63.0,73.5,40.3,28.5,education,34.9,77.7,Hold the line,0,Low,2.3,0.0,1.1
29-2011.04,Histotechnologists,Technologists and Technicians,Healthcare Practitioners and Technical,4,332940.0,55490.0,16,modest,9.0,59.2,61.7,40.3,39.4,education,27.7,61.4,Hold the line,0,Low,2.1,0.0,-6.1
29-2057.00,Ophthalmic Medical Technicians,Technologists and Technicians,Healthcare Practitioners and Technical,3,71010.0,71010.0,20,modest,4.2,62.6,64.6,39.2,19.4,education,46.2,78.3,Hold the line,0,Low,1.0,0.0,-0.5
29-9093.00,Surgical Assistants,"Research, Development, Design, and Practitioners",Healthcare Practitioners and Technical,3,22270.0,22270.0,28,modest,1.9,75.5,63.8,58.9,50.0,job_zone,60.1,79.1,Protect,2,High,0.8,0.0,10.3
29-2012.01,Histology Technicians,Technologists and Technicians,Healthcare Practitioners and Technical,3,332940.0,55490.0,8,modest,0.0,54.5,0.0,36.0,31.8,education,27.7,59.1,Hold the line,0,Low,0.0,0.0,-15.0
29-1024.00,Prosthodontists,"Research, Development, Design, and Practitioners",Healthcare Practitioners and Technical,5,870.0,870.0,12,modest,0.0,71.8,0.0,89.5,92.2,education,98.8,68.6,Protect,2,High,0.0,0.0,14.6
29-1223.00,Psychiatrists,"Research, Development, Design, and Practitioners",Healthcare Practitioners and Technical,5,27980.0,27980.0,12,substantial,62.8,76.3,75.1,77.1,92.0,education,57.3,69.5,Strategic trap,3,Critical,36.9,32.5,47.1
19-3094.00,Political Scientists,"Research, Development, Design, and Practitioners","Life, Physical, and Social Science",5,5540.0,5540.0,14,substantial,89.4,49.7,48.0,79.9,83.4,education,76.7,76.0,Guard the pipeline,2,High,35.5,29.6,50.3
19-3011.01,Environmental Economists,"Research, Development, Design, and Practitioners","Life, Physical, and Social Science",5,17790.0,8895.0,20,substantial,93.7,53.1,53.1,69.9,71.5,education,62.8,76.3,Strategic trap,3,Critical,34.8,26.4,48.8
29-9092.00,Genetic Counselors,"Research, Development, Design, and Practitioners",Healthcare Practitioners and Technical,5,3740.0,3740.0,19,substantial,64.7,74.1,71.7,70.0,62.6,education,81.4,71.5,Strategic trap,3,Critical,33.6,36.1,50.9
29-1213.00,Dermatologists,"Research, Development, Design, and Practitioners",Healthcare Practitioners and Technical,5,11370.0,11370.0,18,substantial,55.2,80.1,75.7,75.9,84.4,education,68.1,66.4,Strategic trap,3,Critical,33.6,23.6,47.8
29-1229.02,Hospitalists,"Research, Development, Design, and Practitioners",Healthcare Practitioners and Technical,5,342720.0,57120.0,14,substantial,64.8,76.9,74.4,67.3,89.8,education,27.4,71.0,Strategic trap,3,Critical,33.5,32.9,49.8
29-1217.00,Neurologists,"Research, Development, Design, and Practitioners",Healthcare Practitioners and Technical,5,10590.0,10590.0,24,substantial,52.5,80.0,79.4,79.3,91.6,education,69.0,64.2,Strategic trap,3,Critical,33.3,27.6,45.8
15-2021.00,Mathematicians,"Research, Development, Design, and Practitioners",Computer and Mathematical,5,2030.0,2030.0,12,substantial,95.2,43.5,43.5,78.4,75.4,education,88.7,70.2,Guard the pipeline,2,High,32.5,29.9,41.5
29-1229.05,Preventive Medicine Physicians,"Research, Development, Design, and Practitioners",Healthcare Practitioners and Technical,5,342720.0,57120.0,15,substantial,66.2,67.8,64.3,71.7,96.0,education,27.4,77.4,Strategic trap,3,Critical,32.2,27.6,46.6
19-3032.00,Industrial-Organizational Psychologists,"Research, Development, Design, and Practitioners","Life, Physical, and Social Science",5,790.0,790.0,25,substantial,77.5,52.7,49.7,78.4,65.5,education,100.0,78.1,Strategic trap,3,Critical,32.0,21.5,43.8
15-2011.00,Actuaries,"Research, Development, Design, and Practitioners",Computer and Mathematical,4,26670.0,26670.0,15,substantial,68.7,65.1,58.1,71.3,75.0,job_zone,57.9,82.3,Strategic trap,3,Critical,31.9,31.7,45.6
29-1218.00,Obstetricians and Gynecologists,"Research, Development, Design, and Practitioners",Healthcare Practitioners and Technical,5,21260.0,21260.0,15,substantial,49.3,79.9,76.7,79.7,95.7,education,60.6,68.4,Protect,2,High,31.4,20.3,41.8
19-1029.01,Bioinformatics Scientists,"Research, Development, Design, and Practitioners","Life, Physical, and Social Science",5,55850.0,13962.5,20,substantial,87.1,52.2,51.1,67.6,76.0,education,49.1,74.1,Strategic trap,3,Critical,30.7,21.5,46.8
15-1299.06,Digital Forensics Analysts,"Research, Development, Design, and Practitioners; Technologists and Technicians",Computer and Mathematical,4,435370.0,48374.444444444445,20,substantial,90.4,54.5,55.0,61.9,75.0,job_zone,24.5,85.1,Strategic trap,3,Critical,30.5,25.6,32.6
19-1041.00,Epidemiologists,"Research, Development, Design, and Practitioners","Life, Physical, and Social Science",5,12090.0,12090.0,16,substantial,68.8,61.0,56.9,72.6,72.6,education,67.4,80.4,Strategic trap,3,Critical,30.5,22.5,45.3
29-1129.01,Art Therapists,"Research, Development, Design, and Practitioners",Healthcare Practitioners and Technical,5,22640.0,11320.0,25,substantial,55.1,66.1,66.5,83.7,100.0,job_zone,59.9,78.7,Strategic trap,3,Critical,30.5,19.8,39.6
29-1215.00,Family Medicine Physicians,"Research, Development, Design, and Practitioners",Healthcare Practitioners and Technical,5,107510.0,107510.0,12,substantial,58.3,76.1,75.1,68.8,85.8,education,41.2,67.9,Strategic trap,3,Critical,30.5,28.8,44.9
29-1181.00,Audiologists,"Research, Development, Design, and Practitioners",Healthcare Practitioners and Technical,5,13660.0,13660.0,22,substantial,54.4,72.9,71.9,76.8,85.3,education,65.9,71.9,Strategic trap,3,Critical,30.5,17.9,40.0
29-1222.00,"Physicians, Pathologists","Research, Development, Design, and Practitioners",Healthcare Practitioners and Technical,5,11110.0,11110.0,19,substantial,49.8,74.3,74.6,82.2,92.6,education,68.4,77.0,Protect,2,High,30.4,16.2,32.6
19-2012.00,Physicists,"Research, Development, Design, and Practitioners","Life, Physical, and Social Science",5,20430.0,20430.0,16,substantial,75.1,51.2,52.1,78.7,87.9,education,61.1,82.0,Strategic trap,3,Critical,30.3,18.8,42.8
29-1229.01,Allergists and Immunologists,"Research, Development, Design, and Practitioners",Healthcare Practitioners and Technical,5,342720.0,57120.0,16,substantial,59.9,80.3,79.1,62.7,81.7,education,27.4,68.0,Strategic trap,3,Critical,30.2,31.6,51.0
15-1299.04,Penetration Testers,"Research, Development, Design, and Practitioners; Technologists and Technicians",Computer and Mathematical,4,435370.0,48374.444444444445,22,substantial,91.2,53.3,52.2,61.7,75.0,job_zone,24.5,84.1,Strategic trap,3,Critical,30.0,27.7,37.3
19-2041.03,Industrial Ecologists,"Research, Development, Design, and Practitioners","Life, Physical, and Social Science",5,89250.0,22312.5,38,substantial,94.1,54.2,53.6,58.9,59.9,education,43.5,79.5,Strategic trap,3,Critical,30.0,23.9,48.4
19-3041.00,Sociologists,"Research, Development, Design, and Practitioners","Life, Physical, and Social Science",5,2260.0,2260.0,15,substantial,75.2,50.5,48.6,79.1,75.4,education,87.4,76.1,Strategic trap,3,Critical,30.0,22.2,45.0
29-1216.00,General Internal Medicine Physicians,"Research, Development, Design, and Practitioners",Healthcare Practitioners and Technical,5,67150.0,67150.0,19,substantial,50.2,80.5,79.7,74.2,92.8,education,46.9,68.5,Strategic trap,3,Critical,30.0,23.6,45.7
19-1011.00,Animal Scientists,"Research, Development, Design, and Practitioners","Life, Physical, and Social Science",5,3100.0,3100.0,9,substantial,86.8,46.5,45.5,74.0,71.6,education,83.6,65.8,Guard the pipeline,2,High,29.9,7.6,43.1
17-2031.00,Bioengineers and Biomedical Engineers,"Research, Development, Design, and Practitioners",Architecture and Engineering,4,23480.0,23480.0,30,substantial,86.0,54.0,52.2,63.5,61.5,education,59.4,74.8,Strategic trap,3,Critical,29.5,20.0,44.5
19-2041.01,Climate Change Policy Analysts,"Research, Development, Design, and Practitioners","Life, Physical, and Social Science",5,89250.0,22312.5,14,substantial,91.8,52.9,51.5,60.4,64.5,education,43.5,75.6,Strategic trap,3,Critical,29.3,31.5,49.3
17-1011.00,"Architects, Except Landscape and Naval","Research, Development, Design, and Practitioners",Architecture and Engineering,5,106770.0,106770.0,25,substantial,68.2,54.6,51.5,78.2,100.0,job_zone,41.3,79.2,Strategic trap,3,Critical,29.1,16.1,35.1
19-3039.03,Clinical Neuropsychologists,"Research, Development, Design, and Practitioners","Life, Physical, and Social Science",5,18820.0,9410.0,18,substantial,49.8,70.4,71.4,82.5,98.7,education,62.1,72.5,Protect,2,High,28.9,19.5,44.9
19-3099.01,Transportation Planners,"Research, Development, Design, and Practitioners","Life, Physical, and Social Science",4,37100.0,37100.0,22,substantial,84.3,57.5,54.5,59.0,53.1,education,54.0,81.5,Strategic trap,3,Critical,28.6,30.0,48.4
29-1243.00,Pediatric Surgeons,"Research, Development, Design, and Practitioners",Healthcare Practitioners and Technical,5,1190.0,1190.0,18,substantial,38.9,79.6,75.7,92.5,100.0,job_zone,95.1,69.7,Protect,2,High,28.6,11.2,33.7
15-2041.01,Biostatisticians,"Research, Development, Design, and Practitioners",Computer and Mathematical,5,29030.0,14515.0,25,substantial,96.3,44.9,44.6,65.7,66.3,education,56.9,77.6,Guard the pipeline,2,High,28.4,29.5,38.5
29-1081.00,Podiatrists,"Research, Development, Design, and Practitioners",Healthcare Practitioners and Technical,5,9680.0,9680.0,11,substantial,46.7,76.4,72.2,79.5,88.1,education,70.0,72.0,Protect,2,High,28.4,13.6,38.2
29-1299.01,Naturopathic Physicians,"Research, Development, Design, and Practitioners",Healthcare Practitioners and Technical,5,28630.0,14315.0,20,substantial,53.5,71.5,68.2,73.5,85.2,education,57.1,68.9,Strategic trap,3,Critical,28.1,16.1,38.8
29-1229.06,Sports Medicine Physicians,"Research, Development, Design, and Practitioners",Healthcare Practitioners and Technical,5,342720.0,57120.0,27,substantial,56.7,71.8,67.4,68.2,92.2,education,27.4,69.4,Strategic trap,3,Critical,27.8,23.7,45.0
29-1221.00,"Pediatricians, General","Research, Development, Design, and Practitioners",Healthcare Practitioners and Technical,5,39390.0,39390.0,17,substantial,46.0,77.3,75.1,78.2,96.6,education,53.2,69.8,Protect,2,High,27.8,19.0,44.3
15-2041.00,Statisticians,"Research, Development, Design, and Practitioners",Computer and Mathematical,5,29030.0,14515.0,19,substantial,93.8,47.1,46.6,62.6,60.3,education,56.9,76.8,Guard the pipeline,2,High,27.7,28.3,38.9
17-2011.00,Aerospace Engineers,"Research, Development, Design, and Practitioners",Architecture and Engineering,4,67710.0,67710.0,14,substantial,70.0,58.5,58.3,67.4,75.0,job_zone,46.8,79.4,Strategic trap,3,Critical,27.6,12.6,31.7
19-2043.00,Hydrologists,"Research, Development, Design, and Practitioners","Life, Physical, and Social Science",4,5850.0,5850.0,25,substantial,67.2,53.6,51.8,76.3,75.0,job_zone,76.1,79.8,Strategic trap,3,Critical,27.5,8.6,33.5
29-1212.00,Cardiologists,"Research, Development, Design, and Practitioners",Healthcare Practitioners and Technical,5,17290.0,17290.0,25,substantial,42.0,79.0,76.8,83.0,100.0,job_zone,63.1,70.2,Protect,2,High,27.5,13.2,35.2
19-3011.00,Economists,"Research, Development, Design, and Practitioners","Life, Physical, and Social Science",5,17790.0,8895.0,14,substantial,76.9,53.1,47.9,67.0,65.7,education,62.8,76.4,Strategic trap,3,Critical,27.4,25.6,45.6
19-2011.00,Astronomers,"Research, Development, Design, and Practitioners","Life, Physical, and Social Science",5,2120.0,2120.0,17,substantial,63.5,50.0,45.9,86.4,86.6,education,88.2,83.0,Strategic trap,3,Critical,27.4,16.5,38.5
29-1299.02,Orthoptists,"Research, Development, Design, and Practitioners",Healthcare Practitioners and Technical,5,28630.0,14315.0,16,substantial,44.7,75.7,79.4,81.0,100.0,job_zone,57.1,69.3,Protect,2,High,27.4,18.9,38.3
19-3051.00,Urban and Regional Planners,"Research, Development, Design, and Practitioners","Life, Physical, and Social Science",5,44230.0,44230.0,25,substantial,88.1,51.8,51.8,59.8,56.0,education,51.9,81.1,Strategic trap,3,Critical,27.3,24.4,43.0
17-2199.03,"Energy Engineers, Except Wind and Solar","Research, Development, Design, and Practitioners",Architecture and Engineering,4,154070.0,19258.75,21,substantial,83.2,49.7,46.9,65.0,75.0,job_zone,36.9,82.3,Guard the pipeline,2,High,26.9,14.5,28.7
29-1214.00,Emergency Medicine Physicians,"Research, Development, Design, and Practitioners",Healthcare Practitioners and Technical,5,32880.0,32880.0,17,substantial,40.6,84.1,81.2,77.5,93.9,education,55.4,69.5,Protect,2,High,26.5,20.6,41.8
19-3033.00,Clinical and Counseling Psychologists,"Research, Development, Design, and Practitioners","Life, Physical, and Social Science",5,75990.0,75990.0,30,substantial,54.9,64.8,61.0,74.3,90.2,education,45.4,77.9,Strategic trap,3,Critical,26.4,19.9,39.8
19-3039.02,Neuropsychologists,"Research, Development, Design, and Practitioners","Life, Physical, and Social Science",5,18820.0,9410.0,14,substantial,49.7,65.1,66.4,81.6,97.5,education,62.1,70.9,Protect,2,High,26.4,16.8,43.0
15-1221.00,Computer and Information Research Scientists,"Research, Development, Design, and Practitioners",Computer and Mathematical,5,37200.0,37200.0,15,substantial,83.4,50.8,51.1,62.1,61.8,education,53.9,75.4,Strategic trap,3,Critical,26.3,21.5,41.2
29-1242.00,"Orthopedic Surgeons, Except Pediatric","Research, Development, Design, and Practitioners",Healthcare Practitioners and Technical,5,14100.0,14100.0,15,substantial,40.0,78.9,75.2,83.3,100.0,job_zone,65.5,68.4,Protect,2,High,26.3,12.9,35.0
25-1043.00,"Forestry and Conservation Science Teachers, Postsecondary",Postsecondary Teaching,Postsecondary Teaching,5,1520.0,1520.0,25,substantial,81.9,43.4,42.3,73.3,84.5,education,92.2,16.8,Guard the pipeline,2,High,26.1,22.7,40.1
29-1224.00,Radiologists,"Research, Development, Design, and Practitioners",Healthcare Practitioners and Technical,5,26770.0,26770.0,30,substantial,45.1,77.4,74.9,74.9,85.7,education,57.9,73.2,Protect,2,High,26.1,24.3,38.7
29-1241.00,"Ophthalmologists, Except Pediatric","Research, Development, Design, and Practitioners",Healthcare Practitioners and Technical,5,8950.0,8950.0,18,substantial,43.8,80.2,78.3,74.2,79.6,education,71.0,65.7,Protect,2,High,26.1,20.3,41.4
19-2021.00,Atmospheric and Space Scientists,"Research, Development, Design, and Practitioners","Life, Physical, and Social Science",4,10000.0,10000.0,27,substantial,80.0,48.3,47.9,66.0,57.7,education,69.6,81.5,Guard the pipeline,2,High,25.5,15.4,38.0
15-1212.00,Information Security Analysts,"Research, Development, Design, and Practitioners",Computer and Mathematical,4,190650.0,190650.0,11,substantial,100.0,53.1,53.1,47.0,44.3,education,34.4,72.5,Reversible gamble,1,Moderate,25.0,28.8,34.2
19-1023.00,Zoologists and Wildlife Biologists,"Research, Development, Design, and Practitioners","Life, Physical, and Social Science",4,18120.0,18120.0,14,substantial,64.7,53.3,53.1,72.5,75.0,job_zone,62.5,81.4,Strategic trap,3,Critical,25.0,7.7,33.0
15-2051.00,Data Scientists,"Research, Development, Design, and Practitioners",Computer and Mathematical,4,262440.0,87480.0,16,substantial,96.4,42.8,42.8,60.1,75.0,job_zone,30.6,67.3,Guard the pipeline,2,High,24.8,28.8,40.8
25-1053.00,"Environmental Science Teachers, Postsecondary",Postsecondary Teaching,Postsecondary Teaching,5,6690.0,6690.0,25,substantial,81.7,44.2,43.2,68.2,85.1,education,74.4,16.5,Guard the pipeline,2,High,24.6,23.2,40.5
19-1029.03,Geneticists,"Research, Development, Design, and Practitioners","Life, Physical, and Social Science",5,55850.0,13962.5,24,substantial,71.2,49.5,47.6,69.9,79.4,education,49.1,77.4,Guard the pipeline,2,High,24.6,9.2,38.2
15-2031.00,Operations Research Analysts,"Research, Development, Design, and Practitioners",Computer and Mathematical,5,108510.0,108510.0,17,substantial,94.1,45.5,45.9,57.1,59.0,education,41.1,76.6,Guard the pipeline,2,High,24.4,25.1,42.1
29-1031.00,Dietitians and Nutritionists,"Research, Development, Design, and Practitioners",Healthcare Practitioners and Technical,5,77570.0,77570.0,28,substantial,65.5,64.7,62.1,57.5,54.9,education,45.1,82.7,Strategic trap,3,Critical,24.4,20.9,41.6
19-1013.00,Soil and Plant Scientists,"Research, Development, Design, and Practitioners","Life, Physical, and Social Science",5,15730.0,15730.0,27,substantial,70.0,52.5,50.0,66.0,61.5,education,64.2,79.9,Strategic trap,3,Critical,24.3,4.7,41.3
25-1064.00,"Geography Teachers, Postsecondary",Postsecondary Teaching,Postsecondary Teaching,5,3330.0,3330.0,25,substantial,81.0,43.3,42.1,69.1,81.0,education,82.8,19.0,Guard the pipeline,2,High,24.2,20.7,38.3
25-1061.00,"Anthropology and Archeology Teachers, Postsecondary",Postsecondary Teaching,Postsecondary Teaching,5,5240.0,5240.0,27,substantial,80.1,44.8,43.3,67.0,77.6,education,77.4,24.7,Guard the pipeline,2,High,24.0,21.7,40.9
29-1161.00,Nurse Midwives,"Research, Development, Design, and Practitioners",Healthcare Practitioners and Technical,5,7920.0,7920.0,21,substantial,47.1,76.0,72.6,66.8,62.5,education,72.4,69.0,Protect,2,High,23.9,17.0,40.2
15-1255.00,Web and Digital Interface Designers,"Research, Development, Design, and Practitioners",Computer and Mathematical,4,113330.0,56665.0,30,substantial,98.0,37.6,37.6,64.7,75.0,job_zone,40.6,75.1,Guard the pipeline,2,High,23.8,25.1,36.8
19-1029.04,Biologists,"Research, Development, Design, and Practitioners","Life, Physical, and Social Science",5,55850.0,13962.5,22,substantial,71.2,52.2,52.0,64.1,66.3,education,49.1,80.9,Strategic trap,3,Critical,23.8,14.3,40.5
11-9121.00,Natural Sciences Managers,Managerial,Managerial,5,108690.0,36230.0,16,substantial,73.3,54.4,53.3,59.6,67.1,education,41.1,68.4,Strategic trap,3,Critical,23.8,22.0,41.0
29-9021.00,Health Information Technologists and Medical Registrars,"Research, Development, Design, and Practitioners; Technologists and Technicians",Healthcare Practitioners and Technical,3,38100.0,38100.0,16,substantial,78.1,51.7,47.7,58.1,50.0,job_zone,53.6,85.1,Strategic trap,3,Critical,23.5,19.9,33.3
19-4044.00,Hydrologic Technicians,Technologists and Technicians,"Life, Physical, and Social Science",3,2840.0,2840.0,16,substantial,71.9,48.9,51.7,66.7,50.0,job_zone,84.7,81.2,Guard the pipeline,2,High,23.5,2.5,24.0
29-1171.00,Nurse Practitioners,"Research, Development, Design, and Practitioners",Healthcare Practitioners and Technical,5,323040.0,323040.0,27,substantial,53.9,77.3,73.8,56.5,68.6,education,28.1,68.7,Strategic trap,3,Critical,23.5,25.6,46.9
17-2111.00,"Health and Safety Engineers, Except Mining Safety Engineers and Inspectors","Research, Development, Design, and Practitioners",Architecture and Engineering,4,21450.0,10725.0,27,substantial,48.9,66.4,60.5,72.2,75.0,job_zone,60.5,82.9,Protect,2,High,23.4,11.5,39.8
25-1041.00,"Agricultural Sciences Teachers, Postsecondary",Postsecondary Teaching,Postsecondary Teaching,5,8920.0,8920.0,23,substantial,80.5,43.6,42.3,66.3,84.1,education,71.0,14.8,Guard the pipeline,2,High,23.3,21.6,39.9
17-2111.02,Fire-Prevention and Protection Engineers,"Research, Development, Design, and Practitioners",Architecture and Engineering,4,21450.0,10725.0,14,substantial,66.5,60.4,55.8,58.1,47.9,education,60.5,79.8,Strategic trap,3,Critical,23.3,21.2,42.1
17-2041.00,Chemical Engineers,"Research, Development, Design, and Practitioners",Architecture and Engineering,4,21070.0,21070.0,14,substantial,69.2,58.7,58.3,57.4,47.5,education,60.7,77.4,Strategic trap,3,Critical,23.3,13.3,39.5
19-2041.00,"Environmental Scientists and Specialists, Including Health","Research, Development, Design, and Practitioners","Life, Physical, and Social Science",4,89250.0,22312.5,22,substantial,77.8,59.0,56.8,50.3,44.1,education,43.5,76.2,Strategic trap,3,Critical,23.1,22.4,44.7
15-1243.01,Data Warehousing Specialists,"Research, Development, Design, and Practitioners",Computer and Mathematical,4,67140.0,33570.0,18,substantial,100.0,45.2,45.2,50.6,43.0,education,46.9,75.0,Guard the pipeline,2,High,22.9,29.1,40.7
15-1211.01,Health Informatics Specialists,"Research, Development, Design, and Practitioners",Computer and Mathematical,5,519530.0,259765.0,17,substantial,100.0,46.7,46.7,49.1,56.0,education,22.4,71.8,Clear win,0,Low,22.9,29.5,43.0
29-1125.00,Recreational Therapists,"Research, Development, Design, and Practitioners",Healthcare Practitioners and Technical,4,14930.0,14930.0,11,substantial,54.4,72.9,73.7,57.7,47.0,education,64.8,73.6,Strategic trap,3,Critical,22.9,25.0,45.6
15-2099.01,Bioinformatics Technicians,"Research, Development, Design, and Practitioners; Technologists and Technicians",Computer and Mathematical,4,3720.0,3720.0,19,substantial,84.8,39.5,40.2,67.9,55.2,education,81.5,79.2,Guard the pipeline,2,High,22.7,21.8,35.8
25-1066.00,"Psychology Teachers, Postsecondary",Postsecondary Teaching,Postsecondary Teaching,5,41530.0,41530.0,29,substantial,76.6,46.1,43.2,63.9,85.9,education,52.6,25.9,Guard the pipeline,2,High,22.6,21.5,40.2
19-3034.00,School Psychologists,"Research, Development, Design, and Practitioners","Life, Physical, and Social Science",5,63940.0,63940.0,19,substantial,65.8,53.4,51.6,64.3,69.2,education,47.5,77.5,Strategic trap,3,Critical,22.6,18.6,39.8
25-1063.00,"Economics Teachers, Postsecondary",Postsecondary Teaching,Postsecondary Teaching,5,11560.0,11560.0,22,substantial,82.5,42.5,41.5,64.1,80.6,education,67.9,17.1,Guard the pipeline,2,High,22.5,22.3,39.6
19-3022.00,Survey Researchers,"Research, Development, Design, and Practitioners","Life, Physical, and Social Science",5,8290.0,8290.0,16,substantial,75.0,46.0,45.2,65.1,55.6,education,71.9,78.4,Guard the pipeline,2,High,22.5,19.1,37.8
25-1065.00,"Political Science Teachers, Postsecondary",Postsecondary Teaching,Postsecondary Teaching,5,16970.0,16970.0,22,substantial,81.8,42.6,41.7,64.3,83.8,education,63.3,17.1,Guard the pipeline,2,High,22.4,22.0,39.5
25-1067.00,"Sociology Teachers, Postsecondary",Postsecondary Teaching,Postsecondary Teaching,5,11850.0,11850.0,24,substantial,81.2,43.4,42.3,63.7,79.3,education,67.6,18.9,Guard the pipeline,2,High,22.4,21.5,39.7
17-2151.00,"Mining and Geological Engineers, Including Mining Safety Engineers","Research, Development, Design, and Practitioners",Architecture and Engineering,4,6080.0,6080.0,18,substantial,66.1,54.7,48.8,62.0,47.7,education,75.6,77.3,Strategic trap,3,Critical,22.4,13.3,33.6
29-1229.03,Urologists,"Research, Development, Design, and Practitioners",Healthcare Practitioners and Technical,5,342720.0,57120.0,14,substantial,39.9,81.3,78.7,69.1,94.4,education,27.4,68.4,Protect,2,High,22.4,15.0,40.2
15-1299.07,Blockchain Engineers,"Research, Development, Design, and Practitioners; Technologists and Technicians",Computer and Mathematical,4,435370.0,48374.444444444445,17,substantial,97.6,50.3,50.6,45.5,45.9,education,24.5,76.0,Reversible gamble,1,Moderate,22.3,25.0,35.6
17-2051.02,Water/Wastewater Engineers,"Research, Development, Design, and Practitioners",Architecture and Engineering,4,367840.0,122613.33333333333,28,substantial,74.0,61.1,57.6,49.3,51.5,education,26.5,78.2,Reversible gamble,1,Moderate,22.3,21.4,41.5
25-1062.00,"Area, Ethnic, and Cultural Studies Teachers, Postsecondary",Postsecondary Teaching,Postsecondary Teaching,5,11300.0,11300.0,23,substantial,82.4,42.8,41.9,63.0,77.4,education,68.2,19.0,Guard the pipeline,2,High,22.2,22.1,40.0
29-1011.00,Chiropractors,"Research, Development, Design, and Practitioners",Healthcare Practitioners and Technical,5,39630.0,39630.0,13,substantial,46.6,68.4,68.4,69.8,77.4,education,53.2,75.7,Protect,2,High,22.2,14.0,32.0
19-2041.02,Environmental Restoration Planners,"Research, Development, Design, and Practitioners","Life, Physical, and Social Science",5,89250.0,22312.5,23,substantial,70.0,57.6,55.9,54.9,53.1,education,43.5,76.3,Strategic trap,3,Critical,22.1,18.2,44.9
17-2161.00,Nuclear Engineers,"Research, Development, Design, and Practitioners",Architecture and Engineering,4,15280.0,15280.0,20,substantial,62.6,59.2,54.1,59.7,49.1,education,64.6,78.9,Strategic trap,3,Critical,22.1,15.4,36.9
19-1042.00,"Medical Scientists, Except Epidemiologists","Research, Development, Design, and Practitioners","Life, Physical, and Social Science",5,172340.0,172340.0,14,substantial,57.2,59.1,59.0,65.3,78.6,education,35.6,76.7,Strategic trap,3,Critical,22.1,13.2,39.2
25-1054.00,"Physics Teachers, Postsecondary",Postsecondary Teaching,Postsecondary Teaching,5,13090.0,13090.0,24,substantial,77.9,43.8,42.5,64.4,82.0,education,66.4,17.6,Guard the pipeline,2,High,22.0,19.2,38.1
29-1051.00,Pharmacists,"Research, Development, Design, and Practitioners",Healthcare Practitioners and Technical,5,321970.0,321970.0,21,substantial,50.4,67.8,63.9,64.3,79.5,education,28.1,80.7,Strategic trap,3,Critical,22.0,17.9,32.9
29-1229.04,Physical Medicine and Rehabilitation Physicians,"Research, Development, Design, and Practitioners",Healthcare Practitioners and Technical,5,342720.0,57120.0,15,substantial,40.5,79.8,77.8,68.2,90.8,education,27.4,73.0,Protect,2,High,22.0,14.7,41.0
29-1071.00,Physician Assistants,"Research, Development, Design, and Practitioners",Healthcare Practitioners and Technical,5,162150.0,81075.0,12,substantial,50.8,77.0,74.8,56.0,62.8,education,36.3,68.8,Strategic trap,3,Critical,21.9,19.7,38.7
29-2072.00,Medical Records Specialists,Technologists and Technicians,Healthcare Practitioners and Technical,3,194720.0,194720.0,16,substantial,82.9,51.1,48.0,51.5,50.0,job_zone,34.1,81.3,Strategic trap,3,Critical,21.8,21.8,28.6
25-1042.00,"Biological Science Teachers, Postsecondary",Postsecondary Teaching,Postsecondary Teaching,5,50190.0,50190.0,27,substantial,80.0,43.5,42.4,62.7,87.1,education,50.3,20.5,Guard the pipeline,2,High,21.8,19.7,39.7
25-1052.00,"Chemistry Teachers, Postsecondary",Postsecondary Teaching,Postsecondary Teaching,5,19980.0,19980.0,28,substantial,77.7,44.8,43.2,62.6,78.5,education,61.4,24.4,Guard the pipeline,2,High,21.8,18.5,37.2
19-2042.00,"Geoscientists, Except Hydrologists and Geographers","Research, Development, Design, and Practitioners","Life, Physical, and Social Science",4,23470.0,23470.0,32,substantial,65.9,52.6,51.5,62.8,57.0,education,59.4,82.2,Strategic trap,3,Critical,21.8,8.8,32.7
29-1131.00,Veterinarians,"Research, Development, Design, and Practitioners",Healthcare Practitioners and Technical,5,83900.0,83900.0,21,substantial,41.9,72.5,70.3,71.5,85.7,education,44.2,76.9,Protect,2,High,21.7,7.6,37.8
25-1051.00,"Atmospheric, Earth, Marine, and Space Sciences Teachers, Postsecondary",Postsecondary Teaching,Postsecondary Teaching,5,9900.0,9900.0,26,substantial,82.0,42.6,41.3,61.7,74.3,education,69.8,18.0,Guard the pipeline,2,High,21.6,21.8,38.9
19-2032.00,Materials Scientists,"Research, Development, Design, and Practitioners","Life, Physical, and Social Science",4,8470.0,8470.0,16,substantial,68.1,48.8,48.8,65.1,55.3,education,71.6,79.8,Guard the pipeline,2,High,21.6,7.5,30.0
17-2141.02,Automotive Engineers,"Research, Development, Design, and Practitioners",Architecture and Engineering,4,296810.0,98936.66666666667,25,substantial,76.9,56.7,55.5,49.4,50.2,education,29.1,77.8,Reversible gamble,1,Moderate,21.5,15.0,38.3
17-2081.00,Environmental Engineers,"Research, Development, Design, and Practitioners",Architecture and Engineering,4,38340.0,38340.0,29,substantial,72.5,51.9,49.6,57.1,50.2,education,53.6,79.5,Strategic trap,3,Critical,21.5,13.1,36.3
29-1128.00,Exercise Physiologists,"Research, Development, Design, and Practitioners",Healthcare Practitioners and Technical,4,8560.0,8560.0,25,substantial,43.2,66.4,60.7,75.1,75.0,job_zone,71.5,80.5,Protect,2,High,21.5,6.6,31.3
29-1211.00,Anesthesiologists,"Research, Development, Design, and Practitioners",Healthcare Practitioners and Technical,5,38760.0,38760.0,20,substantial,36.4,76.2,73.9,77.4,94.6,education,53.4,70.6,Protect,2,High,21.5,7.7,33.7
25-1032.00,"Engineering Teachers, Postsecondary",Postsecondary Teaching,Postsecondary Teaching,5,40270.0,40270.0,24,substantial,81.4,43.0,41.6,61.2,82.9,education,53.0,19.1,Guard the pipeline,2,High,21.4,22.2,39.1
29-1123.00,Physical Therapists,"Research, Development, Design, and Practitioners",Healthcare Practitioners and Technical,5,267330.0,267330.0,24,substantial,51.2,71.3,68.4,58.5,69.2,education,30.3,73.9,Strategic trap,3,Critical,21.4,19.4,38.9
25-1031.00,"Architecture Teachers, Postsecondary",Postsecondary Teaching,Postsecondary Teaching,5,7700.0,7700.0,22,substantial,82.0,43.0,42.0,60.3,69.8,education,72.8,17.6,Guard the pipeline,2,High,21.3,22.5,39.5
29-1023.00,Orthodontists,"Research, Development, Design, and Practitioners",Healthcare Practitioners and Technical,5,6210.0,6210.0,11,substantial,36.2,71.7,74.1,82.1,87.9,education,75.3,77.6,Protect,2,High,21.3,5.8,31.4
15-1299.02,Geographic Information Systems Technologists and Technicians,"Research, Development, Design, and Practitioners; Technologists and Technicians",Computer and Mathematical,4,435370.0,48374.444444444445,29,substantial,100.0,36.0,36.0,58.9,75.0,job_zone,24.5,70.4,Guard the pipeline,2,High,21.2,25.8,32.1
17-2199.06,Microsystems Engineers,"Research, Development, Design, and Practitioners",Architecture and Engineering,5,154070.0,19258.75,31,substantial,64.4,56.9,55.6,57.0,60.8,education,36.9,77.7,Strategic trap,3,Critical,20.9,13.1,33.3
17-2021.00,Agricultural Engineers,"Research, Development, Design, and Practitioners",Architecture and Engineering,4,1480.0,1480.0,14,substantial,55.0,55.1,50.8,68.8,50.8,education,92.5,78.1,Strategic trap,3,Critical,20.8,8.8,33.8
19-4061.00,Social Science Research Assistants,Technologists and Technicians,"Life, Physical, and Social Science",4,30640.0,30640.0,22,substantial,77.9,45.6,45.5,58.2,50.4,education,56.3,80.4,Guard the pipeline,2,High,20.7,19.7,32.8
15-1243.00,Database Architects,"Research, Development, Design, and Practitioners",Computer and Mathematical,4,67140.0,33570.0,25,substantial,94.1,41.9,42.0,52.3,47.6,education,46.9,72.3,Guard the pipeline,2,High,20.6,26.1,36.4
17-1012.00,Landscape Architects,"Research, Development, Design, and Practitioners",Architecture and Engineering,4,19600.0,19600.0,19,substantial,73.3,48.2,44.9,58.2,47.7,education,61.6,79.4,Guard the pipeline,2,High,20.6,12.2,36.2
11-9121.02,Water Resource Specialists,Managerial,Managerial,4,108690.0,36230.0,21,substantial,67.7,54.4,52.0,55.7,53.8,education,41.1,82.5,Strategic trap,3,Critical,20.5,16.1,36.9
17-2061.00,Computer Hardware Engineers,"Research, Development, Design, and Practitioners",Architecture and Engineering,4,76660.0,76660.0,18,substantial,71.9,51.0,50.8,55.7,53.8,education,45.3,75.9,Strategic trap,3,Critical,20.4,12.6,34.1
11-9041.00,Architectural and Engineering Managers,Managerial,Managerial,5,220260.0,110130.0,19,substantial,64.4,60.0,57.6,52.9,57.1,education,32.7,72.7,Strategic trap,3,Critical,20.4,22.1,41.7
17-2131.00,Materials Engineers,"Research, Development, Design, and Practitioners",Architecture and Engineering,4,22770.0,22770.0,21,substantial,63.7,54.1,53.2,58.9,50.5,education,59.8,78.5,Strategic trap,3,Critical,20.3,9.9,31.3
19-3091.00,Anthropologists and Archeologists,"Research, Development, Design, and Practitioners","Life, Physical, and Social Science",5,8990.0,8990.0,30,substantial,58.1,49.6,50.1,70.0,64.4,education,70.9,82.5,Guard the pipeline,2,High,20.2,0.2,35.3
19-1031.00,Conservation Scientists,"Research, Development, Design, and Practitioners","Life, Physical, and Social Science",4,25950.0,8650.0,30,substantial,59.4,58.5,58.4,58.2,49.5,education,58.2,79.9,Strategic trap,3,Critical,20.2,9.8,38.1
29-1129.02,Music Therapists,"Research, Development, Design, and Practitioners",Healthcare Practitioners and Technical,4,22640.0,11320.0,30,substantial,50.8,69.4,71.0,57.4,49.4,education,59.9,73.7,Strategic trap,3,Critical,20.2,19.4,42.7
15-1242.00,Database Administrators,"Research, Development, Design, and Practitioners",Computer and Mathematical,4,69990.0,69990.0,18,substantial,96.6,40.5,41.0,51.3,45.7,education,46.4,72.4,Guard the pipeline,2,High,20.1,25.6,29.6
19-2099.01,Remote Sensing Scientists and Technologists,"Research, Development, Design, and Practitioners","Life, Physical, and Social Science",4,22300.0,22300.0,24,substantial,70.4,48.5,49.5,58.9,49.8,education,60.1,79.8,Guard the pipeline,2,High,20.1,8.7,31.1
19-1032.00,Foresters,"Research, Development, Design, and Practitioners","Life, Physical, and Social Science",4,10430.0,10430.0,25,substantial,45.9,59.2,60.2,74.0,75.0,job_zone,69.1,79.1,Protect,2,High,20.1,1.7,35.2
25-1022.00,"Mathematical Science Teachers, Postsecondary",Postsecondary Teaching,Postsecondary Teaching,5,47670.0,47670.0,23,substantial,81.5,43.3,42.0,56.3,72.5,education,51.0,23.9,Guard the pipeline,2,High,19.9,22.1,37.6
25-1021.00,"Computer Science Teachers, Postsecondary",Postsecondary Teaching,Postsecondary Teaching,5,35480.0,35480.0,26,substantial,81.0,44.4,42.3,55.2,69.5,education,54.5,20.7,Guard the pipeline,2,High,19.9,20.1,40.3
29-1041.00,Optometrists,"Research, Development, Design, and Practitioners",Healthcare Practitioners and Technical,5,42790.0,42790.0,10,substantial,34.4,79.9,85.1,72.2,84.2,education,52.3,72.2,Protect,2,High,19.8,15.5,39.8
17-2112.01,Human Factors Engineers and Ergonomists,"Research, Development, Design, and Practitioners",Architecture and Engineering,5,365740.0,91435.0,26,substantial,68.5,56.8,54.7,50.7,54.6,education,26.6,77.0,Strategic trap,3,Critical,19.7,15.5,43.2
29-1127.00,Speech-Language Pathologists,"Research, Development, Design, and Practitioners",Healthcare Practitioners and Technical,5,183390.0,183390.0,23,substantial,48.3,71.1,69.1,57.3,62.4,education,34.9,78.1,Protect,2,High,19.7,19.8,44.1
15-1299.03,Document Management Specialists,"Research, Development, Design, and Practitioners; Technologists and Technicians",Computer and Mathematical,4,435370.0,48374.444444444445,23,substantial,97.8,43.3,42.9,46.2,46.2,education,24.5,78.6,Clear win,0,Low,19.6,29.1,35.0
25-1072.00,"Nursing Instructors and Teachers, Postsecondary",Postsecondary Teaching,Postsecondary Teaching,5,77960.0,77960.0,29,substantial,79.3,45.4,43.8,54.3,71.8,education,45.1,24.4,Guard the pipeline,2,High,19.5,21.9,41.4
17-2141.01,Fuel Cell Engineers,"Research, Development, Design, and Practitioners",Architecture and Engineering,4,296810.0,98936.66666666667,26,substantial,71.4,53.8,53.9,50.8,52.7,education,29.1,78.7,Strategic trap,3,Critical,19.5,9.6,34.5
19-1021.00,Biochemists and Biophysicists,"Research, Development, Design, and Practitioners","Life, Physical, and Social Science",5,33830.0,33830.0,24,substantial,52.7,51.8,51.6,71.2,80.4,education,55.1,72.2,Strategic trap,3,Critical,19.4,0.0,34.7
15-1241.00,Computer Network Architects,"Research, Development, Design, and Practitioners",Computer and Mathematical,4,179740.0,89870.0,33,substantial,87.2,49.5,49.4,44.7,39.2,education,35.1,72.6,Clear win,0,Low,19.3,19.1,36.0
15-1251.00,Computer Programmers,"Research, Development, Design, and Practitioners",Computer and Mathematical,4,92230.0,92230.0,17,substantial,97.5,39.4,39.0,49.9,44.4,education,43.1,73.7,Clear win,0,Low,19.2,23.7,32.1
15-1244.00,Network and Computer Systems Administrators,"Research, Development, Design, and Practitioners",Computer and Mathematical,3,314340.0,314340.0,20,substantial,85.7,46.9,47.8,47.8,50.0,job_zone,28.4,71.4,Clear win,0,Low,19.2,15.5,24.1
15-1241.01,Telecommunications Engineering Specialists,"Research, Development, Design, and Practitioners",Computer and Mathematical,3,179740.0,89870.0,26,substantial,81.6,46.9,48.7,50.2,50.0,job_zone,35.1,73.6,Guard the pipeline,2,High,19.2,15.2,31.3
17-2199.09,Nanosystems Engineers,"Research, Development, Design, and Practitioners",Architecture and Engineering,5,154070.0,19258.75,25,substantial,57.5,51.6,48.8,64.8,75.5,education,36.9,79.7,Strategic trap,3,Critical,19.2,3.6,32.2
17-2171.00,Petroleum Engineers,"Research, Development, Design, and Practitioners",Architecture and Engineering,4,18060.0,18060.0,23,substantial,58.6,55.7,53.2,58.7,48.2,education,62.6,79.0,Strategic trap,3,Critical,19.2,6.6,27.8
19-3092.00,Geographers,"Research, Development, Design, and Practitioners","Life, Physical, and Social Science",4,1400.0,1400.0,12,substantial,58.4,44.7,49.3,73.3,60.8,education,93.2,74.9,Guard the pipeline,2,High,19.1,0.0,29.8
15-1299.05,Information Security Engineers,"Research, Development, Design, and Practitioners; Technologists and Technicians",Computer and Mathematical,4,435370.0,48374.444444444445,20,substantial,84.4,54.3,52.4,41.5,36.0,education,24.5,81.0,Reversible gamble,1,Moderate,19.0,23.7,38.7
19-1031.03,Park Naturalists,"Research, Development, Design, and Practitioners","Life, Physical, and Social Science",4,25950.0,8650.0,20,substantial,64.0,40.9,36.4,72.6,75.0,job_zone,58.2,88.1,Guard the pipeline,2,High,19.0,0.0,22.1
15-2051.02,Clinical Data Managers,"Research, Development, Design, and Practitioners",Computer and Mathematical,4,262440.0,87480.0,21,substantial,91.0,43.5,42.4,47.8,46.5,education,30.6,77.0,Clear win,0,Low,18.9,25.5,38.0
29-1122.00,Occupational Therapists,"Research, Development, Design, and Practitioners",Healthcare Practitioners and Technical,5,162450.0,81225.0,17,substantial,49.1,69.0,70.1,55.6,59.4,education,36.3,75.2,Protect,2,High,18.8,14.2,38.3
15-1299.09,Information Technology Project Managers,"Research, Development, Design, and Practitioners; Technologists and Technicians",Computer and Mathematical,4,435370.0,48374.444444444445,21,substantial,78.8,52.4,50.6,45.0,43.2,education,24.5,80.1,Reversible gamble,1,Moderate,18.6,24.7,40.4
17-2112.00,Industrial Engineers,"Research, Development, Design, and Practitioners",Architecture and Engineering,4,365740.0,91435.0,20,substantial,77.9,53.9,53.4,44.4,42.4,education,26.6,75.9,Reversible gamble,1,Moderate,18.6,19.7,36.2
29-1141.04,Clinical Nurse Specialists,"Research, Development, Design, and Practitioners",Healthcare Practitioners and Technical,5,3379720.0,675944.0,30,substantial,53.2,74.5,70.5,46.6,63.7,education,0.0,73.6,Reversible gamble,1,Moderate,18.5,25.7,50.6
19-1031.02,Range Managers,"Research, Development, Design, and Practitioners","Life, Physical, and Social Science",4,25950.0,8650.0,18,substantial,56.8,57.0,54.6,56.7,46.5,education,58.2,79.8,Strategic trap,3,Critical,18.4,4.3,39.2
19-1029.02,Molecular and Cellular Biologists,"Research, Development, Design, and Practitioners","Life, Physical, and Social Science",5,55850.0,13962.5,22,substantial,48.7,55.1,50.1,68.0,74.9,education,49.1,79.2,Protect,2,High,18.2,6.9,33.0
17-2112.03,Manufacturing Engineers,"Research, Development, Design, and Practitioners",Architecture and Engineering,4,365740.0,91435.0,24,substantial,73.1,55.0,53.1,45.1,44.2,education,26.6,75.0,Reversible gamble,1,Moderate,18.1,16.1,38.1
29-2036.00,Medical Dosimetrists,Technologists and Technicians,Healthcare Practitioners and Technical,4,3410.0,3410.0,19,substantial,41.3,65.1,66.5,67.3,51.5,education,82.5,84.2,Protect,2,High,18.1,5.8,23.2
17-2072.00,"Electronics Engineers, Except Computer","Research, Development, Design, and Practitioners",Architecture and Engineering,4,96900.0,48450.0,20,substantial,69.7,50.4,49.6,50.7,44.5,education,42.5,78.6,Strategic trap,3,Critical,17.8,11.2,30.1
17-2199.10,Wind Energy Engineers,"Research, Development, Design, and Practitioners",Architecture and Engineering,4,154070.0,19258.75,16,substantial,58.1,60.0,57.3,51.2,49.4,education,36.9,77.2,Strategic trap,3,Critical,17.8,11.8,32.8
19-4012.01,Precision Agriculture Technicians,Technologists and Technicians,"Life, Physical, and Social Science",3,15130.0,7565.0,22,substantial,71.7,46.8,47.4,52.6,34.6,education,64.7,79.6,Guard the pipeline,2,High,17.7,8.5,25.8
29-1122.01,"Low Vision Therapists, Orientation and Mobility Specialists, and Vision Rehabilitation Therapists","Research, Development, Design, and Practitioners",Healthcare Practitioners and Technical,5,162450.0,81225.0,21,substantial,44.7,72.0,71.3,55.0,57.5,education,36.3,76.9,Protect,2,High,17.7,11.3,42.3
17-2051.01,Transportation Engineers,"Research, Development, Design, and Practitioners",Architecture and Engineering,4,367840.0,122613.33333333333,26,substantial,63.8,58.8,55.3,46.9,46.2,education,26.5,79.2,Reversible gamble,1,Moderate,17.6,14.1,35.6
17-2199.08,Robotics Engineers,"Research, Development, Design, and Practitioners",Architecture and Engineering,4,154070.0,19258.75,24,substantial,63.0,54.5,51.7,50.9,48.6,education,36.9,77.7,Strategic trap,3,Critical,17.5,8.8,30.7
29-1141.02,Advanced Practice Psychiatric Nurses,"Research, Development, Design, and Practitioners",Healthcare Practitioners and Technical,5,3379720.0,675944.0,24,substantial,48.3,78.1,77.4,46.1,64.2,education,0.0,70.2,Hold the line,0,Low,17.4,21.9,44.4
15-1299.01,Web Administrators,"Research, Development, Design, and Practitioners; Technologists and Technicians",Computer and Mathematical,4,435370.0,48374.444444444445,35,substantial,95.4,44.0,44.5,41.1,39.4,education,24.5,70.5,Clear win,0,Low,17.3,23.9,33.1
15-2051.01,Business Intelligence Analysts,"Research, Development, Design, and Practitioners",Computer and Mathematical,4,262440.0,87480.0,17,substantial,100.0,35.2,35.2,49.0,49.3,education,30.6,75.8,Clear win,0,Low,17.2,27.6,32.9
15-1253.00,Software Quality Assurance Analysts and Testers,"Research, Development, Design, and Practitioners",Computer and Mathematical,4,186740.0,186740.0,30,substantial,95.1,41.0,41.6,43.9,37.9,education,34.6,72.8,Clear win,0,Low,17.1,20.6,24.5
11-9121.01,Clinical Research Coordinators,Managerial,Managerial,4,108690.0,36230.0,33,substantial,75.1,48.1,47.3,47.3,39.9,education,41.1,75.2,Clear win,0,Low,17.1,19.5,31.9
15-1254.00,Web Developers,"Research, Development, Design, and Practitioners",Computer and Mathematical,3,70190.0,70190.0,29,substantial,93.0,39.7,39.3,45.8,34.8,education,46.3,72.7,Clear win,0,Low,16.9,23.7,31.2
17-2112.02,Validation Engineers,"Research, Development, Design, and Practitioners",Architecture and Engineering,4,365740.0,91435.0,21,substantial,68.7,52.4,52.1,46.7,46.2,education,26.6,77.9,Reversible gamble,1,Moderate,16.8,9.2,28.4
29-2051.00,Dietetic Technicians,Technologists and Technicians,Healthcare Practitioners and Technical,3,31560.0,31560.0,13,substantial,57.3,65.7,62.7,44.6,25.0,education,55.9,76.7,Reversible gamble,1,Moderate,16.8,19.8,41.3
25-1071.00,"Health Specialties Teachers, Postsecondary",Postsecondary Teaching,Postsecondary Teaching,5,221270.0,221270.0,22,substantial,79.2,43.8,42.3,48.1,70.2,education,32.6,16.3,Clear win,0,Low,16.7,21.2,38.6
11-3021.00,Computer and Information Systems Managers,Managerial,Managerial,4,670570.0,670570.0,17,substantial,78.5,53.2,52.2,39.6,41.5,education,19.3,65.5,Reversible gamble,1,Moderate,16.5,25.8,43.7
17-2121.00,Marine Engineers and Naval Architects,"Research, Development, Design, and Practitioners",Architecture and Engineering,4,8250.0,8250.0,30,substantial,54.3,52.6,49.5,57.9,41.3,education,71.9,78.6,Strategic trap,3,Critical,16.5,3.0,23.9
29-9091.00,Athletic Trainers,"Research, Development, Design, and Practitioners",Healthcare Practitioners and Technical,5,30500.0,30500.0,23,substantial,47.7,58.6,55.2,59.1,52.0,education,56.3,81.0,Protect,2,High,16.5,0.0,26.0
17-2199.07,Photonics Engineers,"Research, Development, Design, and Practitioners",Architecture and Engineering,4,154070.0,19258.75,26,substantial,58.8,52.7,50.8,53.0,53.1,education,36.9,77.1,Strategic trap,3,Critical,16.4,10.4,33.1
17-2199.05,Mechatronics Engineers,"Research, Development, Design, and Practitioners",Architecture and Engineering,4,154070.0,19258.75,23,substantial,62.1,57.2,56.3,46.3,40.4,education,36.9,75.1,Reversible gamble,1,Moderate,16.4,11.0,33.5
17-3012.00,Electrical and Electronics Drafters,Technologists and Technicians,Architecture and Engineering,3,17920.0,17920.0,30,substantial,62.7,49.7,49.5,51.9,34.9,education,62.7,78.0,Guard the pipeline,2,High,16.2,8.3,26.8
15-1211.00,Computer Systems Analysts,"Research, Development, Design, and Practitioners",Computer and Mathematical,4,519530.0,259765.0,22,substantial,95.1,42.6,42.2,39.7,37.3,education,22.4,71.7,Clear win,0,Low,16.1,23.7,37.4
17-3023.00,Electrical and Electronic Engineering Technologists and Technicians,Technologists and Technicians,Architecture and Engineering,3,95130.0,95130.0,28,substantial,61.1,49.6,50.4,53.2,50.0,job_zone,42.7,76.7,Guard the pipeline,2,High,16.1,2.2,25.6
17-3025.00,Environmental Engineering Technologists and Technicians,Technologists and Technicians,Architecture and Engineering,4,12190.0,12190.0,23,substantial,54.5,52.0,50.2,56.4,39.9,education,67.3,81.2,Strategic trap,3,Critical,16.0,0.0,16.4
17-3026.00,Industrial Engineering Technologists and Technicians,Technologists and Technicians,Architecture and Engineering,3,75570.0,37785.0,30,substantial,54.1,54.0,52.9,54.1,50.0,job_zone,45.5,77.4,Strategic trap,3,Critical,15.8,3.2,24.9
15-1255.01,Video Game Designers,"Research, Development, Design, and Practitioners",Computer and Mathematical,4,113330.0,56665.0,24,substantial,98.2,36.7,36.5,43.7,33.5,education,40.6,73.8,Clear win,0,Low,15.7,18.9,36.9
17-2071.00,Electrical Engineers,"Research, Development, Design, and Practitioners",Architecture and Engineering,4,198750.0,198750.0,22,substantial,56.5,56.5,54.5,48.9,45.6,education,33.9,79.5,Reversible gamble,1,Moderate,15.6,5.1,26.7
29-2099.08,Patient Representatives,Technologists and Technicians,Healthcare Practitioners and Technical,3,182610.0,60870.0,13,substantial,78.1,38.7,36.2,51.3,50.0,job_zone,34.9,79.2,Guard the pipeline,2,High,15.5,14.8,33.9
17-1022.01,Geodetic Surveyors,Technologists and Technicians,Architecture and Engineering,4,50830.0,25415.0,16,substantial,62.9,46.8,42.9,52.7,44.6,education,50.2,76.7,Guard the pipeline,2,High,15.5,3.7,7.8
17-2141.00,Mechanical Engineers,"Research, Development, Design, and Practitioners",Architecture and Engineering,4,296810.0,98936.66666666667,28,substantial,66.3,53.8,50.9,43.4,37.8,education,29.1,78.7,Reversible gamble,1,Moderate,15.5,10.3,35.9
15-1252.00,Software Developers,"Research, Development, Design, and Practitioners",Computer and Mathematical,4,1687890.0,1687890.0,17,substantial,85.1,45.7,44.3,39.6,44.8,education,8.3,73.5,Clear win,0,Low,15.4,20.9,35.0
19-1012.00,Food Scientists and Technologists,"Research, Development, Design, and Practitioners","Life, Physical, and Social Science",4,13060.0,13060.0,13,substantial,52.1,51.9,48.9,57.1,44.1,education,66.4,75.9,Strategic trap,3,Critical,15.4,2.7,33.0
15-1299.08,Computer Systems Engineers/Architects,"Research, Development, Design, and Practitioners; Technologists and Technicians",Computer and Mathematical,3,435370.0,48374.444444444445,28,substantial,86.5,46.6,47.0,38.0,32.3,education,24.5,72.7,Clear win,0,Low,15.3,21.8,36.9
17-2051.00,Civil Engineers,"Research, Development, Design, and Practitioners",Architecture and Engineering,4,367840.0,122613.33333333333,16,substantial,50.8,62.1,59.1,47.4,48.0,education,26.5,77.4,Reversible gamble,1,Moderate,15.0,5.6,29.9
17-3011.00,Architectural and Civil Drafters,Technologists and Technicians,Architecture and Engineering,3,103700.0,103700.0,26,substantial,57.7,48.3,46.2,53.0,50.0,job_zone,41.7,77.3,Guard the pipeline,2,High,14.8,8.6,21.0
19-4099.03,Remote Sensing Technicians,Technologists and Technicians,"Life, Physical, and Social Science",4,73910.0,36955.0,21,substantial,66.3,44.2,43.7,49.9,40.3,education,45.7,80.1,Clear win,0,Low,14.6,4.4,22.3
17-2072.01,Radio Frequency Identification Device Specialists,"Research, Development, Design, and Practitioners",Architecture and Engineering,4,96900.0,48450.0,21,substantial,59.4,48.7,47.7,50.3,44.2,education,42.5,77.3,Guard the pipeline,2,High,14.6,4.6,28.9
29-2011.01,Cytogenetic Technologists,Technologists and Technicians,Healthcare Practitioners and Technical,4,332940.0,55490.0,30,substantial,35.5,67.1,70.9,61.3,75.0,job_zone,27.7,77.6,Protect,2,High,14.6,0.3,11.1
29-1291.00,Acupuncturists,"Research, Development, Design, and Practitioners",Healthcare Practitioners and Technical,5,7830.0,7830.0,18,substantial,28.4,74.4,75.0,68.4,62.6,education,72.6,76.8,Protect,2,High,14.5,0.7,32.9
11-9111.00,Medical and Health Services Managers,Managerial,Managerial,4,597080.0,597080.0,18,substantial,64.0,51.5,48.7,43.8,47.4,education,20.7,69.4,Reversible gamble,1,Moderate,14.4,17.6,35.1
17-2199.11,Solar Energy Systems Engineers,"Research, Development, Design, and Practitioners",Architecture and Engineering,4,154070.0,19258.75,13,substantial,59.4,53.7,54.4,45.3,37.6,education,36.9,77.1,Reversible gamble,1,Moderate,14.4,6.6,30.7
17-3022.00,Civil Engineering Technologists and Technicians,Technologists and Technicians,Architecture and Engineering,3,68520.0,68520.0,14,substantial,64.0,50.3,46.6,44.1,29.8,education,46.6,76.2,Reversible gamble,1,Moderate,14.2,10.7,25.7
29-2032.00,Diagnostic Medical Sonographers,Technologists and Technicians,Healthcare Practitioners and Technical,3,90160.0,90160.0,19,substantial,40.0,67.0,62.4,53.1,50.0,job_zone,43.3,75.7,Protect,2,High,14.2,1.9,16.3
17-3013.00,Mechanical Drafters,Technologists and Technicians,Architecture and Engineering,3,39960.0,39960.0,16,substantial,51.0,48.5,48.0,56.5,50.0,job_zone,53.1,78.0,Guard the pipeline,2,High,14.0,7.1,18.9
17-3027.00,Mechanical Engineering Technologists and Technicians,Technologists and Technicians,Architecture and Engineering,3,36190.0,18095.0,30,substantial,61.2,47.5,49.3,48.3,32.3,education,54.3,79.4,Clear win,0,Low,14.0,3.0,18.6
41-9031.00,Sales Engineers,Sales,Sales,4,51790.0,51790.0,25,substantial,79.8,36.8,37.1,47.2,47.1,education,50.0,43.1,Clear win,0,Low,13.9,13.8,29.1
19-4099.01,Quality Control Analysts,Technologists and Technicians,"Life, Physical, and Social Science",3,73910.0,36955.0,26,substantial,61.3,52.3,52.5,43.3,26.4,education,45.7,82.0,Reversible gamble,1,Moderate,13.9,10.2,25.1
29-2091.00,Orthotists and Prosthetists,Technologists and Technicians,Healthcare Practitioners and Technical,5,9390.0,9390.0,15,substantial,30.8,68.4,70.4,66.2,60.4,education,70.4,74.2,Protect,2,High,13.9,0.0,20.6
15-1231.00,Computer Network Support Specialists,Technologists and Technicians,Computer and Mathematical,4,146190.0,146190.0,26,substantial,74.1,42.3,44.2,43.9,37.0,education,37.6,70.6,Clear win,0,Low,13.8,7.6,15.4
29-1141.01,Acute Care Nurses,"Research, Development, Design, and Practitioners",Healthcare Practitioners and Technical,4,3379720.0,675944.0,27,substantial,45.4,77.7,74.4,38.1,47.6,education,0.0,71.5,Hold the line,0,Low,13.4,16.3,39.7
29-9099.01,Midwives,"Research, Development, Design, and Practitioners; Technologists and Technicians",Healthcare Practitioners and Technical,5,35010.0,35010.0,36,substantial,33.8,75.2,72.8,52.6,42.9,education,54.7,73.6,Protect,2,High,13.4,7.6,33.8
29-1151.00,Nurse Anesthetists,"Research, Development, Design, and Practitioners",Healthcare Practitioners and Technical,5,51840.0,51840.0,24,substantial,26.3,76.6,67.3,66.7,74.9,education,50.0,71.4,Protect,2,High,13.4,0.0,25.9
19-2031.00,Chemists,"Research, Development, Design, and Practitioners","Life, Physical, and Social Science",4,82770.0,82770.0,12,substantial,41.8,54.0,55.3,58.6,59.5,education,44.4,77.4,Protect,2,High,13.2,0.0,24.7
29-1022.00,Oral and Maxillofacial Surgeons,"Research, Development, Design, and Practitioners",Healthcare Practitioners and Technical,5,4910.0,4910.0,15,substantial,17.1,89.7,86.5,86.0,95.1,education,78.1,75.0,Protect,2,High,13.2,0.0,29.4
41-4011.07,Solar Sales Representatives and Assessors,Sales,Sales,3,284800.0,142400.0,13,substantial,90.2,37.1,37.3,38.5,34.7,education,29.6,61.3,Clear win,0,Low,12.9,15.5,31.1
17-3026.01,Nanotechnology Engineering Technologists and Technicians,Technologists and Technicians,Architecture and Engineering,4,75570.0,37785.0,25,substantial,43.0,46.0,49.2,62.6,66.5,education,45.5,78.7,Quiet attrition,1,Moderate,12.4,0.0,10.2
19-4042.00,"Environmental Science and Protection Technicians, Including Health",Technologists and Technicians,"Life, Physical, and Social Science",4,34670.0,34670.0,25,substantial,41.4,55.0,53.2,53.0,40.2,education,54.8,82.5,Protect,2,High,12.1,0.0,21.7
17-3027.01,Automotive Engineering Technicians,Technologists and Technicians,Architecture and Engineering,3,36190.0,18095.0,18,substantial,50.2,46.7,47.9,50.3,36.9,education,54.3,77.6,Guard the pipeline,2,High,11.8,0.0,12.7
17-3028.00,Calibration Technologists and Technicians,Technologists and Technicians,Architecture and Engineering,3,16540.0,16540.0,14,substantial,41.4,46.2,45.2,60.7,50.0,job_zone,63.6,83.0,Quiet attrition,1,Moderate,11.6,0.0,15.9
29-1126.00,Respiratory Therapists,"Research, Development, Design, and Practitioners",Healthcare Practitioners and Technical,3,139790.0,139790.0,23,substantial,29.5,74.6,72.2,51.7,50.0,job_zone,38.1,76.4,Protect,2,High,11.4,0.0,26.7
17-1022.00,Surveyors,Technologists and Technicians,Architecture and Engineering,4,50830.0,25415.0,24,substantial,46.1,51.9,47.0,47.1,34.4,education,50.2,74.0,Hold the line,0,Low,11.3,0.0,7.7
19-1022.00,Microbiologists,"Research, Development, Design, and Practitioners","Life, Physical, and Social Science",4,18940.0,18940.0,14,substantial,37.4,51.9,51.6,58.3,50.0,education,62.0,73.3,Protect,2,High,11.3,0.0,20.9
19-4043.00,"Geological Technicians, Except Hydrologic Technicians",Technologists and Technicians,"Life, Physical, and Social Science",4,6980.0,6980.0,29,substantial,32.0,45.9,42.4,75.7,75.0,job_zone,73.9,80.2,Quiet attrition,1,Moderate,11.1,0.0,9.0
29-2033.00,Nuclear Medicine Technologists,Technologists and Technicians,Healthcare Practitioners and Technical,3,17080.0,17080.0,17,substantial,32.0,65.1,60.7,53.1,36.9,education,63.2,78.3,Protect,2,High,11.1,0.0,11.0
29-2043.00,Paramedics,Technologists and Technicians,Healthcare Practitioners and Technical,3,100610.0,100610.0,13,substantial,26.0,81.6,77.2,52.2,50.0,job_zone,42.0,72.8,Protect,2,High,11.1,0.3,34.9
29-1021.00,"Dentists, General","Research, Development, Design, and Practitioners",Healthcare Practitioners and Technical,5,124390.0,124390.0,20,substantial,19.2,79.4,70.9,72.9,90.5,education,39.5,79.0,Protect,2,High,11.1,0.0,28.5
15-1232.00,Computer User Support Specialists,Technologists and Technicians,Computer and Mathematical,3,717190.0,717190.0,16,substantial,76.9,37.2,36.7,38.0,37.4,education,18.5,68.6,Clear win,0,Low,10.9,7.5,25.7
17-3031.00,Surveying and Mapping Technicians,Technologists and Technicians,Architecture and Engineering,3,58010.0,58010.0,30,substantial,40.8,46.0,42.7,55.3,50.0,job_zone,48.6,78.4,Quiet attrition,1,Moderate,10.4,0.0,-1.3
41-4011.00,"Sales Representatives, Wholesale and Manufacturing, Technical and Scientific Products",Sales,Sales,4,284800.0,142400.0,33,substantial,86.6,33.1,33.5,35.8,32.9,education,29.6,52.5,Clear win,0,Low,10.3,13.8,21.2
29-2012.00,Medical and Clinical Laboratory Technicians,Technologists and Technicians,Healthcare Practitioners and Technical,3,332940.0,55490.0,14,substantial,32.4,62.9,69.3,49.0,50.0,job_zone,27.7,78.2,Hold the line,0,Low,10.0,0.0,3.6
29-1124.00,Radiation Therapists,"Research, Development, Design, and Practitioners",Healthcare Practitioners and Technical,3,17070.0,17070.0,22,substantial,27.2,70.2,67.5,52.3,35.7,education,63.2,77.3,Protect,2,High,10.0,0.0,16.2
17-3021.00,Aerospace Engineering and Operations Technologists and Technicians,Technologists and Technicians,Architecture and Engineering,3,11280.0,11280.0,11,substantial,41.2,49.1,53.9,48.9,25.9,education,68.2,77.7,Low stakes,0,Low,9.9,0.0,9.6
29-2034.00,Radiologic Technologists and Technicians,Technologists and Technicians,Healthcare Practitioners and Technical,3,230490.0,230490.0,30,substantial,29.4,67.9,66.9,49.7,50.0,job_zone,32.1,75.2,Hold the line,0,Low,9.9,0.0,18.6
19-4051.02,Nuclear Monitoring Technicians,Technologists and Technicians,"Life, Physical, and Social Science",3,6470.0,3235.0,16,substantial,34.8,53.9,58.0,51.7,27.3,education,74.8,78.1,Protect,2,High,9.7,0.0,0.0
29-2031.00,Cardiovascular Technologists and Technicians,Technologists and Technicians,Healthcare Practitioners and Technical,3,62960.0,62960.0,21,substantial,30.2,73.0,67.0,44.2,30.1,education,47.6,74.5,Hold the line,0,Low,9.7,0.0,15.3
29-1071.01,Anesthesiologist Assistants,"Research, Development, Design, and Practitioners",Healthcare Practitioners and Technical,5,162150.0,81075.0,16,substantial,16.9,75.4,67.1,76.0,100.0,job_zone,36.3,75.5,Protect,2,High,9.7,0.0,19.9
17-3024.00,Electro-Mechanical and Mechatronics Technologists and Technicians,Technologists and Technicians,Architecture and Engineering,3,15520.0,7760.0,28,substantial,39.8,47.5,49.8,50.9,31.6,education,64.4,78.7,Quiet attrition,1,Moderate,9.6,0.0,14.6
29-1141.00,Registered Nurses,"Research, Development, Design, and Practitioners",Healthcare Practitioners and Technical,4,3379720.0,675944.0,27,substantial,39.0,74.2,72.7,33.2,38.0,education,0.0,71.0,Hold the line,0,Low,9.6,11.2,34.0
29-1292.00,Dental Hygienists,"Research, Development, Design, and Practitioners",Healthcare Practitioners and Technical,3,222740.0,222740.0,16,substantial,32.6,64.6,53.0,45.5,39.2,education,32.5,80.6,Hold the line,0,Low,9.6,0.0,17.3
19-4051.00,Nuclear Technicians,Technologists and Technicians,"Life, Physical, and Social Science",3,6470.0,3235.0,18,substantial,27.6,54.8,61.2,62.8,50.0,job_zone,74.8,76.9,Protect,2,High,9.5,0.0,9.6
29-1141.03,Critical Care Nurses,"Research, Development, Design, and Practitioners",Healthcare Practitioners and Technical,4,3379720.0,675944.0,29,substantial,34.5,75.6,76.1,36.5,43.1,education,0.0,74.8,Hold the line,0,Low,9.5,4.2,29.0
29-2042.00,Emergency Medical Technicians,Technologists and Technicians,Healthcare Practitioners and Technical,3,180510.0,180510.0,12,substantial,25.0,75.0,77.2,50.4,50.0,job_zone,35.0,74.5,Protect,2,High,9.4,0.0,23.5
29-2081.00,"Opticians, Dispensing",Technologists and Technicians,Healthcare Practitioners and Technical,3,73530.0,73530.0,21,substantial,38.4,58.6,54.4,40.7,21.6,education,45.8,81.0,Hold the line,0,Low,9.2,0.0,16.7
29-2011.02,Cytotechnologists,Technologists and Technicians,Healthcare Practitioners and Technical,5,332940.0,55490.0,13,substantial,27.9,67.3,67.2,48.8,51.0,education,27.7,75.0,Hold the line,0,Low,9.2,0.0,9.8
17-1021.00,Cartographers and Photogrammetrists,Technologists and Technicians,Architecture and Engineering,4,14260.0,14260.0,14,substantial,39.5,44.4,45.5,51.8,36.0,education,65.4,70.9,Quiet attrition,1,Moderate,9.1,0.0,-1.3
29-2053.00,Psychiatric Technicians,Technologists and Technicians,Healthcare Practitioners and Technical,3,156960.0,156960.0,16,substantial,32.9,65.5,62.7,41.9,31.0,education,36.7,77.0,Hold the line,0,Low,9.0,0.0,26.3
29-2099.01,Neurodiagnostic Technologists,Technologists and Technicians,Healthcare Practitioners and Technical,3,182610.0,60870.0,16,substantial,30.0,70.4,67.6,40.9,30.5,education,34.9,76.1,Hold the line,0,Low,8.6,0.0,23.5
19-4021.00,Biological Technicians,Technologists and Technicians,"Life, Physical, and Social Science",4,69620.0,69620.0,18,substantial,38.3,41.6,44.6,50.9,41.4,education,46.4,81.6,Quiet attrition,1,Moderate,8.1,0.0,6.9
29-2035.00,Magnetic Resonance Imaging Technologists,Technologists and Technicians,Healthcare Practitioners and Technical,3,43390.0,43390.0,24,substantial,26.3,64.1,60.0,47.3,31.3,education,52.1,79.9,Hold the line,0,Low,8.0,0.0,16.4
29-2052.00,Pharmacy Technicians,Technologists and Technicians,Healthcare Practitioners and Technical,3,471680.0,471680.0,21,substantial,48.6,47.4,42.2,34.5,22.1,education,23.6,82.0,Low stakes,0,Low,7.9,0.0,6.9
29-2011.00,Medical and Clinical Laboratory Technologists,Technologists and Technicians,Healthcare Practitioners and Technical,4,332940.0,55490.0,15,substantial,26.9,67.0,72.2,44.0,41.9,education,27.7,73.9,Hold the line,0,Low,7.9,0.0,10.4
17-3024.01,Robotics Technicians,Technologists and Technicians,Architecture and Engineering,3,15520.0,7760.0,22,substantial,31.5,46.9,49.2,50.5,31.5,education,64.4,77.3,Quiet attrition,1,Moderate,7.5,0.0,8.4
29-2092.00,Hearing Aid Specialists,Technologists and Technicians,Healthcare Practitioners and Technical,3,11270.0,11270.0,11,substantial,17.1,68.8,76.7,62.7,53.1,education,68.2,78.5,Protect,2,High,7.4,0.0,17.4
11-9041.01,Biofuels/Biodiesel Technology and Product Development Managers,Managerial,Managerial,4,220260.0,110130.0,18,substantial,30.5,53.8,46.8,44.6,49.5,education,32.7,50.0,Hold the line,0,Low,7.3,0.0,33.8
19-4012.00,Agricultural Technicians,Technologists and Technicians,"Life, Physical, and Social Science",3,15130.0,7565.0,26,substantial,33.3,42.0,44.9,51.5,33.0,education,64.7,78.0,Quiet attrition,1,Moderate,7.2,0.0,4.0
29-2061.00,Licensed Practical and Licensed Vocational Nurses,Technologists and Technicians,Healthcare Practitioners and Technical,3,648410.0,648410.0,22,substantial,32.5,61.7,55.6,35.8,28.3,education,19.7,78.5,Hold the line,0,Low,7.2,0.0,13.7
19-4031.00,Chemical Technicians,Technologists and Technicians,"Life, Physical, and Social Science",3,57540.0,57540.0,16,substantial,30.3,49.3,51.1,45.7,31.5,education,48.7,76.6,Low stakes,0,Low,6.8,0.0,20.6
19-4092.00,Forensic Science Technicians,Technologists and Technicians,"Life, Physical, and Social Science",3,19120.0,19120.0,24,substantial,19.5,69.8,47.8,49.9,30.4,education,61.9,80.8,Hold the line,0,Low,6.8,0.0,19.1
19-4013.00,Food Science Technicians,Technologists and Technicians,"Life, Physical, and Social Science",3,14600.0,14600.0,16,substantial,27.1,47.0,49.5,52.9,37.9,education,65.1,72.0,Quiet attrition,1,Moderate,6.7,0.0,-0.4
19-4071.00,Forest and Conservation Technicians,Technologists and Technicians,"Life, Physical, and Social Science",3,30410.0,30410.0,20,substantial,28.4,50.9,51.5,46.6,26.9,education,56.3,81.3,Hold the line,0,Low,6.7,0.0,14.1
29-2055.00,Surgical Technologists,Technologists and Technicians,Healthcare Practitioners and Technical,3,117460.0,117460.0,18,substantial,19.1,63.0,48.4,52.4,50.0,job_zone,40.2,76.8,Protect,2,High,6.3,0.0,1.6
17-3029.01,Non-Destructive Testing Specialists,Technologists and Technicians,Architecture and Engineering,,59930.0,29965.0,16,substantial,31.6,47.7,53.0,40.4,21.3,education,48.2,76.6,Low stakes,0,Low,6.1,0.0,-0.4
29-1024.00,Prosthodontists,"Research, Development, Design, and Practitioners",Healthcare Practitioners and Technical,5,870.0,870.0,12,substantial,9.0,71.8,85.8,89.5,92.2,education,98.8,68.6,Protect,2,High,5.8,0.0,14.6
17-3029.08,Photonics Technicians,Technologists and Technicians,Architecture and Engineering,3,59930.0,29965.0,24,substantial,29.8,43.1,49.7,44.7,29.2,education,48.2,78.2,Low stakes,0,Low,5.7,0.0,2.6
29-2056.00,Veterinary Technologists and Technicians,Technologists and Technicians,Healthcare Practitioners and Technical,3,129140.0,129140.0,31,substantial,15.1,66.0,55.4,40.5,26.7,education,39.0,77.5,Hold the line,0,Low,4.0,0.0,10.5
29-2011.04,Histotechnologists,Technologists and Technicians,Healthcare Practitioners and Technical,4,332940.0,55490.0,16,substantial,15.4,59.2,61.4,40.3,39.4,education,27.7,61.4,Hold the line,0,Low,3.7,0.0,-6.1
29-2099.05,Ophthalmic Medical Technologists,Technologists and Technicians,Healthcare Practitioners and Technical,3,182610.0,60870.0,31,substantial,14.4,63.0,71.5,40.3,28.5,education,34.9,77.7,Hold the line,0,Low,3.7,0.0,1.1
29-9093.00,Surgical Assistants,"Research, Development, Design, and Practitioners",Healthcare Practitioners and Technical,3,22270.0,22270.0,28,substantial,7.3,75.5,77.3,58.9,50.0,job_zone,60.1,79.1,Protect,2,High,3.2,0.0,10.3
29-2057.00,Ophthalmic Medical Technicians,Technologists and Technicians,Healthcare Practitioners and Technical,3,71010.0,71010.0,20,substantial,10.0,62.6,66.9,39.2,19.4,education,46.2,78.3,Hold the line,0,Low,2.5,0.0,-0.5
29-2012.01,Histology Technicians,Technologists and Technicians,Healthcare Practitioners and Technical,3,332940.0,55490.0,8,substantial,0.0,54.5,0.0,36.0,31.8,education,27.7,59.1,Hold the line,0,Low,0.0,0.0,-15.0
